1790726400000,165.210,165.290,165.080,165.110,668.2,1790726459999,110375.8430,597,196.8,32507.8390,0
1790726460000,165.100,165.690,165.080,165.550,2088.8,1790726519999,345644.5620,1661,1402.5,232070.4380,0
1790726520000,165.560,166.010,165.480,165.710,1815.1,1790726579999,300860.2330,1339,1145.5,189913.1370,0
1790726580000,165.730,166.160,165.670,166.150,1103.1,1790726639999,182972.4470,971,594.6,98657.5670,0
1790726640000,166.140,166.140,165.520,165.600,782.5,1790726699999,129686.9440,803,260.8,43191.7270,0
1790726700000,165.610,165.640,165.430,165.530,584.9,1790726759999,96822.4310,775,250.1,41403.9420,0
1790726760000,165.520,165.610,165.360,165.370,797.0,1790726819999,131859.4660,919,370.6,61314.8650,0
1790726820000,165.370,165.380,165.000,165.160,2773.4,1790726879999,457976.5270,1062,524.4,86579.3800,0
1790726880000,165.150,165.150,164.690,164.750,3141.2,1790726939999,517992.8640,1146,325.9,53750.3170,0
1790726940000,164.760,164.860,164.680,164.720,607.3,1790726999999,100084.8970,498,164.3,27078.6480,0
1790727000000,164.720,164.740,164.090,164.280,7743.9,1790727059999,1272989.2960,2476,1269.4,208602.3930,0
1790727060000,164.280,164.310,163.240,163.930,8085.4,1790727119999,1324263.6030,3173,1677.9,274921.1630,0
1790727120000,163.930,164.050,163.860,164.010,1806.2,1790727179999,296099.6610,888,566.8,92937.5820,0
1790727180000,164.020,164.070,163.910,164.000,981.1,1790727239999,160903.3150,640,370.1,60691.3920,0
1790727240000,163.990,164.090,163.840,163.910,1371.0,1790727299999,224809.5580,679,521.9,85598.5370,0
1790727300000,163.920,163.990,163.780,163.830,787.7,1790727359999,129097.4470,813,235.4,38579.6140,0
1790727360000,163.830,163.910,163.720,163.740,1104.5,1790727419999,180912.6440,685,561.1,91911.1280,0
1790727420000,163.740,163.750,163.370,163.390,1507.5,1790727479999,246570.0710,1086,359.9,58855.5070,0
1790727480000,163.390,163.430,163.350,163.370,976.5,1790727539999,159552.7950,723,422.0,68955.5180,0
1790727540000,163.380,163.460,162.660,162.980,8206.3,1790727599999,1337445.2860,2828,2246.4,366072.1560,0
1790727600000,162.980,162.990,162.710,162.710,1877.3,1790727659999,305780.9330,1026,435.9,71025.0300,0
1790727660000,162.720,162.840,162.560,162.790,4579.2,1790727719999,745030.0120,1716,2529.3,411524.2540,0
1790727720000,162.800,162.850,162.450,162.530,2437.9,1790727779999,396401.1560,1227,1018.8,165647.0080,0
1790727780000,162.530,162.660,162.320,162.410,1845.0,1790727839999,299824.0550,1146,547.1,88871.9040,0
1790727840000,162.420,162.610,162.270,162.310,3701.9,1790727899999,601446.8730,1427,1900.3,308782.9360,0
1790727900000,162.320,162.380,162.110,162.310,4028.7,1790727959999,653569.8970,1455,2107.2,341836.8720,0
1790727960000,162.320,162.370,162.120,162.360,1781.9,1790728019999,289128.8110,1165,1119.1,181590.1260,0
1790728020000,162.350,162.560,162.310,162.410,3909.4,1790728079999,634931.2500,1162,3189.7,518022.7410,0
1790728080000,162.420,162.960,162.410,162.900,1608.7,1790728139999,261681.9340,1261,875.2,142336.4830,0
1790728140000,162.890,163.040,162.810,162.810,1033.9,1790728199999,168478.5560,752,455.5,74229.0010,0
1790728200000,162.810,162.940,162.700,162.810,3130.0,1790728259999,509596.2180,1011,384.6,62620.7020,0
1790728260000,162.820,162.970,162.660,162.900,634.5,1790728319999,103331.7110,834,276.6,45036.3830,0
1790728320000,162.910,163.230,162.900,163.170,1207.3,1790728379999,196842.7720,1060,840.5,137037.0740,0
1790728380000,163.170,163.300,163.120,163.260,848.6,1790728439999,138507.6790,715,340.1,55515.5850,0
1790728440000,163.260,163.310,163.100,163.280,809.3,1790728499999,132107.9750,902,404.8,66083.7070,0
1790728500000,163.290,163.400,162.820,162.890,892.8,1790728559999,145694.6470,976,318.5,51996.6520,0
1790728560000,162.880,163.030,162.540,162.630,1274.8,1790728619999,207543.1350,1249,546.4,88978.8600,0
1790728620000,162.590,162.730,162.540,162.630,998.8,1790728679999,162428.6880,849,330.7,53775.7590,0
1790728680000,162.620,162.840,162.620,162.840,462.4,1790728739999,75231.2070,664,267.7,43558.0070,0
1790728740000,162.840,162.850,162.530,162.760,1298.6,1790728799999,211301.8610,1015,291.4,47426.2510,0
1790728800000,162.760,162.870,162.630,162.820,577.1,1790728859999,93927.9690,664,215.6,35092.7910,0
1790728860000,162.820,162.940,162.610,162.620,733.8,1790728919999,119463.3150,623,306.0,49833.0140,0
1790728920000,162.640,162.660,162.510,162.570,497.5,1790728979999,80882.9840,603,273.4,44447.0470,0
1790728980000,162.580,162.790,162.570,162.650,772.9,1790729039999,125729.2740,795,531.6,86481.6400,0
1790729040000,162.660,162.870,162.660,162.790,351.9,1790729099999,57283.8710,447,219.3,35694.7490,0
1790729100000,162.800,162.860,161.910,161.930,3666.3,1790729159999,594720.5000,1684,442.7,71884.5030,0
1790729160000,161.930,162.090,161.510,161.550,3813.8,1790729219999,617179.9810,2759,871.7,141043.4900,0
1790729220000,161.560,161.670,161.360,161.430,3979.9,1790729279999,642901.4390,3827,1549.1,250265.6430,0
1790729280000,161.430,161.480,161.270,161.360,2332.7,1790729339999,376423.1660,2002,843.6,136133.6910,0
1790729340000,161.370,161.820,161.360,161.740,1949.5,1790729399999,314766.9020,1920,985.3,159101.0750,0
1790729400000,161.760,161.920,161.710,161.900,998.8,1790729459999,161641.5690,847,462.4,74829.0590,0
1790729460000,161.910,162.160,161.910,162.100,1319.7,1790729519999,213819.9230,824,1075.7,174282.4170,0
1790729520000,162.100,162.220,161.900,161.900,1267.8,1790729579999,205449.9190,698,187.3,30365.6320,0
1790729580000,161.890,162.050,161.860,162.010,955.7,1790729639999,154767.2430,529,620.2,100444.8280,0
1790729640000,162.010,162.030,161.680,161.760,1196.0,1790729699999,193513.4130,710,167.8,27157.8610,0
1790729700000,161.760,161.950,161.730,161.730,506.3,1790729759999,81936.5010,600,311.4,50392.8180,0
1790729760000,161.730,161.880,161.720,161.850,626.6,1790729819999,101395.0240,608,330.2,53433.4640,0
1790729820000,161.860,162.220,161.800,162.190,627.1,1790729879999,101594.3480,643,372.4,60324.7030,0
1790729880000,162.190,162.190,161.970,162.140,471.1,1790729939999,76371.2210,478,204.0,33070.3580,0
1790729940000,162.130,162.190,162.000,162.150,491.1,1790729999999,79620.3720,430,244.4,39625.4480,0
1790730000000,162.160,162.240,161.990,162.110,1523.8,1790730059999,247100.2110,845,763.8,123854.9250,0
1790730060000,162.110,162.330,161.950,162.180,1175.9,1790730119999,190625.8550,1008,427.7,69366.8000,0
1790730120000,162.200,162.540,162.180,162.530,1117.5,1790730179999,181400.5500,721,890.5,144569.1580,0
1790730180000,162.530,162.840,162.480,162.830,1017.1,1790730239999,165397.5260,946,670.8,109080.5120,0
1790730240000,162.810,162.820,162.460,162.470,923.8,1790730299999,150217.5150,952,263.1,42774.5270,0
1790730300000,162.480,163.080,162.470,163.060,1279.0,1790730359999,208265.6210,906,1149.2,187145.6260,0
1790730360000,163.060,163.100,162.510,162.510,634.6,1790730419999,103354.5640,691,251.8,41016.0250,0
1790730420000,162.510,162.680,162.360,162.650,481.0,1790730479999,78149.7560,705,258.1,41935.3990,0
1790730480000,162.640,162.640,162.400,162.510,778.1,1790730539999,126466.2650,755,376.3,61157.6500,0
1790730540000,162.510,163.050,162.510,162.940,558.3,1790730599999,90961.8770,779,425.2,69274.6820,0
1790730600000,162.950,162.960,162.440,162.480,313.7,1790730659999,51033.5260,547,125.2,20361.3170,0
1790730660000,162.490,162.800,162.490,162.730,274.2,1790730719999,44605.0620,400,187.1,30433.3100,0
1790730720000,162.740,162.860,162.530,162.530,438.6,1790730779999,71388.4760,483,246.4,40109.6640,0
1790730780000,162.530,162.530,162.380,162.460,649.1,1790730839999,105461.5960,658,297.7,48375.4480,0
1790730840000,162.470,162.580,162.310,162.360,668.7,1790730899999,108613.1070,639,133.5,21691.8120,0
1790730900000,162.370,162.380,162.170,162.300,987.4,1790730959999,160201.8000,927,145.9,23675.7670,0
1790730960000,162.310,162.360,162.000,162.060,877.2,1790731019999,142231.4350,770,117.0,18978.2550,0
1790731020000,162.070,162.180,161.810,162.100,1361.8,1790731079999,220540.4960,1014,198.8,32204.7400,0
1790731080000,162.110,162.390,162.080,162.180,1810.3,1790731139999,293704.8490,1135,709.6,115141.2090,0
1790731140000,162.180,162.290,162.070,162.150,977.3,1790731199999,158508.3030,843,275.2,44634.0590,0
1790731200000,162.150,162.150,161.910,162.030,742.6,1790731259999,120338.4170,626,318.5,51608.7570,0
1790731260000,162.020,162.350,161.930,162.080,1066.7,1790731319999,173020.5670,1108,875.7,142054.4080,0
1790731320000,162.060,162.120,161.940,162.090,173.9,1790731379999,28173.5050,322,98.5,15956.5270,0
1790731380000,162.100,162.330,162.090,162.310,259.6,1790731439999,42115.3730,351,213.2,34587.0510,0
1790731440000,162.320,162.550,162.280,162.550,465.9,1790731499999,75660.7690,429,365.3,59324.2910,0
1790731500000,162.560,162.750,162.560,162.650,419.3,1790731559999,68202.8300,505,286.7,46630.9570,0
1790731560000,162.650,162.650,162.300,162.360,453.2,1790731619999,73628.3030,503,129.2,20991.4320,0
1790731620000,162.360,162.360,162.050,162.090,282.5,1790731679999,45795.8920,403,159.7,25884.0560,0
1790731680000,162.100,162.100,161.890,161.910,269.5,1790731739999,43661.1360,350,88.2,14288.8020,0
1790731740000,161.920,161.950,161.670,161.770,427.1,1790731799999,69096.9850,456,102.9,16650.7020,0
1790731800000,161.770,161.960,161.510,161.800,743.6,1790731859999,120241.4790,1033,358.9,58036.2810,0
1790731860000,161.790,161.930,161.460,161.500,560.5,1790731919999,90623.6660,852,135.5,21909.3980,0
1790731920000,161.500,161.660,161.500,161.640,432.6,1790731979999,69899.1330,539,285.0,46049.7970,0
1790731980000,161.640,161.750,161.560,161.750,329.4,1790732039999,53243.6300,480,150.4,24310.6360,0
1790732040000,161.750,161.860,161.610,161.610,301.3,1790732099999,48739.6210,407,107.6,17408.3820,0
1790732100000,161.620,161.660,161.440,161.530,645.3,1790732159999,104222.2690,612,169.2,27332.4950,0
1790732160000,161.520,161.650,161.420,161.420,593.9,1790732219999,95941.9930,570,221.1,35720.2270,0
1790732220000,161.430,161.560,161.150,161.420,1768.2,1790732279999,285238.3480,1390,423.4,68295.5110,0
1790732280000,161.430,161.630,161.430,161.480,619.2,1790732339999,100010.7820,617,339.0,54753.7420,0
1790732340000,161.490,161.660,161.490,161.640,341.0,1790732399999,55094.3110,387,148.5,23995.1970,0
1790732400000,161.640,161.680,161.420,161.430,330.0,1790732459999,53315.5420,420,115.7,18698.9750,0
1790732460000,161.430,161.430,160.240,160.860,11514.1,1790732519999,1850681.9360,5800,3630.1,583227.9140,0
1790732520000,160.860,161.460,160.860,161.170,2335.4,1790732579999,376605.3840,1550,1693.1,273025.1360,0
1790732580000,161.170,161.480,161.170,161.410,1090.0,1790732639999,175889.2670,810,829.4,133832.8620,0
1790732640000,161.420,161.570,161.300,161.570,781.6,1790732699999,126186.7300,760,415.0,66995.9370,0
1790732700000,161.570,161.570,161.290,161.410,1078.2,1790732759999,174062.1710,951,554.0,89436.4730,0
1790732760000,161.420,161.790,161.340,161.760,1063.3,1790732819999,171854.1640,909,908.2,146793.0980,0
1790732820000,161.760,161.860,161.580,161.700,858.5,1790732879999,138826.4440,814,561.4,90778.1700,0
1790732880000,161.690,161.690,161.410,161.580,843.7,1790732939999,136284.1740,755,524.5,84726.3230,0
1790732940000,161.570,161.700,161.490,161.600,837.7,1790732999999,135384.5610,766,620.3,100251.7940,0
1790733000000,161.610,161.730,161.410,161.540,1259.8,1790733059999,203497.7970,940,795.6,128513.7000,0
1790733060000,161.520,161.780,161.330,161.720,1334.3,1790733119999,215518.7370,850,735.1,118776.5840,0
1790733120000,161.720,161.890,161.710,161.840,410.7,1790733179999,66459.9280,451,304.5,49271.8350,0
1790733180000,161.840,161.840,161.500,161.570,1186.1,1790733239999,191766.6120,660,253.9,41045.5710,0
1790733240000,161.570,161.750,161.470,161.660,424.5,1790733299999,68604.2270,445,214.5,34667.5420,0
1790733300000,161.660,161.660,160.320,160.870,6912.3,1790733359999,1111948.5630,3984,2382.8,383360.4430,0
1790733360000,160.880,161.180,160.860,161.030,2482.1,1790733419999,399717.3550,1473,840.5,135347.4160,0
1790733420000,161.040,161.140,160.900,161.110,793.0,1790733479999,127717.2390,788,359.6,57916.9500,0
1790733480000,161.100,161.100,160.670,160.730,531.8,1790733539999,85560.9530,796,261.7,42099.4120,0
1790733540000,160.730,160.890,160.710,160.800,535.4,1790733599999,86090.0730,804,261.2,41996.9350,0
1790733600000,160.800,161.210,160.730,161.150,2151.4,1790733659999,346275.4780,1618,937.1,150913.9160,0
1790733660000,161.140,161.240,160.980,161.010,1024.9,1790733719999,165136.5510,1281,580.8,93583.7200,0
1790733720000,161.020,161.130,160.780,160.810,1023.6,1790733779999,164773.0410,1281,499.5,80419.4570,0
1790733780000,160.810,160.900,160.690,160.830,1059.3,1790733839999,170331.4320,1657,511.2,82197.9270,0
1790733840000,160.830,161.230,160.830,161.120,1364.9,1790733899999,219854.3230,1311,574.4,92544.5180,0
1790733900000,161.130,161.280,160.980,161.130,742.4,1790733959999,119619.5760,1090,245.6,39568.6000,0
1790733960000,161.140,161.280,160.740,161.050,1456.8,1790734019999,234529.6510,1375,537.2,86460.9260,0
1790734020000,161.060,161.530,161.060,161.380,592.4,1790734079999,95574.6910,895,337.0,54377.8850,0
1790734080000,161.380,161.380,161.080,161.150,918.4,1790734139999,148076.1980,1001,449.6,72487.6490,0
1790734140000,161.150,161.150,160.960,161.020,467.7,1790734199999,75312.5390,544,136.9,22043.8510,0
1790734200000,161.020,161.070,160.620,160.800,2752.2,1790734259999,442536.7680,1343,632.8,101743.7920,0
1790734260000,160.810,160.830,160.540,160.590,512.3,1790734319999,82312.1180,643,199.9,32122.6520,0
1790734320000,160.600,160.650,160.360,160.370,535.1,1790734379999,85906.6140,596,129.0,20713.2730,0
1790734380000,160.380,160.810,160.280,160.580,674.9,1790734439999,108366.1020,877,307.7,49403.3480,0
1790734440000,160.580,160.630,160.460,160.540,386.1,1790734499999,61977.0570,429,214.5,34432.3550,0
1790734500000,160.540,160.630,160.380,160.520,419.6,1790734559999,67355.8910,516,239.3,38412.9470,0
1790734560000,160.520,160.520,160.110,160.250,1048.6,1790734619999,168093.3140,872,467.5,74943.8840,0
1790734620000,160.270,160.380,160.140,160.190,523.0,1790734679999,83823.8300,666,104.8,16794.5280,0
1790734680000,160.190,160.420,160.190,160.280,509.4,1790734739999,81656.9330,603,320.4,51358.3340,0
1790734740000,160.280,160.290,160.140,160.140,451.0,1790734799999,72259.7280,480,169.8,27207.7200,0
1790734800000,160.140,160.180,160.010,160.070,1285.5,1790734859999,205744.9110,762,278.0,44498.0490,0
1790734860000,160.080,160.310,160.050,160.310,338.6,1790734919999,54217.4780,573,177.1,28360.8420,0
1790734920000,160.320,160.540,160.300,160.520,669.6,1790734979999,107431.9030,752,367.5,58962.0230,0
1790734980000,160.530,160.780,160.270,160.270,724.0,1790735039999,116224.6160,871,419.4,67345.8890,0
1790735040000,160.260,160.390,160.130,160.140,619.9,1790735099999,99313.3520,536,198.2,31760.3630,0
1790735100000,160.140,160.200,160.010,160.160,629.8,1790735159999,100821.7750,560,358.2,57350.3790,0
1790735160000,160.150,160.270,160.100,160.180,476.5,1790735219999,76331.7300,601,308.8,49467.0820,0
1790735220000,160.180,160.190,159.660,159.810,6666.8,1790735279999,1065808.4070,1995,928.2,148400.6180,0
1790735280000,159.810,159.820,159.670,159.700,880.5,1790735339999,140655.2340,736,326.0,52081.8740,0
1790735340000,159.700,159.810,159.350,159.790,2484.2,1790735399999,396504.5190,1364,921.2,147064.2920,0
1790735400000,159.800,159.890,159.410,159.440,947.1,1790735459999,151156.3240,1031,393.5,62816.8000,0
1790735460000,159.430,160.070,159.430,159.980,1052.2,1790735519999,168113.5590,949,881.9,140891.1830,0
1790735520000,159.990,160.110,159.660,159.690,850.2,1790735579999,135984.8340,675,379.7,60753.0990,0
1790735580000,159.690,159.950,159.620,159.920,869.5,1790735639999,138955.7320,678,423.6,67692.9520,0
1790735640000,159.920,160.040,159.890,159.930,618.4,1790735699999,98912.6170,615,187.2,29944.8440,0
1790735700000,159.930,159.940,159.750,159.870,717.7,1790735759999,114732.8260,560,128.3,20508.2690,0
1790735760000,159.880,160.040,159.860,159.980,1072.1,1790735819999,171485.9150,725,733.5,117329.5950,0
1790735820000,159.990,160.050,159.590,159.670,605.1,1790735879999,96722.7840,562,457.4,73114.6100,0
1790735880000,159.680,160.030,159.680,159.930,1032.6,1790735939999,165133.3870,763,572.6,91549.4190,0
1790735940000,159.940,160.100,159.910,160.100,502.7,1790735999999,80432.9470,435,336.6,53857.7330,0
1790736000000,160.100,160.450,160.090,160.440,622.3,1790736059999,99752.3400,625,488.5,78301.4060,0
1790736060000,160.440,160.440,160.120,160.280,400.8,1790736119999,64260.3700,511,119.5,19156.7560,0
1790736120000,160.290,160.290,160.010,160.010,343.1,1790736179999,54950.7070,410,164.7,26377.2770,0
1790736180000,160.020,160.110,159.900,160.100,814.3,1790736239999,130296.1710,581,204.3,32697.6330,0
1790736240000,160.100,160.200,160.060,160.140,394.4,1790736299999,63157.2010,337,250.4,40097.7570,0
1790736300000,160.120,160.180,160.030,160.180,537.5,1790736359999,86043.5470,457,410.2,65664.8840,0
1790736360000,160.190,160.350,160.160,160.180,273.5,1790736419999,43828.4850,386,148.6,23814.3940,0
1790736420000,160.190,160.590,160.190,160.520,433.5,1790736479999,69547.0580,765,293.2,47035.8470,0
1790736480000,160.530,160.670,160.350,160.390,845.5,1790736539999,135770.3880,559,671.1,107772.6260,0
1790736540000,160.390,160.560,160.250,160.250,3013.9,1790736599999,483416.1830,904,1329.5,213315.1900,0
1790736600000,160.260,160.380,160.250,160.350,578.3,1790736659999,92711.9380,448,442.2,70893.8130,0
1790736660000,160.360,160.560,160.300,160.470,1188.7,1790736719999,190740.2960,756,927.9,148899.7780,0
1790736720000,160.470,160.650,160.340,160.570,793.2,1790736779999,127322.7900,581,354.7,56918.7000,0
1790736780000,160.580,160.680,160.470,160.530,1427.7,1790736839999,229276.4250,688,1246.3,200152.3250,0
1790736840000,160.540,160.590,160.350,160.450,2988.5,1790736899999,479662.3410,913,721.7,115832.1090,0
1790736900000,160.440,160.480,160.380,160.430,309.4,1790736959999,49637.9460,318,232.0,37220.8430,0
1790736960000,160.430,160.440,159.960,160.110,2278.3,1790737019999,364825.2070,1110,541.5,86732.9930,0
1790737020000,160.110,160.230,160.110,160.150,248.8,1790737079999,39849.3130,361,125.4,20086.0030,0
1790737080000,160.150,160.200,160.040,160.080,515.0,1790737139999,82467.8480,485,266.5,42677.7420,0
1790737140000,160.080,160.300,160.080,160.300,338.2,1790737199999,54188.0960,342,219.6,35183.3180,0
1790737200000,160.310,160.510,160.120,160.120,543.6,1790737259999,87168.9270,775,243.2,39007.8480,0
1790737260000,160.120,160.170,159.670,159.700,1055.1,1790737319999,168731.0940,1068,288.0,46072.5120,0
1790737320000,159.700,160.130,159.610,159.860,2679.0,1790737379999,428209.4050,1469,473.7,75746.9350,0
1790737380000,159.850,159.850,159.480,159.770,3529.3,1790737439999,563516.5580,1230,959.6,153247.2380,0
1790737440000,159.780,160.050,159.780,159.880,415.8,1790737499999,66507.6620,571,214.3,34276.4720,0
1790737500000,159.870,160.100,159.860,160.010,323.8,1790737559999,51783.6550,417,220.4,35243.5420,0
1790737560000,160.010,160.030,159.630,159.780,686.2,1790737619999,109636.5590,602,174.3,27849.1690,0
1790737620000,159.780,159.910,159.720,159.780,604.4,1790737679999,96580.2050,736,227.3,36324.3940,0
1790737680000,159.790,159.900,159.700,159.810,491.7,1790737739999,78576.1910,592,344.5,55054.5220,0
1790737740000,159.810,159.940,159.750,159.880,307.1,1790737799999,49083.5360,404,234.0,37400.8950,0
1790737800000,159.870,159.890,159.600,159.610,510.1,1790737859999,81493.8060,528,144.8,23132.5320,0
1790737860000,159.610,159.810,159.560,159.690,453.3,1790737919999,72386.7180,541,159.6,25482.9510,0
1790737920000,159.690,159.940,159.690,159.820,235.3,1790737979999,37610.3130,432,154.9,24757.7990,0
1790737980000,159.830,159.860,159.680,159.850,384.5,1790738039999,61423.8090,415,156.0,24923.7340,0
1790738040000,159.850,160.080,159.830,160.010,834.3,1790738099999,133491.1660,476,748.8,119810.0730,0
1790738100000,160.010,160.180,159.960,160.120,469.0,1790738159999,75069.9350,493,324.5,51938.9710,0
1790738160000,160.120,160.150,159.720,159.830,1696.8,1790738219999,271380.5600,2282,853.5,136506.4250,0
1790738220000,159.830,159.850,159.420,159.500,993.1,1790738279999,158466.5050,938,233.7,37299.0180,0
1790738280000,159.490,159.600,159.400,159.590,429.8,1790738339999,68545.2490,438,258.4,41214.6750,0
1790738340000,159.590,159.650,159.370,159.370,485.7,1790738399999,77483.9040,627,168.7,26917.9720,0
1790738400000,159.370,159.550,159.260,159.550,917.8,1790738459999,146251.1530,715,294.8,46990.3560,0
1790738460000,159.560,159.610,159.460,159.550,722.4,1790738519999,115263.3590,314,294.3,46961.5700,0
1790738520000,159.560,160.220,159.560,160.100,3268.7,1790738579999,523013.1660,1438,2846.2,455409.0740,0
1790738580000,160.090,160.210,160.010,160.100,704.9,1790738639999,112864.6760,562,391.8,62733.0530,0
1790738640000,160.090,160.290,160.020,160.270,989.2,1790738699999,158421.8800,806,696.7,111572.3450,0
1790738700000,160.260,160.320,160.020,160.040,447.7,1790738759999,71704.2450,473,238.5,38191.4430,0
1790738760000,160.060,160.280,160.060,160.270,1664.1,1790738819999,266536.1430,1358,1272.5,203818.1960,0
1790738820000,160.270,160.290,160.040,160.200,491.3,1790738879999,78687.4990,510,266.6,42697.7850,0
1790738880000,160.200,160.360,160.200,160.330,1280.1,1790738939999,205200.9900,642,593.9,95208.6960,0
1790738940000,160.330,160.330,159.970,159.970,690.5,1790738999999,110565.1180,578,415.0,66441.8120,0
1790739000000,159.970,159.970,159.500,159.550,573.2,1790739059999,91538.4730,687,189.6,30296.0350,0
1790739060000,159.520,159.530,159.330,159.430,393.8,1790739119999,62786.5790,475,142.0,22640.0830,0
1790739120000,159.430,159.480,158.910,159.180,3473.6,1790739179999,552667.8780,1708,632.3,100628.0860,0
1790739180000,159.170,159.420,159.100,159.380,945.5,1790739239999,150555.2990,788,528.7,84209.1580,0
1790739240000,159.380,159.400,159.230,159.330,346.3,1790739299999,55173.4800,367,119.4,19020.9670,0
1790739300000,159.330,159.430,158.970,159.130,1410.6,1790739359999,224401.5090,963,286.5,45602.7040,0
1790739360000,159.140,159.200,159.020,159.170,493.1,1790739419999,78450.4320,646,187.8,29877.2410,0
1790739420000,159.180,159.410,159.110,159.280,615.4,1790739479999,98002.2470,544,505.7,80533.8610,0
1790739480000,159.280,159.350,159.190,159.270,349.2,1790739539999,55619.3140,410,275.9,43944.3370,0
1790739540000,159.270,159.480,159.220,159.440,316.7,1790739599999,50463.7050,347,258.4,41172.0800,0
1790739600000,159.460,159.470,159.280,159.300,264.2,1790739659999,42109.4610,413,177.8,28339.5060,0
1790739660000,159.300,159.590,159.280,159.490,754.4,1790739719999,120327.4050,483,585.5,93382.8080,0
1790739720000,159.480,159.540,159.420,159.490,288.7,1790739779999,46040.2610,369,140.5,22406.0280,0
1790739780000,159.480,159.630,159.420,159.460,642.9,1790739839999,102551.6190,475,480.5,76642.6750,0
1790739840000,159.460,159.530,159.270,159.270,204.9,1790739899999,32669.4240,220,52.2,8324.4210,0
1790739900000,159.270,159.410,159.170,159.310,499.3,1790739959999,79516.0090,434,292.2,46535.6340,0
1790739960000,159.310,159.380,159.270,159.370,520.8,1790740019999,82976.9740,414,394.8,62904.1790,0
1790740020000,159.370,159.580,159.330,159.480,261.7,1790740079999,41732.0110,445,146.0,23280.4190,0
1790740080000,159.480,159.520,159.390,159.430,133.8,1790740139999,21335.2220,241,61.3,9774.3870,0
1790740140000,159.420,159.470,159.260,159.260,315.2,1790740199999,50231.4940,326,150.0,23909.2330,0
1790740200000,159.260,159.330,159.080,159.290,641.1,1790740259999,102073.2910,569,237.1,37741.8940,0
1790740260000,159.280,159.450,159.190,159.190,698.8,1790740319999,111349.9370,580,397.2,63295.0700,0
1790740320000,159.190,159.190,158.960,159.070,808.8,1790740379999,128652.0400,606,275.4,43805.4530,0
1790740380000,159.070,159.210,158.980,159.100,631.1,1790740439999,100392.4180,673,401.3,63837.7490,0
1790740440000,159.100,159.300,159.090,159.300,288.1,1790740499999,45866.2930,371,174.4,27762.3770,0
1790740500000,159.300,159.380,159.060,159.090,733.3,1790740559999,116746.1470,753,258.5,41166.5930,0
1790740560000,159.080,159.370,159.080,159.320,408.2,1790740619999,65001.7880,599,184.0,29297.5500,0
1790740620000,159.300,159.490,159.230,159.410,334.8,1790740679999,53353.4690,467,275.1,43838.6660,0
1790740680000,159.400,159.490,159.340,159.450,466.4,1790740739999,74352.4930,534,307.7,49050.9110,0
1790740740000,159.450,159.650,159.450,159.530,261.5,1790740799999,41725.2770,382,131.3,20948.3810,0
1790740800000,159.520,159.680,159.430,159.660,1390.1,1790740859999,221808.3370,968,716.4,114332.4710,0
1790740860000,159.660,159.690,159.410,159.490,782.2,1790740919999,124770.3850,789,338.4,53982.4240,0
1790740920000,159.490,159.990,159.470,159.960,458.7,1790740979999,73263.8960,837,374.2,59769.6630,0
1790740980000,159.960,160.080,159.890,159.990,695.5,1790741039999,111283.8780,742,472.2,75554.0070,0
1790741040000,159.990,160.370,159.990,160.150,3482.0,1790741099999,557764.2040,1913,2568.8,411473.3880,0
1790741100000,160.150,160.230,159.930,159.930,1051.4,1790741159999,168306.2220,903,540.0,86452.0050,0
1790741160000,159.930,160.140,159.900,160.010,750.4,1790741219999,120084.9990,677,318.0,50877.7820,0
1790741220000,160.010,160.060,159.800,160.000,566.5,1790741279999,90626.7660,667,395.8,63323.2090,0
1790741280000,160.000,160.000,159.730,159.730,403.8,1790741339999,64533.1220,624,268.8,42952.5230,0
1790741340000,159.730,159.750,159.510,159.650,566.4,1790741399999,90397.8290,550,342.0,54578.2220,0
1790741400000,159.650,159.700,159.560,159.640,201.9,1790741459999,32226.9440,383,121.0,19313.2130,0
1790741460000,159.640,159.980,159.620,159.870,399.6,1790741519999,63849.5800,667,288.7,46126.7270,0
1790741520000,159.870,159.940,159.700,159.730,205.3,1790741579999,32802.3280,342,156.5,25003.0710,0
1790741580000,159.720,159.980,159.710,159.970,304.4,1790741639999,48665.3140,429,145.0,23180.0810,0
1790741640000,159.980,160.100,159.920,159.930,578.9,1790741699999,92625.8780,454,287.4,45988.6360,0
1790741700000,159.930,160.180,159.840,160.100,679.6,1790741759999,108715.9470,649,376.3,60212.3250,0
1790741760000,160.110,160.290,160.090,160.100,459.3,1790741819999,73577.9690,516,268.7,43044.8860,0
1790741820000,160.110,160.320,160.080,160.290,1766.2,1790741879999,282953.5020,1098,1449.6,232233.5370,0
1790741880000,160.280,160.480,160.190,160.270,1203.1,1790741939999,192954.3420,783,1015.1,162807.8700,0
1790741940000,160.260,160.460,160.160,160.160,917.1,1790741999999,147017.0620,708,475.2,76189.7030,0
1790742000000,160.150,160.320,160.150,160.210,444.3,1790742059999,71183.3020,389,386.6,61938.1520,0
1790742060000,160.200,160.430,160.170,160.390,401.0,1790742119999,64270.1330,537,312.8,50138.1950,0
1790742120000,160.380,160.480,160.320,160.400,805.4,1790742179999,129189.9680,512,379.7,60901.7940,0
1790742180000,160.390,160.400,160.230,160.310,1047.1,1790742239999,167868.1040,587,624.5,100124.5130,0
1790742240000,160.310,160.360,160.200,160.200,595.1,1790742299999,95375.5040,357,353.3,56634.5380,0
1790742300000,160.200,160.590,160.180,160.510,1201.9,1790742359999,192805.0870,1057,799.8,128312.7880,0
1790742360000,160.500,160.570,160.230,160.390,1250.3,1790742419999,200547.0900,1026,1006.2,161396.0840,0
1790742420000,160.390,160.420,160.270,160.310,572.3,1790742479999,91755.3150,533,228.0,36555.3350,0
1790742480000,160.310,160.390,160.140,160.140,415.3,1790742539999,66550.3560,461,312.2,50030.1270,0
1790742540000,160.140,160.170,160.000,160.040,563.9,1790742599999,90280.4590,374,237.2,37976.2230,0
1790742600000,160.040,160.090,159.930,160.070,351.6,1790742659999,56251.3370,331,115.1,18414.5720,0
1790742660000,160.060,160.110,159.950,160.060,361.6,1790742719999,57871.5170,483,161.3,25811.4000,0
1790742720000,160.060,160.170,160.030,160.100,387.9,1790742779999,62105.8380,438,233.1,37321.2040,0
1790742780000,160.110,160.210,160.050,160.070,219.5,1790742839999,35146.6380,365,145.2,23251.0150,0
1790742840000,160.070,160.160,160.030,160.030,308.9,1790742899999,49455.6490,381,165.5,26496.8310,0
1790742900000,160.030,160.380,160.000,160.380,860.0,1790742959999,137754.6740,874,666.2,106732.7270,0
1790742960000,160.350,160.510,160.300,160.420,563.5,1790743019999,90382.7950,665,294.9,47306.4310,0
1790743020000,160.420,160.490,160.210,160.480,574.2,1790743079999,92058.1350,640,297.2,47651.7210,0
1790743080000,160.480,160.910,160.480,160.680,2659.0,1790743139999,427470.0550,1553,1978.4,318063.1930,0
1790743140000,160.680,160.850,160.630,160.650,1200.8,1790743199999,193019.0470,741,881.8,141744.2090,0
1790743200000,160.640,160.640,160.470,160.470,554.2,1790743259999,88968.1550,638,270.6,43439.0220,0
1790743260000,160.460,160.660,160.380,160.580,409.9,1790743319999,65809.6260,484,264.4,42445.6240,0
1790743320000,160.580,160.740,160.530,160.720,377.1,1790743379999,60562.4430,388,287.2,46125.4040,0
1790743380000,160.720,161.200,160.630,161.020,2518.1,1790743439999,405496.6850,1548,2168.9,349267.1860,0
1790743440000,161.010,161.080,160.850,160.850,562.9,1790743499999,90615.9690,563,382.6,61591.7930,0
1790743500000,160.840,160.940,160.760,160.860,498.3,1790743559999,80149.3530,475,295.2,47478.4210,0
1790743560000,160.850,161.070,160.770,161.060,689.8,1790743619999,110987.8090,648,468.1,75323.2800,0
1790743620000,161.060,161.120,160.970,160.970,593.8,1790743679999,95630.7720,485,330.7,53261.4050,0
1790743680000,160.970,160.970,160.790,160.880,1875.4,1790743739999,301771.7510,577,874.1,140632.2930,0
1790743740000,160.890,160.970,160.670,160.670,440.2,1790743799999,70814.1580,569,179.2,28823.6080,0
1790743800000,160.670,160.840,160.580,160.760,574.1,1790743859999,92257.0090,506,334.0,53670.0180,0
1790743860000,160.760,160.850,160.500,160.530,548.2,1790743919999,88061.9670,724,220.4,35399.0640,0
1790743920000,160.530,160.720,160.530,160.650,441.0,1790743979999,70835.4480,746,304.8,48955.1180,0
1790743980000,160.650,160.730,160.580,160.600,216.2,1790744039999,34731.0940,478,107.4,17252.8130,0
1790744040000,160.600,160.720,160.510,160.640,349.6,1790744099999,56146.3630,590,197.2,31669.5350,0
1790744100000,160.630,160.660,160.570,160.590,200.2,1790744159999,32153.3960,404,69.6,11178.0780,0
1790744160000,160.580,161.130,160.540,160.890,784.0,1790744219999,126126.2700,1262,443.7,71375.0790,0
1790744220000,160.890,161.060,160.730,160.840,698.9,1790744279999,112468.8310,875,571.0,91889.7630,0
1790744280000,160.840,160.940,160.770,160.770,401.5,1790744339999,64574.0070,436,190.8,30687.5060,0
1790744340000,160.770,160.910,160.700,160.790,311.0,1790744399999,50005.8110,382,208.1,33460.6110,0
1790744400000,160.790,161.350,160.750,161.300,555.8,1790744459999,89530.2070,684,384.0,61845.9380,0
1790744460000,161.300,162.080,161.280,161.820,5807.1,1790744519999,939373.4840,2490,3752.6,606929.0950,0
1790744520000,161.810,161.870,161.560,161.760,1665.3,1790744579999,269291.4560,1378,1129.5,182646.3830,0
1790744580000,161.760,161.940,161.420,161.440,1316.0,1790744639999,212774.1350,1048,928.7,150171.7550,0
1790744640000,161.440,161.500,161.240,161.380,3720.6,1790744699999,600337.1070,742,481.9,77756.9710,0
1790744700000,161.380,161.380,161.010,161.180,656.6,1790744759999,105814.3370,609,334.0,53820.7410,0
1790744760000,161.180,161.660,161.130,161.470,769.5,1790744819999,124243.8070,924,566.1,91405.6570,0
1790744820000,161.470,161.500,161.200,161.220,1005.7,1790744879999,162283.1270,652,351.5,56701.6050,0
1790744880000,161.220,161.220,161.040,161.080,803.8,1790744939999,129513.2020,637,360.0,58003.8250,0
1790744940000,161.070,161.220,160.860,160.980,792.5,1790744999999,127606.3320,877,283.7,45685.6970,0
1790745000000,160.980,160.980,160.650,160.700,341.1,1790745059999,54851.7690,429,99.5,15995.1430,0
1790745060000,160.700,160.950,160.700,160.940,239.9,1790745119999,38577.3280,347,144.2,23187.8830,0
1790745120000,160.930,161.110,160.880,160.880,396.6,1790745179999,63855.4670,422,140.5,22625.7830,0
1790745180000,160.870,161.030,160.830,160.890,279.7,1790745239999,45012.0250,323,146.9,23639.9950,0
1790745240000,160.890,160.890,160.840,160.850,133.8,1790745299999,21523.1740,131,59.1,9506.6780,0
1790745300000,160.850,160.910,160.670,160.790,583.2,1790745359999,93777.5280,661,305.3,49092.7870,0
1790745360000,160.790,160.820,160.610,160.710,1530.0,1790745419999,245866.4220,737,804.7,129302.9320,0
1790745420000,160.710,161.140,160.710,161.080,821.2,1790745479999,132170.6160,686,512.4,82462.2330,0
1790745480000,161.080,161.350,160.930,161.050,812.1,1790745539999,130852.1670,912,361.2,58202.1970,0
1790745540000,161.060,161.470,160.970,161.360,528.0,1790745599999,85175.1690,869,405.7,65443.5770,0
1790745600000,161.360,161.440,161.080,161.370,514.6,1790745659999,82978.0600,800,248.1,40004.6760,0
1790745660000,161.360,161.450,161.150,161.300,1024.6,1790745719999,165283.0110,891,407.5,65728.3620,0
1790745720000,161.290,161.500,161.240,161.350,965.5,1790745779999,155832.6140,657,289.0,46643.6860,0
1790745780000,161.350,161.460,161.310,161.390,486.0,1790745839999,78430.1610,598,235.9,38068.9530,0
1790745840000,161.390,161.580,161.340,161.570,579.1,1790745899999,93487.4210,533,482.9,77956.1420,0
1790745900000,161.570,161.790,161.260,161.730,5246.7,1790745959999,847855.0300,2055,2501.8,404206.2690,0
1790745960000,161.730,162.100,161.630,161.690,2391.6,1790746019999,387174.7910,1371,1742.3,282080.0870,0
1790746020000,161.680,162.030,161.680,161.820,776.3,1790746079999,125638.5590,815,400.6,64830.1220,0
1790746080000,161.820,162.130,161.760,162.100,1124.1,1790746139999,182033.0830,893,934.3,151290.2530,0
1790746140000,162.090,162.450,162.040,162.230,2718.5,1790746199999,441224.2780,1573,1690.5,274364.5810,0
1790746200000,162.220,162.500,162.140,162.410,1825.8,1790746259999,296298.3850,1150,1062.4,172435.6440,0
1790746260000,162.420,162.640,162.330,162.630,930.0,1790746319999,151115.3450,1070,602.8,97949.7660,0
1790746320000,162.620,162.810,162.360,162.570,2064.1,1790746379999,335546.2010,1697,1188.2,193218.3000,0
1790746380000,162.560,162.560,162.310,162.430,1156.9,1790746439999,187927.1950,973,619.3,100593.2100,0
1790746440000,162.430,162.690,162.380,162.500,1479.4,1790746499999,240437.9370,1144,1245.7,202465.0060,0
1790746500000,162.500,162.660,162.280,162.480,1379.8,1790746559999,224196.8460,1277,940.8,152860.4040,0
1790746560000,162.480,162.690,162.300,162.530,1719.2,1790746619999,279373.9180,1046,1198.5,194777.5880,0
1790746620000,162.530,162.600,162.390,162.410,545.9,1790746679999,88713.6530,442,386.2,62763.0150,0
1790746680000,162.390,162.500,162.310,162.320,882.9,1790746739999,143372.3380,699,510.8,82960.3050,0
1790746740000,162.320,162.490,162.270,162.350,1082.1,1790746799999,175682.4130,987,659.1,107015.5870,0
1790746800000,162.350,162.390,162.080,162.130,664.2,1790746859999,107752.2880,644,150.3,24374.3010,0
1790746860000,162.130,162.280,162.130,162.230,379.1,1790746919999,61495.7550,405,274.7,44558.9670,0
1790746920000,162.240,162.300,162.170,162.170,513.2,1790746979999,83250.2540,509,168.2,27287.7400,0
1790746980000,162.170,162.380,162.160,162.290,306.0,1790747039999,49646.4840,407,214.9,34861.7310,0
1790747040000,162.280,162.570,162.280,162.360,681.0,1790747099999,110620.6540,874,368.6,59878.2450,0
1790747100000,162.360,162.500,162.360,162.400,859.2,1790747159999,139555.1410,680,471.3,76547.3560,0
1790747160000,162.400,162.570,162.370,162.420,396.8,1790747219999,64473.6100,438,301.0,48908.1180,0
1790747220000,162.420,162.480,162.280,162.420,906.0,1790747279999,147109.3150,753,415.6,67480.2710,0
1790747280000,162.410,162.420,162.270,162.330,455.1,1790747339999,73873.2740,444,224.8,36487.7840,0
1790747340000,162.320,162.450,162.290,162.400,420.8,1790747399999,68314.6030,333,182.7,29662.0420,0
1790747400000,162.400,163.000,162.400,162.920,3044.2,1790747459999,495622.0350,1525,2533.5,412527.5410,0
1790747460000,162.920,162.930,162.360,162.420,774.3,1790747519999,125895.1640,649,432.7,70315.8980,0
1790747520000,162.410,162.500,162.290,162.290,628.9,1790747579999,102121.9230,489,310.0,50343.8080,0
1790747580000,162.300,162.410,162.230,162.270,835.2,1790747639999,135556.2430,607,509.6,82718.1810,0
1790747640000,162.260,162.480,162.240,162.350,339.8,1790747699999,55167.6600,593,240.0,38961.8410,0
1790747700000,162.340,162.340,162.200,162.240,436.8,1790747759999,70874.5740,560,146.1,23703.0960,0
1790747760000,162.240,162.490,162.240,162.390,345.7,1790747819999,56133.5670,512,203.3,33007.8110,0
1790747820000,162.390,162.570,162.360,162.390,240.4,1790747879999,39057.2440,449,126.2,20503.9600,0
1790747880000,162.390,162.950,162.320,162.940,1097.8,1790747939999,178452.1350,1360,805.9,131027.7620,0
1790747940000,162.930,162.990,162.690,162.850,852.3,1790747999999,138759.2240,872,477.2,77685.5330,0
1790748000000,162.850,163.170,162.700,163.170,3002.3,1790748059999,489115.8360,1509,1599.5,260646.7960,0
1790748060000,163.160,163.260,162.920,163.090,1216.5,1790748119999,198387.5080,1292,582.0,94914.9900,0
1790748120000,163.090,163.090,162.720,162.860,1019.0,1790748179999,165924.4210,992,420.8,68514.3180,0
1790748180000,162.860,162.890,162.000,162.480,2789.7,1790748239999,452936.3140,2586,1399.6,227177.4950,0
1790748240000,162.480,162.770,162.390,162.720,453.1,1790748299999,73666.8080,727,279.5,45440.0950,0
1790748300000,162.720,162.970,162.550,162.970,1218.2,1790748359999,198232.5120,1163,539.9,87889.1940,0
1790748360000,162.970,163.040,162.720,162.720,1669.5,1790748419999,272000.2780,815,375.9,61221.9970,0
1790748420000,162.720,162.720,162.480,162.660,861.5,1790748479999,140099.3330,1003,488.4,79422.2300,0
1790748480000,162.660,162.660,162.390,162.390,1126.2,1790748539999,183026.4830,644,216.9,35249.1790,0
1790748540000,162.390,162.510,162.210,162.290,1335.2,1790748599999,216758.6070,1032,479.9,77926.3890,0
1790748600000,162.290,162.490,162.290,162.440,555.9,1790748659999,90279.8340,601,231.8,37642.4220,0
1790748660000,162.440,162.510,162.340,162.460,884.4,1790748719999,143653.1710,781,575.6,93494.9560,0
1790748720000,162.460,162.650,162.010,162.080,1213.4,1790748779999,196912.4800,1093,415.9,67532.2290,0
1790748780000,162.080,162.100,161.690,161.810,3436.3,1790748839999,556275.9460,1467,672.0,108792.6770,0
1790748840000,161.810,161.850,161.670,161.800,1219.6,1790748899999,197303.6740,716,522.3,84499.2520,0
1790748900000,161.810,162.490,161.810,161.940,2747.2,1790748959999,445309.2010,1986,1530.3,248032.9230,0
1790748960000,161.930,162.010,161.700,161.870,2282.0,1790749019999,369227.5830,1654,426.7,69060.8650,0
1790749020000,161.870,162.170,161.770,161.830,1441.3,1790749079999,233404.5510,1324,494.8,80150.9080,0
1790749080000,161.830,161.950,161.630,161.720,1340.3,1790749139999,216788.7540,1299,309.1,50008.6550,0
1790749140000,161.730,161.800,161.500,161.580,1612.4,1790749199999,260656.0750,1314,341.7,55248.2380,0
1790749200000,161.580,161.630,161.280,161.410,4500.2,1790749259999,726356.7080,2234,2045.3,330145.7280,0
1790749260000,161.410,161.480,161.180,161.340,1180.2,1790749319999,190399.8680,1114,422.6,68182.0530,0
1790749320000,161.340,161.400,161.270,161.370,537.3,1790749379999,86699.2130,391,154.9,24992.9300,0
1790749380000,161.370,161.600,161.370,161.500,575.4,1790749439999,92941.8040,636,191.3,30899.0900,0
1790749440000,161.500,161.530,161.220,161.260,724.7,1790749499999,116953.1970,636,169.0,27269.5660,0
1790749500000,161.260,161.270,161.120,161.150,553.0,1790749559999,89136.1500,766,132.0,21276.7530,0
1790749560000,161.150,161.200,161.000,161.100,822.7,1790749619999,132549.5730,547,295.1,47552.4700,0
1790749620000,161.110,161.290,160.880,160.920,1423.4,1790749679999,229372.7530,884,571.7,92154.1180,0
1790749680000,160.920,161.530,160.920,161.420,1953.0,1790749739999,314902.8290,1211,1353.2,218165.2980,0
1790749740000,161.420,161.620,161.350,161.600,1204.8,1790749799999,194572.3540,819,657.7,106209.0760,0
1790749800000,161.600,161.600,161.140,161.410,776.5,1790749859999,125297.2440,891,424.9,68556.6220,0
1790749860000,161.410,161.640,161.260,161.570,1024.7,1790749919999,165457.5240,999,666.0,107542.8480,0
1790749920000,161.560,161.560,161.350,161.410,374.9,1790749979999,60516.7030,472,128.3,20710.1290,0
1790749980000,161.410,161.430,161.060,161.060,497.1,1790750039999,80162.5060,633,137.8,22225.7290,0
1790750040000,161.060,161.130,160.900,161.110,506.3,1790750099999,81525.5780,552,103.8,16714.9180,0
1790750100000,161.110,161.140,160.690,160.760,1498.1,1790750159999,240972.6710,1163,291.1,46841.7610,0
1790750160000,160.760,160.840,160.390,160.710,2658.7,1790750219999,426749.0590,1554,817.6,131249.8080,0
1790750220000,160.720,160.740,160.500,160.540,1140.4,1790750279999,183156.4870,563,427.8,68715.4840,0
1790750280000,160.550,160.740,160.550,160.630,1139.0,1790750339999,182955.6990,563,617.4,99166.1470,0
1790750340000,160.630,160.650,160.270,160.330,1812.5,1790750399999,290732.4340,795,859.3,137823.7760,0
1790750400000,160.330,160.560,160.210,160.500,1564.0,1790750459999,250866.7230,958,791.7,127006.3210,0
1790750460000,160.500,160.550,160.150,160.180,649.3,1790750519999,104113.7530,550,139.8,22421.3240,0
1790750520000,160.190,160.830,160.190,160.830,640.5,1790750579999,102800.7010,576,332.0,53256.3800,0
1790750580000,160.830,160.970,160.580,160.640,458.4,1790750639999,73704.7020,476,199.6,32099.3040,0
1790750640000,160.640,160.800,160.560,160.700,435.0,1790750699999,69904.5450,408,184.4,29625.5670,0
1790750700000,160.690,160.690,160.240,160.430,852.4,1790750759999,136755.5360,762,175.9,28215.6510,0
1790750760000,160.420,160.510,160.270,160.280,888.9,1790750819999,142569.9650,459,534.2,85681.5700,0
1790750820000,160.280,160.330,159.920,159.940,1349.2,1790750879999,215936.5340,1060,195.0,31218.1420,0
1790750880000,159.940,159.950,159.440,159.440,8111.9,1790750939999,1295243.8050,3155,1920.7,306815.5300,0
1790750940000,159.450,159.740,159.330,159.700,2022.7,1790750999999,322664.1800,1195,671.3,107121.8730,0
1790751000000,159.700,159.900,159.060,159.370,3924.5,1790751059999,625395.8840,2060,1087.9,173356.0810,0
1790751060000,159.400,159.570,159.380,159.470,1284.0,1790751119999,204778.0720,728,425.1,67795.7480,0
1790751120000,159.490,159.830,159.430,159.720,931.1,1790751179999,148672.7300,764,543.0,86702.0540,0
1790751180000,159.710,159.820,159.570,159.660,1519.5,1790751239999,242704.7420,908,950.1,151755.6250,0
1790751240000,159.660,159.800,159.570,159.720,831.8,1790751299999,132827.7710,574,350.9,56046.1980,0
1790751300000,159.710,160.220,159.560,160.130,2065.9,1790751359999,330228.3240,1073,1441.1,230336.0550,0
1790751360000,160.140,160.230,159.730,159.730,1048.7,1790751419999,167841.0460,795,441.2,70623.3700,0
1790751420000,159.740,159.790,159.670,159.770,410.7,1790751479999,65610.3150,384,109.7,17523.9760,0
1790751480000,159.770,159.840,159.690,159.690,502.9,1790751539999,80346.8000,338,39.6,6326.8730,0
1790751540000,159.690,159.700,159.420,159.500,811.4,1790751599999,129465.0460,518,128.5,20500.9620,0
1790751600000,159.500,159.560,159.140,159.170,1698.4,1790751659999,270565.9280,895,939.0,149531.8220,0
1790751660000,159.170,159.620,159.110,159.540,993.5,1790751719999,158323.9650,825,616.3,98178.8760,0
1790751720000,159.550,159.890,159.550,159.850,1178.9,1790751779999,188412.4650,719,780.5,124751.0500,0
1790751780000,159.850,160.130,159.840,159.920,4025.2,1790751839999,643790.7100,713,2636.1,421559.1780,0
1790751840000,159.920,159.970,159.740,159.760,827.9,1790751899999,132349.1340,501,219.9,35151.3070,0
1790751900000,159.760,159.770,159.550,159.620,412.0,1790751959999,65773.6470,417,211.8,33807.6520,0
1790751960000,159.620,159.620,159.100,159.380,2958.8,1790752019999,471272.1790,1027,500.7,79774.6460,0
1790752020000,159.380,159.460,159.110,159.320,2091.7,1790752079999,333160.2660,1101,614.9,97934.2860,0
1790752080000,159.320,159.440,159.310,159.370,482.8,1790752139999,76948.8910,508,146.2,23299.5340,0
1790752140000,159.360,159.370,159.130,159.250,533.8,1790752199999,84991.4960,542,101.6,16176.0450,0
1790752200000,159.260,159.350,159.220,159.320,388.5,1790752259999,61877.5160,358,198.7,31647.9800,0
1790752260000,159.330,159.410,158.980,159.080,2926.9,1790752319999,465943.9580,1367,1325.6,211144.5850,0
1790752320000,159.080,159.150,158.970,159.030,505.2,1790752379999,80360.7250,479,192.6,30637.2270,0
1790752380000,159.020,159.060,158.730,159.030,2318.8,1790752439999,368469.7700,1302,561.2,89169.3510,0
1790752440000,159.040,159.080,158.620,158.680,1981.9,1790752499999,314761.5080,1196,498.6,79205.6580,0
1790752500000,158.690,158.870,158.680,158.810,1246.2,1790752559999,197851.9080,770,521.8,82847.5100,0
1790752560000,158.810,159.060,158.750,158.900,606.3,1790752619999,96360.1840,740,384.2,61061.8130,0
1790752620000,158.900,158.910,158.570,158.870,1418.6,1790752679999,225154.6210,871,360.6,57249.5950,0
1790752680000,158.880,159.290,158.860,159.240,1886.9,1790752739999,300126.7510,1244,772.8,122964.5200,0
1790752740000,159.240,159.570,159.150,159.510,817.9,1790752799999,130338.9340,729,563.5,89795.1400,0
1790752800000,159.520,159.710,159.350,159.430,1732.8,1790752859999,276575.3070,947,1023.2,163328.1900,0
1790752860000,159.420,159.490,159.290,159.490,547.6,1790752919999,87270.3960,456,237.1,37790.1970,0
1790752920000,159.480,159.690,159.320,159.450,836.5,1790752979999,133429.7070,609,432.7,69025.7900,0
1790752980000,159.450,159.680,159.430,159.680,616.1,1790753039999,98293.4240,420,415.1,66223.8680,0
1790753040000,159.680,159.880,159.540,159.670,1859.4,1790753099999,296979.1650,854,926.0,147862.5420,0
1790753100000,159.660,159.850,159.530,159.750,1277.0,1790753159999,203895.7500,778,515.2,82259.6740,0
1790753160000,159.750,159.850,159.580,159.590,1103.7,1790753219999,176241.4230,608,621.4,99233.1640,0
1790753220000,159.600,159.700,159.450,159.500,708.2,1790753279999,113015.1610,609,430.9,68780.9550,0
1790753280000,159.500,159.530,159.300,159.310,721.4,1790753339999,115018.8710,505,312.4,49818.4670,0
1790753340000,159.300,159.370,159.200,159.370,243.9,1790753399999,38853.4530,292,160.9,25632.6890,0
1790753400000,159.370,159.380,159.140,159.360,720.2,1790753459999,114720.7950,657,473.1,75368.2240,0
1790753460000,159.370,159.400,159.080,159.160,442.8,1790753519999,70516.6650,526,168.9,26892.2000,0
1790753520000,159.180,159.250,159.020,159.090,978.4,1790753579999,155693.3520,790,722.5,114974.7580,0
1790753580000,159.080,159.530,159.030,159.320,513.9,1790753639999,81893.4930,532,230.3,36688.1080,0
1790753640000,159.320,159.440,159.290,159.310,311.6,1790753699999,49656.0680,327,187.6,29895.7850,0
1790753700000,159.310,159.640,159.310,159.630,509.3,1790753759999,81226.2340,441,424.8,67748.7980,0
1790753760000,159.630,160.140,159.590,160.080,960.6,1790753819999,153654.8140,847,762.8,122015.7700,0
1790753820000,160.070,160.130,159.760,159.790,929.9,1790753879999,148759.0940,601,485.9,77733.6480,0
1790753880000,159.790,159.860,159.650,159.650,468.7,1790753939999,74874.4270,436,269.2,43009.2830,0
1790753940000,159.650,159.780,159.580,159.650,587.4,1790753999999,93798.6840,617,298.5,47666.0950,0
1790754000000,159.650,159.690,159.560,159.590,379.7,1790754059999,60611.6180,374,213.5,34078.7360,0
1790754060000,159.590,159.660,159.500,159.500,297.7,1790754119999,47508.7050,380,67.1,10708.7960,0
1790754120000,159.510,159.540,159.400,159.450,356.4,1790754179999,56840.5010,326,134.1,21387.6760,0
1790754180000,159.450,159.670,159.430,159.580,599.6,1790754239999,95700.7360,537,324.4,51771.0520,0
1790754240000,159.580,159.810,159.570,159.750,616.2,1790754299999,98417.0290,471,528.6,84426.5370,0
1790754300000,159.740,159.850,159.700,159.730,317.3,1790754359999,50687.8960,385,210.5,33627.7510,0
1790754360000,159.710,159.820,159.530,159.690,586.2,1790754419999,93611.2160,649,377.2,60236.2170,0
1790754420000,159.690,159.830,159.570,159.740,1046.4,1790754479999,167091.7650,898,708.4,113120.3790,0
1790754480000,159.730,159.900,159.670,159.800,760.9,1790754539999,121592.5540,854,639.4,102179.6690,0
1790754540000,159.790,159.910,159.720,159.900,540.6,1790754599999,86383.0490,590,381.7,60988.4450,0
1790754600000,159.910,159.990,159.790,159.970,581.0,1790754659999,92898.0590,628,348.5,55716.3820,0
1790754660000,159.970,160.050,159.810,160.020,640.3,1790754719999,102399.6070,860,365.0,58375.3600,0
1790754720000,160.010,160.020,159.810,159.930,398.9,1790754779999,63795.6060,592,280.8,44908.5920,0
1790754780000,159.930,159.960,159.770,159.770,301.3,1790754839999,48167.8630,513,209.8,33541.4880,0
1790754840000,159.770,159.800,159.580,159.580,364.6,1790754899999,58231.6410,406,127.8,20414.2270,0
1790754900000,159.590,159.610,159.350,159.360,378.8,1790754959999,60413.7110,528,118.5,18900.0890,0
1790754960000,159.350,159.430,159.260,159.280,741.2,1790755019999,118092.4980,585,534.5,85157.7700,0
1790755020000,159.290,159.370,159.230,159.240,456.6,1790755079999,72730.6620,422,200.5,31938.6260,0
1790755080000,159.240,159.310,159.240,159.250,331.3,1790755139999,52767.4050,295,155.6,24783.5630,0
1790755140000,159.250,159.300,159.160,159.210,505.0,1790755199999,80404.4660,550,246.6,39264.3690,0
1790755200000,159.210,159.340,159.100,159.200,462.1,1790755259999,73562.3020,558,230.5,36694.2670,0
1790755260000,159.200,159.310,159.160,159.200,443.9,1790755319999,70683.8890,537,255.1,40625.8710,0
1790755320000,159.200,159.200,158.870,159.000,767.4,1790755379999,121992.9060,741,313.4,49814.6240,0
1790755380000,159.000,159.280,158.990,159.240,553.1,1790755439999,88017.7740,485,370.2,58912.2220,0
1790755440000,159.240,159.280,158.920,159.060,493.6,1790755499999,78509.9440,605,310.1,49321.4640,0
1790755500000,159.050,159.110,158.850,158.850,1000.2,1790755559999,158956.9520,685,182.0,28944.9410,0
1790755560000,158.860,159.050,158.860,158.970,523.1,1790755619999,83160.1820,492,311.4,49500.2820,0
1790755620000,158.970,158.970,158.740,158.770,865.4,1790755679999,137435.4050,614,272.8,43327.3370,0
1790755680000,158.780,158.870,158.740,158.780,462.5,1790755739999,73454.1150,382,210.6,33450.0020,0
1790755740000,158.770,158.830,158.450,158.620,4478.1,1790755799999,710192.4840,1223,2095.7,332279.4000,0
1790755800000,158.620,158.960,158.620,158.890,811.8,1790755859999,128924.9290,621,476.0,75594.2240,0
1790755860000,158.890,159.020,158.760,159.010,813.0,1790755919999,129195.5970,733,369.5,58722.0060,0
1790755920000,159.010,159.290,159.010,159.200,390.5,1790755979999,62161.8220,376,226.4,36031.5250,0
1790755980000,159.200,159.240,159.130,159.200,313.3,1790756039999,49872.3570,307,142.1,22619.1520,0
1790756040000,159.200,159.370,159.180,159.350,336.4,1790756099999,53582.7730,367,206.7,32923.7910,0
1790756100000,159.350,159.530,159.210,159.490,491.9,1790756159999,78399.0800,554,285.7,45542.2260,0
1790756160000,159.490,159.900,159.470,159.860,715.5,1790756219999,114259.1650,649,549.5,87744.8110,0
1790756220000,159.860,160.040,159.740,159.830,1005.5,1790756279999,160790.2070,768,818.5,130889.3300,0
1790756280000,159.840,160.210,159.790,160.150,1417.9,1790756339999,226864.3420,901,858.6,137375.9650,0
1790756340000,160.150,160.330,159.670,159.710,2043.0,1790756399999,327145.3890,1056,927.7,148549.0530,0
1790756400000,159.710,159.980,159.640,159.970,823.7,1790756459999,131611.2470,825,673.9,107677.9490,0
1790756460000,159.950,160.250,159.870,160.210,648.3,1790756519999,103749.4820,746,488.9,78241.8300,0
1790756520000,160.210,160.290,159.970,160.100,700.2,1790756579999,112137.5740,718,285.6,45759.8560,0
1790756580000,160.100,160.330,160.100,160.130,578.2,1790756639999,92648.2630,512,423.8,67907.4560,0
1790756640000,160.130,160.260,159.890,160.260,655.5,1790756699999,104900.4130,862,333.8,53422.3080,0
1790756700000,160.260,160.370,160.110,160.110,510.3,1790756759999,81795.1190,482,359.2,57578.1000,0
1790756760000,160.110,160.340,160.000,160.270,710.2,1790756819999,113716.4600,682,491.5,78708.7060,0
1790756820000,160.280,160.330,160.190,160.260,1273.5,1790756879999,204121.0280,458,291.0,46639.9820,0
1790756880000,160.260,160.260,160.010,160.120,691.8,1790756939999,110767.7430,635,355.5,56914.4570,0
1790756940000,160.120,160.120,159.920,159.920,712.0,1790756999999,113934.4610,444,398.1,63710.8270,0
1790757000000,159.920,159.920,159.460,159.530,872.0,1790757059999,139193.3290,676,223.6,35699.1500,0
1790757060000,159.530,159.560,159.440,159.480,379.8,1790757119999,60579.9950,321,204.5,32622.3680,0
1790757120000,159.490,159.680,159.450,159.640,236.6,1790757179999,37755.1870,379,116.4,18573.0630,0
1790757180000,159.640,159.640,159.260,159.270,705.1,1790757239999,112404.2840,785,201.6,32135.9700,0
1790757240000,159.280,159.660,159.280,159.440,533.9,1790757299999,85139.8950,849,254.2,40532.2130,0
1790757300000,159.430,159.530,159.270,159.300,877.6,1790757359999,139894.6920,665,323.6,51581.5050,0
1790757360000,159.310,159.390,159.270,159.360,351.2,1790757419999,55960.1260,331,101.3,16141.7620,0
1790757420000,159.370,159.530,159.350,159.420,167.9,1790757479999,26766.8480,302,86.3,13757.6280,0
1790757480000,159.420,159.850,159.400,159.730,272.9,1790757539999,43564.7160,397,177.5,28332.9740,0
1790757540000,159.730,159.870,159.670,159.830,801.5,1790757599999,128025.1930,528,714.3,114095.3860,0
1790757600000,159.830,159.940,159.760,159.830,309.7,1790757659999,49506.6370,450,210.4,33634.0680,0
1790757660000,159.840,159.840,159.580,159.690,257.9,1790757719999,41183.2470,379,132.6,21171.6180,0
1790757720000,159.690,159.690,159.470,159.480,222.7,1790757779999,35522.5800,250,52.2,8325.9570,0
1790757780000,159.480,159.570,159.430,159.450,238.9,1790757839999,38102.3750,294,145.4,23191.2130,0
1790757840000,159.460,159.560,159.440,159.510,110.9,1790757899999,17687.0500,149,68.7,10955.8350,0
1790757900000,159.510,159.680,159.460,159.670,273.3,1790757959999,43607.0280,435,174.7,27874.1370,0
1790757960000,159.680,160.160,159.680,160.160,551.1,1790758019999,88106.5830,622,340.3,54412.6930,0
1790758020000,160.160,160.590,160.160,160.500,2412.7,1790758079999,387044.6640,1249,1421.0,227951.2830,0
1790758080000,160.510,160.670,160.410,160.550,1041.8,1790758139999,167285.8920,751,822.6,132096.4880,0
1790758140000,160.540,160.670,160.510,160.570,496.9,1790758199999,79788.0660,549,285.9,45907.3280,0
1790758200000,160.570,160.830,160.570,160.740,1178.6,1790758259999,189458.1590,750,930.0,149497.4840,0
1790758260000,160.740,160.770,160.310,160.430,1001.5,1790758319999,160754.8810,977,378.0,60654.0450,0
1790758320000,160.430,160.570,160.300,160.310,625.9,1790758379999,100427.0770,502,252.9,40579.7640,0
1790758380000,160.310,160.330,160.140,160.150,274.4,1790758439999,43973.2190,388,152.9,24501.0420,0
1790758440000,160.160,160.340,160.160,160.300,308.9,1790758499999,49494.1650,368,173.2,27748.0130,0
1790758500000,160.290,160.390,160.210,160.390,416.0,1790758559999,66689.8340,409,125.8,20167.7600,0
1790758560000,160.400,160.400,160.260,160.320,368.4,1790758619999,59066.0130,378,173.0,27736.8140,0
1790758620000,160.320,160.470,160.250,160.290,749.5,1790758679999,120209.3240,393,138.1,22142.9180,0
1790758680000,160.300,160.410,160.260,160.360,259.7,1790758739999,41641.2880,284,166.3,26667.3630,0
1790758740000,160.360,160.380,160.180,160.220,858.1,1790758799999,137544.3920,401,228.3,36592.1590,0
1790758800000,160.220,160.440,160.170,160.420,284.9,1790758859999,45655.5320,390,171.8,27533.8130,0
1790758860000,160.430,160.460,160.170,160.260,848.4,1790758919999,136031.4130,839,249.3,39973.2660,0
1790758920000,160.270,160.410,160.160,160.410,363.1,1790758979999,58196.6120,460,158.3,25371.4330,0
1790758980000,160.410,160.550,160.300,160.510,965.4,1790759039999,154892.7150,504,854.4,137082.9020,0
1790759040000,160.520,160.670,160.510,160.650,173.4,1790759099999,27853.7920,239,117.3,18841.9160,0
1790759100000,160.650,160.730,160.570,160.640,378.2,1790759159999,60757.0580,428,291.3,46797.6490,0
1790759160000,160.640,160.690,160.490,160.590,400.9,1790759219999,64380.6110,570,239.8,38513.1870,0
1790759220000,160.600,160.630,160.400,160.520,401.8,1790759279999,64494.2440,466,277.0,44458.8510,0
1790759280000,160.520,160.620,160.300,160.300,385.4,1790759339999,61852.5060,622,184.8,29656.0880,0
1790759340000,160.290,160.490,160.260,160.490,703.2,1790759399999,112762.2840,849,494.8,79351.6880,0
1790759400000,160.500,160.660,160.390,160.490,602.5,1790759459999,96701.8510,659,296.0,47513.4850,0
1790759460000,160.490,160.540,160.330,160.420,513.2,1790759519999,82332.9880,434,297.5,47728.2950,0
1790759520000,160.430,160.440,160.310,160.360,256.1,1790759579999,41069.6330,310,146.2,23443.7710,0
1790759580000,160.370,160.420,160.330,160.410,189.6,1790759639999,30406.3880,250,87.6,14048.7580,0
1790759640000,160.420,160.550,160.410,160.470,605.2,1790759699999,97113.8080,366,370.1,59393.5780,0
1790759700000,160.480,160.480,160.340,160.390,248.1,1790759759999,39787.4640,218,122.1,19580.9410,0
1790759760000,160.400,160.460,160.310,160.340,360.9,1790759819999,57872.5750,375,268.3,43023.3690,0
1790759820000,160.340,160.370,160.220,160.230,425.7,1790759879999,68238.7730,434,199.6,31997.4870,0
1790759880000,160.240,160.290,160.170,160.270,274.2,1790759939999,43933.2870,315,149.9,24017.0330,0
1790759940000,160.280,160.390,160.220,160.310,490.1,1790759999999,78573.3170,480,269.5,43212.4750,0
1790760000000,160.320,160.510,160.260,160.500,263.6,1790760059999,42275.1620,364,222.8,35732.4390,0
1790760060000,160.510,160.670,160.360,160.520,513.9,1790760119999,82475.5660,536,270.6,43428.8820,0
1790760120000,160.530,160.590,160.340,160.420,452.6,1790760179999,72627.6930,474,167.7,26910.8240,0
1790760180000,160.430,160.550,160.400,160.480,234.5,1790760239999,37625.9050,263,74.3,11922.0750,0
1790760240000,160.480,160.790,160.420,160.790,200.3,1790760299999,32174.9320,374,145.0,23293.4010,0
1790760300000,160.800,161.010,160.660,160.720,1072.5,1790760359999,172473.2880,625,380.5,61200.0570,0
1790760360000,160.730,160.750,160.650,160.690,186.4,1790760419999,29953.5330,235,113.6,18255.4150,0
1790760420000,160.700,160.840,160.680,160.830,201.1,1790760479999,32329.9840,284,174.2,28005.4850,0
1790760480000,160.840,160.900,160.760,160.770,270.5,1790760539999,43505.6840,264,168.4,27085.1430,0
1790760540000,160.770,160.790,160.700,160.760,178.6,1790760599999,28705.4090,181,101.9,16377.8110,0
1790760600000,160.770,161.040,160.600,160.620,660.4,1790760659999,106226.7500,862,241.4,38829.9520,0
1790760660000,160.630,161.090,160.620,160.880,485.2,1790760719999,78072.3890,644,371.5,59773.0560,0
1790760720000,160.890,161.730,160.890,161.640,2389.2,1790760779999,385706.8510,1558,1769.2,285592.6600,0
1790760780000,161.650,161.790,161.420,161.520,1317.0,1790760839999,212886.6110,1126,768.8,124281.5740,0
1790760840000,161.520,161.600,161.260,161.350,763.1,1790760899999,123114.2890,778,448.7,72388.0620,0
1790760900000,161.360,161.360,160.930,161.210,1621.6,1790760959999,261497.6600,763,288.9,46560.2210,0
1790760960000,161.200,161.290,161.060,161.080,238.2,1790761019999,38385.8150,360,98.3,15840.2280,0
1790761020000,161.090,161.090,160.890,160.890,607.3,1790761079999,97787.0550,359,144.1,23198.5530,0
1790761080000,160.890,160.890,160.710,160.820,391.1,1790761139999,62877.5930,442,194.4,31256.1630,0
1790761140000,160.820,160.840,160.460,160.680,2400.5,1790761199999,385492.2040,818,328.6,52791.4030,0
1790761200000,160.690,160.730,160.530,160.530,294.9,1790761259999,47380.0150,289,54.5,8755.6930,0
1790761260000,160.540,160.600,160.520,160.600,150.5,1790761319999,24164.5880,241,100.9,16200.6840,0
1790761320000,160.600,160.670,160.530,160.630,157.5,1790761379999,25293.7200,215,85.0,13649.3100,0
1790761380000,160.630,160.630,160.520,160.520,193.4,1790761439999,31053.2560,222,152.7,24517.6960,0
1790761440000,160.530,160.580,160.510,160.580,122.3,1790761499999,19634.5580,165,100.2,16086.5870,0
1790761500000,160.580,160.620,160.450,160.490,307.6,1790761559999,49377.9840,431,118.3,18992.5560,0
1790761560000,160.490,160.640,160.440,160.630,179.5,1790761619999,28814.9080,277,103.9,16678.7270,0
1790761620000,160.640,160.710,160.570,160.620,263.9,1790761679999,42391.7860,226,83.7,13445.1720,0
1790761680000,160.610,160.700,160.600,160.650,183.8,1790761739999,29528.7820,256,84.2,13526.8490,0
1790761740000,160.660,160.690,160.520,160.580,135.4,1790761799999,21743.1900,171,99.9,16042.4740,0
1790761800000,160.580,160.750,160.570,160.630,348.4,1790761859999,55980.1460,366,262.6,42195.1100,0
1790761860000,160.650,161.140,160.650,161.090,675.4,1790761919999,108716.9530,717,437.5,70412.2890,0
1790761920000,161.100,161.100,160.670,160.680,530.3,1790761979999,85266.8130,354,391.3,62908.4230,0
1790761980000,160.670,160.680,160.540,160.550,217.8,1790762039999,34978.7370,292,78.8,12656.0670,0
1790762040000,160.550,160.740,160.510,160.690,283.0,1790762099999,45462.4330,362,170.1,27324.8130,0
1790762100000,160.690,160.840,160.680,160.740,170.3,1790762159999,27378.1210,226,130.4,20963.2330,0
1790762160000,160.730,160.920,160.680,160.840,433.9,1790762219999,69740.2020,294,320.4,51495.8040,0
1790762220000,160.830,160.830,160.750,160.760,104.9,1790762279999,16866.0320,144,42.4,6816.4160,0
1790762280000,160.750,160.750,160.660,160.700,204.4,1790762339999,32847.9000,138,169.0,27158.6330,0
1790762340000,160.690,160.750,160.610,160.670,820.8,1790762399999,131888.8440,320,619.5,99549.6880,0
1790762400000,160.670,161.000,160.610,160.900,1364.9,1790762459999,219468.5380,901,1045.3,168050.4740,0
1790762460000,160.910,161.090,160.850,160.850,358.1,1790762519999,57647.5620,460,194.8,31358.5950,0
1790762520000,160.850,160.880,160.650,160.820,595.1,1790762579999,95677.8460,613,183.7,29529.6970,0
1790762580000,160.820,160.950,160.780,160.940,284.6,1790762639999,45787.8090,318,219.1,35251.0940,0
1790762640000,160.940,161.190,160.900,161.120,1284.2,1790762699999,206885.8320,742,1120.7,180558.3660,0
1790762700000,161.150,161.340,161.140,161.340,453.9,1790762759999,73179.9090,506,369.3,59542.4350,0
1790762760000,161.340,161.440,161.200,161.220,553.4,1790762819999,89258.6060,614,241.7,38981.8000,0
1790762820000,161.220,161.300,161.030,161.040,700.9,1790762879999,112977.7200,584,268.9,43345.9590,0
1790762880000,161.040,161.040,161.000,161.020,241.3,1790762939999,38853.5550,158,149.9,24136.4130,0
1790762940000,161.020,161.030,160.710,160.760,609.7,1790762999999,98087.6640,512,238.3,38335.1230,0
1790763000000,160.750,160.790,160.640,160.680,411.6,1790763059999,66145.1620,507,213.2,34262.6670,0
1790763060000,160.680,160.690,160.610,160.660,155.9,1790763119999,25045.2620,245,98.2,15775.3560,0
1790763120000,160.670,160.690,160.600,160.670,138.0,1790763179999,22171.1140,238,65.8,10571.8140,0
1790763180000,160.670,160.760,160.640,160.670,751.9,1790763239999,120829.5420,359,282.2,45348.8910,0
1790763240000,160.670,160.930,160.650,160.670,595.4,1790763299999,95737.5640,561,374.5,60229.7390,0
1790763300000,160.660,160.730,160.510,160.680,840.4,1790763359999,134969.1000,539,213.3,34258.6350,0
1790763360000,160.670,160.900,160.670,160.880,299.8,1790763419999,48203.8820,448,198.3,31880.7730,0
1790763420000,160.860,160.910,160.770,160.820,341.7,1790763479999,54965.0450,316,110.6,17788.1710,0
1790763480000,160.820,160.880,160.720,160.830,277.4,1790763539999,44602.1600,340,198.0,31834.1160,0
1790763540000,160.830,160.940,160.700,160.750,574.2,1790763599999,92346.5610,560,196.3,31567.5050,0
1790763600000,160.750,161.060,160.740,161.060,205.0,1790763659999,32977.8270,357,167.7,26979.2750,0
1790763660000,161.050,161.310,161.050,161.220,691.1,1790763719999,111408.6010,543,485.9,78332.4680,0
1790763720000,161.210,161.240,160.890,160.930,427.3,1790763779999,68817.1840,434,213.7,34415.1830,0
1790763780000,160.920,161.060,160.870,160.920,434.1,1790763839999,69876.3060,415,274.6,44202.6700,0
1790763840000,160.910,160.920,160.650,160.740,1101.4,1790763899999,177035.6400,610,595.9,95772.8460,0
1790763900000,160.740,161.110,160.740,161.040,351.5,1790763959999,56561.3960,424,190.5,30648.5900,0
1790763960000,161.030,161.120,161.000,161.020,287.5,1790764019999,46299.0370,265,183.0,29468.6350,0
1790764020000,161.020,161.200,160.920,160.950,1181.0,1790764079999,190250.5790,596,298.4,48054.3220,0
1790764080000,160.940,160.940,160.690,160.870,921.1,1790764139999,148116.3340,520,434.9,69939.3650,0
1790764140000,160.860,161.030,160.830,160.870,348.0,1790764199999,55997.1980,313,125.9,20260.1240,0
1790764200000,160.860,161.060,160.830,161.060,788.7,1790764259999,126900.4660,438,454.8,73181.9400,0
1790764260000,161.070,161.310,161.070,161.310,720.1,1790764319999,116070.6580,443,342.1,55140.5650,0
1790764320000,161.320,161.510,161.310,161.450,1474.5,1790764379999,237974.5220,812,877.0,141536.5290,0
1790764380000,161.440,161.590,161.420,161.550,348.4,1790764439999,56269.7320,408,264.2,42669.6350,0
1790764440000,161.530,161.580,161.450,161.500,353.5,1790764499999,57085.6400,383,223.6,36106.9440,0
1790764500000,161.500,161.660,161.490,161.600,412.1,1790764559999,66580.9100,444,303.2,48982.2170,0
1790764560000,161.590,161.640,161.530,161.640,475.6,1790764619999,76846.0840,451,289.4,46763.0180,0
1790764620000,161.630,161.700,161.460,161.540,505.2,1790764679999,81613.1140,528,308.5,49836.9760,0
1790764680000,161.540,161.560,161.500,161.500,211.0,1790764739999,34081.2240,279,129.3,20884.9710,0
1790764740000,161.500,161.510,161.170,161.260,616.3,1790764799999,99446.1190,773,414.8,66928.0960,0
1790764800000,161.260,161.260,161.160,161.200,350.0,1790764859999,56414.1490,258,122.6,19762.7470,0
1790764860000,161.200,161.210,160.930,160.990,1804.4,1790764919999,290578.0980,673,133.5,21508.7690,0
1790764920000,161.010,161.080,160.930,160.970,583.6,1790764979999,93953.5070,442,181.3,29190.0880,0
1790764980000,160.960,161.140,160.900,161.140,204.4,1790765039999,32901.8040,312,101.7,16372.8720,0
1790765040000,161.140,161.140,160.960,160.960,344.2,1790765099999,55441.8280,202,33.9,5460.2960,0
1790765100000,160.950,161.000,160.840,160.840,242.5,1790765159999,39030.3320,284,131.5,21165.1480,0
1790765160000,160.840,160.860,160.610,160.610,664.3,1790765219999,106785.5300,528,74.6,11989.9470,0
1790765220000,160.600,160.710,160.580,160.680,650.0,1790765279999,104420.5270,602,265.4,42637.9470,0
1790765280000,160.670,160.720,160.570,160.660,460.8,1790765339999,74010.7360,414,201.9,32428.3640,0
1790765340000,160.670,160.800,160.450,160.450,1448.9,1790765399999,232638.0950,666,237.0,38079.2290,0
1790765400000,160.460,160.660,160.460,160.510,767.7,1790765459999,123262.0960,713,157.5,25286.4410,0
1790765460000,160.510,160.560,160.430,160.470,269.9,1790765519999,43317.1980,308,86.8,13930.1950,0
1790765520000,160.470,160.560,160.420,160.480,506.7,1790765579999,81316.5200,473,126.9,20367.9360,0
1790765580000,160.480,160.520,160.410,160.490,284.7,1790765639999,45685.7680,312,64.0,10270.8410,0
1790765640000,160.490,160.680,160.490,160.640,563.8,1790765699999,90537.1090,550,370.2,59448.8460,0
1790765700000,160.640,160.670,160.580,160.600,463.4,1790765759999,74428.1100,308,220.1,35355.0140,0
1790765760000,160.600,160.600,160.310,160.390,1616.2,1790765819999,259310.1020,788,567.5,91036.6610,0
1790765820000,160.380,160.520,160.360,160.390,431.0,1790765879999,69145.7750,344,199.8,32058.7700,0
1790765880000,160.390,160.400,159.940,160.070,2869.0,1790765939999,459439.0090,1544,414.5,66365.6610,0
1790765940000,160.070,160.150,159.920,160.070,1173.0,1790765999999,187733.9150,621,384.5,61561.5230,0
1790766000000,160.070,160.070,159.460,159.530,2886.4,1790766059999,460971.5960,1607,902.4,144200.3920,0
1790766060000,159.550,159.700,159.480,159.600,1237.0,1790766119999,197391.2730,901,800.3,127709.6560,0
1790766120000,159.600,159.890,159.550,159.860,705.3,1790766179999,112648.2340,665,433.0,69149.7930,0
1790766180000,159.840,160.160,159.840,160.150,604.6,1790766239999,96733.0940,580,394.1,63058.1300,0
1790766240000,160.140,160.240,160.030,160.130,1027.7,1790766299999,164566.2460,616,295.8,47367.7680,0
1790766300000,160.130,160.140,160.040,160.040,299.2,1790766359999,47902.4930,257,176.1,28194.5720,0
1790766360000,160.030,160.060,159.880,159.970,432.4,1790766419999,69176.3510,403,179.3,28683.9860,0
1790766420000,159.960,159.970,159.760,159.910,470.3,1790766479999,75184.9420,392,264.8,42332.4140,0
1790766480000,159.910,160.270,159.910,160.200,910.9,1790766539999,145865.8790,671,714.0,114331.8610,0
1790766540000,160.200,160.280,159.890,159.890,498.5,1790766599999,79825.0890,479,250.8,40165.6600,0
1790766600000,159.900,159.900,159.730,159.780,1096.2,1790766659999,175177.0070,670,484.9,77497.7440,0
1790766660000,159.770,159.910,159.660,159.880,626.8,1790766719999,100128.9940,559,168.7,26957.7980,0
1790766720000,159.860,160.270,159.830,160.270,352.6,1790766779999,56412.4150,387,300.6,48098.2140,0
1790766780000,160.270,160.310,160.180,160.180,403.0,1790766839999,64582.2020,367,128.9,20655.8430,0
1790766840000,160.180,160.270,160.070,160.270,325.9,1790766899999,52199.4840,312,232.8,37287.3080,0
1790766900000,160.270,160.500,160.270,160.330,311.3,1790766959999,49935.6580,412,218.6,35067.8090,0
1790766960000,160.330,160.340,160.240,160.260,366.8,1790767019999,58793.4210,338,139.4,22345.0540,0
1790767020000,160.260,160.260,159.990,160.030,1896.7,1790767079999,303683.4890,417,130.5,20891.6060,0
1790767080000,160.030,160.220,160.020,160.190,284.2,1790767139999,45504.8250,365,173.8,27829.5970,0
1790767140000,160.190,160.310,159.970,159.970,283.3,1790767199999,45386.1330,432,126.4,20251.2720,0
1790767200000,159.960,159.990,159.870,159.870,391.1,1790767259999,62550.4430,387,132.6,21207.3360,0
1790767260000,159.860,160.080,159.860,160.000,189.2,1790767319999,30272.0680,258,87.1,13931.9710,0
1790767320000,159.990,160.350,159.970,160.320,150.8,1790767379999,24154.4080,316,106.8,17105.4080,0
1790767380000,160.310,160.820,160.310,160.820,439.7,1790767439999,70620.8720,538,404.3,64939.0790,0
1790767440000,160.810,160.830,160.590,160.620,1167.7,1790767499999,187711.7010,797,596.5,95906.9600,0
1790767500000,160.610,160.670,160.500,160.630,222.6,1790767559999,35743.1070,365,136.9,21984.8030,0
1790767560000,160.630,160.670,160.540,160.600,316.4,1790767619999,50812.9830,260,250.3,40194.3760,0
1790767620000,160.590,160.630,160.420,160.450,198.6,1790767679999,31880.8920,356,65.5,10514.8100,0
1790767680000,160.450,160.550,160.400,160.460,221.9,1790767739999,35610.4220,210,152.5,24473.5530,0
1790767740000,160.450,160.550,160.430,160.470,248.3,1790767799999,39853.0960,212,85.2,13674.5590,0
1790767800000,160.480,160.520,160.390,160.410,232.7,1790767859999,37337.4510,230,120.8,19385.1120,0
1790767860000,160.420,160.460,160.150,160.150,469.3,1790767919999,75244.2820,491,132.9,21308.2330,0
1790767920000,160.160,160.190,160.100,160.140,247.6,1790767979999,39654.3200,428,84.8,13580.6370,0
1790767980000,160.140,160.150,160.010,160.020,583.9,1790768039999,93474.7670,321,246.6,39481.2570,0
1790768040000,160.010,160.120,159.900,160.060,2706.7,1790768099999,433196.5180,606,2140.2,342549.7300,0
1790768100000,160.060,160.280,160.060,160.280,1992.9,1790768159999,319105.3910,333,1886.8,302117.8440,0
1790768160000,160.280,160.380,160.070,160.380,227.2,1790768219999,36405.0120,371,111.9,17930.6000,0
1790768220000,160.370,160.500,160.370,160.470,368.5,1790768279999,59126.9020,479,92.0,14761.5210,0
1790768280000,160.460,160.740,160.450,160.670,640.9,1790768339999,102919.0170,441,327.2,52541.5550,0
1790768340000,160.680,160.800,160.550,160.800,533.4,1790768399999,85697.9700,660,296.7,47676.0110,0
1790768400000,160.790,160.870,160.750,160.810,348.9,1790768459999,56102.7840,416,209.3,33654.7580,0
1790768460000,160.800,160.960,160.720,160.720,1041.8,1790768519999,167600.5850,862,513.4,82593.4570,0
1790768520000,160.710,160.750,160.640,160.640,508.2,1790768579999,81671.0980,377,356.9,57356.6200,0
1790768580000,160.650,160.950,160.650,160.930,321.3,1790768639999,51669.6930,394,176.5,28376.7550,0
1790768640000,160.920,161.050,160.840,160.930,949.9,1790768699999,152924.3710,567,497.5,80091.4360,0
1790768700000,160.920,160.960,160.810,160.920,289.7,1790768759999,46611.7700,361,188.8,30376.8470,0
1790768760000,160.890,161.090,160.830,160.970,613.2,1790768819999,98687.2070,773,338.8,54528.3830,0
1790768820000,160.960,161.000,160.600,160.860,1337.9,1790768879999,215101.1650,1317,537.7,86456.0910,0
1790768880000,160.860,160.960,160.780,160.890,679.1,1790768939999,109246.9000,527,183.4,29507.6990,0
1790768940000,160.900,161.220,160.900,161.220,1429.3,1790768999999,230184.0060,1015,1162.7,187259.5060,0
1790769000000,161.210,161.450,161.190,161.450,1315.3,1790769059999,212144.0990,1091,782.7,126249.0360,0
1790769060000,161.450,161.760,161.410,161.700,2046.7,1790769119999,330705.0640,1233,1195.9,193233.9820,0
1790769120000,161.710,161.790,161.580,161.640,1598.5,1790769179999,258470.2060,954,673.7,108930.5950,0
1790769180000,161.640,162.080,161.640,162.010,2533.5,1790769239999,410199.7450,1284,1964.8,318154.7150,0
1790769240000,162.000,162.090,161.860,161.910,1164.3,1790769299999,188565.5380,793,479.9,77721.5440,0
1790769300000,161.910,162.000,161.830,161.920,968.7,1790769359999,156848.2880,712,539.6,87377.5980,0
1790769360000,161.920,161.980,161.630,161.770,2082.3,1790769419999,336994.8820,1045,1028.7,166519.9580,0
1790769420000,161.760,161.810,161.610,161.650,328.2,1790769479999,53083.9260,344,89.5,14478.0570,0
1790769480000,161.640,161.690,161.630,161.690,840.8,1790769539999,135921.6540,420,411.5,66520.2080,0
1790769540000,161.690,161.960,161.690,161.870,672.7,1790769599999,108884.5470,637,533.4,86337.8400,0
1790769600000,161.870,162.330,161.750,162.330,2033.2,1790769659999,329643.2990,1424,1426.2,231287.6120,0
1790769660000,162.330,162.520,162.290,162.390,2374.1,1790769719999,385554.7190,1231,796.9,129434.4710,0
1790769720000,162.390,162.590,162.310,162.310,1925.4,1790769779999,312789.0560,894,1041.0,169132.3510,0
1790769780000,162.300,162.360,162.030,162.130,979.4,1790769839999,158834.6560,852,617.3,100102.4450,0
1790769840000,162.140,162.190,161.910,161.940,1001.2,1790769899999,162248.7330,713,529.1,85735.4190,0
1790769900000,161.940,161.990,161.630,161.670,551.2,1790769959999,89164.7620,642,283.1,45789.1430,0
1790769960000,161.670,161.820,161.630,161.650,422.0,1790770019999,68237.9490,440,276.9,44776.2300,0
1790770020000,161.660,161.670,161.390,161.500,1768.8,1790770079999,285711.1670,1253,487.5,78741.1620,0
1790770080000,161.500,161.570,161.450,161.450,630.5,1790770139999,101826.1250,649,379.0,61207.1440,0
1790770140000,161.460,161.620,161.430,161.550,745.3,1790770199999,120354.2370,638,453.7,73270.3640,0
1790770200000,161.550,161.600,161.510,161.540,497.4,1790770259999,80355.7880,542,130.7,21117.2050,0
1790770260000,161.550,161.630,161.350,161.350,647.4,1790770319999,104583.0190,643,213.8,34537.7100,0
1790770320000,161.360,161.530,161.310,161.350,1588.2,1790770379999,256342.5500,868,552.4,89169.6540,0
1790770380000,161.350,161.530,161.350,161.460,1437.9,1790770439999,232211.1370,453,1160.0,187334.4720,0
1790770440000,161.470,161.580,161.440,161.580,294.8,1790770499999,47610.0570,397,156.3,25242.6700,0
1790770500000,161.580,161.770,160.820,160.820,2016.8,1790770559999,325021.7730,1780,453.4,73133.5960,0
1790770560000,160.820,160.860,160.550,160.780,1810.9,1790770619999,291013.6800,1287,708.5,113837.2490,0
1790770620000,160.780,160.930,160.570,160.880,348.7,1790770679999,56065.0070,550,139.0,22347.8720,0
1790770680000,160.890,160.970,160.750,160.860,527.9,1790770739999,84930.0320,629,368.0,59213.7040,0
1790770740000,160.850,161.020,160.810,160.910,229.6,1790770799999,36948.2820,337,124.1,19970.2190,0
1790770800000,160.920,160.960,160.560,160.640,610.0,1790770859999,98069.4660,762,253.7,40771.7450,0
1790770860000,160.640,160.910,160.640,160.850,487.3,1790770919999,78328.2780,466,347.6,55868.1270,0
1790770920000,160.850,161.250,160.810,161.230,290.4,1790770979999,46781.8970,495,211.9,34137.9140,0
1790770980000,161.230,161.260,160.920,160.920,267.5,1790771039999,43092.0540,376,111.4,17953.1930,0
1790771040000,160.910,161.250,160.900,161.230,397.6,1790771099999,64035.7110,418,181.1,29169.6690,0
1790771100000,161.240,161.500,161.180,161.280,1501.0,1790771159999,242161.0000,1089,640.9,103408.1460,0
1790771160000,161.290,161.550,161.260,161.340,953.8,1790771219999,153942.2050,838,518.9,83757.0450,0
1790771220000,161.340,161.960,161.040,161.890,3384.7,1790771279999,546558.5000,2636,2118.5,342105.5540,0
1790771280000,161.910,162.170,161.740,162.100,1877.6,1790771339999,304093.7810,1592,999.6,161904.6000,0
1790771340000,162.090,162.660,161.940,162.460,3335.8,1790771399999,541186.5170,2477,1846.3,299559.4630,0
1790771400000,162.450,163.870,162.180,163.590,8953.8,1790771459999,1460823.2550,6756,5392.5,879498.5750,0
1790771460000,163.620,166.000,163.620,165.580,20308.3,1790771519999,3350584.6960,9836,13153.6,2170749.7780,0
1790771520000,165.570,165.640,164.880,165.610,8668.5,1790771579999,1432822.6320,5311,4391.0,725894.5890,0
1790771580000,165.580,166.110,164.340,164.480,11309.9,1790771639999,1869054.4080,6114,5240.6,866523.8280,0
1790771640000,164.480,165.490,164.200,165.160,8300.4,1790771699999,1368924.6780,4846,4463.9,736427.1450,0
1790771700000,165.160,166.160,165.090,165.400,5741.6,1790771759999,951590.6330,3947,3943.6,653552.5550,0
1790771760000,165.400,165.460,164.640,164.710,3071.2,1790771819999,506790.1900,2005,1052.9,173721.0930,0
1790771820000,164.720,164.750,164.060,164.160,3379.0,1790771879999,555530.2830,2265,1304.3,214482.7830,0
1790771880000,164.150,164.320,163.630,163.890,6409.2,1790771939999,1050573.4270,3256,2172.3,356130.9040,0
1790771940000,163.880,164.500,163.640,163.660,7820.6,1790771999999,1283184.7010,3766,4521.7,742017.4770,0
1790772000000,163.680,164.090,163.620,163.890,4817.0,1790772059999,789131.9710,2331,3164.0,518256.9690,0
1790772060000,163.880,164.020,163.630,163.630,1979.7,1790772119999,324304.4280,1248,1219.2,199726.6920,0
1790772120000,163.620,164.520,163.620,163.690,4248.5,1790772179999,696719.1760,2166,3331.0,546337.9350,0
1790772180000,163.690,164.500,163.570,164.460,2526.9,1790772239999,414605.0330,1767,1992.9,327051.2550,0
1790772240000,164.430,164.920,164.230,164.750,5029.5,1790772299999,827632.5350,2716,3162.3,520469.0750,0
1790772300000,164.740,165.720,164.660,165.350,5081.9,1790772359999,840264.4130,3176,3045.0,503433.9560,0
1790772360000,165.340,165.430,164.480,164.480,2912.0,1790772419999,480387.7250,2229,1332.3,219811.9500,0
1790772420000,164.490,165.030,163.840,164.990,4288.1,1790772479999,704588.7280,2904,2552.8,419408.2220,0
1790772480000,164.980,165.260,164.950,165.150,2858.1,1790772539999,471879.8730,1485,1152.1,190207.2190,0
1790772540000,165.140,165.320,164.830,164.870,2251.4,1790772599999,371756.7040,1326,1170.2,193228.6780,0
1790772600000,164.860,165.190,164.760,164.960,1674.2,1790772659999,276150.2820,1221,1110.5,183171.9860,0
1790772660000,164.960,164.990,164.430,164.660,1633.4,1790772719999,268973.3950,1081,985.4,162260.4080,0
1790772720000,164.660,165.120,164.650,164.930,2083.5,1790772779999,343538.7520,1222,1265.5,208661.7440,0
1790772780000,164.930,165.040,164.690,164.970,1694.4,1790772839999,279337.6540,1386,829.1,136660.1670,0
1790772840000,164.960,165.150,164.890,165.030,1458.0,1790772899999,240558.9400,938,951.5,156992.9910,0
1790772900000,165.060,165.120,164.810,165.060,878.1,1790772959999,144844.1890,1004,469.5,77443.8940,0
1790772960000,165.060,165.120,164.700,164.830,1075.4,1790773019999,177335.4200,884,480.4,79222.4500,0
1790773020000,164.820,164.980,164.580,164.620,1650.7,1790773079999,271959.0130,1159,775.2,127734.1890,0
1790773080000,164.620,164.640,164.220,164.220,1339.8,1790773139999,220281.5100,811,774.4,127309.8830,0
1790773140000,164.220,164.320,163.870,163.990,2215.6,1790773199999,363602.1640,1045,771.7,126687.5400,0
1790773200000,164.000,164.150,163.740,163.790,2343.5,1790773259999,384191.3080,1309,1227.3,201161.4400,0
1790773260000,163.800,164.030,163.750,163.790,1467.7,1790773319999,240559.2060,971,483.0,79162.1090,0
1790773320000,163.800,164.160,163.770,164.100,627.7,1790773379999,102877.9000,868,354.6,58118.9400,0
1790773380000,164.090,164.390,163.920,164.360,456.2,1790773439999,74917.3540,700,342.6,56263.0400,0
1790773440000,164.360,164.470,164.220,164.470,600.9,1790773499999,98768.7480,659,365.1,60012.4370,0
1790773500000,164.470,164.600,164.320,164.380,783.4,1790773559999,128866.8480,887,407.1,66968.7790,0
1790773560000,164.370,164.640,164.300,164.340,1597.6,1790773619999,262748.9240,1047,951.6,156526.4170,0
1790773620000,164.350,164.360,163.990,164.040,1117.1,1790773679999,183351.8450,833,325.2,53378.4100,0
1790773680000,164.030,164.290,164.010,164.160,1262.8,1790773739999,207258.8220,913,383.2,62891.8340,0
1790773740000,164.150,164.500,163.920,163.920,1445.5,1790773799999,237471.9480,1549,479.4,78786.8410,0
1790773800000,163.910,163.910,163.230,163.400,3657.8,1790773859999,597860.5010,2214,1084.6,177316.7940,0
1790773860000,163.390,163.780,163.280,163.780,1611.0,1790773919999,263272.7230,1196,1207.2,197285.4130,0
1790773920000,163.780,164.950,163.730,164.930,5997.2,1790773979999,984894.7010,3793,3364.4,552883.7680,0
1790773980000,164.930,165.170,164.730,164.980,3714.9,1790774039999,612842.1520,1850,2039.2,336396.4430,0
1790774040000,164.970,164.970,164.470,164.560,2320.5,1790774099999,382104.4570,1448,1104.7,181848.4630,0
1790774100000,164.560,164.630,164.400,164.600,1689.5,1790774159999,277973.4980,1123,704.5,115912.8410,0
1790774160000,164.600,164.970,164.270,164.790,1385.8,1790774219999,227993.7850,1477,828.3,136269.3380,0
1790774220000,164.790,164.860,164.070,164.210,822.8,1790774279999,135294.4290,1043,441.6,72602.4490,0
1790774280000,164.220,164.390,164.090,164.260,1335.9,1790774339999,219396.9360,672,640.5,105174.5760,0
1790774340000,164.260,164.270,163.970,163.970,1797.5,1790774399999,295150.6230,718,533.0,87482.7750,0
1790774400000,163.960,164.680,163.900,164.540,842.8,1790774459999,138484.1340,943,580.4,95362.7720,0
1790774460000,164.540,164.690,164.320,164.480,1108.4,1790774519999,182315.4190,939,352.2,57918.2770,0
1790774520000,164.470,164.760,164.370,164.550,493.4,1790774579999,81195.7490,729,292.2,48089.9510,0
1790774580000,164.550,164.730,164.510,164.620,477.2,1790774639999,78556.6880,689,285.3,46964.6300,0
1790774640000,164.610,164.730,164.500,164.610,508.1,1790774699999,83633.3370,643,359.8,59221.1170,0
1790774700000,164.620,164.670,164.400,164.400,1378.2,1790774759999,226753.8640,946,455.3,74892.5140,0
1790774760000,164.410,164.620,164.310,164.540,1521.7,1790774819999,250214.1180,1068,316.8,52101.2510,0
1790774820000,164.540,164.640,164.240,164.250,489.1,1790774879999,80420.7470,594,260.0,42746.9570,0
1790774880000,164.250,164.260,163.650,163.710,1257.1,1790774939999,205995.0250,904,625.0,102368.6020,0
1790774940000,163.720,164.190,163.720,164.090,609.4,1790774999999,99928.5020,759,331.5,54353.8770,0
1790775000000,164.080,164.560,163.920,164.550,521.9,1790775059999,85663.4400,927,212.7,34923.3550,0
1790775060000,164.560,165.000,164.520,164.960,956.8,1790775119999,157675.4740,1207,381.3,62815.2460,0
1790775120000,164.960,165.000,164.150,164.260,869.2,1790775179999,143053.9560,1163,460.2,75739.1850,0
1790775180000,164.260,164.270,163.720,163.960,4125.6,1790775239999,676460.0370,2009,804.1,131822.1850,0
1790775240000,163.970,164.130,163.750,163.800,930.4,1790775299999,152495.6650,1088,687.6,112686.7490,0
1790775300000,163.790,163.790,162.100,162.270,6375.5,1790775359999,1037074.4040,3855,1602.4,260505.0540,0
1790775360000,162.260,162.500,161.280,162.400,6370.2,1790775419999,1031158.9950,4781,2029.6,328748.3640,0
1790775420000,162.390,162.570,161.760,161.850,3110.4,1790775479999,504742.2710,2389,1441.9,234033.8570,0
1790775480000,161.850,161.850,161.200,161.630,4047.3,1790775539999,653764.3140,3628,1538.4,248516.9220,0
1790775540000,161.620,161.780,161.200,161.490,2330.0,1790775599999,376381.6140,2033,1279.8,206807.8920,0
1790775600000,161.500,161.910,160.640,160.850,5292.0,1790775659999,851864.5610,2867,1249.2,201345.3340,0
1790775660000,160.870,161.620,160.750,161.540,2210.5,1790775719999,356563.4340,2083,1119.0,180526.6790,0
1790775720000,161.540,162.340,161.470,162.220,2747.8,1790775779999,445074.5320,1808,1721.3,278677.1770,0
1790775780000,162.230,162.420,161.930,161.930,1678.2,1790775839999,272235.0810,1617,703.1,114069.9380,0
1790775840000,161.930,162.410,161.880,162.400,1145.7,1790775899999,185750.7610,1110,520.0,84301.2520,0
1790775900000,162.410,162.500,161.760,161.820,1473.4,1790775959999,239004.1460,1310,438.0,71038.0910,0
1790775960000,161.810,162.450,161.780,162.440,1026.7,1790776019999,166434.1340,1115,491.8,79721.5110,0
1790776020000,162.440,162.560,162.150,162.450,1192.8,1790776079999,193694.1370,1130,746.1,121161.2710,0
1790776080000,162.450,162.590,161.910,161.910,1710.4,1790776139999,277595.0510,1464,746.0,121104.4800,0
1790776140000,161.920,162.470,161.850,162.320,1671.5,1790776199999,271083.7510,1409,1085.3,176003.0420,0
1790776200000,162.300,162.390,162.010,162.190,816.0,1790776259999,132352.4010,1023,369.5,59928.5060,0
1790776260000,162.200,162.650,162.160,162.290,657.3,1790776319999,106770.3870,896,304.5,49470.3460,0
1790776320000,162.290,162.510,162.160,162.230,1150.5,1790776379999,186732.3250,1053,540.2,87659.3000,0
1790776380000,162.230,162.570,162.040,162.550,800.6,1790776439999,129912.6100,1042,368.4,59785.8110,0
1790776440000,162.540,162.550,162.160,162.230,679.7,1790776499999,110372.8190,897,205.3,33324.3690,0
1790776500000,162.230,162.480,162.090,162.090,972.1,1790776559999,157734.9180,906,417.9,67813.6570,0
1790776560000,162.090,162.300,161.980,162.140,443.1,1790776619999,71835.0550,702,191.3,31013.3770,0
1790776620000,162.140,162.300,162.000,162.020,759.2,1790776679999,123111.5350,819,232.2,37650.6670,0
1790776680000,162.030,162.110,161.900,162.000,578.7,1790776739999,93733.0490,498,288.3,46698.4250,0
1790776740000,161.990,162.320,161.990,162.320,865.3,1790776799999,140294.5760,842,640.4,103836.5880,0
1790776800000,162.310,162.390,161.640,161.800,1188.2,1790776859999,192423.7580,1095,265.2,42979.8770,0
1790776860000,161.800,162.210,161.520,161.520,1277.8,1790776919999,207000.7540,1453,772.0,125104.0880,0
1790776920000,161.520,161.940,161.270,161.700,3258.0,1790776979999,526000.5630,2070,842.2,136067.3770,0
1790776980000,161.720,162.140,161.700,162.130,588.6,1790777039999,95297.0780,822,372.9,60370.0520,0
1790777040000,162.140,162.610,162.090,162.340,817.8,1790777099999,132771.1900,1090,277.4,45042.6760,0
1790777100000,162.330,162.740,162.310,162.730,1378.0,1790777159999,223866.5250,1188,941.4,152944.0160,0
1790777160000,162.740,162.930,162.520,162.530,959.8,1790777219999,156238.4010,1009,695.3,113187.4160,0
1790777220000,162.530,162.560,161.930,162.090,813.0,1790777279999,131833.2780,914,408.9,66284.4450,0
1790777280000,162.090,162.130,161.740,162.040,959.8,1790777339999,155409.6540,918,370.1,59934.6560,0
1790777340000,162.050,162.100,161.640,161.840,1900.3,1790777399999,307495.0490,1065,362.1,58620.4690,0
1790777400000,161.840,161.900,161.560,161.650,446.7,1790777459999,72238.8480,798,179.5,29024.3410,0
1790777460000,161.640,161.640,160.800,161.280,2325.9,1790777519999,374888.5740,2287,668.4,107703.3290,0
1790777520000,161.290,161.650,159.880,160.890,19093.3,1790777579999,3069559.2770,5849,4863.9,781571.7440,0
1790777580000,160.900,161.250,160.710,160.750,2536.0,1790777639999,408302.4590,2161,1133.5,182524.8080,0
1790777640000,160.740,161.290,160.690,161.220,1357.0,1790777699999,218539.9320,1423,633.2,101995.6630,0
1790777700000,161.220,161.280,160.620,160.990,1221.3,1790777759999,196591.9280,1630,433.4,69744.5990,0
1790777760000,160.990,161.040,160.560,160.820,977.0,1790777819999,157068.9460,1234,395.9,63645.3250,0
1790777820000,160.820,160.930,160.430,160.450,1992.7,1790777879999,320068.8210,1622,745.4,119784.7200,0
1790777880000,160.440,160.570,160.020,160.220,5544.2,1790777939999,888466.8500,2894,2386.8,382501.4570,0
1790777940000,160.210,160.480,159.920,160.450,1738.2,1790777999999,278541.6900,1846,696.8,111692.4520,0
1790778000000,160.450,160.460,160.180,160.410,945.9,1790778059999,151679.2670,1151,302.2,48462.4880,0
1790778060000,160.410,160.590,160.090,160.100,2031.7,1790778119999,325905.1910,1576,1052.7,168918.5630,0
1790778120000,160.100,160.200,159.540,159.610,3759.4,1790778179999,600835.5490,2876,1367.4,218506.7060,0
1790778180000,159.610,159.770,158.930,159.700,3632.4,1790778239999,578493.0600,3215,1036.4,165094.3830,0
1790778240000,159.720,159.790,159.420,159.690,3293.4,1790778299999,525688.0720,2010,1793.0,286238.9410,0
1790778300000,159.700,159.900,159.650,159.850,1581.6,1790778359999,252704.9570,1125,1173.8,187549.4760,0
1790778360000,159.830,159.940,159.630,159.720,1766.5,1790778419999,282297.4120,1237,1211.0,193538.4590,0
1790778420000,159.730,159.740,158.970,159.060,2181.6,1790778479999,347648.5570,1946,789.1,125750.0680,0
1790778480000,159.060,159.140,158.710,159.010,5233.4,1790778539999,831564.1690,2733,1272.2,202185.1990,0
1790778540000,159.010,159.330,158.780,159.270,1635.4,1790778599999,260196.6390,1309,722.3,114929.8580,0
1790778600000,159.290,159.950,159.130,159.730,2034.2,1790778659999,324702.3410,2004,1355.3,216316.5710,0
1790778660000,159.730,159.860,159.490,159.570,1419.1,1790778719999,226597.7010,1698,755.6,120651.2450,0
1790778720000,159.580,159.690,158.770,158.940,3958.2,1790778779999,630389.9990,2791,2169.8,345806.5660,0
1790778780000,158.940,159.720,158.630,159.720,2723.3,1790778839999,433566.9320,2816,1054.1,167875.5790,0
1790778840000,159.720,159.730,159.050,159.140,1186.9,1790778899999,189172.0230,1650,594.5,94764.4490,0
1790778900000,159.130,159.330,158.910,159.080,1433.6,1790778959999,228055.0140,1629,553.3,88026.4470,0
1790778960000,159.070,159.160,158.610,158.700,4108.0,1790779019999,652456.5960,2379,1497.6,237916.7460,0
1790779020000,158.700,159.350,158.510,159.080,3534.6,1790779079999,561673.2990,1926,682.4,108540.4440,0
1790779080000,159.060,159.460,158.890,159.430,1843.5,1790779139999,293368.9840,1804,657.2,104635.2200,0
1790779140000,159.420,159.470,159.110,159.120,1946.9,1790779199999,310156.9960,1509,1032.5,164498.0300,0
1790779200000,159.110,159.110,158.010,158.890,6008.3,1790779259999,951793.5500,3558,1561.6,247496.6730,0
1790779260000,158.880,159.030,158.470,159.030,1590.6,1790779319999,252492.6060,1556,603.3,95790.6310,0
1790779320000,159.030,159.200,158.950,159.100,1708.0,1790779379999,271720.1500,1163,1135.0,180563.3970,0
1790779380000,159.110,159.380,158.650,158.760,1012.0,1790779439999,160924.8920,1290,464.2,73842.7160,0
1790779440000,158.770,158.930,158.650,158.800,1457.7,1790779499999,231514.0770,1171,613.2,97402.5010,0
1790779500000,158.790,159.190,158.710,159.030,1072.8,1790779559999,170532.3340,1329,559.5,88937.1930,0
1790779560000,159.030,159.340,158.980,159.340,708.8,1790779619999,112804.6630,977,340.7,54218.1560,0
1790779620000,159.350,159.420,159.020,159.280,1973.9,1790779679999,314272.5460,1199,832.5,132573.4230,0
1790779680000,159.290,159.580,159.280,159.360,1049.0,1790779739999,167215.1480,960,477.3,76071.7990,0
1790779740000,159.370,159.410,159.100,159.410,939.2,1790779799999,149599.6010,866,507.7,80869.8150,0
1790779800000,159.400,159.540,159.220,159.430,1124.8,1790779859999,179297.0740,1003,695.5,110870.1000,0
1790779860000,159.440,159.820,159.430,159.720,1603.0,1790779919999,255980.8430,1025,899.9,143689.5120,0
1790779920000,159.720,160.030,159.380,159.430,1064.0,1790779979999,169959.8700,1172,546.6,87324.3240,0
1790779980000,159.420,159.640,159.390,159.440,492.7,1790780039999,78594.6390,572,314.9,50235.5160,0
1790780040000,159.440,159.630,159.340,159.550,756.5,1790780099999,120632.4400,900,531.8,84796.9050,0
1790780100000,159.530,159.780,159.370,159.770,1299.6,1790780159999,207297.1800,1018,574.8,91703.2590,0
1790780160000,159.780,159.820,159.440,159.450,2690.6,1790780219999,429364.2570,931,488.8,78041.3680,0
1790780220000,159.450,159.600,159.370,159.390,406.0,1790780279999,64751.5970,580,203.9,32525.8950,0
1790780280000,159.380,159.460,159.240,159.320,399.4,1790780339999,63650.6190,462,232.2,37004.9690,0
1790780340000,159.310,159.480,159.300,159.360,261.3,1790780399999,41650.6230,378,120.6,19222.8570,0
1790780400000,159.370,159.760,159.210,159.690,783.3,1790780459999,124888.6510,1075,414.7,66126.9010,0
1790780460000,159.690,159.740,159.040,159.720,713.3,1790780519999,113684.7650,1087,362.0,57742.9780,0
1790780520000,159.720,159.830,159.480,159.530,1225.4,1790780579999,195690.0710,1032,748.0,119464.9610,0
1790780580000,159.520,159.890,159.350,159.890,749.6,1790780639999,119685.9910,871,301.5,48133.6760,0
1790780640000,159.880,159.940,159.690,159.940,460.0,1790780699999,73511.3410,582,202.1,32299.6130,0
1790780700000,159.940,159.940,159.590,159.630,1582.2,1790780759999,252742.7090,988,783.4,125188.4730,0
1790780760000,159.640,159.680,159.370,159.650,625.8,1790780819999,99840.5420,973,358.2,57148.0360,0
1790780820000,159.650,159.650,159.330,159.420,455.6,1790780879999,72655.7920,617,162.8,25959.3510,0
1790780880000,159.420,159.610,159.280,159.570,728.3,1790780939999,116083.1490,621,167.5,26707.4660,0
1790780940000,159.580,159.850,159.580,159.750,775.3,1790780999999,123834.6580,844,486.0,77630.8510,0
1790781000000,159.740,159.900,159.630,159.710,339.5,1790781059999,54247.7840,444,127.9,20435.2110,0
1790781060000,159.700,159.930,159.620,159.630,311.4,1790781119999,49754.0950,560,140.0,22370.8440,0
1790781120000,159.630,159.680,159.170,159.390,710.7,1790781179999,113283.9800,908,320.0,51001.1240,0
1790781180000,159.390,159.550,159.240,159.240,268.9,1790781239999,42853.5440,550,107.4,17117.5860,0
1790781240000,159.230,159.500,159.130,159.330,632.5,1790781299999,100776.7570,988,272.9,43485.7050,0
1790781300000,159.320,159.420,159.180,159.300,581.4,1790781359999,92591.2490,656,137.5,21899.8700,0
1790781360000,159.290,159.350,158.850,158.880,2365.0,1790781419999,376225.5420,1776,642.4,102204.4670,0
1790781420000,158.900,159.050,158.210,158.400,4130.5,1790781479999,655022.7210,2587,1069.5,169652.1500,0
1790781480000,158.410,158.480,158.010,158.010,3427.1,1790781539999,542233.6190,1698,927.0,146730.2160,0
1790781540000,158.050,158.270,157.610,157.870,5757.2,1790781599999,909202.8260,3749,1764.8,278778.2860,0
1790781600000,157.840,158.340,157.710,158.250,1970.0,1790781659999,311230.0760,1861,1244.5,196640.3390,0
1790781660000,158.260,158.870,158.260,158.870,3200.1,1790781719999,507351.6460,1837,2290.0,363051.2120,0
1790781720000,158.870,159.430,158.870,159.180,2211.7,1790781779999,352004.1680,1706,1294.2,205978.4130,0
1790781780000,159.190,159.460,158.970,159.190,1163.1,1790781839999,185192.9730,1260,458.1,72948.4480,0
1790781840000,159.180,159.190,158.590,158.590,990.9,1790781899999,157511.6960,1155,305.3,48543.4260,0
1790781900000,158.590,158.750,158.340,158.340,724.0,1790781959999,114787.1050,732,241.7,38334.8570,0
1790781960000,158.350,158.530,158.200,158.350,1454.7,1790782019999,230338.4860,1151,923.7,146254.8480,0
1790782020000,158.340,158.550,158.090,158.530,1576.3,1790782079999,249581.4210,1370,1035.8,164070.7430,0
1790782080000,158.500,158.770,158.360,158.740,820.8,1790782139999,130172.1860,943,534.5,84775.7920,0
1790782140000,158.750,159.190,158.610,159.130,2371.5,1790782199999,376913.9590,1867,1286.6,204586.6130,0
1790782200000,159.150,159.790,159.150,159.780,1860.6,1790782259999,296784.3720,1647,1256.8,200465.2510,0
1790782260000,159.780,160.280,159.710,160.280,1484.2,1790782319999,237448.5120,1328,1043.4,166942.9060,0
1790782320000,160.270,160.300,159.740,159.890,1597.1,1790782379999,255686.7240,1227,774.9,124040.3310,0
1790782380000,159.890,160.010,159.700,159.950,776.2,1790782439999,124093.8630,938,461.5,73790.5970,0
1790782440000,159.950,159.970,159.660,159.940,942.1,1790782499999,150579.1850,969,557.3,89071.8110,0
1790782500000,159.940,159.940,159.690,159.690,619.6,1790782559999,99024.5910,783,271.3,43356.3560,0
1790782560000,159.690,159.940,159.660,159.830,648.5,1790782619999,103616.0560,708,443.9,70924.7720,0
1790782620000,159.840,160.270,159.730,160.260,761.7,1790782679999,121839.6560,1005,381.7,61066.1910,0
1790782680000,160.260,160.510,159.950,159.960,1908.0,1790782739999,305895.6150,1280,1594.5,255685.6530,0
1790782740000,159.960,160.030,159.800,159.850,588.0,1790782799999,94018.4820,714,206.3,32990.0110,0
1790782800000,159.850,160.010,159.790,159.830,330.9,1790782859999,52910.5490,499,176.6,28237.3580,0
1790782860000,159.830,159.930,159.610,159.700,1632.6,1790782919999,260711.7060,699,1181.5,188670.3720,0
1790782920000,159.730,159.770,159.500,159.660,687.9,1790782979999,109769.9720,661,172.0,27455.3080,0
1790782980000,159.650,159.670,159.390,159.410,449.8,1790783039999,71743.0790,641,203.2,32409.7940,0
1790783040000,159.420,159.490,159.240,159.340,673.5,1790783099999,107326.9920,626,214.2,34146.8090,0
1790783100000,159.340,159.430,159.220,159.420,621.6,1790783159999,99015.2500,696,174.9,27861.8320,0
1790783160000,159.430,159.890,159.400,159.870,327.6,1790783219999,52308.4810,563,242.7,38754.6060,0
1790783220000,159.860,159.990,159.810,159.990,288.1,1790783279999,46071.8270,408,148.3,23717.9900,0
1790783280000,159.950,160.290,159.890,160.290,423.9,1790783339999,67879.5890,650,211.6,33879.6980,0
1790783340000,160.290,160.290,160.070,160.210,568.8,1790783399999,91110.6820,549,394.6,63211.6940,0
1790783400000,160.210,160.280,160.140,160.240,232.4,1790783459999,37230.5730,331,165.9,26578.2920,0
1790783460000,160.240,160.320,159.950,159.980,602.2,1790783519999,96417.2890,690,261.8,41921.1580,0
1790783520000,159.990,160.060,159.830,159.910,396.1,1790783579999,63341.2930,561,235.4,37641.7040,0
1790783580000,159.910,160.040,159.880,159.900,351.9,1790783639999,56293.5410,374,121.8,19483.5040,0
1790783640000,159.910,160.010,159.820,159.850,245.3,1790783699999,39224.8360,336,123.9,19813.6400,0
1790783700000,159.850,159.870,159.680,159.690,365.0,1790783759999,58303.9990,318,119.0,19007.4760,0
1790783760000,159.700,159.920,159.700,159.860,243.6,1790783819999,38937.5980,317,171.5,27410.9970,0
1790783820000,159.850,159.990,159.810,159.910,200.5,1790783879999,32056.1100,320,105.9,16932.4710,0
1790783880000,159.900,159.960,159.830,159.880,235.2,1790783939999,37610.3060,248,89.7,14344.0490,0
1790783940000,159.870,160.020,159.810,159.940,369.0,1790783999999,59006.1300,364,234.0,37419.0140,0
1790784000000,159.950,159.960,159.730,159.760,351.1,1790784059999,56121.6750,478,152.9,24443.2730,0
1790784060000,159.770,159.940,159.760,159.940,483.3,1790784119999,77241.6630,474,196.6,31421.2550,0
1790784120000,159.930,160.430,159.930,160.250,857.3,1790784179999,137356.1630,786,637.0,102061.2860,0
1790784180000,160.250,160.320,160.000,160.310,672.0,1790784239999,107609.8330,677,418.4,66998.8090,0
1790784240000,160.310,160.460,160.280,160.440,649.2,1790784299999,104132.9540,652,299.5,48044.6220,0
1790784300000,160.440,160.560,160.270,160.450,884.5,1790784359999,141870.4670,742,419.2,67252.3570,0
1790784360000,160.460,160.540,160.410,160.510,409.9,1790784419999,65772.1350,458,331.7,53224.3340,0
1790784420000,160.510,160.620,160.400,160.510,668.1,1790784479999,107237.5250,524,241.4,38749.6350,0
1790784480000,160.500,160.620,160.420,160.470,425.7,1790784539999,68316.1450,424,182.7,29320.1230,0
1790784540000,160.480,160.580,160.450,160.530,416.3,1790784599999,66815.3460,416,319.9,51342.8930,0
1790784600000,160.530,160.610,160.490,160.580,405.2,1790784659999,65055.0380,430,285.3,45806.1330,0
1790784660000,160.580,160.710,160.530,160.620,672.7,1790784719999,108047.7630,541,330.3,53047.3350,0
1790784720000,160.620,160.690,160.410,160.460,348.2,1790784779999,55902.0400,432,210.1,33734.5800,0
1790784780000,160.450,160.700,160.420,160.640,339.8,1790784839999,54552.2140,364,260.5,41822.0280,0
1790784840000,160.630,160.670,160.540,160.660,625.5,1790784899999,100463.9700,413,462.0,74207.8410,0
1790784900000,160.640,160.710,160.340,160.460,665.2,1790784959999,106788.9690,633,506.2,81269.6730,0
1790784960000,160.460,160.600,160.420,160.580,433.0,1790785019999,69508.2870,472,345.3,55429.3840,0
1790785020000,160.580,160.600,160.340,160.400,271.2,1790785079999,43517.2580,331,148.4,23808.3180,0
1790785080000,160.400,160.530,160.300,160.530,325.4,1790785139999,52197.8980,481,171.8,27562.3710,0
1790785140000,160.540,160.720,160.490,160.570,665.5,1790785199999,106871.4300,609,376.2,60415.3240,0
1790785200000,160.580,160.670,160.520,160.590,485.7,1790785259999,77998.8430,407,268.8,43169.6290,0
1790785260000,160.590,160.680,160.540,160.560,522.1,1790785319999,83852.7610,319,401.8,64532.2240,0
1790785320000,160.560,160.620,160.490,160.490,172.5,1790785379999,27699.0750,223,104.5,16780.5840,0
1790785380000,160.480,160.560,160.440,160.470,355.5,1790785439999,57055.3570,331,175.5,28166.7800,0
1790785440000,160.470,160.580,160.420,160.580,273.3,1790785499999,43863.8440,344,184.5,29613.6290,0
1790785500000,160.560,160.600,160.400,160.400,372.8,1790785559999,59829.9560,273,98.5,15814.0610,0
1790785560000,160.390,160.470,160.140,160.370,610.2,1790785619999,97818.0740,742,356.3,57124.3070,0
1790785620000,160.360,160.420,160.180,160.200,670.0,1790785679999,107385.7580,585,138.0,22117.0980,0
1790785680000,160.200,160.370,160.190,160.230,311.0,1790785739999,49841.2090,364,217.0,34777.3720,0
1790785740000,160.230,160.240,160.030,160.090,470.2,1790785799999,75292.0730,492,171.7,27497.5620,0
1790785800000,160.090,160.120,159.790,159.810,432.8,1790785859999,69232.4290,550,178.1,28496.8720,0
1790785860000,159.810,160.020,159.730,159.860,799.9,1790785919999,127898.9130,587,201.3,32183.2500,0
1790785920000,159.860,159.950,159.750,159.830,447.9,1790785979999,71593.2570,401,186.4,29794.5290,0
1790785980000,159.840,160.210,159.840,160.010,873.9,1790786039999,139831.7150,667,409.4,65505.9160,0
1790786040000,160.010,160.250,159.990,160.010,568.4,1790786099999,91008.1130,529,337.1,53972.5690,0
1790786100000,160.000,160.000,159.760,159.810,525.4,1790786159999,84005.8090,329,82.1,13128.2650,0
1790786160000,159.810,159.810,159.630,159.650,543.3,1790786219999,86761.3780,343,80.6,12874.7880,0
1790786220000,159.660,160.120,159.660,159.960,254.9,1790786279999,40772.8520,397,185.3,29634.8650,0
1790786280000,159.950,160.250,159.920,160.180,744.7,1790786339999,119252.6670,595,644.2,103159.2910,0
1790786340000,160.170,160.410,160.120,160.350,993.0,1790786399999,159158.5660,814,828.0,132706.9160,0
1790786400000,160.350,160.510,160.350,160.490,328.4,1790786459999,52684.9980,375,232.8,37349.3500,0
1790786460000,160.480,160.770,160.440,160.620,1121.1,1790786519999,180107.4810,763,854.3,137245.4380,0
1790786520000,160.620,160.710,160.450,160.580,325.0,1790786579999,52196.0580,400,183.5,29471.8900,0
1790786580000,160.560,160.890,160.520,160.850,505.5,1790786639999,81240.6350,466,385.9,62020.2080,0
1790786640000,160.860,160.960,160.810,160.840,494.6,1790786699999,79577.1760,423,391.0,62911.0310,0
1790786700000,160.850,161.030,160.740,160.870,1181.9,1790786759999,190153.3550,786,673.5,108388.7950,0
1790786760000,160.880,161.240,160.850,161.220,1707.0,1790786819999,274938.9860,1280,1512.5,243612.6050,0
1790786820000,161.210,161.490,161.210,161.340,2722.9,1790786879999,439402.0290,1399,2114.8,341295.2920,0
1790786880000,161.330,161.330,160.930,161.090,905.0,1790786939999,145789.8630,547,297.9,47974.2220,0
1790786940000,161.090,161.220,161.000,161.200,321.6,1790786999999,51819.4260,351,164.4,26493.5740,0
1790787000000,161.210,161.480,161.200,161.470,749.7,1790787059999,120938.8980,647,409.1,66010.3820,0
1790787060000,161.460,161.470,161.320,161.390,557.2,1790787119999,89942.1480,387,168.7,27233.1850,0
1790787120000,161.390,161.530,161.320,161.340,415.3,1790787179999,67052.3900,429,249.3,40251.7430,0
1790787180000,161.340,161.370,161.230,161.290,265.6,1790787239999,42839.4570,250,81.9,13209.5270,0
1790787240000,161.280,161.610,161.260,161.540,1867.4,1790787299999,301647.0700,584,1109.4,179171.5640,0
1790787300000,161.540,161.750,161.420,161.470,463.0,1790787359999,74822.0580,562,257.6,41632.5780,0
1790787360000,161.470,161.560,161.310,161.400,297.0,1790787419999,47931.9960,368,118.2,19078.1930,0
1790787420000,161.400,161.450,161.300,161.370,634.6,1790787479999,102396.3420,383,74.7,12056.2000,0
1790787480000,161.370,161.490,161.330,161.340,252.8,1790787539999,40800.0050,279,156.1,25194.0040,0
1790787540000,161.330,161.360,161.280,161.340,305.9,1790787599999,49347.8800,227,190.8,30781.2110,0
1790787600000,161.350,161.510,161.310,161.350,444.8,1790787659999,71796.1770,458,232.6,37544.4020,0
1790787660000,161.370,161.460,161.320,161.430,483.7,1790787719999,78066.5960,527,329.9,53245.2080,0
1790787720000,161.400,161.530,161.380,161.440,375.0,1790787779999,60543.4570,467,166.0,26799.7910,0
1790787780000,161.430,161.510,161.300,161.510,774.0,1790787839999,124905.6210,359,179.3,28938.8110,0
1790787840000,161.520,161.600,161.230,161.230,727.3,1790787899999,117389.1710,621,210.1,33918.1920,0
1790787900000,161.220,161.670,161.150,161.430,810.5,1790787959999,130833.2790,786,590.7,95361.7530,0
1790787960000,161.440,161.680,161.370,161.530,510.5,1790788019999,82466.3440,568,257.7,41636.3990,0
1790788020000,161.540,161.750,161.490,161.700,590.9,1790788079999,95505.3620,692,310.7,50226.0040,0
1790788080000,161.710,161.980,161.700,161.770,639.4,1790788139999,103467.2680,671,505.8,81848.6280,0
1790788140000,161.780,161.830,161.440,161.630,726.5,1790788199999,117414.7920,834,307.6,49714.0790,0
1790788200000,161.630,161.760,161.620,161.700,350.7,1790788259999,56709.5830,419,240.3,38856.6450,0
1790788260000,161.700,161.730,161.400,161.450,449.2,1790788319999,72570.6840,496,235.0,37966.5950,0
1790788320000,161.430,161.650,161.410,161.530,479.6,1790788379999,77471.4490,663,344.4,55632.0030,0
1790788380000,161.520,161.700,161.430,161.610,367.6,1790788439999,59401.8740,513,259.3,41903.6010,0
1790788440000,161.610,161.760,161.470,161.470,524.3,1790788499999,84738.5970,585,231.0,37346.0560,0
1790788500000,161.460,161.460,161.000,161.110,1155.1,1790788559999,186140.5810,887,270.1,43524.3640,0
1790788560000,161.110,161.350,161.060,161.280,773.8,1790788619999,124765.0910,697,446.3,71963.4540,0
1790788620000,161.280,161.320,161.100,161.220,752.7,1790788679999,121327.9230,670,336.9,54302.6620,0
1790788680000,161.220,161.400,161.020,161.180,2429.1,1790788739999,391465.9910,1754,600.5,96803.2160,0
1790788740000,161.170,161.270,160.810,160.810,1064.7,1790788799999,171407.8160,733,307.1,49481.0480,0
1790788800000,160.820,160.840,160.350,160.590,3158.4,1790788859999,506961.5210,1584,409.8,65794.6700,0
1790788860000,160.600,160.910,160.600,160.790,291.4,1790788919999,46837.5520,547,152.8,24560.8980,0
1790788920000,160.800,160.900,160.550,160.610,581.9,1790788979999,93549.1610,578,274.7,44165.5880,0
1790788980000,160.610,160.740,160.520,160.660,463.2,1790789039999,74387.4840,439,171.7,27577.1550,0
1790789040000,160.660,160.810,160.640,160.750,303.1,1790789099999,48717.0970,280,179.5,28853.9070,0
1790789100000,160.750,160.880,160.680,160.730,685.9,1790789159999,110273.5840,624,236.2,37971.2290,0
1790789160000,160.740,160.740,160.380,160.500,800.6,1790789219999,128515.4420,555,85.4,13711.1160,0
1790789220000,160.510,161.180,160.510,161.180,530.8,1790789279999,85468.6770,513,459.8,74031.0680,0
1790789280000,161.170,161.290,160.920,160.920,1012.6,1790789339999,163149.0800,640,558.1,89916.1060,0
1790789340000,160.920,161.180,160.900,161.080,800.1,1790789399999,128884.8580,534,431.2,69450.6200,0
1790789400000,161.080,161.080,160.870,160.930,820.0,1790789459999,132002.4830,784,181.0,29140.2450,0
1790789460000,160.940,161.070,160.790,160.910,608.9,1790789519999,97989.3420,448,263.0,42320.5940,0
1790789520000,160.900,161.070,160.810,160.860,1006.4,1790789579999,161989.4730,528,482.4,77648.4600,0
1790789580000,160.850,160.850,160.570,160.720,624.0,1790789639999,100242.7940,492,284.4,45687.4570,0
1790789640000,160.730,160.730,160.460,160.480,843.1,1790789699999,135398.5790,734,399.7,64192.4050,0
1790789700000,160.500,160.570,160.350,160.410,480.2,1790789759999,77046.8500,595,283.5,45489.7130,0
1790789760000,160.410,160.510,160.150,160.170,456.7,1790789819999,73221.0120,649,175.2,28093.9760,0
1790789820000,160.170,160.170,159.710,159.830,1737.0,1790789879999,277753.0690,1552,317.3,50729.4840,0
1790789880000,159.830,160.160,159.810,160.160,325.3,1790789939999,52045.4070,442,181.2,28988.1840,0
1790789940000,160.160,160.360,160.040,160.100,219.9,1790789999999,35235.8330,409,85.0,13623.4840,0
1790790000000,160.110,160.180,160.010,160.040,409.9,1790790059999,65633.0020,415,286.6,45895.1060,0
1790790060000,160.040,160.070,159.450,159.560,1730.8,1790790119999,276413.1630,1362,428.3,68378.8660,0
1790790120000,159.560,159.750,159.450,159.690,1136.8,1790790179999,181410.4810,834,516.5,82451.0960,0
1790790180000,159.690,159.880,159.690,159.800,700.1,1790790239999,111873.2740,553,500.0,79904.0060,0
1790790240000,159.810,159.820,159.700,159.760,255.8,1790790299999,40875.7770,194,54.7,8740.3820,0
1790790300000,159.770,159.890,159.630,159.870,295.2,1790790359999,47159.2700,445,93.4,14921.4510,0
1790790360000,159.870,159.980,159.840,159.900,453.2,1790790419999,72468.1060,360,231.2,36972.9020,0
1790790420000,159.920,160.350,159.850,159.850,598.2,1790790479999,95780.9530,768,378.3,60566.1070,0
1790790480000,159.850,160.070,159.760,160.020,1021.9,1790790539999,163430.4530,986,226.7,36265.8780,0
1790790540000,160.020,160.080,159.920,160.060,118.7,1790790599999,18991.6070,242,55.9,8943.7160,0
1790790600000,160.070,160.240,160.000,160.000,833.1,1790790659999,133415.9390,601,700.7,112213.6470,0
1790790660000,159.990,160.050,159.810,159.810,124.1,1790790719999,19846.0010,212,56.4,9019.3390,0
1790790720000,159.800,159.940,159.650,159.650,208.3,1790790779999,33297.2940,335,122.9,19649.3270,0
1790790780000,159.650,159.660,159.550,159.620,125.3,1790790839999,19998.8110,214,52.8,8427.4520,0
1790790840000,159.620,159.630,159.390,159.430,405.6,1790790899999,64701.5850,475,121.1,19319.0780,0
1790790900000,159.430,159.440,159.280,159.360,545.5,1790790959999,86940.0450,585,137.5,21915.4490,0
1790790960000,159.360,159.510,159.330,159.450,741.6,1790791019999,118220.9600,351,674.2,107476.1660,0
1790791020000,159.450,159.480,159.400,159.430,91.7,1790791079999,14621.9930,155,27.6,4400.9120,0
1790791080000,159.440,159.700,159.440,159.700,230.1,1790791139999,36728.2350,292,183.6,29303.6270,0
1790791140000,159.710,159.810,159.680,159.680,581.7,1790791199999,92932.1230,422,360.9,57658.0110,0
1790791200000,159.670,159.870,159.590,159.610,472.7,1790791259999,75508.9920,681,145.9,23307.7070,0
1790791260000,159.620,159.640,159.330,159.330,171.1,1790791319999,27281.3360,313,36.8,5869.0050,0
1790791320000,159.330,159.470,159.270,159.320,459.1,1790791379999,73163.1000,503,223.0,35538.7900,0
1790791380000,159.330,159.530,159.240,159.310,386.8,1790791439999,61632.4280,533,213.2,33968.9390,0
1790791440000,159.310,159.690,159.240,159.620,652.8,1790791499999,104106.7260,808,502.4,80124.5740,0
1790791500000,159.610,159.610,159.290,159.290,192.3,1790791559999,30663.9160,381,80.8,12883.1780,0
1790791560000,159.280,159.290,159.050,159.180,550.9,1790791619999,87687.4900,733,161.0,25628.0380,0
1790791620000,159.180,159.290,159.120,159.290,374.2,1790791679999,59573.1010,451,140.6,22386.5770,0
1790791680000,159.290,159.470,159.100,159.440,556.6,1790791739999,88644.4180,598,236.7,37693.6610,0
1790791740000,159.440,159.660,159.400,159.540,362.8,1790791799999,57873.4630,475,138.6,22107.7830,0
1790791800000,159.540,159.590,159.260,159.320,369.4,1790791859999,58895.3630,701,119.9,19118.8450,0
1790791860000,159.330,159.550,159.330,159.460,269.7,1790791919999,43007.3320,467,76.4,12183.2600,0
1790791920000,159.460,159.460,159.300,159.430,630.8,1790791979999,100531.3730,557,119.3,19014.9890,0
1790791980000,159.420,159.430,159.260,159.310,339.7,1790792039999,54121.9840,435,90.1,14354.7730,0
1790792040000,159.320,159.360,159.010,159.010,409.3,1790792099999,65173.0630,500,154.6,24622.3970,0
1790792100000,159.010,159.130,158.890,159.060,765.2,1790792159999,121667.4030,786,295.2,46937.7840,0
1790792160000,159.050,159.170,158.890,158.910,407.3,1790792219999,64764.4110,561,171.3,27244.9130,0
1790792220000,158.920,158.930,158.640,158.680,446.1,1790792279999,70832.4310,622,104.0,16517.9710,0
1790792280000,158.700,159.050,158.560,158.900,807.4,1790792339999,128168.5560,745,199.2,31630.3500,0
1790792340000,158.900,158.980,158.770,158.840,728.6,1790792399999,115762.6500,694,288.2,45798.6730,0
1790792400000,158.850,158.980,158.790,158.850,714.4,1790792459999,113508.0620,699,406.3,64553.7450,0
1790792460000,158.860,158.860,158.520,158.700,1236.0,1790792519999,196069.5800,1198,176.6,28024.0900,0
1790792520000,158.710,158.980,158.680,158.980,325.7,1790792579999,51730.2650,403,180.1,28601.1940,0
1790792580000,158.970,158.970,158.720,158.730,244.4,1790792639999,38824.8620,345,121.5,19303.1800,0
1790792640000,158.730,158.810,158.570,158.730,624.9,1790792699999,99156.1670,449,194.1,30807.0630,0
1790792700000,158.720,158.740,158.500,158.740,296.7,1790792759999,47058.5570,401,211.7,33577.5440,0
1790792760000,158.750,158.800,158.650,158.650,159.8,1790792819999,25365.5490,302,59.6,9460.9860,0
1790792820000,158.650,158.700,158.570,158.590,134.1,1790792879999,21272.8390,287,61.0,9676.0530,0
1790792880000,158.590,158.760,158.510,158.670,333.6,1790792939999,52923.8650,453,120.2,19068.4110,0
1790792940000,158.660,158.930,158.660,158.840,1940.2,1790792999999,308236.5100,490,450.2,71492.5750,0
1790793000000,158.830,159.160,158.790,159.140,861.5,1790793059999,136958.8600,635,793.2,126106.6320,0
1790793060000,159.130,159.240,158.980,158.980,830.6,1790793119999,132202.7060,473,302.7,48183.9910,0
1790793120000,158.970,159.020,158.810,158.820,240.3,1790793179999,38180.7630,365,169.4,26913.5640,0
1790793180000,158.810,158.920,158.670,158.700,424.9,1790793239999,67460.0670,586,280.0,44450.9220,0
1790793240000,158.690,158.800,158.540,158.790,278.6,1790793299999,44205.6570,403,138.7,22009.4490,0
1790793300000,158.790,158.790,158.520,158.520,110.9,1790793359999,17591.8520,226,32.3,5122.1840,0
1790793360000,158.520,158.640,158.370,158.460,337.8,1790793419999,53536.0950,540,111.7,17706.2300,0
1790793420000,158.470,158.530,158.380,158.530,443.3,1790793479999,70231.7540,372,103.0,16324.7160,0
1790793480000,158.530,158.570,158.500,158.510,257.2,1790793539999,40775.1620,229,37.2,5897.5350,0
1790793540000,158.520,158.540,158.130,158.210,1116.6,1790793599999,176777.9630,867,175.1,27708.2220,0
1790793600000,158.210,158.420,158.070,158.230,1312.4,1790793659999,207702.8040,971,439.4,69541.7350,0
1790793660000,158.240,158.240,157.920,158.040,1533.4,1790793719999,242374.5350,1187,496.8,78541.3710,0
1790793720000,158.040,158.200,157.970,158.190,338.8,1790793779999,53554.9700,300,225.6,35660.5990,0
1790793780000,158.190,158.430,158.190,158.410,377.6,1790793839999,59800.8570,453,247.0,39116.8330,0
1790793840000,158.420,158.490,158.280,158.310,700.6,1790793899999,110964.5930,284,127.0,20113.2970,0
1790793900000,158.310,158.360,158.210,158.220,260.0,1790793959999,41150.9940,455,140.5,22238.7830,0
1790793960000,158.220,158.360,158.090,158.170,216.4,1790794019999,34242.6480,374,96.5,15272.9460,0
1790794020000,158.170,158.430,158.140,158.360,194.9,1790794079999,30857.3560,296,85.3,13499.1160,0
1790794080000,158.350,158.350,158.220,158.220,300.6,1790794139999,47583.2520,271,51.1,8089.1740,0
1790794140000,158.230,158.420,158.220,158.420,351.0,1790794199999,55579.5700,424,214.4,33951.4000,0
1790794200000,158.420,158.770,158.370,158.580,1055.9,1790794259999,167416.9180,800,904.9,143465.7800,0
1790794260000,158.580,158.580,158.410,158.540,335.6,1790794319999,53197.3300,334,226.3,35871.8960,0
1790794320000,158.540,158.870,158.420,158.750,426.6,1790794379999,67716.7870,505,251.7,39956.9120,0
1790794380000,158.790,158.820,158.410,158.410,241.5,1790794439999,38321.1360,373,121.2,19229.2920,0
1790794440000,158.400,158.580,158.340,158.530,214.8,1790794499999,34043.6920,308,120.1,19031.9300,0
1790794500000,158.530,158.580,158.430,158.570,355.1,1790794559999,56285.2160,435,221.5,35109.2340,0
1790794560000,158.570,158.630,158.540,158.620,120.4,1790794619999,19093.7500,196,81.0,12845.6210,0
1790794620000,158.620,158.690,158.580,158.660,154.6,1790794679999,24525.7620,247,108.1,17149.0720,0
1790794680000,158.660,158.810,158.620,158.760,103.0,1790794739999,16348.6500,202,79.3,12586.6560,0
1790794740000,158.760,158.880,158.650,158.740,1563.5,1790794799999,248277.6970,804,1363.2,216473.0380,0
1790794800000,158.750,158.840,158.490,158.590,262.2,1790794859999,41610.3510,452,105.4,16725.8810,0
1790794860000,158.590,158.720,158.410,158.410,445.2,1790794919999,70585.4840,579,109.3,17331.6470,0
1790794920000,158.400,158.500,158.340,158.500,210.9,1790794979999,33403.9410,346,64.9,10280.2400,0
1790794980000,158.500,158.530,158.320,158.320,263.5,1790795039999,41737.4560,369,75.7,11991.2130,0
1790795040000,158.310,158.330,158.230,158.300,193.5,1790795099999,30628.7870,226,66.2,10478.3800,0
1790795100000,158.310,158.550,158.270,158.330,423.1,1790795159999,67029.9000,488,169.1,26785.6240,0
1790795160000,158.330,158.360,158.160,158.210,598.3,1790795219999,94677.5320,353,39.4,6234.8870,0
1790795220000,158.210,158.480,158.210,158.470,159.7,1790795279999,25284.7410,258,74.2,11749.0200,0
1790795280000,158.470,158.470,158.250,158.300,155.5,1790795339999,24629.5460,341,47.9,7586.1570,0
1790795340000,158.300,158.340,158.250,158.260,187.2,1790795399999,29630.5390,244,88.3,13975.5130,0
1790795400000,158.270,158.600,158.260,158.380,1927.0,1790795459999,305278.0030,1036,1543.7,244554.4340,0
1790795460000,158.380,158.380,158.050,158.050,383.9,1790795519999,60740.4090,437,132.7,21001.5650,0
1790795520000,158.060,158.080,157.770,158.080,536.8,1790795579999,84782.1910,713,137.7,21750.2360,0
1790795580000,158.080,158.080,157.840,158.050,594.3,1790795639999,93868.8220,649,319.3,50431.4960,0
1790795640000,158.050,158.060,157.880,157.930,213.4,1790795699999,33707.7810,269,78.1,12332.9490,0
1790795700000,157.920,157.920,157.770,157.800,543.7,1790795759999,85819.6870,388,76.7,12105.7690,0
1790795760000,157.810,157.980,157.730,157.870,165.2,1790795819999,26074.2470,345,53.4,8429.9830,0
1790795820000,157.870,157.870,157.420,157.660,1853.0,1790795879999,291953.3610,1422,581.2,91603.2590,0
1790795880000,157.660,157.940,157.530,157.920,723.0,1790795939999,114036.0830,683,505.0,79657.5390,0
1790795940000,157.910,158.110,157.880,158.070,268.8,1790795999999,42475.0450,311,199.6,31541.0520,0
1790796000000,158.070,158.230,158.000,158.230,592.8,1790796059999,93758.2730,527,519.3,82134.3100,0
1790796060000,158.210,158.370,158.140,158.220,282.9,1790796119999,44775.6530,385,178.5,28255.5850,0
1790796120000,158.210,158.210,158.070,158.190,93.1,1790796179999,14721.9510,226,48.8,7716.6830,0
1790796180000,158.190,158.190,157.980,157.980,239.5,1790796239999,37849.0820,210,20.3,3209.0570,0
1790796240000,157.980,158.000,157.890,157.980,127.3,1790796299999,20103.6550,265,56.3,8891.6880,0
1790796300000,157.980,158.140,157.960,158.140,185.0,1790796359999,29233.9400,240,133.6,21112.0670,0
1790796360000,158.140,158.260,157.990,158.010,197.7,1790796419999,31259.8240,247,35.2,5566.5390,0
1790796420000,158.010,158.170,157.980,158.130,131.4,1790796479999,20769.8760,250,94.5,14935.9730,0
1790796480000,158.130,158.270,158.070,158.210,127.2,1790796539999,20119.2620,272,68.3,10801.4480,0
1790796540000,158.220,158.220,158.100,158.100,69.9,1790796599999,11054.6340,132,20.9,3304.9040,0
1790796600000,158.090,158.250,158.060,158.250,258.3,1790796659999,40845.7790,418,70.3,11117.7140,0
1790796660000,158.260,158.480,158.260,158.360,185.0,1790796719999,29305.4580,401,82.0,12988.9430,0
1790796720000,158.370,158.470,158.290,158.470,132.0,1790796779999,20905.2570,303,73.9,11704.3510,0
1790796780000,158.470,158.640,158.460,158.640,162.4,1790796839999,25751.8850,308,137.5,21804.2000,0
1790796840000,158.640,158.740,158.490,158.570,222.4,1790796899999,35272.5260,412,74.2,11768.8270,0
1790796900000,158.560,158.820,158.550,158.730,799.1,1790796959999,126846.8710,715,621.0,98583.4400,0
1790796960000,158.730,158.870,158.730,158.830,259.5,1790797019999,41214.5700,303,224.9,35719.1220,0
1790797020000,158.830,158.900,158.720,158.900,383.5,1790797079999,60920.8140,453,248.4,39461.3420,0
1790797080000,158.890,158.920,158.770,158.770,1095.8,1790797139999,174090.3250,324,94.2,14966.8710,0
1790797140000,158.780,158.850,158.670,158.830,501.4,1790797199999,79597.1260,532,410.0,65087.6550,0
1790797200000,158.810,158.810,158.500,158.520,647.9,1790797259999,102741.2150,504,127.3,20198.3390,0
1790797260000,158.520,158.720,158.480,158.640,362.1,1790797319999,57415.2480,376,163.9,25995.5100,0
1790797320000,158.630,158.670,158.560,158.670,239.8,1790797379999,38038.2860,254,167.9,26633.6460,0
1790797380000,158.670,158.720,158.530,158.610,205.0,1790797439999,32519.4270,315,88.9,14103.7590,0
1790797440000,158.600,158.650,158.560,158.610,114.2,1790797499999,18115.0010,137,27.0,4282.4870,0
1790797500000,158.620,158.650,158.570,158.610,72.6,1790797559999,11514.5470,158,28.0,4440.9030,0
1790797560000,158.600,158.610,158.490,158.540,95.5,1790797619999,15140.4150,223,55.3,8767.3550,0
1790797620000,158.550,158.720,158.340,158.390,520.9,1790797679999,82605.5800,687,285.1,45231.7470,0
1790797680000,158.390,158.610,158.380,158.450,542.4,1790797739999,85964.4640,716,303.6,48110.0720,0
1790797740000,158.460,158.510,158.310,158.340,113.9,1790797799999,18042.8120,209,77.3,12245.2070,0
1790797800000,158.340,158.350,157.920,157.950,1366.8,1790797859999,216065.5380,999,432.5,68380.8160,0
1790797860000,157.950,157.950,157.660,157.860,433.4,1790797919999,68394.5280,655,164.5,25958.2840,0
1790797920000,157.860,158.070,157.780,157.900,526.3,1790797979999,83084.0380,668,249.2,39342.9200,0
1790797980000,157.900,158.200,157.750,157.940,416.9,1790798039999,65871.9000,612,262.1,41422.7840,0
1790798040000,157.910,158.010,157.520,157.710,2397.2,1790798099999,377986.2840,977,457.1,72094.6090,0
1790798100000,157.710,158.200,157.610,158.200,361.5,1790798159999,57078.9450,549,239.2,37770.9710,0
1790798160000,158.200,158.280,157.980,158.060,342.6,1790798219999,54171.9420,441,189.3,29928.5470,0
1790798220000,158.060,158.120,157.970,158.040,181.7,1790798279999,28716.3090,290,53.0,8376.1480,0
1790798280000,158.030,158.040,157.770,157.920,536.5,1790798339999,84691.2070,386,115.6,18256.3760,0
1790798340000,157.920,158.100,157.920,158.050,523.9,1790798399999,82797.8830,405,355.4,56169.8170,0
1790798400000,158.050,158.290,157.930,158.080,897.3,1790798459999,141886.2560,1181,415.5,65700.7140,0
1790798460000,158.080,158.150,157.730,158.010,680.2,1790798519999,107407.7390,937,341.1,53861.3690,0
1790798520000,158.010,158.060,157.870,157.990,368.8,1790798579999,58256.1000,569,128.8,20346.9790,0
1790798580000,157.990,158.070,157.910,158.040,264.9,1790798639999,41847.5760,290,159.1,25133.6390,0
1790798640000,158.050,158.150,157.870,158.110,584.1,1790798699999,92300.8860,593,222.2,35108.6110,0
1790798700000,158.110,158.310,158.080,158.140,380.6,1790798759999,60215.9310,500,265.5,42005.2450,0
1790798760000,158.130,158.290,157.970,158.290,545.2,1790798819999,86198.6780,652,168.1,26575.9590,0
1790798820000,158.290,158.430,158.180,158.310,325.0,1790798879999,51461.1040,526,233.2,36924.6970,0
1790798880000,158.310,158.410,158.260,158.300,1277.0,1790798939999,202190.2760,545,1175.9,186183.0570,0
1790798940000,158.310,158.350,158.180,158.180,175.9,1790798999999,27836.2310,255,71.1,11250.9390,0
1790799000000,158.180,158.410,158.150,158.400,264.5,1790799059999,41845.7420,347,200.4,31701.9180,0
1790799060000,158.390,158.430,158.160,158.160,67.1,1790799119999,10625.4330,215,21.9,3468.7330,0
1790799120000,158.160,158.300,158.150,158.300,109.4,1790799179999,17308.2190,164,94.9,15014.2480,0
1790799180000,158.310,158.400,158.260,158.390,88.4,1790799239999,13995.4760,213,58.1,9198.3570,0
1790799240000,158.390,158.590,158.390,158.580,328.0,1790799299999,51990.2050,382,148.7,23569.1930,0
1790799300000,158.580,158.680,158.450,158.620,139.0,1790799359999,22046.7230,345,97.4,15449.5460,0
1790799360000,158.620,158.670,158.520,158.560,149.5,1790799419999,23708.7250,232,71.4,11323.3330,0
1790799420000,158.560,158.590,158.390,158.400,370.4,1790799479999,58706.4040,338,66.0,10461.3140,0
1790799480000,158.390,158.520,158.380,158.500,298.7,1790799539999,47323.2120,234,276.1,43742.7580,0
1790799540000,158.490,158.720,158.490,158.720,979.5,1790799599999,155361.9820,409,947.8,150336.3170,0
1790799600000,158.720,158.830,158.710,158.770,185.9,1790799659999,29517.4010,292,104.2,16544.6270,0
1790799660000,158.760,158.970,158.760,158.970,220.0,1790799719999,34956.4910,262,169.9,26995.9560,0
1790799720000,158.970,159.190,158.970,159.140,1146.1,1790799779999,182292.2630,586,884.6,140694.1660,0
1790799780000,159.140,159.270,159.100,159.100,262.6,1790799839999,41797.9750,316,186.9,29748.3160,0
1790799840000,159.120,159.310,159.110,159.150,575.3,1790799899999,91599.6340,485,542.3,86346.6090,0
1790799900000,159.160,159.210,159.040,159.040,253.8,1790799959999,40382.6060,411,113.4,18043.4880,0
1790799960000,159.070,159.170,159.010,159.170,278.7,1790800019999,44331.7650,319,134.4,21381.9620,0
1790800020000,159.180,159.210,159.070,159.150,244.7,1790800079999,38942.1360,342,184.4,29346.6500,0
1790800080000,159.150,159.150,158.970,159.060,217.2,1790800139999,34543.8590,229,117.7,18717.5560,0
1790800140000,159.060,159.090,158.960,158.980,549.0,1790800199999,87294.8010,268,404.4,64301.7890,0
1790800200000,158.980,158.980,158.810,158.870,171.4,1790800259999,27236.4310,263,103.1,16383.5250,0
1790800260000,158.860,158.860,158.650,158.650,188.8,1790800319999,29968.3280,275,70.0,11109.4870,0
1790800320000,158.650,158.650,158.480,158.520,224.8,1790800379999,35644.4830,264,46.6,7387.1270,0
1790800380000,158.530,158.670,158.530,158.670,319.6,1790800439999,50681.8000,389,204.8,32477.7070,0
1790800440000,158.670,158.810,158.660,158.740,188.0,1790800499999,29841.5000,310,149.9,23793.3010,0
1790800500000,158.750,158.930,158.630,158.770,248.6,1790800559999,39480.8880,422,192.2,30527.6690,0
1790800560000,158.770,158.880,158.720,158.750,163.6,1790800619999,25978.0090,335,100.5,15959.4090,0
1790800620000,158.740,158.860,158.650,158.860,149.6,1790800679999,23750.6140,226,102.5,16274.7900,0
1790800680000,158.860,158.910,158.720,158.720,84.0,1790800739999,13341.9420,194,36.1,5733.7680,0
1790800740000,158.720,158.950,158.700,158.840,276.2,1790800799999,43864.6040,351,236.3,37525.7320,0
1790800800000,158.850,158.850,158.720,158.760,62.2,1790800859999,9875.6030,125,27.6,4381.4080,0
1790800860000,158.750,158.770,158.700,158.720,234.9,1790800919999,37287.2720,164,162.1,25730.9650,0
1790800920000,158.720,158.720,158.580,158.590,159.5,1790800979999,25307.2840,208,79.2,12566.4670,0
1790800980000,158.590,158.650,158.560,158.610,109.1,1790801039999,17303.7600,138,55.5,8802.3180,0
1790801040000,158.610,158.660,158.550,158.640,252.6,1790801099999,40062.2380,157,52.3,8294.5960,0
1790801100000,158.640,158.750,158.560,158.730,194.4,1790801159999,30839.2640,201,46.5,7376.7210,0
1790801160000,158.720,158.730,158.620,158.620,101.5,1790801219999,16106.7350,165,66.2,10505.6080,0
1790801220000,158.620,158.680,158.590,158.670,109.2,1790801279999,17323.2800,153,84.5,13404.8640,0
1790801280000,158.670,158.690,158.550,158.600,202.9,1790801339999,32182.1950,196,97.6,15479.2770,0
1790801340000,158.600,158.660,158.480,158.650,57.7,1790801399999,9148.7850,182,34.2,5423.2340,0
1790801400000,158.640,158.640,158.480,158.560,126.9,1790801459999,20120.9330,237,51.9,8228.8120,0
1790801460000,158.550,158.660,158.520,158.660,114.6,1790801519999,18172.2680,180,76.6,12147.4810,0
1790801520000,158.670,158.930,158.670,158.860,195.2,1790801579999,31006.0520,327,124.3,19742.8580,0
1790801580000,158.860,158.860,158.760,158.770,82.6,1790801639999,13118.2420,89,30.3,4811.9350,0
1790801640000,158.760,158.760,158.580,158.580,64.3,1790801699999,10203.5830,129,0.1,15.8600,0
1790801700000,158.580,158.590,158.410,158.470,176.4,1790801759999,27953.6780,309,117.8,18666.9880,0
1790801760000,158.470,158.470,158.370,158.370,92.0,1790801819999,14575.5530,170,47.7,7556.5900,0
1790801820000,158.380,158.480,158.380,158.470,83.5,1790801879999,13228.9490,136,74.8,11850.7970,0
1790801880000,158.460,158.660,158.450,158.610,415.5,1790801939999,65882.5960,398,237.6,37669.0180,0
1790801940000,158.610,158.810,158.580,158.800,264.6,1790801999999,42006.7260,294,242.6,38514.9350,0
1790802000000,158.800,158.920,158.770,158.820,181.8,1790802059999,28875.7020,297,97.0,15407.3250,0
1790802060000,158.820,158.930,158.820,158.870,193.7,1790802119999,30773.8020,299,108.2,17189.3040,0
1790802120000,158.850,158.860,158.600,158.810,193.0,1790802179999,30631.0470,441,100.0,15869.6460,0
1790802180000,158.820,159.080,158.780,159.080,243.2,1790802239999,38665.5190,418,191.4,30430.1440,0
1790802240000,159.070,159.070,159.010,159.070,152.0,1790802299999,24174.3840,178,85.9,13661.6300,0
1790802300000,159.060,159.060,158.860,158.860,85.2,1790802359999,13545.4440,142,1.1,174.8400,0
1790802360000,158.860,158.890,158.780,158.860,113.7,1790802419999,18056.4690,144,93.1,14784.4550,0
1790802420000,158.850,158.890,158.680,158.720,230.1,1790802479999,36531.6200,204,132.6,21045.4410,0
1790802480000,158.720,158.720,158.570,158.610,148.5,1790802539999,23557.6080,208,70.0,11104.5280,0
1790802540000,158.610,158.620,158.540,158.580,162.4,1790802599999,25753.6580,210,84.1,13335.9020,0
1790802600000,158.590,158.760,158.580,158.630,185.8,1790802659999,29477.8570,306,57.9,9185.5970,0
1790802660000,158.620,158.800,158.580,158.790,107.9,1790802719999,17121.2590,199,58.6,9299.1270,0
1790802720000,158.790,158.850,158.700,158.740,231.1,1790802779999,36693.9190,294,152.4,24197.2860,0
1790802780000,158.720,158.720,158.500,158.570,258.1,1790802839999,40931.4120,246,63.5,10067.3300,0
1790802840000,158.560,158.720,158.520,158.670,117.1,1790802899999,18576.8100,161,75.0,11898.3730,0
1790802900000,158.660,158.660,158.520,158.520,73.0,1790802959999,11576.5320,135,28.2,4471.9220,0
1790802960000,158.510,158.600,158.450,158.560,332.8,1790803019999,52755.8790,347,203.9,32323.7720,0
1790803020000,158.550,158.810,158.520,158.760,149.2,1790803079999,23665.5770,270,122.0,19351.1990,0
1790803080000,158.750,158.870,158.730,158.810,183.4,1790803139999,29127.7360,209,87.8,13942.8790,0
1790803140000,158.810,158.850,158.710,158.750,64.2,1790803199999,10193.2340,154,34.7,5509.2160,0
1790803200000,158.740,158.850,158.670,158.850,90.9,1790803259999,14429.9310,147,51.1,8111.9200,0
1790803260000,158.840,158.860,158.680,158.700,90.7,1790803319999,14398.7630,134,34.9,5539.3720,0
1790803320000,158.700,158.740,158.660,158.730,72.0,1790803379999,11426.2550,108,25.7,4078.9850,0
1790803380000,158.740,158.760,158.660,158.660,27.0,1790803439999,4285.4030,74,12.5,1984.1920,0
1790803440000,158.670,158.670,158.290,158.330,225.1,1790803499999,35669.0830,206,39.9,6318.7260,0
1790803500000,158.330,158.430,158.310,158.310,142.8,1790803559999,22613.5690,191,67.6,10705.1100,0
1790803560000,158.300,158.450,158.300,158.430,115.7,1790803619999,18322.4820,181,40.7,6445.4420,0
1790803620000,158.420,158.540,158.400,158.480,192.7,1790803679999,30542.1090,151,178.8,28339.8170,0
1790803680000,158.480,158.490,158.220,158.470,550.3,1790803739999,87121.4890,340,102.2,16186.6650,0
1790803740000,158.460,158.460,158.400,158.400,70.4,1790803799999,11154.1420,110,19.8,3137.3150,0
1790803800000,158.410,158.470,158.400,158.410,74.7,1790803859999,11834.9200,102,55.2,8745.3270,0
1790803860000,158.410,158.440,158.210,158.400,604.8,1790803919999,95712.3410,325,114.4,18110.1680,0
1790803920000,158.400,158.510,158.380,158.490,106.9,1790803979999,16940.5960,174,77.5,12281.5390,0
1790803980000,158.490,158.830,158.490,158.770,167.2,1790804039999,26531.6540,247,131.6,20880.5630,0
1790804040000,158.770,158.830,158.730,158.730,70.8,1790804099999,11243.5450,125,48.4,7686.4130,0
1790804100000,158.730,158.730,158.580,158.620,178.6,1790804159999,28331.3780,132,116.5,18477.7250,0
1790804160000,158.620,158.790,158.570,158.570,493.4,1790804219999,78322.7380,259,469.2,74482.9410,0
1790804220000,158.570,158.760,158.570,158.740,78.2,1790804279999,12408.1380,153,55.5,8805.8910,0
1790804280000,158.740,158.780,158.730,158.730,110.9,1790804339999,17606.0890,110,48.0,7620.0510,0
1790804340000,158.730,158.740,158.640,158.640,332.8,1790804399999,52806.2530,109,11.8,1872.4550,0
1790804400000,158.640,158.680,158.590,158.680,81.8,1790804459999,12975.4710,122,70.2,11135.4250,0
1790804460000,158.680,158.680,158.520,158.680,90.8,1790804519999,14400.8190,152,71.7,11370.9740,0
1790804520000,158.680,158.830,158.680,158.740,469.5,1790804579999,74550.6720,193,452.4,71836.0490,0
1790804580000,158.740,158.880,158.720,158.780,138.9,1790804639999,22059.7690,206,102.8,16326.8310,0
1790804640000,158.790,158.790,158.660,158.660,110.7,1790804699999,17567.9570,121,45.4,7204.6810,0
1790804700000,158.680,158.750,158.640,158.670,327.8,1790804759999,52025.6390,178,316.5,50232.7330,0
1790804760000,158.660,158.670,158.640,158.640,20.1,1790804819999,3188.8610,66,1.7,269.7220,0
1790804820000,158.640,158.660,158.620,158.640,53.0,1790804879999,8407.9900,92,38.5,6107.7510,0
1790804880000,158.620,158.640,158.540,158.540,72.6,1790804939999,11515.9440,80,17.4,2760.2540,0
1790804940000,158.530,158.540,158.510,158.530,58.0,1790804999999,9194.6840,77,51.6,8180.1340,0
1790805000000,158.520,158.530,158.490,158.500,88.2,1790805059999,13980.5060,64,43.5,6895.5010,0
1790805060000,158.490,158.490,158.210,158.210,199.7,1790805119999,31618.1420,229,38.4,6079.6230,0
1790805120000,158.220,158.290,158.200,158.240,215.7,1790805179999,34131.1050,176,93.7,14826.4770,0
1790805180000,158.240,158.410,158.240,158.410,147.5,1790805239999,23352.4140,182,132.3,20946.5580,0
1790805240000,158.400,158.450,158.400,158.440,38.8,1790805299999,6146.4780,71,23.5,3722.9120,0
1790805300000,158.450,158.450,158.390,158.390,120.8,1790805359999,19137.6720,98,13.8,2186.2800,0
1790805360000,158.410,158.540,158.380,158.540,97.6,1790805419999,15464.0920,135,80.0,12676.1610,0
1790805420000,158.540,158.610,158.540,158.600,53.8,1790805479999,8531.5250,74,49.9,7913.0030,0
1790805480000,158.610,158.630,158.610,158.620,56.7,1790805539999,8994.0310,116,55.8,8851.2730,0
1790805540000,158.630,158.700,158.620,158.690,74.4,1790805599999,11803.7560,112,58.8,9328.6730,0
1790805600000,158.690,158.860,158.690,158.860,271.4,1790805659999,43095.7210,293,219.3,34823.4160,0
1790805660000,158.860,158.860,158.510,158.520,239.3,1790805719999,37977.7450,259,39.0,6186.1720,0
1790805720000,158.530,158.560,158.520,158.560,91.3,1790805779999,14474.0260,134,61.5,9750.0910,0
1790805780000,158.560,158.560,158.390,158.390,104.9,1790805839999,16621.3880,138,27.7,4387.6960,0
1790805840000,158.390,158.390,158.200,158.200,120.9,1790805899999,19139.0230,198,36.1,5715.2100,0
1790805900000,158.200,158.270,158.100,158.270,632.4,1790805959999,100029.5270,402,129.9,20545.2550,0
1790805960000,158.240,158.330,158.220,158.300,127.3,1790806019999,20150.6110,201,44.3,7011.9080,0
1790806020000,158.300,158.430,158.300,158.390,276.9,1790806079999,43851.3040,271,128.4,20332.9670,0
1790806080000,158.410,158.480,158.410,158.470,61.5,1790806139999,9744.8900,83,30.1,4768.9620,0
1790806140000,158.470,158.480,158.410,158.440,186.1,1790806199999,29485.0720,131,86.9,13767.1090,0
1790806200000,158.440,158.710,158.440,158.710,172.1,1790806259999,27287.7440,276,142.7,22625.3960,0
1790806260000,158.720,158.770,158.670,158.690,309.8,1790806319999,49172.8700,307,126.4,20064.9080,0
1790806320000,158.680,158.680,158.570,158.620,199.1,1790806379999,31581.9240,190,90.9,14419.0290,0
1790806380000,158.630,158.720,158.630,158.630,137.6,1790806439999,21835.6820,175,50.4,7997.7080,0
1790806440000,158.630,158.710,158.580,158.710,97.3,1790806499999,15433.5730,133,92.2,14624.6290,0
1790806500000,158.720,158.960,158.720,158.950,344.0,1790806559999,54644.5790,361,307.6,48861.1580,0
1790806560000,158.960,159.000,158.890,158.900,102.9,1790806619999,16357.0060,158,31.6,5023.8200,0
1790806620000,158.890,159.000,158.890,158.970,426.8,1790806679999,67841.0430,180,420.3,66808.0780,0
1790806680000,158.970,159.080,158.970,159.030,91.2,1790806739999,14504.3050,147,70.6,11227.6080,0
1790806740000,159.020,159.030,158.890,158.950,60.2,1790806799999,9570.8150,95,51.3,8155.9020,0
1790806800000,158.950,159.060,158.940,159.050,63.0,1790806859999,10016.4900,87,61.2,9730.2920,0
1790806860000,159.050,159.060,158.940,158.970,128.1,1790806919999,20368.7250,111,48.0,7630.1430,0
1790806920000,158.970,159.060,158.970,159.060,35.2,1790806979999,5597.6760,68,34.5,5486.3600,0
1790806980000,159.050,159.050,158.970,159.030,81.9,1790807039999,13022.5400,102,65.3,10382.8550,0
1790807040000,159.030,159.120,159.000,159.070,214.2,1790807099999,34074.3000,207,162.2,25801.1300,0
1790807100000,159.080,159.170,159.070,159.170,248.6,1790807159999,39561.5210,104,245.4,39052.3170,0
1790807160000,159.170,159.360,159.170,159.200,929.8,1790807219999,148124.2920,401,293.0,46669.0020,0
1790807220000,159.210,159.430,159.210,159.380,408.3,1790807279999,65069.4950,367,398.3,63475.8450,0
1790807280000,159.370,159.550,159.360,159.510,348.3,1790807339999,55548.6320,275,333.5,53188.6090,0
1790807340000,159.500,159.580,159.460,159.540,243.5,1790807399999,38850.1910,220,220.8,35229.1720,0
1790807400000,159.550,159.550,159.530,159.550,85.5,1790807459999,13640.9920,99,69.1,11024.5740,0
1790807460000,159.560,159.760,159.560,159.660,235.4,1790807519999,37589.0930,410,177.6,28358.0400,0
1790807520000,159.650,159.660,159.610,159.640,74.0,1790807579999,11812.4180,118,42.8,6832.0100,0
1790807580000,159.640,159.770,159.640,159.760,88.0,1790807639999,14052.0830,122,81.3,12982.3540,0
1790807640000,159.770,159.770,159.760,159.760,24.2,1790807699999,3866.2820,76,9.0,1437.9300,0
1790807700000,159.770,159.770,159.660,159.770,675.2,1790807759999,107837.4960,279,321.8,51396.5090,0
1790807760000,159.760,159.880,159.760,159.860,161.2,1790807819999,25767.6380,196,99.4,15888.0110,0
1790807820000,159.850,159.890,159.810,159.840,309.9,1790807879999,49536.3560,186,233.5,37323.8280,0
1790807880000,159.860,159.860,159.830,159.840,44.9,1790807939999,7176.5380,31,2.7,431.5840,0
1790807940000,159.840,159.950,159.820,159.830,633.1,1790807999999,101212.7320,376,436.9,69845.8180,0
1790808000000,159.840,159.850,159.700,159.750,237.0,1790808059999,37868.5490,180,113.7,18166.6740,0
1790808060000,159.750,159.750,159.680,159.730,220.4,1790808119999,35199.7910,161,99.2,15843.0730,0
1790808120000,159.730,159.770,159.730,159.770,122.3,1790808179999,19538.4240,73,120.3,19218.9320,0
1790808180000,159.770,159.830,159.770,159.820,224.4,1790808239999,35857.7960,152,96.6,15436.0320,0
1790808240000,159.820,159.820,159.710,159.740,150.4,1790808299999,24028.0720,154,77.7,12414.9410,0
1790808300000,159.740,159.780,159.730,159.780,70.5,1790808359999,11262.3480,74,68.9,11006.7280,0
1790808360000,159.770,159.850,159.750,159.750,152.2,1790808419999,24322.0520,170,127.3,20342.5180,0
1790808420000,159.760,159.820,159.530,159.530,360.9,1790808479999,57627.6630,351,188.8,30153.8050,0
1790808480000,159.540,159.570,159.480,159.530,478.5,1790808539999,76326.1830,261,308.2,49162.7000,0
1790808540000,159.520,159.740,159.460,159.740,237.4,1790808599999,37879.0830,286,163.2,26042.3960,0
1790808600000,159.750,159.850,159.610,159.610,239.5,1790808659999,38266.9950,241,183.2,29273.4140,0
1790808660000,159.620,159.660,159.470,159.520,242.6,1790808719999,38710.9630,202,209.3,33396.8060,0
1790808720000,159.520,159.680,159.510,159.650,353.7,1790808779999,56451.9710,281,319.3,50963.7110,0
1790808780000,159.640,159.640,159.470,159.550,134.8,1790808839999,21506.2980,185,120.3,19192.6060,0
1790808840000,159.560,159.610,159.520,159.570,52.0,1790808899999,8297.5220,99,38.4,6127.5450,0
1790808900000,159.570,159.740,159.510,159.740,1388.8,1790808959999,221697.9520,755,833.0,133011.4100,0
1790808960000,159.730,159.880,159.690,159.830,189.2,1790809019999,30234.5800,263,146.4,23396.6730,0
1790809020000,159.850,159.850,159.650,159.660,240.7,1790809079999,38446.9100,149,196.6,31402.0350,0
1790809080000,159.650,159.680,159.450,159.470,352.2,1790809139999,56202.3550,288,68.9,10995.2420,0
1790809140000,159.460,159.480,159.400,159.410,187.8,1790809199999,29941.4500,179,74.7,11910.6870,0
1790809200000,159.410,159.730,159.380,159.720,291.6,1790809259999,46522.5650,338,244.6,39023.3260,0
1790809260000,159.710,159.800,159.620,159.750,474.2,1790809319999,75728.4000,472,431.1,68845.2890,0
1790809320000,159.760,159.950,159.720,159.930,322.4,1790809379999,51528.5940,366,193.3,30894.7810,0
1790809380000,159.940,160.150,159.830,160.030,858.1,1790809439999,137304.5400,728,675.0,108018.9220,0
1790809440000,160.030,160.040,159.940,159.980,330.3,1790809499999,52839.4790,256,162.8,26045.1870,0
1790809500000,159.980,160.090,159.820,159.830,406.3,1790809559999,64996.3520,303,76.3,12207.4900,0
1790809560000,159.830,160.010,159.730,159.790,343.6,1790809619999,54929.3470,353,238.1,38066.1210,0
1790809620000,159.790,159.790,159.630,159.630,122.8,1790809679999,19609.7110,216,46.3,7393.0170,0
1790809680000,159.630,159.630,159.340,159.420,845.3,1790809739999,134809.9960,494,220.4,35158.8500,0
1790809740000,159.410,159.600,159.350,159.600,116.0,1790809799999,18494.3000,226,67.5,10762.1040,0
1790809800000,159.600,159.600,159.510,159.510,100.7,1790809859999,16066.5630,154,37.4,5966.8300,0
1790809860000,159.510,159.580,159.460,159.460,209.0,1790809919999,33338.6580,230,78.3,12491.6920,0
1790809920000,159.470,159.600,159.460,159.530,116.3,1790809979999,18553.8660,165,77.9,12427.1880,0
1790809980000,159.540,159.760,159.540,159.720,449.1,1790810039999,71713.7040,498,280.9,44853.6220,0
1790810040000,159.710,159.840,159.500,159.640,409.4,1790810099999,65362.1930,417,135.0,21562.2610,0
1790810100000,159.640,159.670,159.520,159.550,159.5,1790810159999,25453.9550,256,80.1,12782.8200,0
1790810160000,159.570,159.810,159.300,159.730,1559.1,1790810219999,248670.0520,1223,452.2,72185.3190,0
1790810220000,159.720,159.760,159.580,159.580,155.3,1790810279999,24797.0410,240,118.1,18855.8990,0
1790810280000,159.570,159.750,159.550,159.720,245.7,1790810339999,39227.1660,281,168.2,26850.9830,0
1790810340000,159.690,159.810,159.680,159.730,112.7,1790810399999,18003.5250,203,82.8,13227.5250,0
1790810400000,159.730,159.790,159.610,159.750,95.7,1790810459999,15280.2480,168,60.4,9643.5050,0
1790810460000,159.740,160.130,159.730,159.810,752.7,1790810519999,120392.5820,737,201.2,32177.4590,0
1790810520000,159.820,159.850,159.760,159.780,131.4,1790810579999,20997.5120,199,113.4,18121.0480,0
1790810580000,159.770,159.900,159.740,159.840,192.2,1790810639999,30719.4530,236,97.0,15500.6800,0
1790810640000,159.830,159.980,159.810,159.890,481.9,1790810699999,77058.4210,488,157.4,25166.2830,0
1790810700000,159.890,159.930,159.750,159.770,149.0,1790810759999,23815.6900,190,81.6,13041.7950,0
1790810760000,159.770,159.860,159.750,159.790,46.7,1790810819999,7462.4640,154,37.3,5960.2530,0
1790810820000,159.800,159.830,159.750,159.770,64.8,1790810879999,10353.6060,123,14.0,2237.1080,0
1790810880000,159.770,159.780,159.690,159.720,175.5,1790810939999,28032.3520,204,90.3,14423.5680,0
1790810940000,159.710,159.710,159.620,159.630,116.1,1790810999999,18536.8000,207,72.3,11543.7580,0
1790811000000,159.630,159.730,159.610,159.730,283.3,1790811059999,45229.8920,169,224.1,35778.3690,0
1790811060000,159.720,159.730,159.510,159.510,133.6,1790811119999,21327.1660,200,75.4,12034.4990,0
1790811120000,159.510,159.510,159.420,159.420,183.5,1790811179999,29259.4910,205,123.1,19627.4990,0
1790811180000,159.420,159.470,159.310,159.440,239.8,1790811239999,38221.2900,328,89.8,14312.9230,0
1790811240000,159.440,159.620,159.410,159.600,171.2,1790811299999,27305.3780,193,138.8,22137.6500,0
1790811300000,159.600,159.660,159.300,159.520,2548.3,1790811359999,406203.0490,616,175.2,27935.3360,0
1790811360000,159.520,159.700,159.450,159.560,138.0,1790811419999,22019.5910,300,75.2,12000.9690,0
1790811420000,159.540,159.670,159.540,159.650,151.3,1790811479999,24148.1680,168,124.5,19871.6010,0
1790811480000,159.650,159.700,159.600,159.660,101.6,1790811539999,16220.6210,173,58.2,9291.5710,0
1790811540000,159.650,159.650,159.580,159.580,126.9,1790811599999,20254.9860,116,49.0,7821.9190,0
1790811600000,159.580,159.680,159.540,159.680,95.9,1790811659999,15305.7230,141,73.1,11667.6290,0
1790811660000,159.690,159.750,159.610,159.610,129.0,1790811719999,20598.1660,161,39.7,6338.5780,0
1790811720000,159.610,159.610,159.480,159.480,124.0,1790811779999,19777.6560,82,102.0,16267.9070,0
1790811780000,159.490,159.630,159.480,159.580,136.5,1790811839999,21776.6790,185,123.6,19718.6760,0
1790811840000,159.570,159.670,159.560,159.650,134.0,1790811899999,21387.8030,153,59.4,9480.5270,0
1790811900000,159.650,159.650,159.500,159.520,137.1,1790811959999,21882.2030,171,14.2,2265.6750,0
1790811960000,159.520,159.520,159.490,159.510,105.1,1790812019999,16763.7060,82,24.8,3955.7160,0
1790812020000,159.510,159.520,159.380,159.390,153.5,1790812079999,24472.4930,176,36.5,5820.0820,0
1790812080000,159.390,159.410,159.310,159.410,302.3,1790812139999,48166.8140,191,208.8,33268.6410,0
1790812140000,159.420,159.470,159.410,159.450,176.6,1790812199999,28156.7250,141,97.0,15464.9760,0
1790812200000,159.450,159.450,159.320,159.370,196.6,1790812259999,31333.2530,245,113.7,18120.5130,0
1790812260000,159.360,159.460,159.320,159.370,637.2,1790812319999,101551.7480,442,530.4,84531.7840,0
1790812320000,159.360,159.410,159.330,159.400,214.7,1790812379999,34214.5730,330,101.4,16158.2490,0
1790812380000,159.410,159.530,159.410,159.480,153.8,1790812439999,24529.1010,187,73.1,11657.9040,0
1790812440000,159.480,159.480,159.330,159.340,108.4,1790812499999,17278.2430,187,46.5,7412.2290,0
1790812500000,159.340,159.360,159.220,159.220,461.3,1790812559999,73484.4670,300,344.3,54849.2320,0
1790812560000,159.220,159.230,159.160,159.220,220.4,1790812619999,35087.6650,177,157.3,25041.9580,0
1790812620000,159.220,159.380,159.160,159.380,741.1,1790812679999,117983.2000,337,716.8,114114.7640,0
1790812680000,159.380,159.420,159.340,159.390,155.6,1790812739999,24798.5390,163,110.3,17578.8890,0
1790812740000,159.390,159.410,159.370,159.370,63.6,1790812799999,10136.7540,85,15.5,2470.4710,0
