1790726400000,0.0303890,0.0304440,0.0303890,0.0304220,618439,1790726459999,18815.8221040,681,347566,10575.4003880,0
1790726460000,0.0304220,0.0305610,0.0304130,0.0305490,991333,1790726519999,30221.1914910,976,666760,20323.0546020,0
1790726520000,0.0305490,0.0305490,0.0304670,0.0304790,640196,1790726579999,19527.3239680,604,204293,6229.9388870,0
1790726580000,0.0304790,0.0304890,0.0304520,0.0304730,352277,1790726639999,10734.6821620,423,122382,3729.8488440,0
1790726640000,0.0304730,0.0304980,0.0304500,0.0304980,304103,1790726699999,9265.1056940,334,105181,3204.4252930,0
1790726700000,0.0304980,0.0305380,0.0304810,0.0305170,224788,1790726759999,6858.7277420,371,90533,2762.2569580,0
1790726760000,0.0305170,0.0305240,0.0304870,0.0305240,244810,1790726819999,7468.3556140,350,109549,3341.8594780,0
1790726820000,0.0305240,0.0305350,0.0304880,0.0304980,396887,1790726879999,12110.9092910,344,70002,2136.6221000,0
1790726880000,0.0304970,0.0304970,0.0304580,0.0304720,536007,1790726939999,16334.5134050,366,145486,4433.5351810,0
1790726940000,0.0304770,0.0304910,0.0304730,0.0304800,133727,1790726999999,4076.4893190,126,43127,1314.6623220,0
1790727000000,0.0304830,0.0304960,0.0304710,0.0304720,154216,1790727059999,4701.4690450,232,54788,1670.2580610,0
1790727060000,0.0304700,0.0304750,0.0304250,0.0304520,423133,1790727119999,12881.8971070,359,80834,2461.5713360,0
1790727120000,0.0304510,0.0304630,0.0304380,0.0304550,234920,1790727179999,7153.5260790,324,132392,4031.6239550,0
1790727180000,0.0304520,0.0304790,0.0304520,0.0304790,172430,1790727239999,5252.4499540,220,70783,2156.0128200,0
1790727240000,0.0304790,0.0304860,0.0304500,0.0304730,341567,1790727299999,10406.9940620,307,144625,4407.1416090,0
1790727300000,0.0304730,0.0304840,0.0304570,0.0304830,155217,1790727359999,4730.0108810,226,62966,1918.8128450,0
1790727360000,0.0304840,0.0305040,0.0304760,0.0305000,238000,1790727419999,7257.2438070,310,144111,4394.0637240,0
1790727420000,0.0305000,0.0305000,0.0304490,0.0304740,167106,1790727479999,5091.1679310,245,47887,1458.5572630,0
1790727480000,0.0304730,0.0305240,0.0304490,0.0305120,710175,1790727539999,21648.1060320,480,573687,17489.0513840,0
1790727540000,0.0305120,0.0305380,0.0304810,0.0305370,138756,1790727599999,4232.1798610,262,98994,3019.3749530,0
1790727600000,0.0305370,0.0305940,0.0305370,0.0305930,174913,1790727659999,5346.3744650,302,147512,4508.5810490,0
1790727660000,0.0305920,0.0306430,0.0305770,0.0306420,578177,1790727719999,17699.0632330,517,205604,6294.0534500,0
1790727720000,0.0306410,0.0306680,0.0305410,0.0305490,1041669,1790727779999,31884.8611930,784,301660,9235.6189300,0
1790727780000,0.0305480,0.0305650,0.0305190,0.0305640,319050,1790727839999,9740.8452710,307,161380,4926.2408310,0
1790727840000,0.0305640,0.0305660,0.0305420,0.0305530,140649,1790727899999,4297.1481290,230,33278,1016.6074050,0
1790727900000,0.0305530,0.0305620,0.0305320,0.0305380,192311,1790727959999,5874.3812280,272,70484,2152.7703610,0
1790727960000,0.0305380,0.0305470,0.0305120,0.0305410,398044,1790728019999,12153.9851240,343,134261,4099.3862360,0
1790728020000,0.0305390,0.0306190,0.0305310,0.0306060,374295,1790728079999,11444.7572980,438,262009,8013.9712210,0
1790728080000,0.0305970,0.0306550,0.0305750,0.0306320,721512,1790728139999,22083.2023800,581,307147,9403.6456820,0
1790728140000,0.0306320,0.0306700,0.0306320,0.0306670,235535,1790728199999,7218.8618790,211,60846,1864.8442730,0
1790728200000,0.0306670,0.0306670,0.0306300,0.0306320,237054,1790728259999,7264.3326790,290,62705,1921.4538070,0
1790728260000,0.0306320,0.0306420,0.0305660,0.0305880,410282,1790728319999,12552.8818350,530,201948,6177.8019270,0
1790728320000,0.0305870,0.0305870,0.0305310,0.0305480,319947,1790728379999,9774.2431130,370,61540,1879.8713900,0
1790728380000,0.0305460,0.0305950,0.0305340,0.0305930,245290,1790728439999,7493.4583290,278,115419,3526.4622290,0
1790728440000,0.0305930,0.0306260,0.0305930,0.0306170,341772,1790728499999,10461.4145220,313,105632,3233.7466310,0
1790728500000,0.0306160,0.0306160,0.0305700,0.0305770,484718,1790728559999,14829.7362210,297,231599,7086.2795810,0
1790728560000,0.0305750,0.0305760,0.0305060,0.0305150,198862,1790728619999,6072.7839140,330,44078,1345.0980030,0
1790728620000,0.0305140,0.0305380,0.0305030,0.0305360,212830,1790728679999,6494.1696140,354,108706,3317.4513910,0
1790728680000,0.0305390,0.0305720,0.0305250,0.0305700,235337,1790728739999,7187.0762120,256,84648,2585.2868550,0
1790728740000,0.0305700,0.0305700,0.0305190,0.0305220,230666,1790728799999,7046.8226660,315,112392,3433.3945470,0
1790728800000,0.0305190,0.0305310,0.0305070,0.0305310,107206,1790728859999,3271.3600350,236,35431,1081.1566280,0
1790728860000,0.0305280,0.0305520,0.0305190,0.0305340,122406,1790728919999,3737.7094800,257,54342,1658.8660160,0
1790728920000,0.0305340,0.0305410,0.0305140,0.0305310,150554,1790728979999,4595.7419320,285,57380,1751.5966850,0
1790728980000,0.0305320,0.0305550,0.0305300,0.0305540,141282,1790729039999,4314.9348760,256,73367,2240.8635550,0
1790729040000,0.0305540,0.0306080,0.0305540,0.0306010,419584,1790729099999,12834.3131200,488,151443,4631.6560930,0
1790729100000,0.0306010,0.0306140,0.0305680,0.0305790,321368,1790729159999,9831.8553560,463,194876,5962.2987290,0
1790729160000,0.0305790,0.0306160,0.0305730,0.0306070,172080,1790729219999,5264.0453810,282,80258,2455.0768270,0
1790729220000,0.0306060,0.0306260,0.0305900,0.0306250,229208,1790729279999,7014.7964700,287,79675,2438.5635520,0
1790729280000,0.0306240,0.0306250,0.0305690,0.0305860,224033,1790729339999,6854.8469190,340,96732,2957.9592070,0
1790729340000,0.0305860,0.0305870,0.0305500,0.0305790,315569,1790729399999,9645.8513220,366,75648,2312.2479240,0
1790729400000,0.0305790,0.0305840,0.0305390,0.0305760,292479,1790729459999,8938.5329990,312,59055,1805.2915730,0
1790729460000,0.0305750,0.0306180,0.0305680,0.0306170,325278,1790729519999,9949.3043820,302,243168,7437.7394280,0
1790729520000,0.0306160,0.0306450,0.0305980,0.0306230,310574,1790729579999,9509.8079560,396,83959,2570.9435460,0
1790729580000,0.0306210,0.0306390,0.0305910,0.0306020,386600,1790729639999,11834.9969910,412,106495,3259.6545760,0
1790729640000,0.0306010,0.0306010,0.0305690,0.0305790,215812,1790729699999,6600.7450760,300,79373,2427.8402570,0
1790729700000,0.0305750,0.0305930,0.0305700,0.0305810,223270,1790729759999,6827.5744350,200,92708,2834.6585620,0
1790729760000,0.0305810,0.0305890,0.0305720,0.0305780,136667,1790729819999,4179.1897820,187,75329,2303.4254160,0
1790729820000,0.0305770,0.0305770,0.0305460,0.0305670,271986,1790729879999,8311.6627760,276,51926,1586.9671670,0
1790729880000,0.0305660,0.0305660,0.0305220,0.0305300,122930,1790729939999,3753.8334050,178,44432,1356.6268440,0
1790729940000,0.0305290,0.0305340,0.0304950,0.0305340,553631,1790729999999,16891.0654840,336,169685,5177.1763080,0
1790730000000,0.0305340,0.0307970,0.0305270,0.0307850,2472345,1790730059999,75880.2939240,1689,994885,30521.4800200,0
1790730060000,0.0307840,0.0308580,0.0306540,0.0306720,2332149,1790730119999,71786.8724520,1183,332515,10228.5459070,0
1790730120000,0.0306730,0.0307830,0.0306730,0.0307670,649207,1790730179999,19956.2255450,620,293908,9037.1492470,0
1790730180000,0.0307690,0.0307690,0.0307190,0.0307490,412083,1790730239999,12668.3254730,538,78250,2405.6294720,0
1790730240000,0.0307450,0.0309140,0.0307370,0.0309070,666807,1790730299999,20545.9215320,709,349952,10784.8636950,0
1790730300000,0.0309130,0.0310420,0.0308640,0.0310000,1882032,1790730359999,58296.9816840,1519,938014,29059.1130100,0
1790730360000,0.0310080,0.0310690,0.0309910,0.0310150,745619,1790730419999,23140.6592900,1211,297774,9242.0994000,0
1790730420000,0.0310140,0.0311330,0.0309890,0.0310690,1582766,1790730479999,49157.8760690,1321,544187,16908.5178610,0
1790730480000,0.0310690,0.0310950,0.0310200,0.0310450,1111929,1790730539999,34534.0364480,843,237165,7365.0225320,0
1790730540000,0.0310490,0.0311070,0.0310260,0.0310310,662659,1790730599999,20587.7613800,837,241465,7502.6321260,0
1790730600000,0.0310310,0.0310430,0.0309660,0.0309730,463637,1790730659999,14379.4862960,587,160077,4965.9118270,0
1790730660000,0.0309760,0.0310660,0.0309700,0.0309990,818053,1790730719999,25379.2145950,794,430689,13358.8625450,0
1790730720000,0.0309980,0.0310200,0.0309210,0.0309400,535820,1790730779999,16599.0707860,666,178521,5531.1538810,0
1790730780000,0.0309410,0.0310840,0.0309410,0.0310760,457657,1790730839999,14195.7724500,534,138241,4286.7621220,0
1790730840000,0.0310760,0.0310920,0.0310280,0.0310470,579497,1790730899999,17999.9560880,530,114890,3567.8701740,0
1790730900000,0.0310460,0.0310480,0.0309720,0.0309720,392637,1790730959999,12179.1190820,566,180384,5596.3179070,0
1790730960000,0.0309730,0.0310570,0.0309730,0.0310200,650942,1790731019999,20191.7636570,682,297538,9232.0359500,0
1790731020000,0.0310190,0.0311040,0.0309900,0.0311020,722631,1790731079999,22446.3352520,654,202663,6294.1079850,0
1790731080000,0.0311020,0.0311160,0.0310600,0.0311100,414464,1790731139999,12886.8533430,444,88668,2756.8744020,0
1790731140000,0.0311070,0.0312070,0.0311050,0.0311910,1032134,1790731199999,32167.9075880,962,528509,16476.0577260,0
1790731200000,0.0311920,0.0312730,0.0311680,0.0312150,855628,1790731259999,26718.8993280,886,393624,12289.8575140,0
1790731260000,0.0312140,0.0312300,0.0311730,0.0312060,751044,1790731319999,23436.4968690,592,165080,5151.3890580,0
1790731320000,0.0312070,0.0312190,0.0310930,0.0311630,426880,1790731379999,13291.9687680,740,116550,3628.9967050,0
1790731380000,0.0311620,0.0311620,0.0310960,0.0311190,845722,1790731439999,26333.5207060,504,104103,3240.9169140,0
1790731440000,0.0311160,0.0311770,0.0310990,0.0311570,354247,1790731499999,11025.6597420,496,240111,7474.0860250,0
1790731500000,0.0311580,0.0311660,0.0311320,0.0311630,319888,1790731559999,9964.1245090,315,67333,2097.1272650,0
1790731560000,0.0311640,0.0311640,0.0310810,0.0310930,539766,1790731619999,16802.4828060,508,83781,2608.2398860,0
1790731620000,0.0310940,0.0311290,0.0310740,0.0310950,443619,1790731679999,13796.2159110,478,97753,3040.6724960,0
1790731680000,0.0310940,0.0311370,0.0310830,0.0311300,240477,1790731739999,7482.5261230,391,113745,3539.5412880,0
1790731740000,0.0311310,0.0311370,0.0310750,0.0310880,608458,1790731799999,18924.8599520,551,103188,3208.9946030,0
1790731800000,0.0310870,0.0310870,0.0309970,0.0310200,1343879,1790731859999,41675.7727320,884,404014,12527.8952670,0
1790731860000,0.0310180,0.0310410,0.0308500,0.0308650,2179003,1790731919999,67456.1029960,1370,790636,24502.4662940,0
1790731920000,0.0308650,0.0308910,0.0308210,0.0308880,759989,1790731979999,23448.1969330,650,341754,10546.7414280,0
1790731980000,0.0308870,0.0309740,0.0308560,0.0309600,706131,1790732039999,21830.7398790,628,334587,10348.2178060,0
1790732040000,0.0309590,0.0309700,0.0308370,0.0308370,1183385,1790732099999,36568.3187680,783,184123,5690.2900020,0
1790732100000,0.0308360,0.0308520,0.0308190,0.0308350,305322,1790732159999,9414.6985500,406,95862,2955.8989890,0
1790732160000,0.0308350,0.0308390,0.0308110,0.0308320,215269,1790732219999,6636.2897520,284,67246,2072.8783230,0
1790732220000,0.0308310,0.0308490,0.0307700,0.0307730,712176,1790732279999,21942.5800210,560,198222,6108.3213080,0
1790732280000,0.0307730,0.0307850,0.0306930,0.0307030,1049676,1790732339999,32272.9959890,626,275950,8488.8970360,0
1790732340000,0.0307020,0.0307160,0.0306670,0.0306830,491884,1790732399999,15096.8002650,429,170351,5228.8454620,0
1790732400000,0.0306830,0.0306980,0.0306750,0.0306940,132430,1790732459999,4063.7330260,208,83181,2552.5493260,0
1790732460000,0.0306930,0.0307690,0.0306930,0.0307360,371781,1790732519999,11424.1508680,362,266515,8189.3041700,0
1790732520000,0.0307350,0.0307350,0.0306570,0.0306700,595251,1790732579999,18274.7102640,557,277155,8509.5138620,0
1790732580000,0.0306670,0.0308180,0.0306630,0.0307700,1437303,1790732639999,44210.3918290,1113,1007089,30972.3418840,0
1790732640000,0.0307690,0.0307730,0.0307250,0.0307730,295548,1790732699999,9087.8118660,378,72977,2244.1272460,0
1790732700000,0.0307710,0.0307710,0.0307020,0.0307080,254812,1790732759999,7832.1854690,398,57503,1767.2748270,0
1790732760000,0.0307120,0.0307490,0.0307120,0.0307260,194112,1790732819999,5966.9835600,295,126547,3890.1445600,0
1790732820000,0.0307250,0.0307330,0.0306970,0.0307190,193789,1790732879999,5952.8174350,298,89012,2733.6065400,0
1790732880000,0.0307170,0.0307530,0.0307150,0.0307270,217514,1790732939999,6684.8235680,331,77644,2386.2460780,0
1790732940000,0.0307250,0.0307510,0.0307180,0.0307390,582018,1790732999999,17888.1218610,353,402112,12357.7700110,0
1790733000000,0.0307380,0.0307570,0.0307370,0.0307450,129960,1790733059999,3996.3166870,177,42519,1307.5092360,0
1790733060000,0.0307450,0.0308460,0.0307110,0.0308320,446538,1790733119999,13754.7536890,572,172347,5306.5205110,0
1790733120000,0.0308350,0.0308760,0.0308170,0.0308510,310248,1790733179999,9573.3364530,398,100463,3099.7007940,0
1790733180000,0.0308500,0.0308620,0.0308320,0.0308600,108452,1790733239999,3344.7278840,212,47236,1456.9270000,0
1790733240000,0.0308620,0.0308620,0.0307990,0.0308090,423129,1790733299999,13047.2328820,451,61947,1909.7213200,0
1790733300000,0.0308080,0.0308170,0.0307810,0.0307900,380817,1790733359999,11731.9175020,272,23616,727.4995850,0
1790733360000,0.0307900,0.0307900,0.0307590,0.0307680,147632,1790733419999,4543.4672930,252,35563,1094.4917590,0
1790733420000,0.0307670,0.0308150,0.0307670,0.0308080,134160,1790733479999,4132.1027200,194,46784,1440.6624240,0
1790733480000,0.0308070,0.0308150,0.0307550,0.0307550,139619,1790733539999,4298.3160680,268,34831,1072.5924050,0
1790733540000,0.0307580,0.0307770,0.0307570,0.0307700,93428,1790733599999,2874.4269420,87,63785,1962.3271920,0
1790733600000,0.0307710,0.0308010,0.0307450,0.0308010,453838,1790733659999,13962.9746400,355,123492,3801.0551630,0
1790733660000,0.0307990,0.0309000,0.0307900,0.0308980,1082154,1790733719999,33406.8642150,925,470605,14524.7926050,0
1790733720000,0.0308970,0.0309200,0.0308250,0.0308550,1165397,1790733779999,35977.2853960,1014,535167,16526.3882910,0
1790733780000,0.0308540,0.0308540,0.0307220,0.0307220,367389,1790733839999,11314.6313020,609,24162,743.7794870,0
1790733840000,0.0307230,0.0307770,0.0307200,0.0307200,493470,1790733899999,15171.4309660,590,331568,10192.0856820,0
1790733900000,0.0307200,0.0307560,0.0307130,0.0307330,348487,1790733959999,10707.2063570,446,189477,5821.7534270,0
1790733960000,0.0307370,0.0308800,0.0307300,0.0308520,1040083,1790734019999,32041.0786120,682,706739,21789.5620950,0
1790734020000,0.0308520,0.0308690,0.0308370,0.0308450,344318,1790734079999,10622.3327730,327,69208,2135.1339070,0
1790734080000,0.0308460,0.0308570,0.0308300,0.0308320,125278,1790734139999,3863.9479730,291,50766,1565.9679340,0
1790734140000,0.0308330,0.0308590,0.0308270,0.0308330,214135,1790734199999,6604.7285920,333,50341,1552.6853120,0
1790734200000,0.0308320,0.0308400,0.0308060,0.0308240,123562,1790734259999,3808.9078370,256,29995,924.5308580,0
1790734260000,0.0308240,0.0308660,0.0308170,0.0308490,137103,1790734319999,4227.9844610,293,65002,2004.7577540,0
1790734320000,0.0308480,0.0308630,0.0308380,0.0308490,201810,1790734379999,6225.2982050,319,116130,3582.5763760,0
1790734380000,0.0308500,0.0308660,0.0308250,0.0308250,146484,1790734439999,4519.1124040,272,88975,2744.9883320,0
1790734440000,0.0308250,0.0308250,0.0307400,0.0307450,311555,1790734499999,9587.4443330,479,107771,3315.3179940,0
1790734500000,0.0307460,0.0307710,0.0307350,0.0307440,291449,1790734559999,8963.2012100,288,45323,1393.7913160,0
1790734560000,0.0307440,0.0308160,0.0307410,0.0307630,573276,1790734619999,17643.6742320,651,373692,11503.0231730,0
1790734620000,0.0307620,0.0307700,0.0307520,0.0307540,72410,1790734679999,2227.1719350,189,45705,1405.7982720,0
1790734680000,0.0307550,0.0307930,0.0307410,0.0307920,213165,1790734739999,6557.0798440,365,97736,3006.8102260,0
1790734740000,0.0307930,0.0308340,0.0307800,0.0308300,345486,1790734799999,10640.6556200,495,138452,4264.8079720,0
1790734800000,0.0308290,0.0309210,0.0308290,0.0309170,328642,1790734859999,10146.8437200,498,260221,8034.3874700,0
1790734860000,0.0309160,0.0309330,0.0308260,0.0308730,966302,1790734919999,29841.3823740,758,220768,6820.4874460,0
1790734920000,0.0308720,0.0309300,0.0308680,0.0309060,391060,1790734979999,12084.6893900,638,208378,6439.0910080,0
1790734980000,0.0309050,0.0309530,0.0308980,0.0309250,890916,1790735039999,27552.0843610,795,395517,12231.5702840,0
1790735040000,0.0309250,0.0310380,0.0309180,0.0309950,644955,1790735099999,19984.0587550,661,336856,10433.6079020,0
1790735100000,0.0309950,0.0309980,0.0309100,0.0309220,1264153,1790735159999,39145.4096480,575,177754,5502.0383870,0
1790735160000,0.0309210,0.0309230,0.0308820,0.0309080,314756,1790735219999,9725.0659940,354,228852,7070.4668140,0
1790735220000,0.0309020,0.0309020,0.0308440,0.0308440,343610,1790735279999,10609.2407190,408,119264,3682.2073480,0
1790735280000,0.0308430,0.0308430,0.0307340,0.0307470,674388,1790735339999,20750.7177170,818,256106,7880.3886050,0
1790735340000,0.0307470,0.0307950,0.0306510,0.0307770,1471252,1790735399999,45189.4034250,1089,645062,19827.9236810,0
1790735400000,0.0307770,0.0308430,0.0307550,0.0308220,1293335,1790735459999,39830.5719620,692,1136590,35003.1798200,0
1790735460000,0.0308200,0.0309300,0.0307950,0.0309280,2030102,1790735519999,62733.1100900,1409,1170339,36156.8931170,0
1790735520000,0.0309250,0.0309680,0.0308200,0.0308440,1118822,1790735579999,34580.8844570,1004,588413,18191.3786410,0
1790735580000,0.0308400,0.0308610,0.0308150,0.0308410,245450,1790735639999,7569.0135750,303,48286,1489.3177900,0
1790735640000,0.0308410,0.0308860,0.0308400,0.0308800,102879,1790735699999,3175.5855140,256,57689,1780.3336700,0
1790735700000,0.0308790,0.0309040,0.0308750,0.0309010,163066,1790735759999,5037.1169410,328,95122,2938.2956160,0
1790735760000,0.0308960,0.0310130,0.0308910,0.0310120,291971,1790735819999,9038.3190470,503,224756,6956.7988250,0
1790735820000,0.0310120,0.0310820,0.0310120,0.0310410,706955,1790735879999,21959.0817970,734,279195,8671.8351770,0
1790735880000,0.0310430,0.0310460,0.0309640,0.0310150,635354,1790735939999,19698.0841920,659,322631,10006.7569000,0
1790735940000,0.0310150,0.0310620,0.0309930,0.0309930,782119,1790735999999,24271.6635060,473,123661,3837.8827070,0
1790736000000,0.0309930,0.0310170,0.0309910,0.0310030,162004,1790736059999,5021.7579130,301,50539,1566.8166580,0
1790736060000,0.0310040,0.0310220,0.0309750,0.0309990,166183,1790736119999,5152.0486800,321,59369,1840.0943070,0
1790736120000,0.0309990,0.0310710,0.0309900,0.0310260,449964,1790736179999,13963.4329710,543,247709,7687.2449590,0
1790736180000,0.0310250,0.0310250,0.0309750,0.0309890,202873,1790736239999,6287.2545720,265,33303,1032.0373740,0
1790736240000,0.0309890,0.0310940,0.0309890,0.0310790,403627,1790736299999,12521.5191630,461,369086,11449.3223510,0
1790736300000,0.0310790,0.0311050,0.0310540,0.0310860,464574,1790736359999,14439.3197840,624,239029,7430.5212550,0
1790736360000,0.0310900,0.0311040,0.0310210,0.0310290,321194,1790736419999,9974.0229010,507,58563,1818.0565790,0
1790736420000,0.0310310,0.0310860,0.0309710,0.0310540,603615,1790736479999,18727.5171190,700,365365,11333.3096750,0
1790736480000,0.0310540,0.0310680,0.0309950,0.0310040,518837,1790736539999,16097.5094990,569,134188,4164.7844340,0
1790736540000,0.0310040,0.0310670,0.0310010,0.0310150,621655,1790736599999,19292.0316090,444,213201,6612.7857910,0
1790736600000,0.0310160,0.0310450,0.0309900,0.0310450,151250,1790736659999,4690.3444090,306,63719,1976.3077440,0
1790736660000,0.0310440,0.0310450,0.0310030,0.0310040,226916,1790736719999,7039.1971230,264,37069,1149.6967750,0
1790736720000,0.0310030,0.0310180,0.0309870,0.0310160,175499,1790736779999,5441.2686350,274,67820,2103.3008720,0
1790736780000,0.0310170,0.0310790,0.0310170,0.0310780,173280,1790736839999,5381.3713230,334,64758,2010.9973500,0
1790736840000,0.0310780,0.0311830,0.0310430,0.0311570,1383475,1790736899999,43039.0117300,676,1168390,36352.6750780,0
1790736900000,0.0311570,0.0312070,0.0311450,0.0312060,235419,1790736959999,7339.1911940,286,106232,3312.6847860,0
1790736960000,0.0312060,0.0312440,0.0311000,0.0311210,886695,1790737019999,27644.8708220,1004,337358,10520.4000670,0
1790737020000,0.0311190,0.0311190,0.0310270,0.0310700,818043,1790737079999,25423.6124830,830,236014,7335.4266620,0
1790737080000,0.0310700,0.0310850,0.0310190,0.0310740,152025,1790737139999,4722.1718920,303,53805,1671.0410820,0
1790737140000,0.0310740,0.0311060,0.0310650,0.0310900,182508,1790737199999,5674.1368630,263,74912,2328.9885410,0
1790737200000,0.0310910,0.0312060,0.0310910,0.0312060,700865,1790737259999,21831.3598540,712,470044,14638.2621260,0
1790737260000,0.0312060,0.0312250,0.0311400,0.0311680,984882,1790737319999,30715.9453270,762,173142,5400.6525860,0
1790737320000,0.0311680,0.0311750,0.0311200,0.0311420,912605,1790737379999,28421.7278020,825,555252,17294.6397370,0
1790737380000,0.0311420,0.0311580,0.0311060,0.0311510,241582,1790737439999,7521.8452390,359,86209,2682.9336440,0
1790737440000,0.0311510,0.0312080,0.0311510,0.0311930,660188,1790737499999,20582.9993160,431,308510,9616.4032390,0
1790737500000,0.0311930,0.0312000,0.0311770,0.0311770,252747,1790737559999,7882.7657320,233,21985,685.7699180,0
1790737560000,0.0311760,0.0312550,0.0311680,0.0312550,142301,1790737619999,4438.8378610,268,101921,3180.0062090,0
1790737620000,0.0312550,0.0313690,0.0312490,0.0313400,968098,1790737679999,30323.1571030,813,521327,16323.8725100,0
1790737680000,0.0313400,0.0315190,0.0313250,0.0314890,1794441,1790737739999,56369.7590900,1344,1039690,32653.0992690,0
1790737740000,0.0314850,0.0315190,0.0314360,0.0314360,790879,1790737799999,24905.3191450,764,196178,6178.5520850,0
1790737800000,0.0314400,0.0314830,0.0313830,0.0313830,1843684,1790737859999,57967.6853750,1236,587550,18481.2689630,0
1790737860000,0.0314010,0.0315010,0.0314010,0.0314810,882387,1790737919999,27763.5674740,617,649862,20445.3197260,0
1790737920000,0.0314810,0.0315020,0.0312900,0.0313320,1286568,1790737979999,40354.1548620,969,385808,12100.3577290,0
1790737980000,0.0313310,0.0314170,0.0312870,0.0313800,838459,1790738039999,26275.6711590,756,416387,13045.8641990,0
1790738040000,0.0313780,0.0313840,0.0312600,0.0312940,642019,1790738099999,20110.8566810,741,160810,5035.7710390,0
1790738100000,0.0312890,0.0313020,0.0311150,0.0311320,734776,1790738159999,22945.1252660,1013,172020,5376.6401060,0
1790738160000,0.0311360,0.0311650,0.0309640,0.0310250,1727530,1790738219999,53624.1097320,1696,672028,20860.4392160,0
1790738220000,0.0310250,0.0310750,0.0308550,0.0310510,1835319,1790738279999,56810.3160240,1630,599615,18554.4847350,0
1790738280000,0.0310430,0.0310650,0.0309570,0.0309860,531993,1790738339999,16496.1667400,850,205475,6371.5223700,0
1790738340000,0.0309880,0.0310540,0.0309670,0.0310310,487155,1790738399999,15104.1084920,664,250797,7776.1818920,0
1790738400000,0.0310320,0.0310850,0.0310250,0.0310680,375247,1790738459999,11654.7583610,530,153996,4783.6193030,0
1790738460000,0.0310700,0.0311460,0.0310700,0.0311160,833557,1790738519999,25931.4134030,678,236873,7368.2445220,0
1790738520000,0.0311160,0.0311510,0.0310880,0.0311010,555711,1790738579999,17292.8062730,522,208971,6503.2380830,0
1790738580000,0.0311010,0.0311500,0.0310440,0.0311500,398605,1790738639999,12391.3138960,581,189329,5886.9724450,0
1790738640000,0.0311500,0.0312160,0.0311500,0.0311640,559076,1790738699999,17433.5923380,764,344872,10755.7754570,0
1790738700000,0.0311640,0.0312090,0.0311460,0.0311700,419698,1790738759999,13083.8310190,694,153385,4782.2616860,0
1790738760000,0.0311700,0.0311700,0.0311080,0.0311640,314803,1790738819999,9803.6124860,439,133922,4171.4448460,0
1790738820000,0.0311640,0.0311790,0.0311450,0.0311720,191964,1790738879999,5982.4432050,330,48941,1525.3410190,0
1790738880000,0.0311710,0.0311920,0.0311310,0.0311680,377739,1790738939999,11772.5832490,524,147829,4608.0306680,0
1790738940000,0.0311680,0.0311940,0.0311370,0.0311820,305351,1790738999999,9513.7986590,454,96688,3012.7651100,0
1790739000000,0.0311810,0.0311980,0.0311570,0.0311890,155387,1790739059999,4845.1760730,321,70727,2205.4269980,0
1790739060000,0.0311870,0.0312690,0.0311760,0.0312600,585530,1790739119999,18280.0485580,749,279667,8730.6003400,0
1790739120000,0.0312580,0.0312580,0.0311200,0.0311220,1826424,1790739179999,57010.2817370,845,222724,6943.9996810,0
1790739180000,0.0311220,0.0311890,0.0311190,0.0311350,696810,1790739239999,21698.7838830,759,253691,7898.6453300,0
1790739240000,0.0311300,0.0311380,0.0310960,0.0311030,307844,1790739299999,9579.0287350,489,129923,4043.1780230,0
1790739300000,0.0311060,0.0311250,0.0310710,0.0310970,325097,1790739359999,10107.0184070,441,115729,3598.3712680,0
1790739360000,0.0310930,0.0311550,0.0310670,0.0311440,316358,1790739419999,9840.6346150,449,230829,7179.8616090,0
1790739420000,0.0311440,0.0312020,0.0311420,0.0311430,435048,1790739479999,13562.1600010,450,143124,4461.1062970,0
1790739480000,0.0311410,0.0311730,0.0311350,0.0311400,397384,1790739539999,12377.2352130,389,340839,10615.8921520,0
1790739540000,0.0311400,0.0311640,0.0311350,0.0311410,146531,1790739599999,4564.3839500,223,114682,3572.3500690,0
1790739600000,0.0311420,0.0311700,0.0311350,0.0311700,132395,1790739659999,4123.4472680,295,80781,2516.1181020,0
1790739660000,0.0311670,0.0312030,0.0311620,0.0312000,124998,1790739719999,3898.1712280,302,93763,2924.1039470,0
1790739720000,0.0311990,0.0311990,0.0311780,0.0311790,84389,1790739779999,2631.8023850,208,44581,1390.3366200,0
1790739780000,0.0311810,0.0311820,0.0311000,0.0311110,480363,1790739839999,14949.7826910,352,119161,3707.9062900,0
1790739840000,0.0311110,0.0311380,0.0311100,0.0311200,333675,1790739899999,10385.2043830,412,236441,7359.2119760,0
1790739900000,0.0311190,0.0311200,0.0310280,0.0310300,360084,1790739959999,11187.9228860,462,29246,908.8776280,0
1790739960000,0.0310310,0.0310380,0.0309640,0.0309960,519827,1790740019999,16113.9400070,668,135303,4193.8147800,0
1790740020000,0.0309970,0.0310210,0.0309710,0.0309740,317002,1790740079999,9824.6059000,424,122779,3804.8915600,0
1790740080000,0.0309730,0.0309730,0.0308960,0.0309380,535630,1790740139999,16564.5815460,579,157426,4869.9596550,0
1790740140000,0.0309370,0.0309380,0.0308990,0.0309110,493631,1790740199999,15257.7179290,379,361446,11171.2969910,0
1790740200000,0.0309100,0.0309580,0.0308880,0.0309220,357711,1790740259999,11061.9334400,484,189755,5866.9759750,0
1790740260000,0.0309220,0.0309300,0.0308850,0.0309110,324709,1790740319999,10037.0334780,454,126234,3902.8139670,0
1790740320000,0.0309110,0.0309270,0.0308710,0.0308830,407211,1790740379999,12580.5059480,406,200413,6191.6174090,0
1790740380000,0.0308820,0.0309200,0.0308780,0.0309090,374764,1790740439999,11578.9658500,454,257918,7968.6667900,0
1790740440000,0.0309080,0.0309820,0.0309020,0.0309020,775681,1790740499999,23995.0380510,600,626023,19366.7882110,0
1790740500000,0.0309020,0.0309250,0.0308830,0.0308830,389809,1790740559999,12046.2864070,416,88611,2738.8654410,0
1790740560000,0.0308840,0.0309650,0.0308650,0.0309360,649071,1790740619999,20051.3506170,608,358575,11079.3069640,0
1790740620000,0.0309370,0.0309870,0.0309020,0.0309060,859999,1790740679999,26611.8176020,622,583277,18051.6340140,0
1790740680000,0.0309070,0.0309080,0.0308190,0.0308190,747417,1790740739999,23065.7864760,538,121156,3741.3087600,0
1790740740000,0.0308180,0.0308550,0.0307700,0.0308470,969993,1790740799999,29876.4377310,771,551541,16991.8954760,0
1790740800000,0.0308450,0.0310000,0.0308360,0.0309240,889909,1790740859999,27527.5715470,984,616502,19067.7072610,0
1790740860000,0.0309240,0.0309690,0.0308760,0.0308820,797197,1790740919999,24649.0643270,629,367848,11376.2208840,0
1790740920000,0.0308810,0.0309240,0.0308550,0.0309080,1113902,1790740979999,34408.0532330,779,723166,22336.1773120,0
1790740980000,0.0309060,0.0309720,0.0308820,0.0309170,462405,1790741039999,14293.4828480,645,258139,7977.0511500,0
1790741040000,0.0309200,0.0309970,0.0309190,0.0309760,915698,1790741099999,28362.7175830,673,522330,16177.7880160,0
1790741100000,0.0309750,0.0309760,0.0309140,0.0309140,449453,1790741159999,13911.3273910,495,189616,5869.4964570,0
1790741160000,0.0309150,0.0309290,0.0308820,0.0309160,469200,1790741219999,14499.5435530,543,113614,3511.3393100,0
1790741220000,0.0309160,0.0309160,0.0308710,0.0308850,447871,1790741279999,13832.2167320,347,237442,7332.0499050,0
1790741280000,0.0308830,0.0309010,0.0308660,0.0308660,512236,1790741339999,15819.0298750,405,357244,11032.7263450,0
1790741340000,0.0308660,0.0309090,0.0308540,0.0308580,594260,1790741399999,18353.2490840,438,440685,13611.1612040,0
1790741400000,0.0308580,0.0308880,0.0308350,0.0308470,283468,1790741459999,8748.2422010,567,75413,2326.8475050,0
1790741460000,0.0308470,0.0308820,0.0308450,0.0308540,255028,1790741519999,7870.8158680,443,112521,3473.4051010,0
1790741520000,0.0308470,0.0309260,0.0308230,0.0308350,1189837,1790741579999,36738.0608670,828,784537,24229.0541160,0
1790741580000,0.0308350,0.0308840,0.0308270,0.0308470,638620,1790741639999,19708.7883870,409,368862,11382.6605970,0
1790741640000,0.0308440,0.0309180,0.0308120,0.0308690,1235517,1790741699999,38140.1607010,796,777226,23993.0050420,0
1790741700000,0.0308680,0.0309060,0.0308620,0.0308650,430640,1790741759999,13302.3152650,380,300088,9270.4476420,0
1790741760000,0.0308640,0.0309080,0.0308190,0.0308540,1179562,1790741819999,36406.0319790,785,927252,28621.4152030,0
1790741820000,0.0308550,0.0308710,0.0308130,0.0308270,810252,1790741879999,24986.7185550,637,250761,7733.9337180,0
1790741880000,0.0308260,0.0308880,0.0308250,0.0308550,635393,1790741939999,19597.7542240,504,438161,13514.0427870,0
1790741940000,0.0308530,0.0308600,0.0308370,0.0308410,587337,1790741999999,18116.9742080,319,277986,8573.8972830,0
1790742000000,0.0308400,0.0308590,0.0308100,0.0308510,378088,1790742059999,11658.0800280,367,211593,6524.3543680,0
1790742060000,0.0308510,0.0308600,0.0308040,0.0308280,1000084,1790742119999,30824.7251960,499,653959,20156.0352900,0
1790742120000,0.0308270,0.0308850,0.0308080,0.0308650,474655,1790742179999,14640.5213910,472,305425,9423.2760780,0
1790742180000,0.0308620,0.0308620,0.0308110,0.0308420,552125,1790742239999,17025.1657740,356,301604,9301.7567630,0
1790742240000,0.0308420,0.0308420,0.0307930,0.0308310,618724,1790742299999,19064.7143590,485,257139,7922.3560220,0
1790742300000,0.0308300,0.0308600,0.0308110,0.0308480,213177,1790742359999,6571.7936720,295,140410,4328.8057230,0
1790742360000,0.0308470,0.0308470,0.0308230,0.0308370,229482,1790742419999,7075.2557690,248,125642,3873.4881490,0
1790742420000,0.0308370,0.0308370,0.0308050,0.0308060,267760,1790742479999,8252.4851100,282,185238,5709.0970680,0
1790742480000,0.0308050,0.0308050,0.0307890,0.0308040,265945,1790742539999,8190.2325040,275,103645,3191.6350910,0
1790742540000,0.0308040,0.0308790,0.0307850,0.0308690,822288,1790742599999,25345.6682700,464,430005,13257.8229020,0
1790742600000,0.0308680,0.0309240,0.0308240,0.0309210,812219,1790742659999,25059.3449790,689,294442,9084.7887120,0
1790742660000,0.0309220,0.0311190,0.0309130,0.0311170,1012242,1790742719999,31422.4971900,1089,606675,18831.1668370,0
1790742720000,0.0311180,0.0311430,0.0310730,0.0311430,531155,1790742779999,16522.3613090,511,275688,8577.3158870,0
1790742780000,0.0311440,0.0312280,0.0311440,0.0311790,665705,1790742839999,20770.0093870,476,228764,7135.9650280,0
1790742840000,0.0311820,0.0312250,0.0311150,0.0311150,451763,1790742899999,14091.0295570,487,169853,5298.2780810,0
1790742900000,0.0311150,0.0311420,0.0310440,0.0311420,659890,1790742959999,20515.3694990,734,325790,10128.5864510,0
1790742960000,0.0311430,0.0311500,0.0311030,0.0311140,214970,1790743019999,6691.7019630,355,82572,2570.6009770,0
1790743020000,0.0311150,0.0311210,0.0310690,0.0310840,561979,1790743079999,17477.7791620,320,75244,2340.6507520,0
1790743080000,0.0310860,0.0312020,0.0310860,0.0311790,453425,1790743139999,14123.0305430,452,303812,9457.7842180,0
1790743140000,0.0311790,0.0311870,0.0311410,0.0311520,181271,1790743199999,5650.1738920,136,33706,1050.4263900,0
1790743200000,0.0311520,0.0311580,0.0311000,0.0311310,485365,1790743259999,15108.8374470,415,196634,6122.5712130,0
1790743260000,0.0311310,0.0312520,0.0311190,0.0311960,1453659,1790743319999,45367.9546350,793,1046526,32660.5025880,0
1790743320000,0.0311950,0.0311970,0.0311050,0.0311260,880908,1790743379999,27426.7677190,513,223821,6973.0465510,0
1790743380000,0.0311210,0.0311960,0.0311210,0.0311840,187205,1790743439999,5835.5238260,246,135713,4230.3409100,0
1790743440000,0.0311850,0.0313120,0.0311850,0.0312990,826214,1790743499999,25815.9183480,685,578782,18084.1438600,0
1790743500000,0.0313000,0.0313200,0.0312150,0.0312150,911827,1790743559999,28521.5563330,743,503544,15753.1103760,0
1790743560000,0.0312150,0.0313250,0.0312150,0.0313120,421828,1790743619999,13193.4869250,422,195457,6112.7254380,0
1790743620000,0.0313130,0.0314340,0.0312840,0.0312840,1306430,1790743679999,40964.4975690,1009,679013,21295.4947420,0
1790743680000,0.0312840,0.0313010,0.0312340,0.0312680,938231,1790743739999,29336.6857610,683,152664,4773.5930780,0
1790743740000,0.0312680,0.0313330,0.0312640,0.0313230,591388,1790743799999,18511.0858510,515,305934,9575.6426640,0
1790743800000,0.0313240,0.0313240,0.0312040,0.0312500,634466,1790743859999,19825.5758970,572,235974,7372.2502760,0
1790743860000,0.0312510,0.0312630,0.0311690,0.0312270,986697,1790743919999,30816.1680170,691,369238,11531.5240100,0
1790743920000,0.0312310,0.0312720,0.0311930,0.0312170,1200002,1790743979999,37472.9888750,771,413970,12927.3256860,0
1790743980000,0.0312240,0.0313100,0.0312020,0.0312930,1652184,1790744039999,51621.9978720,1086,815141,25478.2390170,0
1790744040000,0.0312940,0.0313580,0.0312930,0.0313340,2175988,1790744099999,68151.8622100,1008,1417949,44405.5193580,0
1790744100000,0.0313330,0.0313330,0.0312700,0.0312700,810107,1790744159999,25352.7510700,528,209298,6547.7738400,0
1790744160000,0.0312690,0.0312790,0.0312080,0.0312280,1081362,1790744219999,33789.6490300,746,276236,8634.8039040,0
1790744220000,0.0312270,0.0315240,0.0311820,0.0314630,3725879,1790744279999,116864.0312790,2201,2576368,80794.9103250,0
1790744280000,0.0314660,0.0314770,0.0313470,0.0313770,1057620,1790744339999,33211.3137550,924,354293,11127.8392080,0
1790744340000,0.0313760,0.0317590,0.0313620,0.0317170,2828067,1790744399999,89390.7327950,2388,1400033,44244.3815290,0
1790744400000,0.0317250,0.0318370,0.0315050,0.0315860,3956362,1790744459999,125327.4914470,3643,2409093,76311.0456120,0
1790744460000,0.0315870,0.0318410,0.0315870,0.0317970,3133288,1790744519999,99470.9065590,2889,1391135,44147.4753350,0
1790744520000,0.0317980,0.0318740,0.0317430,0.0318410,2619028,1790744579999,83268.7451690,2363,1288297,40975.1916500,0
1790744580000,0.0318410,0.0318910,0.0317400,0.0317960,2348979,1790744639999,74710.9848390,2061,953290,30317.7567340,0
1790744640000,0.0317950,0.0318320,0.0317500,0.0317580,1205857,1790744699999,38339.1476170,1201,428737,13631.5264250,0
1790744700000,0.0317620,0.0318390,0.0317260,0.0318330,1181556,1790744759999,37542.8134660,1179,733341,23296.9649850,0
1790744760000,0.0318360,0.0319820,0.0317690,0.0317690,2148586,1790744819999,68528.9208020,2023,676799,21594.0637370,0
1790744820000,0.0317690,0.0318940,0.0317690,0.0318830,898240,1790744879999,28575.3238460,909,374102,11900.8964700,0
1790744880000,0.0318840,0.0318990,0.0317500,0.0318240,1790032,1790744939999,56992.2777030,1405,609407,19401.5126700,0
1790744940000,0.0318260,0.0319850,0.0318260,0.0319710,1314501,1790744999999,41964.2731500,1443,624523,19930.7055600,0
1790745000000,0.0319720,0.0319820,0.0318720,0.0318850,1224182,1790745059999,39092.8450350,1152,370916,11840.4944410,0
1790745060000,0.0318850,0.0319340,0.0318210,0.0318390,1236480,1790745119999,39413.8691490,1393,518124,16517.1329570,0
1790745120000,0.0318460,0.0319170,0.0317800,0.0318140,924764,1790745179999,29463.8838440,1262,290026,9239.8426370,0
1790745180000,0.0318200,0.0318720,0.0317770,0.0318350,1281774,1790745239999,40781.6403640,1180,210288,6692.0826840,0
1790745240000,0.0318360,0.0318750,0.0317960,0.0318170,698165,1790745299999,22224.0236140,924,263274,8380.7128870,0
1790745300000,0.0318180,0.0318180,0.0317130,0.0317410,1158366,1790745359999,36787.0990340,1321,341260,10840.2455920,0
1790745360000,0.0317340,0.0318210,0.0316820,0.0317690,1051000,1790745419999,33362.2716020,1602,490360,15569.2098280,0
1790745420000,0.0317680,0.0318900,0.0317570,0.0318500,1105551,1790745479999,35214.7931450,1155,608954,19397.7373550,0
1790745480000,0.0318480,0.0318970,0.0318120,0.0318120,699437,1790745539999,22285.8610930,863,179822,5730.0572180,0
1790745540000,0.0318110,0.0319300,0.0317430,0.0319040,1069994,1790745599999,34082.3170460,1178,612595,19517.2549250,0
1790745600000,0.0319020,0.0319020,0.0317640,0.0317640,552186,1790745659999,17579.3212040,945,207729,6614.3385220,0
1790745660000,0.0317630,0.0318880,0.0317430,0.0318680,643273,1790745719999,20470.8201640,864,262339,8348.5879910,0
1790745720000,0.0318670,0.0318670,0.0317950,0.0318210,561844,1790745779999,17879.4704590,808,189215,6021.7121210,0
1790745780000,0.0318200,0.0319440,0.0318200,0.0318780,1038537,1790745839999,33134.0963310,903,491713,15686.8820220,0
1790745840000,0.0318790,0.0319000,0.0317850,0.0318360,550850,1790745899999,17540.7344070,892,207988,6622.0546880,0
1790745900000,0.0318370,0.0319860,0.0318360,0.0319570,1130170,1790745959999,36050.1074850,1017,735584,23463.5556240,0
1790745960000,0.0319570,0.0320880,0.0319420,0.0320250,2101287,1790746019999,67264.0868560,1940,1105340,35388.8224360,0
1790746020000,0.0320250,0.0321150,0.0319860,0.0320600,1499620,1790746079999,48052.1738470,1475,506888,16251.4061000,0
1790746080000,0.0320590,0.0321300,0.0320140,0.0321030,1101340,1790746139999,35332.7192790,1287,468680,15037.4981620,0
1790746140000,0.0321080,0.0321240,0.0320590,0.0320910,1031547,1790746199999,33112.2901960,932,379754,12188.6440610,0
1790746200000,0.0320890,0.0322000,0.0320550,0.0321800,1618188,1790746259999,52025.7080390,1388,1034424,33257.4715590,0
1790746260000,0.0321790,0.0322260,0.0321030,0.0321990,816529,1790746319999,26273.9029050,1152,233620,7517.4101590,0
1790746320000,0.0321990,0.0322240,0.0321660,0.0322200,1195741,1790746379999,38502.9795790,1128,405129,13044.0580360,0
1790746380000,0.0322200,0.0322820,0.0321550,0.0321680,1124619,1790746439999,36241.0744270,1129,376161,12123.4067980,0
1790746440000,0.0321660,0.0321740,0.0320940,0.0321390,809370,1790746499999,26010.5373220,1179,362148,11639.2972080,0
1790746500000,0.0321390,0.0322590,0.0321350,0.0322400,880770,1790746559999,28381.9305410,1057,454194,14635.9896080,0
1790746560000,0.0322390,0.0322390,0.0321690,0.0322050,651391,1790746619999,20976.3282440,789,242774,7816.0745150,0
1790746620000,0.0322050,0.0322500,0.0321420,0.0321540,893442,1790746679999,28773.3768580,899,270086,8701.9487800,0
1790746680000,0.0321530,0.0322600,0.0321400,0.0322270,1954108,1790746739999,62905.6428110,1220,1177964,37911.6419300,0
1790746740000,0.0322270,0.0323870,0.0322260,0.0323130,1753043,1790746799999,56658.1146190,1458,690168,22307.3565930,0
1790746800000,0.0323160,0.0323550,0.0322790,0.0322930,1243996,1790746859999,40197.8661040,1386,567995,18354.6545480,0
1790746860000,0.0322920,0.0323660,0.0322870,0.0323380,1423840,1790746919999,46039.8039080,1246,775358,25071.7053890,0
1790746920000,0.0323390,0.0323620,0.0322900,0.0323340,625524,1790746979999,20223.9873770,823,236748,7655.5834230,0
1790746980000,0.0323310,0.0323850,0.0322990,0.0322990,952886,1790747039999,30819.5890550,1069,412474,13340.9225550,0
1790747040000,0.0322980,0.0323680,0.0322630,0.0322860,1236759,1790747099999,39955.9151730,1128,543170,17552.6244380,0
1790747100000,0.0322870,0.0325240,0.0322870,0.0324620,1693025,1790747159999,54869.7943210,1806,1219252,39513.8454460,0
1790747160000,0.0324630,0.0326150,0.0324630,0.0325280,2134577,1790747219999,69502.0850200,2167,987547,32156.3009340,0
1790747220000,0.0325370,0.0325830,0.0323120,0.0323590,2055803,1790747279999,66669.1782380,1595,549466,17844.4277390,0
1790747280000,0.0323610,0.0324510,0.0323260,0.0324460,849558,1790747339999,27501.7681570,920,295877,9582.7598980,0
1790747340000,0.0324460,0.0325170,0.0324000,0.0324930,865047,1790747399999,28082.9340820,988,512888,16653.1373820,0
1790747400000,0.0324920,0.0326340,0.0324910,0.0325930,1956499,1790747459999,63736.7141220,1609,1283591,41811.9317650,0
1790747460000,0.0325940,0.0326000,0.0325080,0.0325850,1134117,1790747519999,36919.5236360,1178,692599,22543.2330110,0
1790747520000,0.0325830,0.0326160,0.0325570,0.0325970,801702,1790747579999,26130.2475790,902,350538,11427.6240260,0
1790747580000,0.0325970,0.0325970,0.0324520,0.0324680,1871271,1790747639999,60850.1097910,1303,589155,19161.2465580,0
1790747640000,0.0324650,0.0325640,0.0324650,0.0325440,840218,1790747699999,27329.6899150,758,312309,10154.0399420,0
1790747700000,0.0325430,0.0326140,0.0325170,0.0325910,759078,1790747759999,24719.6460090,793,294404,9587.6580980,0
1790747760000,0.0325910,0.0325920,0.0324310,0.0324350,1478468,1790747819999,48106.5684460,1029,387179,12600.4830950,0
1790747820000,0.0324380,0.0325050,0.0323760,0.0324000,1322989,1790747879999,42916.4366690,1151,731995,23749.8460590,0
1790747880000,0.0324000,0.0324450,0.0323740,0.0324100,569226,1790747939999,18446.7552790,714,175479,5687.1836490,0
1790747940000,0.0324100,0.0324380,0.0323750,0.0323970,639816,1790747999999,20730.7659020,536,395610,12818.5392080,0
1790748000000,0.0323930,0.0324880,0.0323900,0.0324880,1015872,1790748059999,32958.0387780,1038,355377,11529.9396620,0
1790748060000,0.0324880,0.0325320,0.0324500,0.0325260,1118683,1790748119999,36349.5199920,1124,663947,21572.2014040,0
1790748120000,0.0325260,0.0327500,0.0324010,0.0327160,3096029,1790748179999,100889.0000660,2779,2184909,71235.8666340,0
1790748180000,0.0327130,0.0327940,0.0326510,0.0327150,2161345,1790748239999,70721.2647240,1798,1354626,44334.9004990,0
1790748240000,0.0327110,0.0327730,0.0326540,0.0327380,1105275,1790748299999,36148.8007640,1187,647069,21164.9117470,0
1790748300000,0.0327410,0.0327900,0.0326950,0.0327780,1541303,1790748359999,50488.1694040,1467,710597,23278.8248220,0
1790748360000,0.0327770,0.0328740,0.0327720,0.0327890,2324920,1790748419999,76300.3258730,2115,1291955,42407.4859500,0
1790748420000,0.0327950,0.0328050,0.0326790,0.0327100,1416535,1790748479999,46356.0089560,1393,677999,22180.4953620,0
1790748480000,0.0327110,0.0327490,0.0325720,0.0326060,1334308,1790748539999,43607.9635050,1489,417831,13659.2071540,0
1790748540000,0.0326060,0.0326450,0.0325280,0.0325540,1097005,1790748599999,35733.8762700,1299,320615,10447.6997610,0
1790748600000,0.0325590,0.0327360,0.0325410,0.0327240,1488683,1790748659999,48557.0245990,1532,975145,31820.7674120,0
1790748660000,0.0327240,0.0327380,0.0325570,0.0327100,1845902,1790748719999,60279.9741860,1362,1136059,37094.1780790,0
1790748720000,0.0327100,0.0328000,0.0325760,0.0326360,2557143,1790748779999,83714.0886860,1627,551562,18045.8205890,0
1790748780000,0.0326380,0.0326650,0.0326020,0.0326020,817489,1790748839999,26681.4740230,871,278062,9073.6455830,0
1790748840000,0.0326060,0.0326990,0.0325330,0.0326780,1392464,1790748899999,45391.9427920,1561,810426,26424.8540250,0
1790748900000,0.0326780,0.0327240,0.0326540,0.0326740,659155,1790748959999,21543.1574080,918,357494,11684.6716950,0
1790748960000,0.0326800,0.0327020,0.0323570,0.0323650,2295475,1790749019999,74654.9368360,2340,776461,25296.4996970,0
1790749020000,0.0323640,0.0324730,0.0322650,0.0323710,3628210,1790749079999,117326.7612810,3043,1821371,58909.8856530,0
1790749080000,0.0323710,0.0324410,0.0322790,0.0323290,2860302,1790749139999,92516.3126550,1986,856270,27701.0763180,0
1790749140000,0.0323280,0.0323620,0.0321490,0.0322250,2385093,1790749199999,76910.2579680,1590,591511,19088.3284400,0
1790749200000,0.0322210,0.0325970,0.0322210,0.0325600,1973699,1790749259999,63916.8315290,1933,1343613,43510.1443140,0
1790749260000,0.0325610,0.0326150,0.0324820,0.0325310,1437980,1790749319999,46796.2827820,1885,527248,17162.7766940,0
1790749320000,0.0325400,0.0326190,0.0324990,0.0326040,908780,1790749379999,29568.0723560,1284,435798,14182.8772750,0
1790749380000,0.0326120,0.0326470,0.0325260,0.0326290,531858,1790749439999,17338.3118470,942,336117,10956.6543890,0
1790749440000,0.0326290,0.0327230,0.0325980,0.0326090,1180838,1790749499999,38581.9871330,1248,703196,22977.0439800,0
1790749500000,0.0326040,0.0326560,0.0325420,0.0326420,575069,1790749559999,18748.1121510,1096,340959,11115.6247850,0
1790749560000,0.0326360,0.0326730,0.0324740,0.0325090,1063713,1790749619999,34663.9069470,1421,459958,14998.0658430,0
1790749620000,0.0325090,0.0326430,0.0324690,0.0325930,813144,1790749679999,26471.9964540,1120,532477,17341.6222880,0
1790749680000,0.0325970,0.0326660,0.0325620,0.0326600,2202745,1790749739999,71835.9177930,1446,1767679,57646.6480270,0
1790749740000,0.0326660,0.0328350,0.0326510,0.0327490,1546840,1790749799999,50659.9382290,1543,922773,30235.7052170,0
1790749800000,0.0327490,0.0328020,0.0325660,0.0325960,2275481,1790749859999,74459.2081970,2155,1313102,42984.4790670,0
1790749860000,0.0325940,0.0325990,0.0324660,0.0324660,1066164,1790749919999,34653.6619610,1670,447532,14546.6468460,0
1790749920000,0.0324650,0.0325160,0.0324040,0.0324230,1040819,1790749979999,33783.9463820,1550,333513,10826.6020960,0
1790749980000,0.0324230,0.0324250,0.0323410,0.0323830,885822,1790750039999,28685.3757900,1406,578235,18725.8651020,0
1790750040000,0.0323830,0.0324020,0.0322670,0.0323330,1160621,1790750099999,37515.0770040,1600,474766,15349.1641180,0
1790750100000,0.0323260,0.0323950,0.0322460,0.0323620,2655120,1790750159999,85792.4404240,1817,1971689,63714.8128800,0
1790750160000,0.0323620,0.0325000,0.0323550,0.0324820,3751284,1790750219999,121613.1770550,1680,2710214,87845.6496160,0
1790750220000,0.0324830,0.0325190,0.0324170,0.0324360,401165,1790750279999,13018.2615220,741,219296,7116.7162520,0
1790750280000,0.0324350,0.0324480,0.0322670,0.0323060,2808146,1790750339999,90871.9843340,1921,911569,29516.8282050,0
1790750340000,0.0323120,0.0324640,0.0322740,0.0323930,2376154,1790750399999,76929.3024340,1923,1624705,52603.8671000,0
1790750400000,0.0323910,0.0324200,0.0323330,0.0324060,553642,1790750459999,17926.3775550,1036,311239,10077.9596920,0
1790750460000,0.0324060,0.0324800,0.0323370,0.0324480,1272355,1790750519999,41266.0742440,1267,399211,12943.1710160,0
1790750520000,0.0324450,0.0324950,0.0324170,0.0324280,750585,1790750579999,24361.0413120,891,530393,17217.0041730,0
1790750580000,0.0324290,0.0324480,0.0323440,0.0323970,521424,1790750639999,16887.9768310,857,223052,7226.5040080,0
1790750640000,0.0323970,0.0325840,0.0323970,0.0325120,936853,1790750699999,30468.0435700,1354,645097,20979.4409320,0
1790750700000,0.0325120,0.0325180,0.0323970,0.0324100,434222,1790750759999,14092.2328830,733,182272,5915.8157870,0
1790750760000,0.0324110,0.0324690,0.0324050,0.0324670,416723,1790750819999,13516.8052760,657,296286,9609.9345430,0
1790750820000,0.0324670,0.0325000,0.0323640,0.0323840,445317,1790750879999,14434.7188450,709,127909,4146.4687210,0
1790750880000,0.0323830,0.0324420,0.0323320,0.0324070,707241,1790750939999,22901.3755600,906,219289,7104.4223020,0
1790750940000,0.0323990,0.0324100,0.0323290,0.0323740,693238,1790750999999,22433.8446980,847,197107,6379.6887210,0
1790751000000,0.0323720,0.0323780,0.0323290,0.0323480,444517,1790751059999,14382.8687610,608,110380,3572.3408510,0
1790751060000,0.0323470,0.0323650,0.0323150,0.0323650,668948,1790751119999,21634.5377510,700,281186,9093.5266430,0
1790751120000,0.0323640,0.0324000,0.0322710,0.0324000,1107175,1790751179999,35800.3127540,887,594212,19221.5809760,0
1790751180000,0.0324000,0.0324420,0.0323710,0.0324040,846303,1790751239999,27434.6194220,896,286528,9287.1286290,0
1790751240000,0.0324050,0.0324240,0.0323140,0.0323140,608335,1790751299999,19697.3894610,713,216170,7002.2327010,0
1790751300000,0.0323130,0.0323940,0.0320910,0.0322330,3872943,1790751359999,124934.3498980,2593,2001265,64586.6079910,0
1790751360000,0.0322180,0.0322300,0.0317080,0.0318810,9543969,1790751419999,304002.2964920,3662,2911661,92666.6498070,0
1790751420000,0.0318800,0.0319480,0.0318320,0.0319140,1479254,1790751479999,47175.9547110,1363,656315,20930.4409560,0
1790751480000,0.0319130,0.0319640,0.0318070,0.0318300,1077680,1790751539999,34347.0391340,877,443225,14127.1562380,0
1790751540000,0.0318310,0.0319620,0.0318310,0.0319000,1859035,1790751599999,59324.8560160,1418,714110,22785.2248980,0
1790751600000,0.0319000,0.0320090,0.0318860,0.0319700,1523360,1790751659999,48659.3254600,1494,762292,24353.2712280,0
1790751660000,0.0319700,0.0320940,0.0319000,0.0320730,1546189,1790751719999,49488.2915710,1328,892114,28553.5865700,0
1790751720000,0.0320720,0.0321950,0.0320540,0.0321670,1384024,1790751779999,44460.1546620,956,870996,27980.4159270,0
1790751780000,0.0321670,0.0323050,0.0321530,0.0321790,1796018,1790751839999,57887.3667950,1490,861604,27771.2489710,0
1790751840000,0.0321790,0.0322820,0.0321540,0.0322550,887496,1790751899999,28609.4776940,1043,580274,18707.4186340,0
1790751900000,0.0322550,0.0323850,0.0322400,0.0323850,713807,1790751959999,23065.2395330,995,334008,10796.1298580,0
1790751960000,0.0323860,0.0323870,0.0322890,0.0323530,515612,1790752019999,16677.2687260,927,199551,6452.2696090,0
1790752020000,0.0323520,0.0323760,0.0323250,0.0323370,407126,1790752079999,13169.6369190,704,221795,7174.6903060,0
1790752080000,0.0323360,0.0323550,0.0323000,0.0323480,333762,1790752139999,10788.8180650,537,162984,5268.5223380,0
1790752140000,0.0323490,0.0324800,0.0323400,0.0324800,611528,1790752199999,19797.2501050,819,368783,11943.1110770,0
1790752200000,0.0324810,0.0325680,0.0324730,0.0325130,1334971,1790752259999,43405.5302960,1555,881769,28671.7065680,0
1790752260000,0.0325150,0.0325610,0.0324320,0.0324730,947410,1790752319999,30785.1534090,1152,202598,6582.7306530,0
1790752320000,0.0324710,0.0325690,0.0324400,0.0325430,675304,1790752379999,21964.0559160,866,443019,14410.3703710,0
1790752380000,0.0325420,0.0325420,0.0324080,0.0324370,538758,1790752439999,17490.8407070,818,178568,5801.2508430,0
1790752440000,0.0324380,0.0324470,0.0322900,0.0323520,786519,1790752499999,25441.6376620,703,239495,7748.8716920,0
1790752500000,0.0323480,0.0324500,0.0323370,0.0324490,592721,1790752559999,19217.6495730,779,395814,12833.9170150,0
1790752560000,0.0324480,0.0325250,0.0324190,0.0324940,855267,1790752619999,27774.1918710,980,654931,21265.1879770,0
1790752620000,0.0324920,0.0325310,0.0324510,0.0324780,463545,1790752679999,15063.4937190,573,348219,11317.0619750,0
1790752680000,0.0324780,0.0324790,0.0323800,0.0323990,858824,1790752739999,27848.4315320,867,366518,11887.1731280,0
1790752740000,0.0323980,0.0324130,0.0323270,0.0323470,561861,1790752799999,18186.2701400,836,206247,6676.8716490,0
1790752800000,0.0323400,0.0324990,0.0322830,0.0324900,1401070,1790752859999,45351.8042850,1190,962780,31173.9177250,0
1790752860000,0.0324910,0.0325840,0.0324840,0.0325320,500197,1790752919999,16269.6293980,922,275222,8951.8864310,0
1790752920000,0.0325370,0.0325480,0.0324670,0.0324990,610170,1790752979999,19837.6768560,616,96525,3138.0651030,0
1790752980000,0.0324940,0.0325980,0.0324350,0.0325980,574394,1790753039999,18666.3013440,765,283761,9225.5113370,0
1790753040000,0.0325980,0.0326210,0.0325450,0.0325990,403040,1790753099999,13133.8991950,665,195985,6388.0131990,0
1790753100000,0.0325980,0.0326810,0.0325980,0.0326690,1001440,1790753159999,32701.5842690,1027,698982,22826.4453660,0
1790753160000,0.0326690,0.0326690,0.0326150,0.0326310,692564,1790753219999,22608.7124390,780,223914,7311.6338830,0
1790753220000,0.0326280,0.0326350,0.0325460,0.0325700,718132,1790753279999,23389.5204990,791,321346,10464.1891140,0
1790753280000,0.0325730,0.0325940,0.0324690,0.0325410,524860,1790753339999,17075.0211470,720,151487,4926.9132060,0
1790753340000,0.0325410,0.0326200,0.0325350,0.0325660,806600,1790753399999,26279.8748570,828,543049,17695.9503620,0
1790753400000,0.0325660,0.0325880,0.0325530,0.0325620,237169,1790753459999,7725.0218890,471,95046,3096.3806050,0
1790753460000,0.0325610,0.0325640,0.0324880,0.0325070,595501,1790753519999,19368.6775050,706,256011,8327.8730130,0
1790753520000,0.0325050,0.0325050,0.0323150,0.0323480,1068081,1790753579999,34626.7711710,1132,215884,6998.3344340,0
1790753580000,0.0323480,0.0323480,0.0322120,0.0322680,1762308,1790753639999,56888.4358280,1473,1072700,34627.4865280,0
1790753640000,0.0322660,0.0323280,0.0322450,0.0322850,434205,1790753699999,14017.3539300,773,184666,5961.4475950,0
1790753700000,0.0322820,0.0324860,0.0322810,0.0323810,1091393,1790753759999,35361.3257510,976,289565,9378.7206190,0
1790753760000,0.0323810,0.0324850,0.0323360,0.0324740,752756,1790753819999,24384.4739140,1046,412176,13358.6370800,0
1790753820000,0.0324720,0.0324960,0.0324360,0.0324910,319861,1790753879999,10383.3016710,629,182610,5928.2990100,0
1790753880000,0.0324920,0.0325470,0.0324830,0.0325240,516132,1790753939999,16779.4738500,800,302688,9839.7920820,0
1790753940000,0.0325210,0.0325440,0.0324850,0.0324960,246503,1790753999999,8014.9277120,570,111510,3625.6977490,0
1790754000000,0.0324940,0.0325010,0.0324090,0.0324090,256747,1790754059999,8332.3668510,621,99670,3234.8280120,0
1790754060000,0.0324080,0.0324150,0.0323680,0.0323890,455351,1790754119999,14746.4172640,552,236131,7646.1255980,0
1790754120000,0.0323890,0.0323990,0.0323200,0.0323620,245268,1790754179999,7938.1041990,622,93823,3037.3240680,0
1790754180000,0.0323610,0.0324150,0.0323310,0.0323990,351269,1790754239999,11374.4204130,564,245501,7951.3706410,0
1790754240000,0.0323990,0.0325030,0.0323510,0.0324950,782205,1790754299999,25359.3764060,979,498728,16180.7231110,0
1790754300000,0.0324930,0.0325440,0.0324300,0.0324790,537837,1790754359999,17477.2476040,669,158580,5152.2373400,0
1790754360000,0.0324790,0.0324930,0.0323860,0.0323860,481564,1790754419999,15622.8266560,662,239413,7768.9310350,0
1790754420000,0.0323850,0.0324220,0.0323610,0.0324210,291559,1790754479999,9442.5939340,564,146319,4738.9930900,0
1790754480000,0.0324210,0.0324610,0.0324090,0.0324350,268625,1790754539999,8712.6035280,451,119707,3883.4236120,0
1790754540000,0.0324300,0.0324630,0.0324080,0.0324630,206516,1790754599999,6699.4452410,372,76750,2489.6191010,0
1790754600000,0.0324620,0.0324720,0.0323300,0.0323300,310742,1790754659999,10066.5364800,553,113348,3673.0925840,0
1790754660000,0.0323290,0.0323740,0.0323160,0.0323310,468604,1790754719999,15155.1162930,524,238676,7720.3654650,0
1790754720000,0.0323330,0.0323600,0.0322950,0.0323230,841879,1790754779999,27207.1419770,544,147366,4765.2608340,0
1790754780000,0.0323250,0.0323330,0.0322740,0.0322980,375142,1790754839999,12115.2991980,517,227032,7332.3261090,0
1790754840000,0.0322970,0.0323690,0.0322850,0.0323270,396992,1790754899999,12829.7640880,415,225334,7279.6321880,0
1790754900000,0.0323310,0.0324960,0.0323310,0.0324710,668495,1790754959999,21655.4768540,928,321562,10417.0720010,0
1790754960000,0.0324690,0.0324910,0.0324360,0.0324720,239260,1790755019999,7767.5362200,300,144671,4696.4870200,0
1790755020000,0.0324740,0.0324950,0.0324170,0.0324600,415352,1790755079999,13481.7959670,513,232269,7537.9174790,0
1790755080000,0.0324600,0.0325070,0.0323980,0.0324940,600618,1790755139999,19484.4962290,664,236423,7669.2457370,0
1790755140000,0.0324930,0.0325860,0.0324850,0.0325220,456349,1790755199999,14852.7819070,591,314945,10251.3999780,0
1790755200000,0.0325250,0.0326040,0.0324420,0.0325660,1427809,1790755259999,46440.7644730,1540,889532,28940.4410340,0
1790755260000,0.0325660,0.0325660,0.0324710,0.0325490,1090162,1790755319999,35460.3895760,1311,656577,21357.7631080,0
1790755320000,0.0325550,0.0325710,0.0324160,0.0324810,1354642,1790755379999,43996.3614550,1757,455888,14808.8404720,0
1790755380000,0.0324820,0.0328880,0.0324810,0.0328640,2945442,1790755439999,96462.0685340,2413,2212645,72494.4340580,0
1790755440000,0.0328640,0.0329680,0.0328080,0.0329210,3389753,1790755499999,111492.2634520,2939,2328574,76607.7577850,0
1790755500000,0.0329170,0.0329500,0.0328090,0.0328730,1144112,1790755559999,37604.1322480,1668,505093,16605.0745220,0
1790755560000,0.0328730,0.0330090,0.0328200,0.0328950,3904351,1790755619999,128602.6704410,2823,2044470,67376.1309130,0
1790755620000,0.0329160,0.0329600,0.0328530,0.0328580,1625408,1790755679999,53487.2944860,1317,535880,17638.5874500,0
1790755680000,0.0328580,0.0329740,0.0328210,0.0328810,1545448,1790755739999,50835.5580110,1334,1077614,35440.4013380,0
1790755740000,0.0328790,0.0329150,0.0327850,0.0328610,1814802,1790755799999,59640.4927790,1287,635356,20873.5595820,0
1790755800000,0.0328630,0.0329370,0.0328590,0.0328950,1066717,1790755859999,35096.7000730,1002,444731,14635.8253690,0
1790755860000,0.0328960,0.0330060,0.0327810,0.0329740,1849493,1790755919999,60805.6272330,1682,1183042,38906.4000770,0
1790755920000,0.0329730,0.0330250,0.0329160,0.0329880,1449328,1790755979999,47798.4472090,1212,736790,24301.0800170,0
1790755980000,0.0329920,0.0330230,0.0328530,0.0328890,1602869,1790756039999,52782.2842310,1196,498887,16423.0266200,0
1790756040000,0.0328860,0.0329700,0.0328830,0.0329420,1176502,1790756099999,38745.4432900,1146,415913,13697.4701290,0
1790756100000,0.0329400,0.0329550,0.0328400,0.0328880,1044390,1790756159999,34353.1759610,916,261287,8594.2647580,0
1790756160000,0.0328870,0.0330530,0.0328540,0.0330040,1576440,1790756219999,51938.6654570,1287,717040,23644.2574940,0
1790756220000,0.0330020,0.0330430,0.0328600,0.0329090,1096594,1790756279999,36146.5412240,1286,388090,12797.4132530,0
1790756280000,0.0329090,0.0330130,0.0329090,0.0330080,635688,1790756339999,20948.7719540,739,442054,14568.3808540,0
1790756340000,0.0330050,0.0330050,0.0328600,0.0328760,901363,1790756399999,29671.0071150,1234,284526,9362.9798030,0
1790756400000,0.0328760,0.0330120,0.0328330,0.0330050,619985,1790756459999,20419.7943890,965,408011,13440.2393210,0
1790756460000,0.0330050,0.0330260,0.0329500,0.0329550,1276097,1790756519999,42091.8673340,960,521483,17199.7152650,0
1790756520000,0.0329580,0.0330510,0.0329470,0.0330140,1083052,1790756579999,35734.2474770,857,698586,23046.0469440,0
1790756580000,0.0330160,0.0330610,0.0329490,0.0329850,520605,1790756639999,17179.5891620,806,234192,7729.0178670,0
1790756640000,0.0329850,0.0331410,0.0329200,0.0331380,1309551,1790756699999,43243.1462620,1466,816922,26980.5432580,0
1790756700000,0.0331410,0.0332160,0.0331170,0.0331530,2686664,1790756759999,89089.6427380,2155,1554177,51544.2451310,0
1790756760000,0.0331550,0.0333300,0.0331350,0.0333050,3336053,1790756819999,110865.8724160,1670,2335979,77636.0395110,0
1790756820000,0.0333010,0.0334360,0.0332960,0.0333610,3309091,1790756879999,110391.6836210,1902,1402880,46799.1890930,0
1790756880000,0.0333730,0.0334230,0.0333020,0.0333800,2702820,1790756939999,90157.8091740,1422,1167898,38960.0216970,0
1790756940000,0.0333800,0.0333870,0.0333040,0.0333410,1966487,1790756999999,65596.7237330,1314,561457,18731.6641310,0
1790757000000,0.0333390,0.0334580,0.0333110,0.0334340,1882892,1790757059999,62860.1928190,1540,1107675,36983.0883850,0
1790757060000,0.0334330,0.0335870,0.0333600,0.0334030,2722116,1790757119999,91135.4801440,2095,1379413,46204.2480790,0
1790757120000,0.0334030,0.0336160,0.0333230,0.0336030,2223204,1790757179999,74507.4759100,1887,1232510,41316.2510340,0
1790757180000,0.0336110,0.0337190,0.0335510,0.0336190,3241247,1790757239999,109066.3943850,1943,1941731,65353.7616150,0
1790757240000,0.0336140,0.0338050,0.0335820,0.0338000,1867547,1790757299999,62965.5257840,1716,1210980,40831.8076370,0
1790757300000,0.0338010,0.0338660,0.0337410,0.0338310,4041510,1790757359999,136631.2715690,2467,1536307,51949.4053070,0
1790757360000,0.0338260,0.0339010,0.0337000,0.0337270,3552188,1790757419999,120094.4292070,2431,1329735,44983.8414530,0
1790757420000,0.0337280,0.0339040,0.0337200,0.0338100,3164089,1790757479999,107096.4719930,2515,1938959,65642.9610460,0
1790757480000,0.0338150,0.0339650,0.0337560,0.0339370,2815988,1790757539999,95387.2107340,1932,1586789,53756.3048820,0
1790757540000,0.0339340,0.0339930,0.0337860,0.0339280,2154196,1790757599999,72976.3941810,1791,1057384,35828.1774320,0
1790757600000,0.0339340,0.0340270,0.0338040,0.0338720,3149168,1790757659999,106805.0030410,2151,1679850,56997.0641130,0
1790757660000,0.0338710,0.0339820,0.0338040,0.0339820,1594613,1790757719999,54045.5318110,1721,799699,27112.4770110,0
1790757720000,0.0339810,0.0340550,0.0338640,0.0339980,4226294,1790757779999,143462.2688830,2451,2181087,74065.6537890,0
1790757780000,0.0339980,0.0340590,0.0339330,0.0340180,1254260,1790757839999,42648.8060110,960,788640,26817.6952290,0
1790757840000,0.0340180,0.0340710,0.0339250,0.0340320,1816108,1790757899999,61777.4451150,1825,985407,33521.0768640,0
1790757900000,0.0340310,0.0341690,0.0340050,0.0341640,2628773,1790757959999,89638.4267260,1933,1969793,67161.7149210,0
1790757960000,0.0341620,0.0343830,0.0341620,0.0342310,4313755,1790758019999,147728.6713450,3139,3009494,103060.6129650,0
1790758020000,0.0342440,0.0343450,0.0341340,0.0342360,3476248,1790758079999,118913.1531200,2931,1728415,59141.2380580,0
1790758080000,0.0342350,0.0342560,0.0341530,0.0342210,2713764,1790758139999,92827.9872290,2404,1626388,55631.2357520,0
1790758140000,0.0342200,0.0343270,0.0342200,0.0342710,939312,1790758199999,32198.5619230,1148,490344,16808.4312110,0
1790758200000,0.0342690,0.0343580,0.0342530,0.0343220,1962197,1790758259999,67322.7993320,2017,991364,34017.9832640,0
1790758260000,0.0343210,0.0347290,0.0342630,0.0345510,7632986,1790758319999,263716.9365740,4204,5120433,176951.2087540,0
1790758320000,0.0345450,0.0345520,0.0342220,0.0342570,6269188,1790758379999,215555.4699010,4217,2516508,86545.2955200,0
1790758380000,0.0342560,0.0345770,0.0342550,0.0345610,2567939,1790758439999,88320.3846990,2057,1581009,54382.3406200,0
1790758440000,0.0345620,0.0347160,0.0345150,0.0346620,3504252,1790758499999,121369.9466220,2612,2041433,70713.5687560,0
1790758500000,0.0346590,0.0346590,0.0345090,0.0345780,2066611,1790758559999,71460.2576450,2026,1461886,50556.9121530,0
1790758560000,0.0345770,0.0346540,0.0345110,0.0345770,2743801,1790758619999,94925.2603950,2059,1568711,54268.8114440,0
1790758620000,0.0345830,0.0346150,0.0345100,0.0346090,1778168,1790758679999,61431.2718600,1670,842708,29116.0811860,0
1790758680000,0.0346090,0.0346700,0.0345700,0.0346290,1416404,1790758739999,49047.8521590,1499,557883,19320.0768400,0
1790758740000,0.0346300,0.0347000,0.0345020,0.0346560,2121814,1790758799999,73420.7397760,2258,938010,32477.9067770,0
1790758800000,0.0346610,0.0347040,0.0345020,0.0345410,3455346,1790758859999,119581.1694780,2738,1095643,37946.2087070,0
1790758860000,0.0345320,0.0345630,0.0343830,0.0344280,5784288,1790758919999,199374.4326500,3853,1857328,64070.4053150,0
1790758920000,0.0344280,0.0347940,0.0344240,0.0347450,3501611,1790758979999,121121.5149000,3203,1851007,64088.7659710,0
1790758980000,0.0347480,0.0349450,0.0347320,0.0349390,6909552,1790759039999,240660.6414220,4594,3771444,131423.8429770,0
1790759040000,0.0349380,0.0354430,0.0349000,0.0353950,13298753,1790759099999,468261.2895560,7355,8887721,312969.7348040,0
1790759100000,0.0353830,0.0356920,0.0353240,0.0354840,10624735,1790759159999,377418.4345180,6980,6797899,241498.0565970,0
1790759160000,0.0354850,0.0362490,0.0353690,0.0361690,12504121,1790759219999,447496.0562300,8180,7715697,276336.0293360,0
1790759220000,0.0361690,0.0364500,0.0360540,0.0364200,15515967,1790759279999,561773.6472800,11549,9553387,345860.5717170,0
1790759280000,0.0364120,0.0364780,0.0361570,0.0362470,9899796,1790759339999,359577.8504450,8807,5371143,195092.2982040,0
1790759340000,0.0362410,0.0365220,0.0362060,0.0365020,5039570,1790759399999,183493.6345300,5044,3088717,112465.0438240,0
1790759400000,0.0365080,0.0372610,0.0363980,0.0371610,19763729,1790759459999,729353.7687250,10218,10929153,402977.4795890,0
1790759460000,0.0371740,0.0385750,0.0368370,0.0369440,40080038,1790759519999,1511171.1498530,26384,21786098,822138.7779250,0
1790759520000,0.0369150,0.0375750,0.0351590,0.0373710,36094015,1790759579999,1319419.7881680,26866,18866273,691445.9698600,0
1790759580000,0.0373920,0.0377870,0.0370890,0.0377760,12489874,1790759639999,468702.4926530,12659,5923546,222308.0294070,0
1790759640000,0.0377800,0.0378820,0.0375110,0.0377290,10751845,1790759699999,405531.8047930,10580,5159588,194666.1025220,0
1790759700000,0.0377280,0.0382660,0.0376190,0.0376940,18520148,1790759759999,702700.6200780,15596,8486322,322072.1888590,0
1790759760000,0.0376800,0.0376970,0.0366200,0.0372350,19429980,1790759819999,721437.2824510,17853,8988124,333901.6481910,0
1790759820000,0.0372720,0.0374990,0.0369540,0.0374380,8084748,1790759879999,300780.3573760,9580,3481846,129633.6236760,0
1790759880000,0.0374400,0.0376700,0.0371730,0.0373410,10886319,1790759939999,407211.0919620,9749,4155504,155562.4859580,0
1790759940000,0.0373250,0.0373380,0.0362120,0.0369830,17940975,1790759999999,660147.6905800,15370,8532932,313917.9422970,0
1790760000000,0.0369830,0.0370420,0.0364930,0.0367050,8171612,1790760059999,300379.3387160,9312,3897934,143359.6688560,0
1790760060000,0.0367090,0.0370790,0.0366060,0.0368710,7690459,1790760119999,283386.6042590,7933,4399937,162167.2283870,0
1790760120000,0.0368780,0.0370890,0.0362810,0.0365400,8367987,1790760179999,307162.5436620,8668,3880177,142389.8049340,0
1790760180000,0.0365400,0.0367300,0.0360580,0.0363090,13215231,1790760239999,480525.3373730,11589,5898222,214501.1773680,0
1790760240000,0.0363090,0.0365800,0.0361810,0.0363840,6052667,1790760299999,220312.9453540,6680,3781072,137666.8004380,0
1790760300000,0.0363840,0.0367210,0.0363500,0.0366750,5675227,1790760359999,207515.0682390,6135,2835677,103680.8840640,0
1790760360000,0.0366620,0.0370000,0.0365560,0.0368840,5146547,1790760419999,189476.5820130,5662,2559411,94259.0940750,0
1790760420000,0.0368840,0.0369310,0.0367550,0.0368690,3149872,1790760479999,116096.2711130,4753,1723026,63521.1368780,0
1790760480000,0.0368600,0.0369970,0.0367160,0.0367390,3769473,1790760539999,138838.1778160,5240,1579815,58225.4349240,0
1790760540000,0.0367390,0.0376020,0.0366600,0.0375970,8527735,1790760599999,317714.1915230,8534,4914640,183080.9936950,0
1790760600000,0.0375980,0.0376940,0.0370150,0.0371110,9256648,1790760659999,345833.6459930,8899,4496307,167844.1061980,0
1790760660000,0.0371050,0.0373470,0.0369360,0.0373130,4792868,1790760719999,178091.5898070,6319,2794457,103867.6335450,0
1790760720000,0.0373310,0.0373340,0.0371540,0.0372100,4437157,1790760779999,165224.9070100,5439,1985902,73951.8141700,0
1790760780000,0.0372100,0.0373990,0.0371000,0.0373740,3876899,1790760839999,144388.7260930,4763,1826754,68055.2057570,0
1790760840000,0.0373750,0.0373980,0.0370560,0.0370710,5656478,1790760899999,210495.8590850,5597,1818855,67722.9226140,0
1790760900000,0.0370700,0.0371990,0.0365950,0.0368600,9754855,1790760959999,359753.7458000,8835,3320623,122532.2171930,0
1790760960000,0.0368480,0.0370580,0.0367700,0.0368260,4362823,1790761019999,160987.9474050,5258,2351192,86795.2060440,0
1790761020000,0.0368260,0.0369400,0.0363150,0.0365100,9597803,1790761079999,350964.9982100,7928,3192630,116789.4338600,0
1790761080000,0.0365020,0.0365020,0.0362010,0.0363320,5820754,1790761139999,211539.6944780,5991,2160157,78512.5534500,0
1790761140000,0.0363210,0.0364800,0.0359000,0.0362360,9102120,1790761199999,329429.3387910,8599,3805897,137863.8086750,0
1790761200000,0.0362440,0.0363880,0.0356000,0.0357140,9652791,1790761259999,347043.3619850,9772,3904490,140439.4404250,0
1790761260000,0.0357060,0.0359900,0.0352800,0.0354270,12903275,1790761319999,459812.8750480,11124,5945151,212116.3884310,0
1790761320000,0.0354280,0.0358370,0.0351330,0.0357250,10875575,1790761379999,385693.0037780,10733,5667096,201144.1117480,0
1790761380000,0.0357230,0.0359610,0.0355210,0.0355490,5723718,1790761439999,204868.2207570,5786,2232339,79946.0954600,0
1790761440000,0.0355490,0.0356750,0.0353440,0.0353870,5126363,1790761499999,181906.8274250,6402,2665467,94585.0596510,0
1790761500000,0.0353900,0.0354730,0.0341790,0.0344760,17793497,1790761559999,618577.1882610,14519,5578057,193924.8713270,0
1790761560000,0.0344660,0.0346740,0.0341370,0.0342860,11627892,1790761619999,400121.4214800,10259,5976425,205809.4390670,0
1790761620000,0.0342810,0.0343970,0.0336480,0.0339970,18323162,1790761679999,623495.0700100,12105,8254545,281238.0657440,0
1790761680000,0.0339980,0.0345700,0.0339000,0.0345670,11283631,1790761739999,385809.6174170,9147,6394644,218725.4826420,0
1790761740000,0.0345680,0.0346570,0.0343760,0.0344320,5977730,1790761799999,206291.4364740,6677,3420816,118063.4296880,0
1790761800000,0.0344330,0.0347620,0.0342980,0.0347070,7365905,1790761859999,254119.7610100,6282,4430375,152928.3986450,0
1790761860000,0.0347190,0.0347270,0.0344280,0.0345500,5663164,1790761919999,196015.6992900,6632,2828282,97904.9324660,0
1790761920000,0.0345470,0.0345740,0.0344100,0.0345500,3629744,1790761979999,125203.8200600,4418,2076301,71614.0043170,0
1790761980000,0.0345530,0.0345770,0.0343400,0.0344300,4062651,1790762039999,139937.3843650,4283,2360617,81297.7772520,0
1790762040000,0.0344430,0.0345890,0.0343870,0.0344240,3631978,1790762099999,125205.4125190,3055,2163793,74606.3671680,0
1790762100000,0.0344240,0.0344250,0.0339210,0.0339970,7602996,1790762159999,260036.0142510,6492,2775943,94976.6148070,0
1790762160000,0.0339970,0.0343600,0.0338550,0.0343130,6611555,1790762219999,225423.3279060,6320,3533330,120524.2005140,0
1790762220000,0.0343100,0.0343600,0.0341670,0.0341820,3057846,1790762279999,104796.1882630,3417,1614863,55357.1947370,0
1790762280000,0.0341810,0.0341910,0.0339010,0.0340120,4503179,1790762339999,153221.2696760,4574,2038180,69356.8021980,0
1790762340000,0.0340190,0.0340860,0.0333030,0.0337530,13048769,1790762399999,439691.4197510,9769,5229050,176454.6853050,0
1790762400000,0.0337530,0.0339190,0.0330880,0.0333590,11857262,1790762459999,396218.7716030,10232,4425855,148017.9414270,0
1790762460000,0.0333640,0.0335370,0.0332080,0.0332770,8388536,1790762519999,280049.8272150,7664,3538953,118162.3807500,0
1790762520000,0.0332690,0.0332790,0.0328800,0.0329050,13501913,1790762579999,446125.6544280,10218,5251106,173551.8704480,0
1790762580000,0.0329040,0.0331130,0.0328220,0.0328640,10736879,1790762639999,353892.0878340,7047,4503876,148448.7113340,0
1790762640000,0.0328630,0.0328810,0.0323300,0.0325620,15560870,1790762699999,507512.3166930,10486,5898813,192517.6113150,0
1790762700000,0.0325790,0.0327930,0.0325040,0.0326930,9815633,1790762759999,320587.0148470,7480,4417284,144302.8785390,0
1790762760000,0.0326920,0.0327840,0.0325590,0.0325800,4511129,1790762819999,147295.6799160,4832,2137594,69829.7638020,0
1790762820000,0.0325790,0.0328100,0.0323740,0.0324620,6133738,1790762879999,199715.2143070,5257,2655821,86534.5096010,0
1790762880000,0.0324520,0.0325570,0.0321990,0.0322700,8757495,1790762939999,283378.1255780,6845,3899417,126267.5417470,0
1790762940000,0.0322710,0.0325220,0.0321870,0.0324770,6802715,1790762999999,220061.1805100,6245,4307914,139338.7953860,0
1790763000000,0.0324770,0.0326890,0.0322600,0.0325270,6202442,1790763059999,201559.0373540,6471,4043696,131417.5115230,0
1790763060000,0.0325410,0.0328960,0.0325300,0.0327060,8705869,1790763119999,284655.2881230,7017,5467774,178834.4362170,0
1790763120000,0.0327080,0.0328910,0.0326270,0.0327990,4418984,1790763179999,144783.6704140,4582,2841443,93118.9942410,0
1790763180000,0.0328020,0.0332960,0.0327220,0.0332810,8531346,1790763239999,281262.0642310,6842,5306579,174959.7467270,0
1790763240000,0.0332840,0.0335180,0.0330820,0.0334220,10908809,1790763299999,363706.1045300,9092,6430646,214414.9317040,0
1790763300000,0.0334220,0.0335590,0.0331130,0.0334680,10105585,1790763359999,336836.8925010,9178,6151748,205079.2222090,0
1790763360000,0.0334750,0.0338350,0.0334100,0.0336860,9257182,1790763419999,311363.7523300,8369,4119897,138550.0818790,0
1790763420000,0.0336860,0.0338180,0.0335690,0.0336210,6465621,1790763479999,217933.9857490,6187,3784297,127596.9965710,0
1790763480000,0.0336120,0.0336360,0.0333330,0.0335330,7022547,1790763539999,235085.0775630,5999,3672587,122939.1006420,0
1790763540000,0.0335230,0.0335930,0.0332910,0.0334610,5226074,1790763599999,174794.4505190,4979,2548830,85270.1145010,0
1790763600000,0.0334500,0.0335940,0.0332660,0.0332780,3923592,1790763659999,131326.4631300,4828,1950842,65347.9143010,0
1790763660000,0.0332780,0.0334400,0.0331360,0.0334360,3413784,1790763719999,113625.9885640,4293,1845421,61446.8590080,0
1790763720000,0.0334380,0.0335600,0.0332390,0.0335420,2961995,1790763779999,98883.5714090,3065,1406568,46929.4524410,0
1790763780000,0.0335430,0.0339460,0.0335270,0.0337980,6158961,1790763839999,207849.5801540,5689,3368092,113665.4338810,0
1790763840000,0.0337980,0.0338560,0.0336590,0.0338320,4499673,1790763899999,151865.1803180,4133,2085280,70393.2540180,0
1790763900000,0.0338390,0.0338620,0.0337070,0.0337280,3224208,1790763959999,108880.4065710,3260,1613363,54488.1872240,0
1790763960000,0.0337200,0.0337270,0.0335400,0.0336750,2988331,1790764019999,100546.1871030,3162,891803,30006.0901770,0
1790764020000,0.0336730,0.0338450,0.0335000,0.0335620,3002744,1790764079999,101098.9160200,3714,1548816,52163.5294540,0
1790764080000,0.0335510,0.0336460,0.0334090,0.0334180,3575062,1790764139999,119841.1517550,3050,1487230,49881.3868500,0
1790764140000,0.0334130,0.0335960,0.0334120,0.0334660,1850863,1790764199999,62019.5815140,2119,634162,21256.7622830,0
1790764200000,0.0334720,0.0335170,0.0333620,0.0334240,4588095,1790764259999,153432.5948110,2796,1636706,54750.5141020,0
1790764260000,0.0334230,0.0337970,0.0334120,0.0336900,3714054,1790764319999,124957.7270060,3670,1909418,64224.1861570,0
1790764320000,0.0336910,0.0338620,0.0336310,0.0338040,3266200,1790764379999,110235.9294220,3610,1391383,46973.1381680,0
1790764380000,0.0338070,0.0339260,0.0336690,0.0338540,2571663,1790764439999,86822.8868540,2895,1305039,44064.6893560,0
1790764440000,0.0338540,0.0340840,0.0338540,0.0340530,4842184,1790764499999,164601.4816240,3840,2880260,97938.8826820,0
1790764500000,0.0340530,0.0340680,0.0338350,0.0339090,3122982,1790764559999,105961.5916410,2797,1114995,37810.1472320,0
1790764560000,0.0339090,0.0339460,0.0337920,0.0338940,1617597,1790764619999,54792.4540170,2127,747920,25335.1750570,0
1790764620000,0.0338940,0.0339900,0.0338500,0.0339740,2225366,1790764679999,75473.4944850,2234,982378,33322.7154730,0
1790764680000,0.0339750,0.0341860,0.0338840,0.0341250,5006838,1790764739999,170464.6647560,3787,2894040,98610.4527820,0
1790764740000,0.0341250,0.0342720,0.0340820,0.0342430,4703653,1790764799999,160783.2491740,3355,1802142,61614.8592610,0
1790764800000,0.0342560,0.0342920,0.0340480,0.0342030,3706907,1790764859999,126623.7084350,2509,1815982,62000.9589760,0
1790764860000,0.0342020,0.0342040,0.0339830,0.0341350,2773194,1790764919999,94524.1606560,3065,1288742,43927.2018140,0
1790764920000,0.0341350,0.0342350,0.0341160,0.0341810,2169696,1790764979999,74143.3752980,2399,1028510,35158.2859590,0
1790764980000,0.0341710,0.0343820,0.0340370,0.0343440,3383133,1790765039999,115816.8743570,3016,1856755,63606.5449520,0
1790765040000,0.0343450,0.0344340,0.0343330,0.0343880,3411719,1790765099999,117277.5008040,2939,1637954,56315.3997730,0
1790765100000,0.0343870,0.0346420,0.0343280,0.0346060,7130347,1790765159999,246017.9779140,4756,4731807,163266.5773800,0
1790765160000,0.0346100,0.0347650,0.0345210,0.0345980,5513850,1790765219999,191173.3809140,4469,2652794,92009.1213710,0
1790765220000,0.0345910,0.0346550,0.0344470,0.0345110,3185419,1790765279999,110095.5316280,3043,1713138,59205.9590120,0
1790765280000,0.0345060,0.0346580,0.0344220,0.0344750,3539743,1790765339999,122187.7162180,3191,1965734,67840.1934760,0
1790765340000,0.0344810,0.0345470,0.0343820,0.0344180,2109145,1790765399999,72667.3162840,2421,863574,29763.8950130,0
1790765400000,0.0344190,0.0344890,0.0341650,0.0341930,4500602,1790765459999,154546.6885740,4333,1504493,51684.2576500,0
1790765460000,0.0341930,0.0342350,0.0337840,0.0339510,6657080,1790765519999,226066.3659320,5373,2138960,72648.9104060,0
1790765520000,0.0339470,0.0341290,0.0338720,0.0341160,4071557,1790765579999,138401.2366660,3674,1483040,50421.8617850,0
1790765580000,0.0341080,0.0343200,0.0340940,0.0342910,3774108,1790765639999,129107.5982460,2978,1614568,55222.2493650,0
1790765640000,0.0342910,0.0343380,0.0341420,0.0341570,2748942,1790765699999,94145.7306050,2733,927714,31772.7845370,0
1790765700000,0.0341570,0.0346090,0.0341500,0.0345300,4036218,1790765759999,138674.9454790,4308,1903776,65439.3195720,0
1790765760000,0.0345430,0.0346580,0.0345290,0.0345720,2571856,1790765819999,88961.7622770,3057,1152112,39856.2466520,0
1790765820000,0.0345810,0.0346750,0.0341710,0.0342040,4274519,1790765879999,147297.2242560,4457,1255448,43321.3915180,0
1790765880000,0.0341990,0.0344260,0.0341330,0.0341760,2533542,1790765939999,86806.6035960,3266,937063,32103.6112840,0
1790765940000,0.0341760,0.0342440,0.0340150,0.0341130,3674391,1790765999999,125339.3844890,3628,1326061,45249.8801450,0
1790766000000,0.0341040,0.0341390,0.0335010,0.0337620,8516986,1790766059999,287521.4400820,6828,2420201,81691.6252240,0
1790766060000,0.0337510,0.0339760,0.0336490,0.0338790,3566040,1790766119999,120705.0966590,4813,1690295,57230.5797410,0
1790766120000,0.0338790,0.0339310,0.0336390,0.0337680,3590456,1790766179999,121239.1261040,3423,1016003,34308.6907080,0
1790766180000,0.0337600,0.0341570,0.0337600,0.0341110,4238498,1790766239999,143696.4289240,4189,1570045,53295.8810460,0
1790766240000,0.0341190,0.0342290,0.0340030,0.0340270,2562212,1790766299999,87403.6019150,3695,1227042,41872.9145090,0
1790766300000,0.0340290,0.0340910,0.0337700,0.0337880,2411145,1790766359999,81766.4986730,2865,899771,30510.6991590,0
1790766360000,0.0337820,0.0339880,0.0337510,0.0339650,1488956,1790766419999,50404.7082790,2119,795522,26935.4555260,0
1790766420000,0.0339670,0.0340890,0.0338760,0.0340150,1840639,1790766479999,62569.3900970,2150,952175,32375.0198560,0
1790766480000,0.0340160,0.0340480,0.0337940,0.0338040,1915267,1790766539999,64891.6120480,2400,777961,26363.4936150,0
1790766540000,0.0337990,0.0340130,0.0337880,0.0339870,1202055,1790766599999,40744.6926430,1800,524659,17782.2684270,0
1790766600000,0.0339880,0.0340650,0.0338980,0.0338980,1302183,1790766659999,44286.5247850,1771,521103,17726.2897800,0
1790766660000,0.0338970,0.0339830,0.0338250,0.0338850,1878542,1790766719999,63663.8319310,2303,655947,22235.2054330,0
1790766720000,0.0338780,0.0339960,0.0338430,0.0339510,1322034,1790766779999,44849.7449460,1627,772670,26218.1006420,0
1790766780000,0.0339530,0.0339810,0.0338440,0.0338530,1786547,1790766839999,60593.4293750,1990,693946,23533.1439770,0
1790766840000,0.0338530,0.0339920,0.0337750,0.0339680,1670948,1790766899999,56607.4082720,1954,614676,20842.9302410,0
1790766900000,0.0339690,0.0340440,0.0336290,0.0338420,4014355,1790766959999,135586.6597080,3922,1628822,55039.1970920,0
1790766960000,0.0338400,0.0339370,0.0336830,0.0338490,2209942,1790767019999,74664.1319460,2632,1160203,39210.4690470,0
1790767020000,0.0338490,0.0338650,0.0336060,0.0336580,2906717,1790767079999,98000.7861810,2267,639282,21551.5950390,0
1790767080000,0.0336570,0.0337920,0.0335310,0.0335490,3809753,1790767139999,128276.0805710,3034,1115043,37549.1582520,0
1790767140000,0.0335490,0.0336430,0.0335300,0.0336080,4098649,1790767199999,137646.0007490,2648,2323906,78047.8377200,0
1790767200000,0.0336090,0.0336430,0.0333440,0.0334300,5373354,1790767259999,179909.0000730,3721,1730372,57978.9030480,0
1790767260000,0.0334290,0.0334450,0.0331700,0.0332440,3699808,1790767319999,123025.0482230,2782,962526,32003.8348940,0
1790767320000,0.0332510,0.0333170,0.0329530,0.0331980,9004884,1790767379999,298291.3835960,5610,4146646,137291.7328450,0
1790767380000,0.0331960,0.0332490,0.0330290,0.0332400,4903980,1790767439999,162493.1407700,3628,1542617,51155.3428970,0
1790767440000,0.0332410,0.0332440,0.0330440,0.0331000,1871179,1790767499999,61953.0311900,2406,643953,21320.7762260,0
1790767500000,0.0331000,0.0334260,0.0330520,0.0333930,4415856,1790767559999,146596.3991020,3614,2544950,84544.3129850,0
1790767560000,0.0333940,0.0334100,0.0332540,0.0333320,2742894,1790767619999,91455.1338200,2619,1305094,43516.7316260,0
1790767620000,0.0333310,0.0334410,0.0333190,0.0333880,2058690,1790767679999,68758.3907950,1555,928735,31007.3779620,0
1790767680000,0.0333890,0.0335550,0.0333650,0.0334960,2247217,1790767739999,75236.0563210,2118,1362615,45614.5681300,0
1790767740000,0.0334960,0.0335330,0.0332740,0.0332930,2421156,1790767799999,80964.1064700,1699,777707,26012.8440310,0
1790767800000,0.0332920,0.0334160,0.0331690,0.0334100,2342280,1790767859999,78014.9704710,2200,1456519,48527.0053700,0
1790767860000,0.0334060,0.0334210,0.0332640,0.0333130,828389,1790767919999,27612.9876300,1376,439386,14643.9436030,0
1790767920000,0.0333120,0.0334560,0.0333100,0.0333550,1116035,1790767979999,37258.7673350,1376,587050,19597.1135240,0
1790767980000,0.0333580,0.0333640,0.0327690,0.0330010,8528090,1790768039999,280944.6124690,5528,2838700,93623.0567460,0
1790768040000,0.0330040,0.0330040,0.0326470,0.0328110,6850777,1790768099999,224580.6843580,5169,3261450,106941.3830830,0
1790768100000,0.0328100,0.0328820,0.0327420,0.0328820,4210742,1790768159999,138136.8074880,2960,1293770,42459.5910490,0
1790768160000,0.0328810,0.0329380,0.0326580,0.0326840,2924928,1790768219999,96051.2853380,3158,1201373,39465.6229900,0
1790768220000,0.0326790,0.0327280,0.0325170,0.0326290,3764272,1790768279999,122826.4348110,3957,1461998,47720.5747790,0
1790768280000,0.0326260,0.0326730,0.0325040,0.0326230,3649010,1790768339999,118892.2895460,2801,1421560,46336.3993060,0
1790768340000,0.0326230,0.0326770,0.0325240,0.0325500,2744703,1790768399999,89458.1199460,2232,1134636,37009.1298160,0
1790768400000,0.0325470,0.0326480,0.0324890,0.0326010,2835259,1790768459999,92308.6977480,2462,749473,24409.8854960,0
1790768460000,0.0326000,0.0326190,0.0320490,0.0320990,10215574,1790768519999,329999.8510110,7389,2732090,88270.2386030,0
1790768520000,0.0321070,0.0323010,0.0321020,0.0322700,3849546,1790768579999,124043.5887170,3744,1719609,55405.4610720,0
1790768580000,0.0322750,0.0323340,0.0321890,0.0322820,3822064,1790768639999,123280.5699640,3449,1665528,53736.7341680,0
1790768640000,0.0322870,0.0325010,0.0322810,0.0324600,3038484,1790768699999,98520.7878340,2539,1618862,52469.4994990,0
1790768700000,0.0324670,0.0325480,0.0324550,0.0324600,2193902,1790768759999,71295.0142200,1961,882539,28687.6520220,0
1790768760000,0.0324600,0.0324700,0.0323160,0.0323260,1937750,1790768819999,62807.4225070,1482,609535,19759.5070710,0
1790768820000,0.0323250,0.0323320,0.0320840,0.0321440,4578653,1790768879999,147210.5893250,3643,1566027,50361.9047270,0
1790768880000,0.0321350,0.0321450,0.0320540,0.0321150,2476612,1790768939999,79492.2514190,2143,1116392,35839.6683700,0
1790768940000,0.0321150,0.0321250,0.0318650,0.0319940,8044859,1790768999999,257373.8231520,4026,2643947,84596.9810130,0
1790769000000,0.0319950,0.0320730,0.0319100,0.0319270,3944273,1790769059999,126102.2961640,3353,1754967,56105.5608420,0
1790769060000,0.0319250,0.0319960,0.0318110,0.0319900,3457738,1790769119999,110302.4736520,2706,1179608,37633.6355760,0
1790769120000,0.0319910,0.0320200,0.0317070,0.0318170,4583941,1790769179999,145947.4530470,3691,1541447,49114.2933410,0
1790769180000,0.0318230,0.0320400,0.0318170,0.0319960,3005505,1790769239999,96053.0310660,2582,1723505,55076.9032610,0
1790769240000,0.0319950,0.0320400,0.0318670,0.0319060,2268513,1790769299999,72473.9328700,1902,713551,22795.8909070,0
1790769300000,0.0319060,0.0319630,0.0317900,0.0318000,2052080,1790769359999,65394.0263450,1705,943092,30058.0700830,0
1790769360000,0.0317990,0.0318710,0.0317530,0.0318500,2449016,1790769419999,77880.5612090,1867,1547443,49221.6765940,0
1790769420000,0.0318530,0.0319090,0.0317840,0.0318970,1771563,1790769479999,56408.8067360,1332,965913,30756.2906060,0
1790769480000,0.0318970,0.0320310,0.0318600,0.0320270,2232168,1790769539999,71299.6779080,1860,1777134,56771.7753950,0
1790769540000,0.0320270,0.0320760,0.0318370,0.0318820,2507491,1790769599999,80082.7151050,2239,1353473,43235.5157900,0
1790769600000,0.0318840,0.0320290,0.0318500,0.0319600,2805133,1790769659999,89592.1454040,2360,1187144,37924.7195430,0
1790769660000,0.0319700,0.0321980,0.0319600,0.0320790,3585606,1790769719999,114989.7913680,2883,2251478,72206.8595620,0
1790769720000,0.0320790,0.0320790,0.0319340,0.0319850,1817620,1790769779999,58151.9138460,1432,1019292,32610.5145850,0
1790769780000,0.0319850,0.0320000,0.0319000,0.0320000,2593062,1790769839999,82842.2826910,1817,1488012,47538.9947210,0
1790769840000,0.0319980,0.0321580,0.0319570,0.0321550,2959239,1790769899999,94858.2548460,2495,1781434,57118.7460300,0
1790769900000,0.0321540,0.0321950,0.0320600,0.0321220,2972152,1790769959999,95480.8279650,2272,1935497,62177.0081170,0
1790769960000,0.0321220,0.0322620,0.0320930,0.0322430,2551239,1790770019999,82133.4869940,1860,1920369,61808.4477470,0
1790770020000,0.0322460,0.0322600,0.0321400,0.0321930,1718515,1790770079999,55357.2202500,1489,1102570,35515.8752650,0
1790770080000,0.0321920,0.0322580,0.0320260,0.0320530,3094936,1790770139999,99453.2224420,2432,1610723,51773.1984790,0
1790770140000,0.0320540,0.0320540,0.0317260,0.0317790,3690771,1790770199999,117584.4515420,3437,1391235,44303.4644780,0
1790770200000,0.0317840,0.0319720,0.0316020,0.0318890,5693492,1790770259999,180969.7623320,4894,2744124,87276.4572020,0
1790770260000,0.0318880,0.0319230,0.0318210,0.0318840,1498296,1790770319999,47754.4074770,1765,840445,26790.1042270,0
1790770320000,0.0318850,0.0319480,0.0318470,0.0318930,1191913,1790770379999,38009.6792880,1366,459717,14661.7982420,0
1790770380000,0.0318930,0.0319500,0.0318400,0.0318850,1131438,1790770439999,36087.3590050,1282,611382,19501.9826540,0
1790770440000,0.0318860,0.0320000,0.0318290,0.0319060,1288439,1790770499999,41124.6267540,1727,583172,18615.6989320,0
1790770500000,0.0318960,0.0320200,0.0318790,0.0319970,2283798,1790770559999,72975.8661480,2212,1483607,47408.4237950,0
1790770560000,0.0320000,0.0321760,0.0319470,0.0321280,2392157,1790770619999,76739.2383480,2478,1571156,50406.8157720,0
1790770620000,0.0321280,0.0322500,0.0320890,0.0321100,2179093,1790770679999,70101.1812670,1902,1444965,46484.3684020,0
1790770680000,0.0321110,0.0321110,0.0320290,0.0320570,1697617,1790770739999,54428.5599670,1293,932936,29908.3122190,0
1790770740000,0.0320580,0.0320980,0.0320080,0.0320430,830534,1790770799999,26615.3202900,1109,504907,16180.4169450,0
1790770800000,0.0320440,0.0320660,0.0319200,0.0320120,2083489,1790770859999,66659.3945940,1594,1016687,32549.9983500,0
1790770860000,0.0320120,0.0322590,0.0319900,0.0322400,1802777,1790770919999,57977.4673330,1775,1132774,36418.1415790,0
1790770920000,0.0322410,0.0322690,0.0320890,0.0321450,1601420,1790770979999,51519.7787060,1581,1101265,35424.5089380,0
1790770980000,0.0321450,0.0322160,0.0320260,0.0320260,2164225,1790771039999,69553.7014570,1572,1409339,45308.6301350,0
1790771040000,0.0320260,0.0320440,0.0319170,0.0320070,1410517,1790771099999,45118.5284540,1430,714341,22848.9654950,0
1790771100000,0.0320080,0.0320380,0.0318540,0.0318670,1649625,1790771159999,52743.9720050,1755,848031,27131.8826660,0
1790771160000,0.0318670,0.0321000,0.0318570,0.0320890,1378884,1790771219999,44087.8433130,1606,848146,27131.0377960,0
1790771220000,0.0320820,0.0321100,0.0320470,0.0320750,844175,1790771279999,27074.4908470,916,566340,18164.1451220,0
1790771280000,0.0320760,0.0321560,0.0320550,0.0320910,1542384,1790771339999,49519.1727700,1288,845130,27137.8570330,0
1790771340000,0.0320860,0.0322290,0.0320680,0.0322120,1726968,1790771399999,55568.3973310,1516,1143967,36809.0512030,0
1790771400000,0.0322110,0.0324280,0.0321670,0.0323460,5456706,1790771459999,176292.1255420,3932,3432758,110926.7492210,0
1790771460000,0.0323550,0.0323910,0.0322000,0.0323880,2081236,1790771519999,67242.0740300,2584,898466,29036.0085000,0
1790771520000,0.0323830,0.0324900,0.0323200,0.0323900,3707550,1790771579999,120110.8425500,2864,2323537,75279.0572810,0
1790771580000,0.0323900,0.0324670,0.0322870,0.0323530,1901673,1790771639999,61525.1857570,1792,1259960,40756.3491910,0
1790771640000,0.0323530,0.0324940,0.0323100,0.0324530,1321465,1790771699999,42807.8994960,1594,778613,25225.8191490,0
1790771700000,0.0324510,0.0324840,0.0323730,0.0324030,2530479,1790771759999,82056.0446550,2175,1480444,48003.4707720,0
1790771760000,0.0323980,0.0323980,0.0322150,0.0322640,2420329,1790771819999,78169.8104260,2595,972043,31399.0267410,0
1790771820000,0.0322610,0.0323160,0.0322180,0.0323030,1150438,1790771879999,37112.4139730,1252,613154,19781.7250200,0
1790771880000,0.0323050,0.0323790,0.0322580,0.0323650,871601,1790771939999,28153.5948840,1020,522161,16865.5752750,0
1790771940000,0.0323670,0.0324460,0.0323550,0.0323900,745586,1790771999999,24163.8268670,1089,456891,14807.5592910,0
1790772000000,0.0323890,0.0324090,0.0322650,0.0323910,1840068,1790772059999,59510.7623710,1761,800526,25892.2146290,0
1790772060000,0.0323880,0.0324150,0.0323370,0.0323990,1213475,1790772119999,39284.0989230,1323,523971,16967.0910920,0
1790772120000,0.0324000,0.0324170,0.0323500,0.0323800,1074225,1790772179999,34787.8376710,1044,662949,21470.4836430,0
1790772180000,0.0323850,0.0325650,0.0323850,0.0324510,2724175,1790772239999,88491.4165820,1960,1668366,54202.9428620,0
1790772240000,0.0324510,0.0324790,0.0324220,0.0324740,1238004,1790772299999,40169.8187140,1030,485090,15740.6052790,0
1790772300000,0.0324740,0.0326630,0.0324520,0.0326570,1896443,1790772359999,61767.5720090,1876,957597,31210.2413610,0
1790772360000,0.0326570,0.0327420,0.0324810,0.0325220,3597955,1790772419999,117266.8052600,2765,1412146,46056.3195400,0
1790772420000,0.0325220,0.0325520,0.0324810,0.0324970,1511563,1790772479999,49135.3607910,1019,922433,29985.9568190,0
1790772480000,0.0324880,0.0325790,0.0324760,0.0325510,1602891,1790772539999,52124.1482980,1188,861500,28015.0569240,0
1790772540000,0.0325520,0.0325680,0.0325110,0.0325530,759505,1790772599999,24712.7122790,897,390704,12713.2723350,0
1790772600000,0.0325520,0.0326240,0.0325270,0.0325650,1968640,1790772659999,64105.6023300,1550,816550,26590.7236020,0
1790772660000,0.0325680,0.0325710,0.0323740,0.0324320,2452572,1790772719999,79593.5422640,1839,606244,19667.4132300,0
1790772720000,0.0324300,0.0325670,0.0324210,0.0325550,1143524,1790772779999,37144.5756900,1161,705298,22911.7385640,0
1790772780000,0.0325550,0.0325850,0.0324580,0.0325130,1303893,1790772839999,42399.7625220,1351,618674,20120.0190970,0
1790772840000,0.0325130,0.0326580,0.0324970,0.0326030,1327939,1790772899999,43262.7924160,1382,735769,23966.3397700,0
1790772900000,0.0326010,0.0326630,0.0325450,0.0325800,1515289,1790772959999,49402.4262810,1506,722159,23539.3202130,0
1790772960000,0.0325780,0.0325960,0.0324620,0.0325040,1449421,1790773019999,47135.8860770,1463,502410,16338.0694040,0
1790773020000,0.0325030,0.0325610,0.0324990,0.0325610,635718,1790773079999,20675.2468940,747,302080,9824.3372830,0
1790773080000,0.0325620,0.0325650,0.0325050,0.0325280,834255,1790773139999,27149.9602740,591,263837,8587.1326250,0
1790773140000,0.0325280,0.0325490,0.0324140,0.0324240,949448,1790773199999,30820.6713460,1192,324323,10529.1001430,0
1790773200000,0.0324230,0.0326300,0.0323960,0.0325990,2339875,1790773259999,76094.8715010,1904,1217555,39600.9973620,0
1790773260000,0.0326000,0.0327050,0.0325430,0.0325860,1946241,1790773319999,63469.1263990,1940,908457,29621.4120520,0
1790773320000,0.0325860,0.0325860,0.0325080,0.0325570,1040966,1790773379999,33884.6191710,1090,310907,10120.2728650,0
1790773380000,0.0325560,0.0326140,0.0325410,0.0325840,747431,1790773439999,24349.1082800,699,288283,9392.1325300,0
1790773440000,0.0325800,0.0325800,0.0324130,0.0324200,1351361,1790773499999,43879.9314540,1268,448866,14566.5021130,0
1790773500000,0.0324200,0.0324200,0.0321760,0.0323510,4455051,1790773559999,144005.2530940,2504,1839761,59481.2123170,0
1790773560000,0.0323510,0.0324620,0.0323470,0.0324350,952477,1790773619999,30875.2640860,1046,455267,14756.0393130,0
1790773620000,0.0324370,0.0324930,0.0324320,0.0324360,534837,1790773679999,17360.6903890,730,197846,6422.7823070,0
1790773680000,0.0324370,0.0324670,0.0323580,0.0323760,908126,1790773739999,29446.2334160,956,294320,9541.0024650,0
1790773740000,0.0323840,0.0323900,0.0323000,0.0323460,1187072,1790773799999,38397.8682640,1237,373664,12085.6832010,0
1790773800000,0.0323470,0.0325160,0.0323470,0.0324850,1020030,1790773859999,33109.9884440,1131,485092,15742.0236730,0
1790773860000,0.0324860,0.0324930,0.0324200,0.0324590,891926,1790773919999,28949.6524720,963,304509,9884.3881720,0
1790773920000,0.0324600,0.0325120,0.0324450,0.0324730,869774,1790773979999,28242.9188390,866,327445,10633.2126140,0
1790773980000,0.0324730,0.0325310,0.0324720,0.0325270,644468,1790774039999,20949.1181900,603,161822,5258.7093010,0
1790774040000,0.0325280,0.0325960,0.0325220,0.0325680,1525766,1790774099999,49679.9941730,1170,565786,18424.2697590,0
1790774100000,0.0325690,0.0326760,0.0324660,0.0324760,2415556,1790774159999,78720.6615520,1940,1367266,44574.1725210,0
1790774160000,0.0324750,0.0325000,0.0324200,0.0324760,806531,1790774219999,26180.9135520,1217,374983,12173.4288610,0
1790774220000,0.0324770,0.0325120,0.0323680,0.0323830,1045167,1790774279999,33899.6928480,1088,319248,10359.0382320,0
1790774280000,0.0323810,0.0325100,0.0323720,0.0324120,1205442,1790774339999,39104.6993070,1073,558733,18120.7251490,0
1790774340000,0.0324120,0.0324120,0.0322790,0.0323290,1050408,1790774399999,33960.2918130,1082,402169,12999.6650200,0
1790774400000,0.0323290,0.0324110,0.0323130,0.0323690,1392436,1790774459999,45066.2461920,1435,521631,16886.5477460,0
1790774460000,0.0323680,0.0323680,0.0323090,0.0323550,1163282,1790774519999,37621.8112920,964,240577,7781.0159170,0
1790774520000,0.0323550,0.0324380,0.0323510,0.0323790,1023302,1790774579999,33149.1756920,1040,572173,18536.9766820,0
1790774580000,0.0323790,0.0324430,0.0323610,0.0324090,1387611,1790774639999,44958.0530100,1129,534782,17325.3186550,0
1790774640000,0.0324080,0.0324380,0.0323570,0.0324170,351387,1790774699999,11383.8652610,565,146666,4752.2160370,0
1790774700000,0.0324160,0.0324860,0.0323810,0.0323810,845513,1790774759999,27433.0443740,1224,356831,11579.2486690,0
1790774760000,0.0323810,0.0324000,0.0323340,0.0323660,692988,1790774819999,22432.4461200,892,222191,7193.4239810,0
1790774820000,0.0323670,0.0324450,0.0323480,0.0323970,1003935,1790774879999,32518.2186660,918,537472,17413.7347460,0
1790774880000,0.0323950,0.0324260,0.0323450,0.0323600,532160,1790774939999,17235.7669230,758,184273,5967.2830540,0
1790774940000,0.0323610,0.0323710,0.0323240,0.0323650,512816,1790774999999,16591.0347900,609,195101,6313.0913220,0
1790775000000,0.0323640,0.0324810,0.0323560,0.0324810,1020842,1790775059999,33086.2578880,1127,708125,22956.4332660,0
1790775060000,0.0324820,0.0325760,0.0324820,0.0325430,926753,1790775119999,30157.8279730,1149,518544,16873.3366360,0
1790775120000,0.0325400,0.0326110,0.0324610,0.0325060,1342943,1790775179999,43699.0852700,1205,657308,21393.0141170,0
1790775180000,0.0325110,0.0325670,0.0325000,0.0325120,951984,1790775239999,30961.0686220,835,465048,15127.6418100,0
1790775240000,0.0325130,0.0325650,0.0324950,0.0325360,592792,1790775299999,19283.7970240,730,286204,9310.5351820,0
1790775300000,0.0325360,0.0325370,0.0323500,0.0323540,1187112,1790775359999,38474.1656400,1163,408690,13247.3764280,0
1790775360000,0.0323530,0.0323850,0.0322390,0.0323820,2843665,1790775419999,91863.4724650,2131,1269130,41015.9792120,0
1790775420000,0.0323830,0.0324490,0.0322980,0.0323270,1907155,1790775479999,61713.3632250,1696,843680,27299.6983960,0
1790775480000,0.0323300,0.0324180,0.0322720,0.0323470,2348946,1790775539999,76006.3171470,1821,1062443,34382.1220180,0
1790775540000,0.0323470,0.0323680,0.0322670,0.0323390,909049,1790775599999,29379.8694800,1213,398900,12893.4502570,0
1790775600000,0.0323400,0.0323770,0.0322590,0.0322870,898086,1790775659999,29030.2009490,1098,267404,8645.1424590,0
1790775660000,0.0322870,0.0324610,0.0322860,0.0324510,968827,1790775719999,31384.8020120,1131,631076,20438.6259010,0
1790775720000,0.0324520,0.0325350,0.0324310,0.0325140,977999,1790775779999,31761.1438640,1113,516970,16792.2344230,0
1790775780000,0.0325150,0.0326250,0.0324920,0.0325540,2595193,1790775839999,84496.2227500,2262,1257198,40942.1035190,0
1790775840000,0.0325570,0.0325920,0.0325000,0.0325710,1249540,1790775899999,40669.6606740,952,606764,19757.7283940,0
1790775900000,0.0325740,0.0327980,0.0325740,0.0327380,3184858,1790775959999,104174.3028060,3115,1637202,53535.5307670,0
1790775960000,0.0327380,0.0327670,0.0326470,0.0327420,2749236,1790776019999,89945.3253570,1554,800022,26174.3534250,0
1790776020000,0.0327430,0.0327650,0.0326280,0.0326290,2052311,1790776079999,67142.7443870,1264,761176,24902.8386690,0
1790776080000,0.0326280,0.0326380,0.0325840,0.0326340,779620,1790776139999,25428.1662170,883,420366,13711.9757640,0
1790776140000,0.0326240,0.0327500,0.0326220,0.0327330,861161,1790776199999,28162.6946390,831,587950,19223.0181570,0
1790776200000,0.0327350,0.0327840,0.0326580,0.0326880,1900305,1790776259999,62180.0996280,1419,826573,27055.1841870,0
1790776260000,0.0326870,0.0327380,0.0325950,0.0326090,1193226,1790776319999,38998.5880430,991,511804,16729.1647930,0
1790776320000,0.0326060,0.0326450,0.0325680,0.0326390,823066,1790776379999,26844.7086620,980,528492,17238.6093560,0
1790776380000,0.0326390,0.0326490,0.0325280,0.0325500,958446,1790776439999,31215.7705120,921,414848,13507.6484400,0
1790776440000,0.0325490,0.0325800,0.0323200,0.0323650,2964795,1790776499999,96154.8462150,1654,929212,30128.5111040,0
1790776500000,0.0323690,0.0324090,0.0323190,0.0323920,1427609,1790776559999,46188.7682760,1374,699845,22645.1536850,0
1790776560000,0.0323930,0.0324550,0.0323830,0.0324190,988709,1790776619999,32051.4316240,969,706338,22898.2359020,0
1790776620000,0.0324180,0.0324770,0.0324060,0.0324400,732260,1790776679999,23757.0103630,867,423842,13752.7794470,0
1790776680000,0.0324390,0.0325330,0.0324170,0.0324490,801082,1790776739999,26016.1030560,971,406613,13204.2191240,0
1790776740000,0.0324490,0.0327720,0.0324490,0.0327590,2352496,1790776799999,76823.9813420,2319,1684743,55010.4994810,0
1790776800000,0.0327600,0.0329510,0.0326560,0.0329320,3755973,1790776859999,123237.8889410,3427,2030321,66640.2889880,0
1790776860000,0.0329330,0.0329580,0.0328500,0.0329530,1972980,1790776919999,64904.8484860,2061,997767,32820.0010080,0
1790776920000,0.0329530,0.0330800,0.0328680,0.0328830,4473491,1790776979999,147469.6594400,2849,2518245,83045.5945090,0
1790776980000,0.0328830,0.0329580,0.0327700,0.0328020,2080827,1790777039999,68312.4679160,1897,1027700,33731.9302310,0
1790777040000,0.0328030,0.0328690,0.0327720,0.0328690,797649,1790777099999,26180.7561080,1182,368511,12097.4581700,0
1790777100000,0.0328620,0.0328870,0.0328000,0.0328140,2121765,1790777159999,69660.1899740,1487,915775,30067.9871730,0
1790777160000,0.0328130,0.0331360,0.0328110,0.0330620,4029546,1790777219999,133055.1248880,2946,2625657,86673.6451780,0
1790777220000,0.0330540,0.0332170,0.0330120,0.0330310,3777520,1790777279999,125080.0048000,3329,2023581,67033.9803600,0
1790777280000,0.0330320,0.0331370,0.0329770,0.0330280,2378487,1790777339999,78611.6891940,1804,1262397,41720.9390550,0
1790777340000,0.0330280,0.0331500,0.0330050,0.0331170,847978,1790777399999,28048.2691580,1119,411532,13612.9940980,0
1790777400000,0.0331080,0.0331380,0.0330640,0.0331230,2326852,1790777459999,77018.3691050,1719,1426511,47219.0698770,0
1790777460000,0.0331160,0.0331240,0.0330090,0.0330460,1643253,1790777519999,54343.0614030,1602,667976,22092.0778820,0
1790777520000,0.0330410,0.0331090,0.0330040,0.0330580,824044,1790777579999,27246.4183210,1152,504537,16679.9354320,0
1790777580000,0.0330610,0.0331680,0.0330370,0.0331020,1692943,1790777639999,56039.6752280,1328,963447,31878.5893000,0
1790777640000,0.0331020,0.0331730,0.0331020,0.0331480,1034046,1790777699999,34261.9102320,1029,734362,24332.6786310,0
1790777700000,0.0331470,0.0333270,0.0331380,0.0333090,2655599,1790777759999,88265.1421910,1958,1976435,65681.9952930,0
1790777760000,0.0333030,0.0334550,0.0332820,0.0334300,2447771,1790777819999,81678.5798750,2431,1480253,49394.8084590,0
1790777820000,0.0334310,0.0335410,0.0333500,0.0335260,3461623,1790777879999,115833.8632100,2858,2441273,81692.6890800,0
1790777880000,0.0335230,0.0335860,0.0333750,0.0334930,3582517,1790777939999,119940.6761810,2578,2158692,72263.1082320,0
1790777940000,0.0334970,0.0334970,0.0333290,0.0333870,2248852,1790777999999,75156.2191840,2375,1207726,40361.3104640,0
1790778000000,0.0333860,0.0334970,0.0333130,0.0334610,2198878,1790778059999,73415.1025030,2304,1364754,45576.2058910,0
1790778060000,0.0334620,0.0336340,0.0334530,0.0334950,2213874,1790778119999,74248.3390900,2079,1098057,36845.7410130,0
1790778120000,0.0334960,0.0336790,0.0334960,0.0335620,2762240,1790778179999,92795.8002460,2659,1828107,61407.8601540,0
1790778180000,0.0335620,0.0336250,0.0333440,0.0336250,3501754,1790778239999,117142.5074030,2987,1891736,63307.2223030,0
1790778240000,0.0336260,0.0337560,0.0336260,0.0336960,1991881,1790778299999,67143.7613810,2402,1046873,35290.2187400,0
1790778300000,0.0336970,0.0337750,0.0336210,0.0336480,3759011,1790778359999,126696.7333300,2653,2073915,69903.1668310,0
1790778360000,0.0336420,0.0337390,0.0334420,0.0335620,3323312,1790778419999,111616.4238680,2870,1570662,52757.2424930,0
1790778420000,0.0335630,0.0336660,0.0335120,0.0335600,1602145,1790778479999,53817.9518460,1995,644902,21664.8117510,0
1790778480000,0.0335620,0.0336670,0.0335560,0.0336080,1560337,1790778539999,52459.7517360,1630,960603,32303.9291810,0
1790778540000,0.0336090,0.0337010,0.0335800,0.0336490,1893818,1790778599999,63697.3046680,2022,793197,26679.7902570,0
1790778600000,0.0336340,0.0338190,0.0336080,0.0336230,4365703,1790778659999,147219.5203080,3071,2376049,80108.4750390,0
1790778660000,0.0336230,0.0336240,0.0333370,0.0334890,3965612,1790778719999,132759.3469600,3466,1358949,45511.1900180,0
1790778720000,0.0334900,0.0336050,0.0333960,0.0334510,3065119,1790778779999,102664.6980980,2482,1080434,36201.7300610,0
1790778780000,0.0334500,0.0336210,0.0334000,0.0335770,1639890,1790778839999,54960.4124580,1725,708565,23754.1774580,0
1790778840000,0.0335780,0.0336360,0.0334880,0.0335160,1298090,1790778899999,43574.0769930,1436,716817,24065.3099910,0
1790778900000,0.0335160,0.0336500,0.0334580,0.0336260,3141294,1790778959999,105357.8390760,2421,1282011,43010.9541350,0
1790778960000,0.0336350,0.0336700,0.0335370,0.0335710,2866854,1790779019999,96358.3033440,2087,1034620,34761.7671420,0
1790779020000,0.0335740,0.0336160,0.0334040,0.0334770,2306062,1790779079999,77233.5707820,2334,1011285,33876.5224680,0
1790779080000,0.0334770,0.0335680,0.0334350,0.0334840,1950104,1790779139999,65335.3482900,1842,722013,24187.2269530,0
1790779140000,0.0334840,0.0335010,0.0333500,0.0333710,2355225,1790779199999,78737.7793760,2015,509121,17024.9655600,0
1790779200000,0.0333670,0.0337790,0.0333670,0.0337660,1774213,1790779259999,59560.2874560,1810,1178254,39515.0779690,0
1790779260000,0.0337670,0.0339990,0.0337280,0.0339270,3944163,1790779319999,133557.0561570,3347,2236820,75767.1775100,0
1790779320000,0.0339260,0.0341300,0.0338870,0.0339670,5201603,1790779379999,176778.7625060,3494,2666316,90667.6104790,0
1790779380000,0.0339630,0.0340050,0.0338390,0.0339320,2984561,1790779439999,101204.9147110,1905,1215127,41214.5694090,0
1790779440000,0.0339300,0.0339540,0.0338360,0.0339150,1960562,1790779499999,66468.2935560,1823,893213,30287.3055220,0
1790779500000,0.0339180,0.0339440,0.0338090,0.0338570,1711011,1790779559999,57929.9280740,2202,1066747,36117.1570530,0
1790779560000,0.0338570,0.0339660,0.0337910,0.0338610,1223190,1790779619999,41438.4525210,1924,530253,17963.0855600,0
1790779620000,0.0338590,0.0340100,0.0338580,0.0339240,1641949,1790779679999,55719.7934260,1611,928319,31506.9262620,0
1790779680000,0.0339250,0.0339680,0.0337370,0.0339390,1838352,1790779739999,62218.7609810,2136,691999,23428.2754230,0
1790779740000,0.0339410,0.0341060,0.0339410,0.0341060,2438273,1790779799999,83026.9107960,2617,1275629,43448.1657390,0
1790779800000,0.0340890,0.0341330,0.0339900,0.0340520,3689014,1790779859999,125612.8676280,2664,1434285,48844.0074380,0
1790779860000,0.0340500,0.0341860,0.0340250,0.0341390,3501540,1790779919999,119379.9974420,3323,2178217,74274.7501560,0
1790779920000,0.0341240,0.0344270,0.0340740,0.0342750,5742929,1790779979999,196777.5266200,4466,3619867,124033.0630890,0
1790779980000,0.0342750,0.0343160,0.0341630,0.0342250,2689319,1790780039999,92045.7216990,2156,1656272,56686.5811500,0
1790780040000,0.0342260,0.0343020,0.0342260,0.0342780,1714293,1790780099999,58750.6811160,1401,634463,21741.4193120,0
1790780100000,0.0342800,0.0344010,0.0342660,0.0342910,2528103,1790780159999,86762.0377400,1932,1579717,54222.8130900,0
1790780160000,0.0342980,0.0344400,0.0341960,0.0344320,2217175,1790780219999,76056.8558130,2156,1029971,35362.6743230,0
1790780220000,0.0344320,0.0345330,0.0343700,0.0344730,2684077,1790780279999,92516.3267920,2460,1260131,43438.2146800,0
1790780280000,0.0344770,0.0344930,0.0341390,0.0341550,2846910,1790780339999,97804.7649410,3019,1225645,42151.3400170,0
1790780340000,0.0341460,0.0342460,0.0341410,0.0341910,1713712,1790780399999,58592.1385590,1885,1066343,36464.1497200,0
1790780400000,0.0341990,0.0343120,0.0335360,0.0337890,11513988,1790780459999,390115.7433050,7801,3733184,126607.0428860,0
1790780460000,0.0337870,0.0341450,0.0337140,0.0339910,3859663,1790780519999,130806.6448420,4234,1753442,59425.5063520,0
1790780520000,0.0339920,0.0340950,0.0338630,0.0339300,2265205,1790780579999,76928.8658820,2923,994950,33788.2182080,0
1790780580000,0.0339290,0.0339690,0.0338150,0.0338860,2204684,1790780639999,74703.0846570,2420,663526,22485.2727230,0
1790780640000,0.0338850,0.0339660,0.0335390,0.0336000,6653075,1790780699999,224519.5437430,4250,1827330,61653.8228550,0
1790780700000,0.0336110,0.0339000,0.0335930,0.0338600,3235882,1790780759999,109259.1108450,2802,1176721,39727.6304770,0
1790780760000,0.0338710,0.0339110,0.0337890,0.0337970,1568027,1790780819999,53082.1701340,1770,612123,20722.9081420,0
1790780820000,0.0337890,0.0338360,0.0335400,0.0335490,1667998,1790780879999,56193.5128270,2349,528189,17805.9361150,0
1790780880000,0.0335480,0.0336110,0.0327130,0.0331920,22947388,1790780939999,760230.4807190,8399,7166550,237897.4017810,0
1790780940000,0.0331860,0.0334360,0.0331520,0.0333620,5085664,1790780999999,169408.7732640,3332,3092703,103011.2836560,0
1790781000000,0.0333670,0.0334470,0.0332740,0.0333710,4045611,1790781059999,135024.7100810,2203,1536679,51283.3517790,0
1790781060000,0.0333630,0.0334980,0.0332460,0.0334340,2827756,1790781119999,94410.7916010,2285,1114413,37194.1930360,0
1790781120000,0.0334340,0.0334630,0.0334000,0.0334370,1373801,1790781179999,45935.8717290,1352,574448,19209.4409780,0
1790781180000,0.0334360,0.0335300,0.0333350,0.0333770,2398854,1790781239999,80246.2129290,1776,870615,29107.3646220,0
1790781240000,0.0333770,0.0334220,0.0332910,0.0333400,1846582,1790781299999,61614.7867930,1680,906925,30259.6561680,0
1790781300000,0.0333390,0.0336840,0.0331800,0.0336360,4486007,1790781359999,149875.7481520,3312,2441673,81729.8370310,0
1790781360000,0.0336460,0.0338150,0.0335310,0.0336090,3418239,1790781419999,115062.9370220,3816,1657466,55778.8859890,0
1790781420000,0.0336090,0.0336460,0.0335040,0.0336370,2105773,1790781479999,70718.4015630,2196,1089523,36592.1882650,0
1790781480000,0.0336350,0.0337200,0.0335440,0.0335790,1992756,1790781539999,67008.7168610,2037,1062055,35726.7079240,0
1790781540000,0.0335800,0.0335800,0.0334300,0.0334490,1049767,1790781599999,35194.7214120,1615,314043,10533.6791540,0
1790781600000,0.0334500,0.0334940,0.0332900,0.0333590,1813329,1790781659999,60529.7169020,2302,494452,16505.3361210,0
1790781660000,0.0333590,0.0334280,0.0333100,0.0333750,1823453,1790781719999,60836.6321860,2153,717259,23935.6959270,0
1790781720000,0.0333760,0.0336220,0.0333750,0.0335870,1566593,1790781779999,52499.5279130,1984,942966,31577.6117650,0
1790781780000,0.0335880,0.0336200,0.0334690,0.0335580,2224534,1790781839999,74593.6274290,2514,1020355,34214.1164120,0
1790781840000,0.0335540,0.0335630,0.0334980,0.0335300,754528,1790781899999,25296.3523540,942,499108,16732.6033420,0
1790781900000,0.0335320,0.0336050,0.0334830,0.0334940,1009849,1790781959999,33862.3369090,1153,473356,15874.6255040,0
1790781960000,0.0334940,0.0335080,0.0334080,0.0334380,843533,1790782019999,28220.7647460,1300,309934,10367.8801260,0
1790782020000,0.0334400,0.0334960,0.0334120,0.0334670,792392,1790782079999,26505.8890190,1024,409209,13687.9041430,0
1790782080000,0.0334670,0.0335760,0.0334100,0.0335740,882320,1790782139999,29560.9866820,1137,550353,18442.5797670,0
1790782140000,0.0335750,0.0337340,0.0335650,0.0336260,1203839,1790782199999,40519.7860570,1504,726274,24446.2242570,0
1790782200000,0.0336280,0.0336740,0.0336100,0.0336470,747056,1790782259999,25127.3465680,1045,405493,13639.6846190,0
1790782260000,0.0336480,0.0336620,0.0334170,0.0335080,1628344,1790782319999,54549.7140930,1830,572245,19157.1402680,0
1790782320000,0.0335040,0.0335050,0.0334050,0.0334530,959075,1790782379999,32086.2714130,1165,598485,20020.8438570,0
1790782380000,0.0334570,0.0337510,0.0334380,0.0336910,1676568,1790782439999,56341.8808380,1809,908317,30532.5825740,0
1790782440000,0.0336920,0.0337800,0.0336560,0.0337130,1187654,1790782499999,40053.4065200,1372,471685,15912.1646640,0
1790782500000,0.0337050,0.0337590,0.0336730,0.0337370,829045,1790782559999,27955.1650760,1054,552598,18632.8180310,0
1790782560000,0.0337380,0.0337850,0.0336530,0.0336820,648097,1790782619999,21852.0775440,953,246347,8307.4751530,0
1790782620000,0.0336810,0.0337330,0.0336070,0.0337130,666733,1790782679999,22448.4899550,884,338124,11390.0198170,0
1790782680000,0.0337120,0.0337120,0.0336280,0.0336610,805889,1790782739999,27122.2878220,843,545596,18362.0484760,0
1790782740000,0.0336600,0.0338360,0.0336290,0.0337640,1427525,1790782799999,48154.0476100,1389,977475,32978.7729410,0
1790782800000,0.0337630,0.0338310,0.0336600,0.0336950,819943,1790782859999,27673.4850280,1096,392840,13254.8605130,0
1790782860000,0.0336950,0.0337520,0.0336490,0.0336620,1472878,1790782919999,49627.6303660,1568,795963,26824.7849960,0
1790782920000,0.0336620,0.0337990,0.0336620,0.0337340,739893,1790782979999,24964.2939210,946,393181,13263.0479990,0
1790782980000,0.0337290,0.0337540,0.0336840,0.0337340,762212,1790783039999,25695.6498920,651,481434,16227.7696590,0
1790783040000,0.0337340,0.0337520,0.0336840,0.0336990,1008292,1790783099999,33998.4841830,939,619865,20903.9678430,0
1790783100000,0.0336990,0.0337400,0.0336510,0.0336740,818883,1790783159999,27584.1901760,891,403503,13592.5375560,0
1790783160000,0.0336730,0.0338170,0.0336660,0.0337680,759718,1790783219999,25640.7354010,888,295204,9960.0194400,0
1790783220000,0.0337690,0.0337750,0.0336520,0.0336590,524741,1790783279999,17686.0918120,767,211261,7119.3274380,0
1790783280000,0.0336590,0.0336830,0.0336400,0.0336640,406078,1790783339999,13670.3141010,540,184158,6199.1174400,0
1790783340000,0.0336640,0.0338130,0.0336610,0.0337350,629384,1790783399999,21236.1832570,974,337814,11392.4680500,0
1790783400000,0.0337330,0.0337660,0.0336660,0.0336740,860009,1790783459999,28991.7629650,1141,484193,16321.1564600,0
1790783460000,0.0336740,0.0336920,0.0336180,0.0336340,1249086,1790783519999,42041.2471320,1115,489966,16493.5827770,0
1790783520000,0.0336340,0.0336340,0.0335310,0.0335750,4045602,1790783579999,135714.1070280,1409,620295,20821.2311330,0
1790783580000,0.0335730,0.0336400,0.0335450,0.0335570,800358,1790783639999,26880.9688120,912,516780,17356.3032790,0
1790783640000,0.0335580,0.0336160,0.0335230,0.0335760,1255842,1790783699999,42148.7692740,862,378773,12720.0840370,0
1790783700000,0.0335760,0.0336980,0.0335760,0.0336370,663228,1790783759999,22315.2971190,957,358516,12060.0220080,0
1790783760000,0.0336370,0.0336410,0.0335040,0.0335160,575407,1790783819999,19318.3355560,813,147449,4950.1522800,0
1790783820000,0.0335140,0.0336670,0.0335090,0.0336100,787245,1790783879999,26458.3267750,1154,444187,14929.3557590,0
1790783880000,0.0336090,0.0336360,0.0335430,0.0335580,750509,1790783939999,25215.7843010,763,398721,13400.0680080,0
1790783940000,0.0335650,0.0335750,0.0334650,0.0334870,2027465,1790783999999,67940.3449490,1641,481014,16121.7024770,0
1790784000000,0.0334940,0.0336700,0.0334730,0.0336420,1569511,1790784059999,52700.6990990,1560,720850,24204.8162650,0
1790784060000,0.0336430,0.0336740,0.0335670,0.0336520,1586424,1790784119999,53337.5674210,1644,569917,19162.5776460,0
1790784120000,0.0336520,0.0339690,0.0336290,0.0338490,3154461,1790784179999,106725.5744300,2915,1734152,58668.5389090,0
1790784180000,0.0338500,0.0344060,0.0338380,0.0343560,8339899,1790784239999,284754.3056910,6189,5396255,184280.2107750,0
1790784240000,0.0343580,0.0344990,0.0341410,0.0342580,5722266,1790784299999,196298.5344180,4245,2460530,84417.5495240,0
1790784300000,0.0342580,0.0344320,0.0341650,0.0342790,3284531,1790784359999,112729.3765200,3092,2237786,76816.4226830,0
1790784360000,0.0342840,0.0343410,0.0340180,0.0340560,2641382,1790784419999,90264.5308710,2718,1022685,34943.6717240,0
1790784420000,0.0340490,0.0340650,0.0339250,0.0339630,1751960,1790784479999,59538.6477360,2329,915590,31114.5784600,0
1790784480000,0.0339640,0.0339890,0.0336570,0.0337360,3174943,1790784539999,107379.3760230,2478,773319,26172.0613820,0
1790784540000,0.0337360,0.0337920,0.0335160,0.0335440,3787320,1790784599999,127362.8349430,2930,1154604,38849.0956690,0
1790784600000,0.0335450,0.0336180,0.0334120,0.0335060,3649404,1790784659999,122305.0990640,2574,1452116,48700.8274140,0
1790784660000,0.0335210,0.0335830,0.0333290,0.0333940,2248200,1790784719999,75195.8563760,2352,1165656,38992.2834920,0
1790784720000,0.0333790,0.0333840,0.0331170,0.0331680,3253799,1790784779999,108044.4776120,3184,1170702,38862.2316830,0
1790784780000,0.0331750,0.0332820,0.0331420,0.0331770,2496895,1790784839999,82962.6629500,1823,662612,22008.0843690,0
1790784840000,0.0331790,0.0332070,0.0330150,0.0330880,2508216,1790784899999,83085.4386880,2233,952535,31571.2286070,0
1790784900000,0.0330880,0.0331980,0.0330880,0.0331460,1724883,1790784959999,57167.8021380,1533,759439,25165.3936000,0
1790784960000,0.0331480,0.0331990,0.0329100,0.0329480,3192752,1790785019999,105311.6368820,2923,1007660,33236.3711690,0
1790785020000,0.0329350,0.0331510,0.0329350,0.0330870,1418007,1790785079999,46906.1314550,1676,691771,22875.3528990,0
1790785080000,0.0330870,0.0330890,0.0328500,0.0329640,2357188,1790785139999,77724.8399310,2132,680197,22417.2964920,0
1790785140000,0.0329660,0.0330620,0.0329530,0.0329700,1316341,1790785199999,43442.6499270,1217,474136,15650.9862870,0
1790785200000,0.0329780,0.0330050,0.0329150,0.0329640,881663,1790785259999,29063.4176420,937,339968,11205.2263640,0
1790785260000,0.0329690,0.0330010,0.0328610,0.0329430,1742819,1790785319999,57393.5692740,1592,641688,21127.8261810,0
1790785320000,0.0329420,0.0329580,0.0328160,0.0328420,1313144,1790785379999,43161.9874150,1505,365198,12006.3982180,0
1790785380000,0.0328340,0.0329320,0.0328070,0.0329230,1615099,1790785439999,53099.7822940,1463,1042968,34293.7228790,0
1790785440000,0.0329240,0.0329720,0.0328890,0.0329020,894587,1790785499999,29457.0819040,967,554642,18265.4272570,0
1790785500000,0.0329120,0.0330480,0.0328860,0.0330310,1374453,1790785559999,45301.9948850,961,889699,29326.6819920,0
1790785560000,0.0330290,0.0333020,0.0330230,0.0332040,3368391,1790785619999,111875.1891530,2590,2166586,71963.7232480,0
1790785620000,0.0332030,0.0332430,0.0330540,0.0331240,1727232,1790785679999,57274.1586880,1664,607698,20157.8083910,0
1790785680000,0.0331240,0.0331430,0.0330350,0.0330350,526761,1790785739999,17431.0955470,837,170532,5644.1825870,0
1790785740000,0.0330350,0.0330640,0.0329920,0.0330510,1013718,1790785799999,33482.0275820,842,549362,18147.1546950,0
1790785800000,0.0330510,0.0331290,0.0330060,0.0330140,1290168,1790785859999,42646.2615020,1091,447482,14801.0425160,0
1790785860000,0.0330150,0.0330280,0.0327870,0.0327890,1924411,1790785919999,63278.8445550,1727,376784,12405.4975420,0
1790785920000,0.0327910,0.0327930,0.0326240,0.0326980,3242180,1790785979999,106066.8883080,2683,1017802,33303.2521870,0
1790785980000,0.0327000,0.0329150,0.0326950,0.0328820,1495447,1790786039999,49061.0367120,1508,901514,29578.6883710,0
1790786040000,0.0328840,0.0328840,0.0327500,0.0327750,592652,1790786099999,19447.3675880,823,196648,6450.8105450,0
1790786100000,0.0327750,0.0328040,0.0326710,0.0327010,2120893,1790786159999,69425.9959440,1558,305742,10007.5762250,0
1790786160000,0.0327070,0.0327370,0.0325960,0.0326620,1554004,1790786219999,50764.3766370,1229,475408,15542.1458210,0
1790786220000,0.0326620,0.0326830,0.0325870,0.0326550,1245781,1790786279999,40657.4847280,1066,442921,14457.2803520,0
1790786280000,0.0326560,0.0327590,0.0326460,0.0327170,977393,1790786339999,31975.9285980,864,499223,16331.3351360,0
1790786340000,0.0327190,0.0327190,0.0326680,0.0327040,440970,1790786399999,14417.8439970,575,202249,6612.8833680,0
1790786400000,0.0327060,0.0328260,0.0326960,0.0327820,948027,1790786459999,31065.3293720,1079,589050,19299.1975120,0
1790786460000,0.0327820,0.0328410,0.0327350,0.0327700,655165,1790786519999,21469.9936090,1124,299330,9810.7974890,0
1790786520000,0.0327750,0.0327910,0.0326920,0.0326960,890649,1790786579999,29177.4877370,677,252668,8278.0796550,0
1790786580000,0.0326970,0.0327630,0.0326750,0.0327040,753613,1790786639999,24662.1005410,848,438406,14350.2894900,0
1790786640000,0.0327040,0.0327830,0.0326830,0.0327710,785721,1790786699999,25710.0446520,853,506905,16590.9833650,0
1790786700000,0.0327690,0.0328730,0.0327520,0.0328480,828828,1790786759999,27213.0188460,1090,487765,16015.3597170,0
1790786760000,0.0328490,0.0329430,0.0328150,0.0329030,703733,1790786819999,23150.8059190,904,485079,15961.9001600,0
1790786820000,0.0329020,0.0329020,0.0327880,0.0328060,460170,1790786879999,15115.7070190,584,135074,4434.3884790,0
1790786880000,0.0328040,0.0328070,0.0327200,0.0327260,622572,1790786939999,20398.5139870,788,138738,4546.7553050,0
1790786940000,0.0327270,0.0327770,0.0327240,0.0327570,516463,1790786999999,16911.1338760,632,261328,8556.9006750,0
1790787000000,0.0327570,0.0327580,0.0326770,0.0326940,462767,1790787059999,15139.3984350,630,144484,4726.2836690,0
1790787060000,0.0326900,0.0327100,0.0326250,0.0326510,642828,1790787119999,20994.9205920,739,292446,9551.3606130,0
1790787120000,0.0326530,0.0326530,0.0325890,0.0326400,602523,1790787179999,19657.5389530,655,236059,7702.6651790,0
1790787180000,0.0326410,0.0326980,0.0326130,0.0326860,740324,1790787239999,24178.7787990,745,275547,9002.6182800,0
1790787240000,0.0326830,0.0327680,0.0326600,0.0327300,697830,1790787299999,22826.8573920,659,481893,15769.3437220,0
1790787300000,0.0327310,0.0327700,0.0327000,0.0327480,547780,1790787359999,17930.9841330,750,329599,10789.1027390,0
1790787360000,0.0327480,0.0327860,0.0327180,0.0327340,562667,1790787419999,18430.1506720,639,263261,8623.4864730,0
1790787420000,0.0327360,0.0327860,0.0327110,0.0327650,720609,1790787479999,23600.3312150,732,317752,10410.2412670,0
1790787480000,0.0327670,0.0327920,0.0327540,0.0327620,265665,1790787539999,8706.6368870,290,162669,5331.3977740,0
1790787540000,0.0327620,0.0328140,0.0327600,0.0328010,218512,1790787599999,7163.2067890,353,161586,5297.0977070,0
1790787600000,0.0328020,0.0328780,0.0327710,0.0327910,1738734,1790787659999,57057.4545680,1623,1091950,35841.5195310,0
1790787660000,0.0327930,0.0328400,0.0327470,0.0327510,747867,1790787719999,24521.8786130,857,321619,10545.8176050,0
1790787720000,0.0327510,0.0327510,0.0326420,0.0326510,1218049,1790787779999,39806.0555450,1143,422559,13807.8093750,0
1790787780000,0.0326510,0.0326880,0.0325930,0.0326280,644365,1790787839999,21031.7668680,735,307098,10023.0002950,0
1790787840000,0.0326280,0.0326460,0.0325180,0.0325470,1157863,1790787899999,37697.1406240,1199,345128,11234.6236840,0
1790787900000,0.0325470,0.0325790,0.0325150,0.0325570,398043,1790787959999,12955.8446060,565,184859,6017.3033390,0
1790787960000,0.0325560,0.0325560,0.0321050,0.0323340,7650047,1790788019999,247479.9318520,3576,2764302,89458.5399000,0
1790788020000,0.0323320,0.0323720,0.0323100,0.0323590,1061119,1790788079999,34313.0807200,1209,485593,15704.0361210,0
1790788080000,0.0323560,0.0324210,0.0323240,0.0323360,997519,1790788139999,32297.9284180,1119,366529,11867.3355340,0
1790788140000,0.0323410,0.0323670,0.0323160,0.0323620,871322,1790788199999,28176.6099510,533,643281,20801.1524400,0
1790788200000,0.0323630,0.0323910,0.0323350,0.0323700,1186882,1790788259999,38414.1568600,940,349746,11321.9629380,0
1790788260000,0.0323710,0.0323900,0.0323220,0.0323530,972229,1790788319999,31447.1966500,806,280688,9081.2017330,0
1790788320000,0.0323530,0.0323560,0.0323040,0.0323360,574335,1790788379999,18566.6814850,654,220589,7131.3406590,0
1790788380000,0.0323360,0.0323710,0.0323100,0.0323660,1279333,1790788439999,41365.9306960,1119,582922,18850.5895840,0
1790788440000,0.0323610,0.0323880,0.0323300,0.0323610,1021547,1790788499999,33054.5385740,704,488144,15795.4973130,0
1790788500000,0.0323700,0.0324660,0.0321850,0.0322070,1900190,1790788559999,61455.1311820,1705,711416,23049.0793250,0
1790788560000,0.0322100,0.0322310,0.0319040,0.0320370,6177615,1790788619999,198082.0940320,3098,2057392,66024.3906440,0
1790788620000,0.0320380,0.0320760,0.0319570,0.0319860,2498161,1790788679999,79994.3900900,1688,1007391,32273.9908300,0
1790788680000,0.0319840,0.0320360,0.0319780,0.0320170,1404444,1790788739999,44952.7645780,1014,901441,28853.5921630,0
1790788740000,0.0320190,0.0320670,0.0320070,0.0320220,1154029,1790788799999,36974.4672730,874,363053,11631.6363910,0
1790788800000,0.0320220,0.0320450,0.0319390,0.0320400,1658951,1790788859999,53070.9367420,1116,566943,18136.4390450,0
1790788860000,0.0320390,0.0321520,0.0320080,0.0321290,1510111,1790788919999,48451.9540580,1419,924300,29658.5859670,0
1790788920000,0.0321300,0.0321550,0.0320550,0.0320650,693170,1790788979999,22248.9136040,917,287749,9237.0870930,0
1790788980000,0.0320630,0.0320960,0.0318000,0.0318740,4228899,1790789039999,135089.0577400,1894,1291016,41310.9937190,0
1790789040000,0.0318660,0.0319250,0.0317250,0.0318460,3544457,1790789099999,112756.6974690,2689,1465401,46639.8414400,0
1790789100000,0.0318460,0.0318500,0.0317330,0.0317980,1964750,1790789159999,62455.6678450,1602,827237,26291.5427690,0
1790789160000,0.0318000,0.0318820,0.0317590,0.0317880,1623497,1790789219999,51666.5748750,1316,931124,29639.3538630,0
1790789220000,0.0317920,0.0319940,0.0317810,0.0319610,2416329,1790789279999,77139.6360970,1853,1440378,45978.3780540,0
1790789280000,0.0319610,0.0319670,0.0318570,0.0319180,1512229,1790789339999,48271.2610990,1355,822022,26243.9408730,0
1790789340000,0.0319170,0.0320820,0.0319170,0.0320150,1691623,1790789399999,54144.0277590,1225,1147113,36716.8293300,0
1790789400000,0.0320150,0.0320150,0.0318010,0.0318640,3808323,1790789459999,121545.1180990,2418,1518982,48410.1339570,0
1790789460000,0.0318660,0.0318680,0.0317400,0.0318040,3424390,1790789519999,108912.0551950,1756,1703047,54168.0965260,0
1790789520000,0.0318210,0.0318290,0.0317420,0.0317600,949221,1790789579999,30167.8699890,943,403267,12816.8746200,0
1790789580000,0.0317700,0.0317890,0.0313500,0.0313770,9732602,1790789639999,306898.6941270,5145,3146281,99274.9637840,0
1790789640000,0.0313780,0.0314110,0.0312490,0.0313800,4771306,1790789699999,149475.8100570,3104,1666447,52233.0785790,0
1790789700000,0.0313810,0.0314270,0.0313090,0.0313330,2293240,1790789759999,71913.2365370,1651,952383,29869.8079150,0
1790789760000,0.0313340,0.0314610,0.0312700,0.0314240,2154696,1790789819999,67625.0309690,2041,1209861,37988.7693280,0
1790789820000,0.0314330,0.0314520,0.0312710,0.0312720,1467708,1790789879999,46073.3890610,1428,550724,17292.1271490,0
1790789880000,0.0312720,0.0312920,0.0310670,0.0311210,4872820,1790789939999,151822.4952770,3516,1784061,55580.1282540,0
1790789940000,0.0311210,0.0311340,0.0310240,0.0310920,4425367,1790789999999,137537.1727170,2510,2186365,67958.1828820,0
1790790000000,0.0310920,0.0311390,0.0310770,0.0310990,1105086,1790790059999,34374.2167650,1223,681733,21205.9441350,0
1790790060000,0.0311040,0.0312130,0.0310590,0.0311850,1567251,1790790119999,48783.3550090,1516,1069068,33281.9297160,0
1790790120000,0.0311850,0.0311940,0.0310280,0.0310660,1941219,1790790179999,60341.9825010,1362,1090989,33921.6306730,0
1790790180000,0.0310660,0.0311560,0.0309310,0.0309790,3864561,1790790239999,119869.4865000,1896,1457272,45248.8869860,0
1790790240000,0.0309780,0.0311540,0.0309620,0.0311470,1843991,1790790299999,57261.9138310,1767,996505,30960.7501640,0
1790790300000,0.0311480,0.0312100,0.0310910,0.0311630,2467449,1790790359999,76855.3887430,1986,1518295,47298.5615980,0
1790790360000,0.0311660,0.0312460,0.0311300,0.0312450,1704900,1790790419999,53168.5856140,1712,809280,25247.0452410,0
1790790420000,0.0312450,0.0314030,0.0312450,0.0313760,2056086,1790790479999,64442.6567700,2054,1404546,44025.3037130,0
1790790480000,0.0313780,0.0314530,0.0312900,0.0314170,2463981,1790790539999,77264.5843540,1813,1370205,42958.1540710,0
1790790540000,0.0314170,0.0314640,0.0313920,0.0314610,1335075,1790790599999,41961.9613820,1229,800051,25146.2858430,0
1790790600000,0.0314610,0.0316150,0.0314600,0.0315700,3386454,1790790659999,106757.4234120,2116,2526648,79650.9273500,0
1790790660000,0.0315700,0.0317660,0.0315700,0.0317060,2710160,1790790719999,85903.9680490,2443,1743104,55247.7611640,0
1790790720000,0.0317060,0.0317480,0.0316040,0.0316300,1749185,1790790779999,55400.3726080,1397,1044419,33084.5150360,0
1790790780000,0.0316300,0.0317260,0.0316240,0.0317260,2128913,1790790839999,67405.7009690,1364,1569555,49697.1972390,0
1790790840000,0.0317260,0.0317260,0.0315630,0.0316370,1408435,1790790899999,44517.8088950,1427,614861,19426.5731650,0
1790790900000,0.0316390,0.0316490,0.0315240,0.0315920,1915525,1790790959999,60470.9649510,1846,772154,24383.5686310,0
1790790960000,0.0315920,0.0317190,0.0315580,0.0316460,1693150,1790791019999,53584.8427080,1374,1384962,43829.1508430,0
1790791020000,0.0316450,0.0317000,0.0315600,0.0316010,997084,1790791079999,31547.8805990,1129,446476,14126.5595750,0
1790791080000,0.0316000,0.0316710,0.0315380,0.0315630,1290816,1790791139999,40800.1208220,1133,681913,21562.2190490,0
1790791140000,0.0315620,0.0315900,0.0315250,0.0315640,1387013,1790791199999,43775.9926540,944,775991,24490.8636010,0
1790791200000,0.0315640,0.0316530,0.0315130,0.0315300,1449773,1790791259999,45801.9117550,1541,694689,21953.0625500,0
1790791260000,0.0315310,0.0316780,0.0314190,0.0316550,3019427,1790791319999,95172.6170580,2119,1709418,53886.5013860,0
1790791320000,0.0316560,0.0318880,0.0316560,0.0317000,3637051,1790791379999,115644.2155390,3008,1982883,63057.7408900,0
1790791380000,0.0317010,0.0318500,0.0316760,0.0316810,2405132,1790791439999,76346.5187470,2329,1574365,49981.4818380,0
1790791440000,0.0316790,0.0318730,0.0316570,0.0318340,1054712,1790791499999,33515.8058860,1580,589612,18737.4107410,0
1790791500000,0.0318350,0.0318490,0.0315220,0.0315240,1906288,1790791559999,60380.6778010,1707,625519,19837.2823100,0
1790791560000,0.0315240,0.0315260,0.0314320,0.0314720,1478685,1790791619999,46541.6553010,1418,676744,21301.6135240,0
1790791620000,0.0314710,0.0315500,0.0314310,0.0315010,907412,1790791679999,28573.8864660,1196,407636,12843.1682760,0
1790791680000,0.0315000,0.0315220,0.0314300,0.0315190,1058352,1790791739999,33325.3959930,1103,418719,13184.7084380,0
1790791740000,0.0315180,0.0316200,0.0314760,0.0315870,1164645,1790791799999,36750.0277060,1245,735993,23230.8098750,0
1790791800000,0.0315860,0.0316000,0.0314390,0.0314640,1034103,1790791859999,32592.4292690,1141,255818,8062.8290350,0
1790791860000,0.0314530,0.0315380,0.0314410,0.0314610,624674,1790791919999,19666.3492340,859,238906,7524.4432080,0
1790791920000,0.0314600,0.0315740,0.0314560,0.0315600,590681,1790791979999,18616.1504660,928,347690,10956.1882200,0
1790791980000,0.0315580,0.0315580,0.0314870,0.0315270,769665,1790792039999,24263.2384320,839,282602,8908.4757400,0
1790792040000,0.0315270,0.0315380,0.0313490,0.0313920,1117140,1790792099999,35127.5468720,1210,383410,12058.9888660,0
1790792100000,0.0313940,0.0314960,0.0313740,0.0314820,946326,1790792159999,29756.8818260,1033,405205,12740.7788890,0
1790792160000,0.0314830,0.0314940,0.0314050,0.0314510,810239,1790792219999,25480.3520910,932,278090,8745.4792280,0
1790792220000,0.0314530,0.0314720,0.0314000,0.0314190,440722,1790792279999,13854.0526040,589,277870,8734.3456610,0
1790792280000,0.0314200,0.0315180,0.0313500,0.0314700,1251729,1790792339999,39352.9077700,1079,740270,23286.2716700,0
1790792340000,0.0314700,0.0314870,0.0314410,0.0314430,706744,1790792399999,22233.1625690,661,374250,11774.7989710,0
1790792400000,0.0314430,0.0314620,0.0313960,0.0314620,663944,1790792459999,20860.4830490,641,293222,9214.0752750,0
1790792460000,0.0314610,0.0314620,0.0313650,0.0313880,738025,1790792519999,23178.8861140,816,219776,6901.3591390,0
1790792520000,0.0313890,0.0314540,0.0313730,0.0314250,485838,1790792579999,15261.4923830,606,238450,7490.5883650,0
1790792580000,0.0314260,0.0315010,0.0314010,0.0314920,1057763,1790792639999,33287.8348570,1045,762378,23994.1136090,0
1790792640000,0.0314920,0.0315780,0.0314760,0.0315120,852117,1790792699999,26859.1406860,753,569475,17953.5938880,0
1790792700000,0.0315120,0.0315180,0.0314780,0.0314950,390546,1790792759999,12301.3135610,390,229739,7236.3614120,0
1790792760000,0.0314950,0.0315360,0.0314760,0.0315140,453719,1790792819999,14292.1025900,445,277598,8744.1537500,0
1790792820000,0.0315160,0.0315830,0.0315050,0.0315670,975888,1790792879999,30802.6500650,730,666785,21046.9651130,0
1790792880000,0.0315670,0.0315800,0.0315080,0.0315110,428544,1790792939999,13517.8270550,484,113577,3583.6002170,0
1790792940000,0.0315110,0.0315400,0.0315090,0.0315260,560679,1790792999999,17674.2774850,414,323990,10212.8293820,0
1790793000000,0.0315270,0.0315370,0.0314740,0.0315310,398222,1790793059999,12546.5088900,483,197238,6214.7022220,0
1790793060000,0.0315310,0.0315310,0.0312590,0.0312680,1574057,1790793119999,49385.7376300,1399,336235,10550.2225650,0
1790793120000,0.0312710,0.0313420,0.0312710,0.0313120,559850,1790793179999,17530.4718350,721,275580,8628.0996470,0
1790793180000,0.0313120,0.0313700,0.0312970,0.0313070,699516,1790793239999,21915.8793710,850,311219,9752.4200740,0
1790793240000,0.0313060,0.0313060,0.0312600,0.0312910,349751,1790793299999,10941.7456800,458,127966,4002.9099110,0
1790793300000,0.0312910,0.0314170,0.0312640,0.0314110,812017,1790793359999,25450.7426660,930,474147,14865.4209070,0
1790793360000,0.0314090,0.0314090,0.0313260,0.0313460,766892,1790793419999,24047.2471050,825,407825,12787.3484260,0
1790793420000,0.0313460,0.0314000,0.0313330,0.0313530,1038743,1790793479999,32587.8421160,737,503213,15783.4957910,0
1790793480000,0.0313570,0.0313750,0.0313200,0.0313700,830856,1790793539999,26045.6967450,665,393348,12331.3667410,0
1790793540000,0.0313700,0.0313900,0.0313380,0.0313560,449402,1790793599999,14092.1931250,431,267871,8399.0427410,0
1790793600000,0.0313540,0.0313540,0.0312920,0.0313010,601974,1790793659999,18853.8646180,686,196798,6161.5356200,0
1790793660000,0.0313000,0.0313240,0.0312600,0.0313100,514502,1790793719999,16103.5104320,596,310994,9733.9311860,0
1790793720000,0.0313100,0.0313110,0.0312000,0.0312330,759419,1790793779999,23733.3216550,596,108739,3397.9776640,0
1790793780000,0.0312330,0.0313270,0.0312300,0.0312360,901313,1790793839999,28195.8548690,887,644105,20153.6336160,0
1790793840000,0.0312360,0.0312490,0.0311860,0.0312040,1018463,1790793899999,31797.5359310,711,437776,13665.8738730,0
1790793900000,0.0312010,0.0312020,0.0310880,0.0311810,910905,1790793959999,28370.1783400,1017,370732,11551.4035730,0
1790793960000,0.0311810,0.0311900,0.0311040,0.0311150,541912,1790794019999,16878.0151450,600,328919,10243.8058090,0
1790794020000,0.0311150,0.0311160,0.0310230,0.0310470,1212500,1790794079999,37667.2775750,1030,348102,10817.2020280,0
1790794080000,0.0310460,0.0310680,0.0310020,0.0310410,1055558,1790794139999,32756.3384570,1027,487715,15134.8923930,0
1790794140000,0.0310430,0.0310430,0.0309820,0.0310250,942490,1790794199999,29223.5753580,776,404807,12552.1638980,0
1790794200000,0.0310220,0.0310970,0.0310020,0.0310480,718249,1790794259999,22295.3133900,735,496597,15413.3127300,0
1790794260000,0.0310480,0.0311530,0.0310410,0.0311080,675453,1790794319999,21002.8043030,771,342657,10657.5420050,0
1790794320000,0.0311070,0.0311970,0.0311000,0.0311890,717588,1790794379999,22359.9091350,880,488660,15226.0471010,0
1790794380000,0.0311890,0.0311910,0.0310140,0.0310630,776015,1790794439999,24118.8267950,892,235221,7308.1927330,0
1790794440000,0.0310650,0.0310880,0.0310000,0.0310280,1106552,1790794499999,34332.1043710,938,509354,15802.6264320,0
1790794500000,0.0310240,0.0310390,0.0308150,0.0308780,4412817,1790794559999,136400.9162430,2114,1137404,35160.0641870,0
1790794560000,0.0308790,0.0309590,0.0308590,0.0309540,1778170,1790794619999,54951.5420590,1400,762066,23552.7935140,0
1790794620000,0.0309510,0.0309540,0.0309040,0.0309190,395501,1790794679999,12231.1068950,462,205405,6351.9169130,0
1790794680000,0.0309200,0.0309670,0.0308920,0.0309500,1199335,1790794739999,37100.5544620,796,569619,17624.8379010,0
1790794740000,0.0309510,0.0309860,0.0309100,0.0309860,624002,1790794799999,19313.7252890,658,409719,12683.1807540,0
1790794800000,0.0309860,0.0310180,0.0307510,0.0307880,2741087,1790794859999,84634.3371350,2127,756283,23362.2702100,0
1790794860000,0.0307880,0.0308670,0.0306530,0.0308650,3128766,1790794919999,96168.1880290,2121,1359153,41796.7883290,0
1790794920000,0.0308660,0.0308660,0.0307820,0.0308070,1031881,1790794979999,31807.4330520,1242,393834,12136.8299410,0
1790794980000,0.0308110,0.0308900,0.0308110,0.0308500,783786,1790795039999,24189.2452650,934,382772,11811.1905960,0
1790795040000,0.0308510,0.0309230,0.0308140,0.0309100,836799,1790795099999,25826.4096370,888,436410,13470.5955480,0
1790795100000,0.0309130,0.0310110,0.0308850,0.0309590,974300,1790795159999,30163.4215450,1069,669965,20744.6523790,0
1790795160000,0.0309590,0.0310610,0.0309590,0.0309810,1233693,1790795219999,38261.2208390,1300,754754,23411.2813960,0
1790795220000,0.0309790,0.0310270,0.0309580,0.0310080,787382,1790795279999,24402.4999960,673,515971,15993.8087310,0
1790795280000,0.0310100,0.0310250,0.0309760,0.0309980,1079650,1790795339999,33467.8301280,801,534130,16557.6382580,0
1790795340000,0.0309990,0.0310400,0.0309820,0.0310230,554685,1790795399999,17198.7916030,604,287533,8914.3494860,0
1790795400000,0.0310240,0.0310280,0.0309510,0.0309550,541820,1790795459999,16792.9243790,516,163571,5069.3435620,0
1790795460000,0.0309550,0.0309810,0.0308940,0.0309450,785074,1790795519999,24286.3983070,931,397118,12286.6068700,0
1790795520000,0.0309450,0.0309630,0.0309190,0.0309320,546420,1790795579999,16904.8393440,591,345920,10701.5242450,0
1790795580000,0.0309320,0.0310370,0.0309310,0.0310040,816611,1790795639999,25294.9889490,751,534438,16552.0284340,0
1790795640000,0.0310040,0.0310040,0.0309580,0.0309660,376781,1790795699999,11670.6305620,345,166521,5157.2255070,0
1790795700000,0.0309660,0.0309680,0.0308820,0.0308950,603022,1790795759999,18648.0987780,736,232177,7179.4467620,0
1790795760000,0.0308950,0.0310000,0.0308840,0.0309760,1234696,1790795819999,38214.1148430,1278,769651,23826.8931480,0
1790795820000,0.0309770,0.0310050,0.0309120,0.0309720,860888,1790795879999,26652.8562160,893,465758,14422.0030930,0
1790795880000,0.0309710,0.0310170,0.0309610,0.0310010,1085205,1790795939999,33626.2342380,761,683451,21177.8731430,0
1790795940000,0.0310010,0.0310150,0.0307960,0.0308170,1127098,1790795999999,34822.3146810,1228,230395,7109.8293960,0
1790796000000,0.0308140,0.0308740,0.0307460,0.0307720,987545,1790796059999,30428.2416210,1125,486555,14995.6333310,0
1790796060000,0.0307740,0.0309830,0.0307620,0.0308830,1479843,1790796119999,45731.0848340,1490,996465,30792.4583960,0
1790796120000,0.0308830,0.0308830,0.0307160,0.0307720,1586170,1790796179999,48814.8991950,1243,182521,5618.0395660,0
1790796180000,0.0307720,0.0307900,0.0307400,0.0307500,705003,1790796239999,21688.7140510,498,361572,11124.4459210,0
1790796240000,0.0307500,0.0307700,0.0307330,0.0307380,371420,1790796299999,11421.9384680,484,201739,6203.6924490,0
1790796300000,0.0307400,0.0307500,0.0307230,0.0307350,371073,1790796359999,11404.4775730,333,235252,7230.3730730,0
1790796360000,0.0307360,0.0307900,0.0306750,0.0307130,2997188,1790796419999,92088.5540520,1286,1801129,55350.5124530,0
1790796420000,0.0307130,0.0307430,0.0306780,0.0307430,473481,1790796479999,14540.6769540,594,304875,9363.1863090,0
1790796480000,0.0307410,0.0307420,0.0306310,0.0306800,608869,1790796539999,18683.9660070,653,171125,5252.3352460,0
1790796540000,0.0306800,0.0307080,0.0306660,0.0306860,383200,1790796599999,11761.4787410,423,219744,6744.6701830,0
1790796600000,0.0306880,0.0307580,0.0306790,0.0307510,664882,1790796659999,20420.6501050,698,425787,13077.9707350,0
1790796660000,0.0307520,0.0308610,0.0307520,0.0308580,873799,1790796719999,26920.0757200,792,666802,20543.6625600,0
1790796720000,0.0308590,0.0308900,0.0307990,0.0308150,805782,1790796779999,24850.7674360,730,302315,9324.6675990,0
1790796780000,0.0308160,0.0308480,0.0308150,0.0308320,360170,1790796839999,11103.0618790,348,262719,8098.7926330,0
1790796840000,0.0308330,0.0309300,0.0308300,0.0309240,678136,1790796899999,20940.7575020,753,334762,10339.6825230,0
1790796900000,0.0309270,0.0309720,0.0308970,0.0309050,1006378,1790796959999,31120.5073970,785,569581,17617.1377240,0
1790796960000,0.0309130,0.0309460,0.0308910,0.0309180,466139,1790797019999,14413.0504350,475,250051,7729.4810880,0
1790797020000,0.0309190,0.0309230,0.0308090,0.0308750,583012,1790797079999,17994.4535630,835,209276,6459.8249880,0
1790797080000,0.0308760,0.0309370,0.0308740,0.0309090,626609,1790797139999,19368.0197760,521,423256,13084.7990310,0
1790797140000,0.0309100,0.0309180,0.0308610,0.0308760,351771,1790797199999,10862.0562920,505,175971,5433.4049510,0
1790797200000,0.0308770,0.0308810,0.0308270,0.0308610,508961,1790797259999,15704.6377820,572,96823,2987.9492140,0
1790797260000,0.0308590,0.0308590,0.0307810,0.0308140,579323,1790797319999,17853.0871970,602,198493,6116.7591850,0
1790797320000,0.0308140,0.0308390,0.0307880,0.0308240,586432,1790797379999,18069.3225340,616,290054,8938.9234500,0
1790797380000,0.0308250,0.0308430,0.0308100,0.0308290,232931,1790797439999,7179.8052400,279,124937,3850.9257960,0
1790797440000,0.0308310,0.0308560,0.0307730,0.0308270,1152614,1790797499999,35523.1017080,1126,711029,21918.8997920,0
1790797500000,0.0308300,0.0308560,0.0308000,0.0308550,301696,1790797559999,9301.8669860,442,190754,5881.7487330,0
1790797560000,0.0308560,0.0309060,0.0308560,0.0308760,448728,1790797619999,13857.6211230,628,269567,8324.4195430,0
1790797620000,0.0308770,0.0309000,0.0308110,0.0308320,947205,1790797679999,29232.6222950,645,324664,10018.9222870,0
1790797680000,0.0308330,0.0308890,0.0308300,0.0308580,721761,1790797739999,22274.0648530,481,483665,14928.3535340,0
1790797740000,0.0308580,0.0308620,0.0306520,0.0307280,1809743,1790797799999,55630.3717430,1246,280477,8621.7512830,0
1790797800000,0.0307300,0.0307350,0.0306090,0.0306360,1263173,1790797859999,38751.9099250,1014,534140,16390.8350280,0
1790797860000,0.0306310,0.0307150,0.0305440,0.0306340,2813808,1790797919999,86152.3609870,1667,906972,27782.8443940,0
1790797920000,0.0306360,0.0306820,0.0306100,0.0306810,695983,1790797979999,21325.6586610,677,234387,7182.8162160,0
1790797980000,0.0306820,0.0308120,0.0306800,0.0307590,2208478,1790798039999,67905.0046500,1373,1512567,46505.6698840,0
1790798040000,0.0307590,0.0307710,0.0306670,0.0307010,1091931,1790798099999,33558.7039450,724,669122,20569.0871310,0
1790798100000,0.0306990,0.0307160,0.0306750,0.0307160,652125,1790798159999,20017.9699690,558,256990,7889.6396380,0
1790798160000,0.0307170,0.0307610,0.0307170,0.0307410,585966,1790798219999,18015.8342920,496,192885,5930.1089370,0
1790798220000,0.0307420,0.0307710,0.0307230,0.0307710,322757,1790798279999,9922.8184780,501,169882,5223.3410670,0
1790798280000,0.0307720,0.0308120,0.0307680,0.0308040,388761,1790798339999,11970.6035980,604,161158,4962.1795570,0
1790798340000,0.0308040,0.0308140,0.0306260,0.0306420,1315448,1790798399999,40419.3313060,1288,310262,9529.9471860,0
1790798400000,0.0306420,0.0307390,0.0306410,0.0306790,1588652,1790798459999,48768.7388100,1440,864562,26540.4407560,0
1790798460000,0.0306790,0.0306830,0.0306080,0.0306260,899810,1790798519999,27568.7888090,826,478815,14668.7246150,0
1790798520000,0.0306260,0.0307140,0.0305930,0.0306570,1659948,1790798579999,50884.3670730,1136,547235,16781.5997680,0
1790798580000,0.0306560,0.0308440,0.0306560,0.0308410,863765,1790798639999,26568.0209150,999,680697,20936.9753940,0
1790798640000,0.0308410,0.0309040,0.0308010,0.0308720,1123370,1790798699999,34669.8716630,957,916343,28282.8982280,0
1790798700000,0.0308720,0.0309080,0.0308460,0.0308920,552888,1790798759999,17075.2909860,666,386635,11940.6317700,0
1790798760000,0.0308930,0.0308950,0.0307640,0.0308060,1322834,1790798819999,40775.0496730,1098,828490,25537.3063300,0
1790798820000,0.0308060,0.0308830,0.0307860,0.0308410,532819,1790798879999,16429.7633980,731,365702,11276.9844370,0
1790798880000,0.0308420,0.0308570,0.0308240,0.0308530,409824,1790798939999,12639.7123970,418,151344,4667.5616390,0
1790798940000,0.0308530,0.0309570,0.0308530,0.0309210,961155,1790798999999,29703.9945330,1026,571734,17668.1346820,0
1790799000000,0.0309210,0.0309320,0.0308720,0.0309130,264591,1790799059999,8174.7689060,442,96542,2982.5521920,0
1790799060000,0.0309130,0.0310380,0.0309050,0.0309900,1371978,1790799119999,42478.5761090,1132,949550,29403.7623740,0
1790799120000,0.0309910,0.0311420,0.0309910,0.0310910,1603257,1790799179999,49853.6822000,1392,972511,30234.1856190,0
1790799180000,0.0310920,0.0311330,0.0310460,0.0311090,1282571,1790799239999,39870.1474350,984,836954,26014.9767770,0
1790799240000,0.0311080,0.0311990,0.0311070,0.0311580,2419118,1790799299999,75380.9307760,1283,1179193,36740.1631000,0
1790799300000,0.0311510,0.0311510,0.0311080,0.0311330,678029,1790799359999,21103.8917870,629,490453,15265.2633110,0
1790799360000,0.0311330,0.0311330,0.0310380,0.0311090,1058334,1790799419999,32887.8530950,898,532441,16541.1956340,0
1790799420000,0.0311080,0.0311490,0.0310290,0.0310890,1210606,1790799479999,37637.1367450,910,393068,12227.4748990,0
1790799480000,0.0310880,0.0311550,0.0310740,0.0311550,461066,1790799539999,14345.4553310,544,373775,11629.3179290,0
1790799540000,0.0311520,0.0311920,0.0310840,0.0311480,1425704,1790799599999,44404.0918580,1127,798490,24862.2738050,0
1790799600000,0.0311480,0.0311830,0.0311290,0.0311710,537557,1790799659999,16747.5387040,536,370983,11557.3097650,0
1790799660000,0.0311700,0.0312990,0.0311620,0.0312490,2734430,1790799719999,85362.4333220,1665,2059676,64287.8721500,0
1790799720000,0.0312530,0.0312760,0.0311990,0.0312430,1119927,1790799779999,34970.5759210,853,841843,26286.9717600,0
1790799780000,0.0312430,0.0312590,0.0311600,0.0311730,1964539,1790799839999,61306.1926650,1275,1405317,43856.3090170,0
1790799840000,0.0311730,0.0311950,0.0311250,0.0311780,819145,1790799899999,25527.9824090,772,440860,13738.4847090,0
1790799900000,0.0311780,0.0312050,0.0311420,0.0311960,1364288,1790799959999,42529.8775570,875,751275,23418.1898320,0
1790799960000,0.0311990,0.0311990,0.0311440,0.0311610,373678,1790800019999,11644.3871520,482,213848,6664.0346590,0
1790800020000,0.0311600,0.0311790,0.0311220,0.0311700,571414,1790800079999,17800.8725440,583,257643,8029.1715900,0
1790800080000,0.0311710,0.0312320,0.0311500,0.0312320,375823,1790800139999,11720.8868120,584,256812,8009.7581580,0
1790800140000,0.0312320,0.0313290,0.0312320,0.0313280,1172813,1790800199999,36683.0382980,890,836335,26160.2877030,0
1790800200000,0.0313280,0.0313630,0.0312450,0.0312460,1511793,1790800259999,47339.4489870,1296,718639,22507.7861990,0
1790800260000,0.0312510,0.0313080,0.0311920,0.0312020,1661239,1790800319999,51913.0971520,930,1104753,34532.7167180,0
1790800320000,0.0312040,0.0312400,0.0311710,0.0311770,354936,1790800379999,11071.8442000,554,199599,6226.2469600,0
1790800380000,0.0311760,0.0311760,0.0310610,0.0310960,1035889,1790800439999,32226.3122960,869,301117,9369.9044010,0
1790800440000,0.0310970,0.0311570,0.0310870,0.0311210,490648,1790800499999,15271.4440890,611,267381,8322.2758720,0
1790800500000,0.0311230,0.0311860,0.0311170,0.0311520,462800,1790800559999,14416.4073450,411,286666,8927.9694700,0
1790800560000,0.0311530,0.0311640,0.0311100,0.0311490,359209,1790800619999,11184.9790240,366,159375,4962.7149880,0
1790800620000,0.0311500,0.0311720,0.0311260,0.0311720,596254,1790800679999,18569.3940940,404,487822,15191.7130190,0
1790800680000,0.0311720,0.0311900,0.0311400,0.0311430,560098,1790800739999,17452.5985760,451,384374,11976.7242610,0
1790800740000,0.0311430,0.0311820,0.0311100,0.0311120,678556,1790800799999,21136.4725680,569,335361,10448.2720480,0
1790800800000,0.0311120,0.0311130,0.0310510,0.0310900,564076,1790800859999,17532.2015090,477,243368,7562.0829060,0
1790800860000,0.0310910,0.0310910,0.0310240,0.0310440,849559,1790800919999,26381.3393670,628,213333,6623.2367790,0
1790800920000,0.0310460,0.0310550,0.0309600,0.0309670,526058,1790800979999,16302.7048380,538,84258,2611.5315230,0
1790800980000,0.0309690,0.0309700,0.0309220,0.0309250,417150,1790801039999,12909.2634090,477,207143,6410.4066120,0
1790801040000,0.0309250,0.0309780,0.0309110,0.0309690,1282216,1790801099999,39677.1965870,680,822456,25454.2223440,0
1790801100000,0.0309680,0.0311320,0.0309490,0.0311120,1104673,1790801159999,34316.5623210,924,830843,25814.5918400,0
1790801160000,0.0311110,0.0311180,0.0310370,0.0310890,352787,1790801219999,10960.9498670,548,160725,4992.2070640,0
1790801220000,0.0310940,0.0311330,0.0310590,0.0311090,439563,1790801279999,13670.1406560,527,251705,7828.6745720,0
1790801280000,0.0311100,0.0311360,0.0309930,0.0309930,687347,1790801339999,21363.3753950,745,377906,11750.1582930,0
1790801340000,0.0309930,0.0310400,0.0309930,0.0310400,301653,1790801399999,9355.0663710,306,135178,4192.8243530,0
1790801400000,0.0310400,0.0310510,0.0309760,0.0309770,565218,1790801459999,17531.0295880,431,205291,6369.1319570,0
1790801460000,0.0309760,0.0310090,0.0309440,0.0309850,521765,1790801519999,16163.3861330,403,283651,8784.0197770,0
1790801520000,0.0309840,0.0309880,0.0309630,0.0309810,272644,1790801579999,8444.9526550,296,92322,2860.0048290,0
1790801580000,0.0309800,0.0309870,0.0309310,0.0309490,666057,1790801639999,20620.1455670,545,205797,6373.1796260,0
1790801640000,0.0309490,0.0309710,0.0309150,0.0309710,413106,1790801699999,12783.4538160,368,217469,6731.2228260,0
1790801700000,0.0309720,0.0309950,0.0309490,0.0309820,350211,1790801759999,10847.0979700,321,188993,5853.2554060,0
1790801760000,0.0309830,0.0310130,0.0309770,0.0309790,366130,1790801819999,11349.9305600,262,115721,3586.6946270,0
1790801820000,0.0309810,0.0310640,0.0309810,0.0310640,444408,1790801879999,13785.4698890,442,267004,8283.7575340,0
1790801880000,0.0310650,0.0311640,0.0310560,0.0311380,746447,1790801939999,23226.4232190,675,632990,19697.2920330,0
1790801940000,0.0311400,0.0312410,0.0311400,0.0311610,1005246,1790801999999,31368.9049540,1020,565100,17633.4570700,0
1790802000000,0.0311620,0.0311800,0.0311020,0.0311710,777883,1790802059999,24228.8604150,864,512160,15956.1988470,0
1790802060000,0.0311720,0.0311840,0.0311000,0.0311190,683993,1790802119999,21291.9336330,622,323250,10062.7331710,0
1790802120000,0.0311150,0.0311150,0.0310100,0.0310260,406642,1790802179999,12625.5906940,566,180404,5599.6965460,0
1790802180000,0.0310270,0.0310350,0.0310060,0.0310150,188143,1790802239999,5836.0333930,383,73585,2282.6006670,0
1790802240000,0.0310100,0.0310530,0.0309960,0.0310060,666853,1790802299999,20691.6572060,589,264614,8211.9911620,0
1790802300000,0.0310060,0.0310240,0.0309490,0.0309500,441686,1790802359999,13683.9264630,484,187323,5806.1767490,0
1790802360000,0.0309500,0.0309710,0.0309220,0.0309650,521862,1790802419999,16150.3047500,475,225833,6991.1961020,0
1790802420000,0.0309660,0.0309680,0.0308770,0.0308830,622009,1790802479999,19226.7282350,683,212175,6560.6466990,0
1790802480000,0.0308840,0.0308840,0.0307920,0.0307950,539711,1790802539999,16640.2250700,667,178536,5504.7607210,0
1790802540000,0.0307950,0.0308410,0.0307790,0.0308150,700406,1790802599999,21576.4101610,578,419414,12921.2857980,0
1790802600000,0.0308060,0.0308240,0.0307500,0.0308240,617901,1790802659999,19020.0487710,387,286927,8834.2720960,0
1790802660000,0.0308200,0.0309580,0.0308120,0.0309430,1554762,1790802719999,48028.8818050,861,990372,30591.2455420,0
1790802720000,0.0309430,0.0309590,0.0309110,0.0309190,357187,1790802779999,11051.7758780,321,266444,8244.7269160,0
1790802780000,0.0309200,0.0309440,0.0308880,0.0309060,345625,1790802839999,10686.3849860,293,215311,6657.9988490,0
1790802840000,0.0309020,0.0309060,0.0308090,0.0308230,407337,1790802899999,12562.2238150,357,173341,5345.4892970,0
1790802900000,0.0308320,0.0308560,0.0307850,0.0307970,594702,1790802959999,18328.4813190,437,367918,11341.8901700,0
1790802960000,0.0307970,0.0308500,0.0307800,0.0308400,541987,1790803019999,16698.5438020,392,311205,9586.8536780,0
1790803020000,0.0308400,0.0308840,0.0308400,0.0308440,249833,1790803079999,7711.0493590,239,162896,5027.9389610,0
1790803080000,0.0308440,0.0309040,0.0308380,0.0309040,634038,1790803139999,19570.6676470,303,482042,14881.2824440,0
1790803140000,0.0309030,0.0309640,0.0308820,0.0309500,908035,1790803199999,28080.3435240,463,635560,19658.1972670,0
1790803200000,0.0309500,0.0310180,0.0309340,0.0310080,620506,1790803259999,19221.8014230,392,355697,11020.4977430,0
1790803260000,0.0310110,0.0310110,0.0309440,0.0309580,265053,1790803319999,8213.1101530,208,86855,2690.0087580,0
1790803320000,0.0309600,0.0309680,0.0308200,0.0308570,968375,1790803379999,29900.1368080,554,203650,6290.8811900,0
1790803380000,0.0308610,0.0309230,0.0308610,0.0309010,342433,1790803439999,10577.2404800,312,171995,5312.7403010,0
1790803440000,0.0309020,0.0309050,0.0308300,0.0308700,535617,1790803499999,16532.5457820,280,163786,5058.6144020,0
1790803500000,0.0308690,0.0308860,0.0308600,0.0308670,142898,1790803559999,4411.7158840,124,91611,2828.2902780,0
1790803560000,0.0308660,0.0309480,0.0308660,0.0309240,764523,1790803619999,23628.1404380,495,573785,17735.2438410,0
1790803620000,0.0309240,0.0309490,0.0309110,0.0309150,156192,1790803679999,4830.8381030,153,60803,1880.7884690,0
1790803680000,0.0309140,0.0309210,0.0308670,0.0308760,97008,1790803739999,2996.6416950,138,55655,1718.9497350,0
1790803740000,0.0308740,0.0309520,0.0308650,0.0309420,217213,1790803799999,6715.5636130,207,169184,5230.8529820,0
1790803800000,0.0309410,0.0309540,0.0309270,0.0309540,204691,1790803859999,6333.2952130,193,176990,5476.4130030,0
1790803860000,0.0309450,0.0309470,0.0308610,0.0308720,936962,1790803919999,28960.2265050,483,481055,14871.7914950,0
1790803920000,0.0308700,0.0308970,0.0308510,0.0308640,326659,1790803979999,10087.2943480,197,240083,7414.8134510,0
1790803980000,0.0308640,0.0310590,0.0308590,0.0309730,1969648,1790804039999,61002.4870500,769,1500334,46462.7711970,0
1790804040000,0.0309640,0.0310730,0.0309590,0.0310400,907070,1790804099999,28153.2731530,608,418314,12984.7081800,0
1790804100000,0.0310380,0.0310960,0.0310080,0.0310120,528935,1790804159999,16427.3056540,340,373461,11599.1780770,0
1790804160000,0.0310100,0.0310280,0.0309810,0.0310030,247013,1790804219999,7658.3271650,238,160132,4965.1943560,0
1790804220000,0.0310010,0.0310830,0.0310010,0.0310800,271094,1790804279999,8415.5947490,319,231022,7172.0176940,0
1790804280000,0.0310790,0.0311210,0.0310720,0.0311120,488639,1790804339999,15196.2912630,363,265928,8270.5593270,0
1790804340000,0.0311160,0.0311280,0.0310780,0.0311240,554221,1790804399999,17240.9973530,372,264603,8231.7949400,0
1790804400000,0.0311110,0.0311640,0.0310880,0.0311500,333863,1790804459999,10394.9007200,282,219002,6820.8406780,0
1790804460000,0.0311570,0.0312110,0.0311340,0.0312050,493890,1790804519999,15393.0944440,333,384712,11989.8286380,0
1790804520000,0.0312020,0.0312210,0.0311800,0.0311900,250597,1790804579999,7820.1474120,287,146723,4579.2030210,0
1790804580000,0.0311920,0.0313120,0.0311920,0.0313020,406382,1790804639999,12712.7893800,298,359317,11240.3624100,0
1790804640000,0.0313030,0.0313200,0.0312570,0.0313000,654664,1790804699999,20485.6025530,429,452603,14163.3677010,0
1790804700000,0.0312880,0.0313050,0.0312710,0.0313050,310937,1790804759999,9729.4337950,204,222871,6974.8297240,0
1790804760000,0.0312950,0.0313360,0.0312830,0.0313260,620655,1790804819999,19433.4805090,472,304241,9527.2921760,0
1790804820000,0.0313300,0.0313900,0.0313280,0.0313570,419390,1790804879999,13148.7575970,379,155510,4876.6314210,0
1790804880000,0.0313520,0.0315310,0.0313260,0.0314560,2753537,1790804939999,86581.5541750,1532,1981870,62320.3740200,0
1790804940000,0.0314600,0.0314760,0.0313510,0.0313880,679537,1790804999999,21348.0424020,607,316918,9951.1861640,0
1790805000000,0.0313830,0.0314810,0.0313210,0.0314660,1762553,1790805059999,55347.0697110,977,1126261,35379.3454610,0
1790805060000,0.0314560,0.0314560,0.0312950,0.0313400,650892,1790805119999,20403.7357090,638,255401,8001.5592330,0
1790805120000,0.0313380,0.0313980,0.0313250,0.0313820,366292,1790805179999,11487.4584500,389,243846,7647.9142690,0
1790805180000,0.0313840,0.0314320,0.0313660,0.0314270,193033,1790805239999,6061.7330800,212,99223,3115.3648680,0
1790805240000,0.0314210,0.0314580,0.0314200,0.0314270,292750,1790805299999,9203.7302420,277,196567,6179.7940110,0
1790805300000,0.0314280,0.0314370,0.0313900,0.0313940,251404,1790805359999,7897.2357620,193,178082,5593.7950090,0
1790805360000,0.0313920,0.0314080,0.0311810,0.0312980,1024256,1790805419999,32025.8796460,766,364809,11411.8357790,0
1790805420000,0.0313000,0.0313280,0.0313000,0.0313050,210056,1790805479999,6578.4285490,172,116808,3658.6732580,0
1790805480000,0.0313070,0.0313490,0.0312300,0.0312660,720121,1790805539999,22535.4515690,665,618897,19368.6784750,0
1790805540000,0.0312660,0.0318510,0.0312640,0.0318330,2852322,1790805599999,90353.2943350,2445,2172207,68828.3280240,0
1790805600000,0.0318340,0.0318520,0.0316130,0.0316380,2943300,1790805659999,93476.6403260,1999,1165647,37011.6639500,0
1790805660000,0.0316420,0.0316420,0.0314410,0.0314960,1730462,1790805719999,54561.6421740,1258,642750,20270.3247650,0
1790805720000,0.0314820,0.0316210,0.0314610,0.0316180,1561944,1790805779999,49245.9861040,1280,1264852,39885.1806350,0
1790805780000,0.0316180,0.0316600,0.0315870,0.0316600,835849,1790805839999,26431.7542700,635,703577,22251.6460440,0
1790805840000,0.0316490,0.0316540,0.0315210,0.0315350,495144,1790805899999,15622.2147710,501,208053,6562.8426910,0
1790805900000,0.0315350,0.0315860,0.0313660,0.0314770,978163,1790805959999,30819.5300070,817,343043,10818.2616820,0
1790805960000,0.0314770,0.0314780,0.0313470,0.0313640,444461,1790806019999,13949.5885730,629,70499,2211.3825600,0
1790806020000,0.0313670,0.0314790,0.0313670,0.0314790,275068,1790806079999,8645.3497270,369,135299,4251.8203080,0
1790806080000,0.0314670,0.0314930,0.0314550,0.0314930,212558,1790806139999,6690.3475840,305,99614,3135.7445570,0
1790806140000,0.0314930,0.0315450,0.0314920,0.0315450,394909,1790806199999,12447.2197280,356,94318,2973.2707500,0
1790806200000,0.0315440,0.0315450,0.0315050,0.0315430,170644,1790806259999,5378.4167760,249,66161,2085.5665530,0
1790806260000,0.0315350,0.0315430,0.0314280,0.0315230,534302,1790806319999,16829.0505390,500,114169,3594.2654080,0
1790806320000,0.0315120,0.0315310,0.0314760,0.0314920,168812,1790806379999,5316.4604960,223,74435,2344.3315130,0
1790806380000,0.0314920,0.0315050,0.0314910,0.0314970,123394,1790806439999,3886.5368680,115,77654,2445.8915530,0
1790806440000,0.0314970,0.0315100,0.0314850,0.0315080,199215,1790806499999,6274.5716610,179,98590,3105.3613200,0
1790806500000,0.0315080,0.0315240,0.0314520,0.0314640,842559,1790806559999,26524.7316730,305,86493,2722.0600730,0
1790806560000,0.0314570,0.0314710,0.0313000,0.0313900,694961,1790806619999,21795.0414490,779,160554,5034.6850940,0
1790806620000,0.0313910,0.0314060,0.0313520,0.0313810,256555,1790806679999,8049.1059890,298,72584,2277.3730760,0
1790806680000,0.0313800,0.0314500,0.0313750,0.0314420,272575,1790806739999,8561.7588980,287,222504,6989.0445450,0
1790806740000,0.0314420,0.0314650,0.0313860,0.0314570,566751,1790806799999,17814.0922750,403,123155,3870.7399050,0
1790806800000,0.0314580,0.0314680,0.0314350,0.0314420,113557,1790806859999,3572.1464990,127,30368,955.1043770,0
1790806860000,0.0314430,0.0314920,0.0313930,0.0314920,505071,1790806919999,15882.1539110,491,180036,5660.7243430,0
1790806920000,0.0314930,0.0316160,0.0314920,0.0315560,1047953,1790806979999,33094.9422780,594,568511,17947.0617020,0
1790806980000,0.0315580,0.0315580,0.0315380,0.0315560,165768,1790807039999,5229.7075950,120,107722,3398.3433710,0
1790807040000,0.0315550,0.0315780,0.0315520,0.0315680,120592,1790807099999,3806.9411130,117,28644,904.2023310,0
1790807100000,0.0315680,0.0315690,0.0315030,0.0315090,140260,1790807159999,4424.3573740,176,33515,1056.9828080,0
1790807160000,0.0315080,0.0315930,0.0315000,0.0315900,486376,1790807219999,15344.0807650,570,298903,9428.7730190,0
1790807220000,0.0315890,0.0315920,0.0315500,0.0315530,249776,1790807279999,7886.8920350,217,57617,1819.4872530,0
1790807280000,0.0315520,0.0315530,0.0315080,0.0315250,100351,1790807339999,3163.3570190,146,54076,1704.3324570,0
1790807340000,0.0315230,0.0315410,0.0315170,0.0315200,176551,1790807399999,5566.5299790,153,37031,1167.5599280,0
1790807400000,0.0315240,0.0315510,0.0315000,0.0315080,321536,1790807459999,10135.4227620,247,61278,1932.2698420,0
1790807460000,0.0315110,0.0315110,0.0314090,0.0314970,1070539,1790807519999,33680.8737590,792,300458,9456.1125990,0
1790807520000,0.0314970,0.0315180,0.0314640,0.0315150,391843,1790807579999,12339.3298580,283,246162,7751.3408510,0
1790807580000,0.0315120,0.0315420,0.0315080,0.0315120,128742,1790807639999,4058.7207540,181,63759,2009.8130450,0
1790807640000,0.0315110,0.0316050,0.0315110,0.0316000,359550,1790807699999,11345.7683980,424,309287,9759.5997210,0
1790807700000,0.0316010,0.0316010,0.0315080,0.0315330,535541,1790807759999,16890.7025530,312,36561,1152.9011960,0
1790807760000,0.0315360,0.0315380,0.0313560,0.0314090,1419480,1790807819999,44629.8479030,924,153028,4811.5214800,0
1790807820000,0.0314090,0.0314280,0.0313580,0.0313950,393495,1790807879999,12351.2536960,402,121108,3800.6344290,0
1790807880000,0.0313920,0.0314220,0.0313850,0.0314120,257730,1790807939999,8092.0206120,185,155790,4891.0718620,0
1790807940000,0.0314200,0.0314380,0.0314010,0.0314170,217277,1790807999999,6827.7056580,195,67114,2108.6395960,0
1790808000000,0.0314160,0.0314160,0.0313870,0.0313900,62989,1790808059999,1977.6080130,79,14878,467.1001770,0
1790808060000,0.0313890,0.0313900,0.0313510,0.0313510,234270,1790808119999,7347.3247750,187,95955,3009.3099080,0
1790808120000,0.0313520,0.0314090,0.0313420,0.0313750,158008,1790808179999,4956.9650050,311,99721,3128.1383690,0
1790808180000,0.0313750,0.0314140,0.0313380,0.0314020,208321,1790808239999,6537.0593400,337,159154,4994.2111180,0
1790808240000,0.0313980,0.0314120,0.0313750,0.0314110,167454,1790808299999,5256.3467830,206,63467,1992.3168740,0
1790808300000,0.0314100,0.0314540,0.0314090,0.0314370,356235,1790808359999,11197.0435980,365,264397,8310.3059640,0
1790808360000,0.0314360,0.0314360,0.0313830,0.0314180,194973,1790808419999,6122.3819590,282,152675,4793.7184950,0
1790808420000,0.0314180,0.0314220,0.0313750,0.0314220,150387,1790808479999,4722.1607060,240,78909,2478.0416710,0
1790808480000,0.0314220,0.0314390,0.0313820,0.0314210,314658,1790808539999,9885.4852110,519,172018,5404.7017160,0
1790808540000,0.0314180,0.0314290,0.0313400,0.0314280,317576,1790808599999,9967.3723780,391,125643,3944.2619870,0
1790808600000,0.0314290,0.0314440,0.0314000,0.0314380,161731,1790808659999,5082.7622800,214,83305,2617.9820410,0
1790808660000,0.0314370,0.0314640,0.0313890,0.0314560,403193,1790808719999,12674.4986280,446,97256,3057.9207070,0
1790808720000,0.0314540,0.0315210,0.0314540,0.0315030,189930,1790808779999,5979.8021310,336,135014,4250.7023940,0
1790808780000,0.0314950,0.0314960,0.0314570,0.0314960,262712,1790808839999,8268.8047000,318,114041,3589.5917630,0
1790808840000,0.0314960,0.0315290,0.0314950,0.0315210,132379,1790808899999,4172.2817050,199,90607,2855.5522550,0
1790808900000,0.0315220,0.0315290,0.0315040,0.0315260,183632,1790808959999,5787.6303820,196,66314,2090.0062920,0
1790808960000,0.0315250,0.0315360,0.0314630,0.0315360,435067,1790809019999,13706.3733770,372,118906,3747.2816050,0
1790809020000,0.0315360,0.0315400,0.0314900,0.0315140,213168,1790809079999,6718.3928480,243,153938,4851.5458160,0
1790809080000,0.0315180,0.0315340,0.0314990,0.0315120,94865,1790809139999,2990.1647850,139,48968,1543.4407540,0
1790809140000,0.0315120,0.0315470,0.0314930,0.0315070,291628,1790809199999,9191.2099360,317,204844,6456.6341730,0
1790809200000,0.0315140,0.0315510,0.0314830,0.0315160,438673,1790809259999,13828.3590020,542,285797,9009.3921590,0
1790809260000,0.0315190,0.0315520,0.0313860,0.0314430,494854,1790809319999,15562.8447820,749,185768,5843.6303660,0
1790809320000,0.0314440,0.0315760,0.0314090,0.0315420,838686,1790809379999,26406.6257990,905,519976,16382.8286070,0
1790809380000,0.0315420,0.0315960,0.0315200,0.0315520,518111,1790809439999,16349.5566560,544,266380,8405.7608730,0
1790809440000,0.0315520,0.0315840,0.0315510,0.0315760,273379,1790809499999,8629.0440220,251,52545,1659.0262370,0
1790809500000,0.0315750,0.0316980,0.0315610,0.0316220,958115,1790809559999,30323.1927330,661,793099,25101.1708370,0
1790809560000,0.0316220,0.0316460,0.0315610,0.0315760,125684,1790809619999,3972.8781920,255,38910,1230.3241050,0
1790809620000,0.0315740,0.0315940,0.0315060,0.0315370,550376,1790809679999,17365.1649570,545,186166,5877.5580880,0
1790809680000,0.0315380,0.0315410,0.0314960,0.0315060,433181,1790809739999,13649.1391250,303,45814,1444.1567710,0
1790809740000,0.0315070,0.0315080,0.0314190,0.0314690,577411,1790809799999,18165.3701050,503,111839,3520.1129620,0
1790809800000,0.0314670,0.0314950,0.0314490,0.0314870,265281,1790809859999,8348.1839550,286,90490,2848.0337680,0
1790809860000,0.0314920,0.0315100,0.0314330,0.0314560,563036,1790809919999,17725.2888610,438,357175,11246.2315740,0
1790809920000,0.0314530,0.0315430,0.0314520,0.0315360,286498,1790809979999,9022.6964580,324,198111,6237.5314180,0
1790809980000,0.0315390,0.0315730,0.0315280,0.0315730,182464,1790810039999,5756.3836050,287,122501,3864.8526410,0
1790810040000,0.0315730,0.0316930,0.0315690,0.0316560,1109606,1790810099999,35115.0023980,885,526703,16668.0546300,0
1790810100000,0.0316640,0.0316770,0.0315980,0.0316040,333023,1790810159999,10536.6125860,394,186993,5918.1152930,0
1790810160000,0.0316090,0.0316640,0.0315120,0.0315760,672208,1790810219999,21242.8967140,698,320487,10135.4456990,0
1790810220000,0.0315770,0.0316520,0.0315770,0.0316290,353511,1790810279999,11180.1732420,449,236763,7488.4017810,0
1790810280000,0.0316290,0.0316440,0.0315900,0.0316350,382586,1790810339999,12096.5155860,373,215518,6814.1936420,0
1790810340000,0.0316350,0.0316350,0.0315190,0.0315340,873084,1790810399999,27563.0747770,753,125883,3972.0848320,0
1790810400000,0.0315340,0.0316010,0.0315100,0.0315390,769852,1790810459999,24290.8121500,674,581597,18352.7365990,0
1790810460000,0.0315390,0.0315750,0.0315100,0.0315370,294818,1790810519999,9301.9121640,441,120263,3793.8123970,0
1790810520000,0.0315360,0.0315540,0.0315110,0.0315370,351001,1790810579999,11068.5864510,378,217007,6843.9502380,0
1790810580000,0.0315370,0.0315840,0.0315270,0.0315520,278222,1790810639999,8778.9881150,324,182158,5747.8270990,0
1790810640000,0.0315520,0.0315530,0.0315030,0.0315210,234653,1790810699999,7397.1400530,311,65831,2075.2279790,0
1790810700000,0.0315280,0.0315280,0.0314880,0.0314980,414629,1790810759999,13063.7435080,353,146029,4601.4484650,0
1790810760000,0.0314890,0.0315100,0.0314720,0.0314920,127178,1790810819999,4005.1301590,250,51599,1625.1383730,0
1790810820000,0.0314930,0.0315360,0.0314770,0.0315240,305683,1790810879999,9628.5486670,376,140400,4423.5924260,0
1790810880000,0.0315310,0.0315370,0.0315090,0.0315130,98906,1790810939999,3118.4262270,186,70989,2238.3197580,0
1790810940000,0.0315140,0.0315770,0.0315140,0.0315560,616269,1790810999999,19440.4795370,538,245847,7756.9593360,0
1790811000000,0.0315540,0.0315800,0.0315100,0.0315710,1263557,1790811059999,39848.9434200,477,1125736,35501.9193840,0
1790811060000,0.0315690,0.0315770,0.0315270,0.0315470,539667,1790811119999,17028.8878510,486,329794,10406.3619960,0
1790811120000,0.0315460,0.0316400,0.0315290,0.0316140,473891,1790811179999,14980.8035180,427,418495,13231.1065460,0
1790811180000,0.0316160,0.0317540,0.0315940,0.0316510,1742790,1790811239999,55197.0555540,1050,1125465,35654.4674980,0
1790811240000,0.0316510,0.0316710,0.0316080,0.0316530,530991,1790811299999,16800.0473280,526,249876,7908.8672070,0
1790811300000,0.0316530,0.0316980,0.0316530,0.0316920,216246,1790811359999,6848.9669710,247,138584,4389.0344390,0
1790811360000,0.0316920,0.0317270,0.0316740,0.0317070,274039,1790811419999,8686.7155800,400,153897,4878.5758950,0
1790811420000,0.0317070,0.0317230,0.0316280,0.0317160,547731,1790811479999,17342.9320830,478,203026,6430.5534310,0
1790811480000,0.0317180,0.0317780,0.0317180,0.0317630,234820,1790811539999,7455.6920860,323,146823,4661.6936210,0
1790811540000,0.0317630,0.0318120,0.0317330,0.0318050,787744,1790811599999,25038.3648360,549,296276,9414.2083350,0
1790811600000,0.0318040,0.0318060,0.0317020,0.0317580,767210,1790811659999,24355.0099430,554,206717,6566.5159910,0
1790811660000,0.0317510,0.0317750,0.0316250,0.0316970,684580,1790811719999,21705.9724450,717,293444,9302.9415780,0
1790811720000,0.0316960,0.0317360,0.0316900,0.0316970,496628,1790811779999,15749.8230350,387,299452,9496.7550670,0
1790811780000,0.0316960,0.0316960,0.0316500,0.0316560,663397,1790811839999,21010.0590660,496,393338,12457.7217810,0
1790811840000,0.0316540,0.0316650,0.0316310,0.0316390,221278,1790811899999,7002.2626210,204,139814,4424.5593450,0
1790811900000,0.0316330,0.0316590,0.0315740,0.0316360,709921,1790811959999,22438.6142280,503,364609,11528.4793820,0
1790811960000,0.0316440,0.0316630,0.0316300,0.0316470,183308,1790812019999,5802.0241500,226,69403,2196.7717130,0
1790812020000,0.0316500,0.0316880,0.0316210,0.0316760,371770,1790812079999,11766.3427130,328,180036,5699.3005370,0
1790812080000,0.0316740,0.0316870,0.0316470,0.0316670,465499,1790812139999,14740.8392480,259,129735,4108.5881520,0
1790812140000,0.0316680,0.0316790,0.0316200,0.0316460,432257,1790812199999,13679.2550740,297,147148,4658.0920370,0
1790812200000,0.0316470,0.0316470,0.0315920,0.0316120,618695,1790812259999,19564.4952050,431,238818,7553.8541680,0
1790812260000,0.0316110,0.0316360,0.0315860,0.0316290,356091,1790812319999,11257.9585030,327,126195,3989.5377850,0
1790812320000,0.0316320,0.0317010,0.0316100,0.0316990,250424,1790812379999,7927.2506240,303,169395,5363.1943330,0
1790812380000,0.0316970,0.0318260,0.0316650,0.0317870,1185757,1790812439999,37644.2335210,723,761191,24168.0559330,0
1790812440000,0.0317860,0.0317920,0.0317500,0.0317580,433754,1790812499999,13782.6099690,262,66626,2117.1707720,0
1790812500000,0.0317580,0.0317580,0.0317260,0.0317340,270578,1790812559999,8588.0018610,246,91927,2917.6652690,0
1790812560000,0.0317340,0.0317670,0.0317210,0.0317670,436760,1790812619999,13866.0506910,300,352095,11177.4942690,0
1790812620000,0.0317660,0.0317990,0.0317520,0.0317930,220412,1790812679999,7003.1479290,227,128281,4076.3057020,0
1790812680000,0.0317920,0.0318130,0.0317020,0.0317100,533328,1790812739999,16929.1196500,494,172071,5463.9873160,0
1790812740000,0.0317100,0.0317150,0.0316060,0.0316830,987126,1790812799999,31251.7821270,584,359350,11380.4852840,0
