1790726400000,0.78990,0.79030,0.78920,0.78970,26575.8,1790726459999,20990.845070,304,20564.6,16243.474440,0
1790726460000,0.78960,0.79070,0.78960,0.79040,31501.5,1790726519999,24886.963570,359,23923.3,18900.630930,0
1790726520000,0.79040,0.79100,0.79020,0.79030,23295.8,1790726579999,18420.123310,302,12846.9,10158.036760,0
1790726580000,0.79040,0.79110,0.78980,0.79090,32099.4,1790726639999,25374.038730,420,26790.8,21177.895420,0
1790726640000,0.79090,0.79090,0.78900,0.78990,22193.7,1790726699999,17528.177160,361,11374.3,8983.326490,0
1790726700000,0.78990,0.79130,0.78950,0.79060,30948.0,1790726759999,24474.100460,459,19457.0,15389.028930,0
1790726760000,0.79060,0.79120,0.78980,0.78980,20790.8,1790726819999,16431.452170,309,5353.7,4231.327340,0
1790726820000,0.78980,0.79000,0.78860,0.78870,15275.7,1790726879999,12053.960460,280,5717.7,4511.933980,0
1790726880000,0.78860,0.78870,0.78540,0.78660,141272.1,1790726939999,111078.255190,716,16799.7,13216.808280,0
1790726940000,0.78670,0.78710,0.78530,0.78590,46555.3,1790726999999,36596.370210,431,11057.6,8695.533390,0
1790727000000,0.78580,0.78590,0.78490,0.78500,44255.7,1790727059999,34761.380170,401,12099.0,9504.611600,0
1790727060000,0.78510,0.78570,0.78440,0.78500,42901.1,1790727119999,33681.236830,474,17457.7,13707.699190,0
1790727120000,0.78500,0.78540,0.78430,0.78480,31792.2,1790727179999,24949.650620,395,16079.9,12617.944140,0
1790727180000,0.78480,0.78500,0.78450,0.78450,12641.8,1790727239999,9920.375270,181,5225.9,4100.928000,0
1790727240000,0.78460,0.78520,0.78450,0.78520,9394.9,1790727299999,7372.585110,200,5334.3,4186.305790,0
1790727300000,0.78520,0.78610,0.78470,0.78500,23537.3,1790727359999,18488.797420,359,11466.6,9007.720030,0
1790727360000,0.78510,0.78570,0.78500,0.78550,16312.5,1790727419999,12813.139770,259,12411.4,9749.427320,0
1790727420000,0.78550,0.78630,0.78510,0.78540,16543.3,1790727479999,12998.613400,283,11525.8,9057.081650,0
1790727480000,0.78540,0.78560,0.78500,0.78510,37312.8,1790727539999,29294.844250,260,16239.9,12750.826500,0
1790727540000,0.78520,0.78570,0.78480,0.78480,21624.7,1790727599999,16983.736970,199,16147.1,12683.092650,0
1790727600000,0.78490,0.78490,0.78410,0.78460,13460.3,1790727659999,10560.460390,154,5433.9,4263.324170,0
1790727660000,0.78460,0.78590,0.78440,0.78550,27368.9,1790727719999,21489.717280,275,15813.9,12415.919270,0
1790727720000,0.78560,0.78580,0.78380,0.78410,27343.8,1790727779999,21447.906190,287,16866.3,13229.329990,0
1790727780000,0.78410,0.78420,0.78290,0.78380,56584.4,1790727839999,44325.582440,403,13583.9,10643.860450,0
1790727840000,0.78370,0.78470,0.78350,0.78380,28741.9,1790727899999,22535.470480,253,17639.9,13830.897930,0
1790727900000,0.78380,0.78450,0.78320,0.78400,26268.7,1790727959999,20586.284180,279,7096.7,5563.450950,0
1790727960000,0.78400,0.78500,0.78340,0.78500,12350.4,1790728019999,9681.718770,222,7531.8,5905.338900,0
1790728020000,0.78490,0.78540,0.78390,0.78430,41376.5,1790728079999,32478.697700,317,25518.8,20028.816920,0
1790728080000,0.78430,0.78690,0.78430,0.78680,13242.1,1790728139999,10407.588490,256,11214.3,8813.751190,0
1790728140000,0.78680,0.78760,0.78680,0.78690,13072.2,1790728199999,10291.683520,221,10448.2,8225.935470,0
1790728200000,0.78690,0.78770,0.78610,0.78740,18302.1,1790728259999,14402.017770,315,10588.5,8332.975130,0
1790728260000,0.78740,0.78860,0.78670,0.78820,28060.4,1790728319999,22108.803870,436,18652.2,14697.770760,0
1790728320000,0.78820,0.79030,0.78770,0.79030,21290.8,1790728379999,16794.627910,375,15827.6,12488.392030,0
1790728380000,0.79020,0.79030,0.78940,0.79010,43338.5,1790728439999,34236.199780,328,15649.3,12363.536390,0
1790728440000,0.79010,0.79020,0.78930,0.78990,16699.6,1790728499999,13188.756980,251,8016.3,6331.026290,0
1790728500000,0.78990,0.79060,0.78850,0.78910,18014.6,1790728559999,14224.103360,355,7591.0,5995.592620,0
1790728560000,0.78910,0.78970,0.78770,0.78780,13850.8,1790728619999,10926.078660,262,9821.6,7747.258350,0
1790728620000,0.78790,0.78790,0.78670,0.78720,13053.5,1790728679999,10273.940940,263,5233.3,4118.690720,0
1790728680000,0.78710,0.78770,0.78700,0.78720,13379.3,1790728739999,10534.037000,196,6663.8,5246.631650,0
1790728740000,0.78730,0.78760,0.78670,0.78700,11247.6,1790728799999,8851.945270,177,2126.5,1673.366960,0
1790728800000,0.78700,0.78860,0.78650,0.78830,8340.4,1790728859999,6568.613820,289,6461.1,5088.908480,0
1790728860000,0.78820,0.78940,0.78820,0.78890,7252.8,1790728919999,5721.455470,239,4049.9,3195.182360,0
1790728920000,0.78900,0.78900,0.78780,0.78800,4132.6,1790728979999,3257.869590,167,1325.3,1044.668470,0
1790728980000,0.78800,0.78850,0.78710,0.78710,14260.0,1790729039999,11237.416850,207,9741.7,7677.844990,0
1790729040000,0.78710,0.78730,0.78660,0.78720,17702.6,1790729099999,13930.658780,196,1460.1,1149.316690,0
1790729100000,0.78730,0.78740,0.78580,0.78590,9948.8,1790729159999,7827.108440,167,2927.3,2302.985420,0
1790729160000,0.78580,0.78640,0.78480,0.78620,33528.0,1790729219999,26330.162800,375,8364.5,6572.119350,0
1790729220000,0.78610,0.78710,0.78570,0.78570,21023.1,1790729279999,16530.137730,345,10789.3,8484.470500,0
1790729280000,0.78580,0.78580,0.78490,0.78490,18193.7,1790729339999,14287.149550,224,10200.0,8010.730880,0
1790729340000,0.78490,0.78560,0.78460,0.78530,7577.6,1790729399999,5950.068180,163,6118.4,4804.658630,0
1790729400000,0.78530,0.78540,0.78390,0.78460,19800.9,1790729459999,15533.846100,226,1600.3,1256.344480,0
1790729460000,0.78450,0.78550,0.78450,0.78540,9425.1,1790729519999,7398.962990,186,4174.0,3277.016530,0
1790729520000,0.78550,0.78610,0.78480,0.78520,14573.8,1790729579999,11450.180300,244,8880.3,6976.488050,0
1790729580000,0.78520,0.78540,0.78460,0.78540,2891.2,1790729639999,2269.584380,129,1585.5,1244.651950,0
1790729640000,0.78530,0.78530,0.78460,0.78460,4578.6,1790729699999,3594.377290,142,1622.7,1273.666440,0
1790729700000,0.78460,0.78580,0.78420,0.78570,5930.0,1790729759999,4656.488370,213,4306.8,3381.525630,0
1790729760000,0.78580,0.78660,0.78580,0.78600,12583.6,1790729819999,9893.441630,239,6496.0,5107.112570,0
1790729820000,0.78600,0.78810,0.78550,0.78780,33149.8,1790729879999,26088.382240,358,27939.0,21990.803380,0
1790729880000,0.78810,0.78890,0.78770,0.78880,32160.1,1790729939999,25342.641860,271,12566.8,9904.802300,0
1790729940000,0.78880,0.78940,0.78840,0.78920,16962.2,1790729999999,13383.865060,262,10041.0,7923.128680,0
1790730000000,0.78920,0.78980,0.78770,0.78980,69393.2,1790730059999,54756.842760,602,43855.4,34612.323940,0
1790730060000,0.78990,0.79180,0.78980,0.79170,71503.2,1790730119999,56559.941120,652,51670.2,40867.824050,0
1790730120000,0.79170,0.79460,0.79060,0.79460,44454.1,1790730179999,35242.561660,613,33706.2,26728.415590,0
1790730180000,0.79440,0.79620,0.79380,0.79590,55276.1,1790730239999,43954.879830,500,44867.7,35680.179720,0
1790730240000,0.79580,0.79580,0.79280,0.79310,40844.6,1790730299999,32465.395220,604,15743.4,12513.049720,0
1790730300000,0.79320,0.79550,0.79290,0.79540,16578.6,1790730359999,13163.790610,389,10417.1,8271.519590,0
1790730360000,0.79550,0.79550,0.79340,0.79340,25726.3,1790730419999,20437.635900,364,3889.4,3089.560900,0
1790730420000,0.79330,0.79330,0.79170,0.79250,20986.4,1790730479999,16628.588710,384,9586.8,7594.687610,0
1790730480000,0.79240,0.79240,0.79110,0.79230,18304.4,1790730539999,14495.476820,318,12276.0,9721.794270,0
1790730540000,0.79240,0.79560,0.79240,0.79520,34374.4,1790730599999,27304.974090,473,16890.8,13412.736530,0
1790730600000,0.79530,0.79540,0.79330,0.79370,23433.5,1790730659999,18611.513110,361,7463.5,5927.516020,0
1790730660000,0.79370,0.79640,0.79370,0.79590,33229.4,1790730719999,26430.749290,344,18834.9,14982.559630,0
1790730720000,0.79600,0.79650,0.79420,0.79420,18270.6,1790730779999,14539.282640,351,5130.9,4084.798810,0
1790730780000,0.79420,0.79450,0.79300,0.79430,20549.3,1790730839999,16313.691990,368,12435.5,9873.172330,0
1790730840000,0.79420,0.79490,0.79420,0.79460,13762.6,1790730899999,10935.660770,223,5972.0,4744.833510,0
1790730900000,0.79460,0.79700,0.79440,0.79700,103983.2,1790730959999,82735.539590,528,98199.0,78133.547280,0
1790730960000,0.79700,0.79750,0.79610,0.79670,16252.3,1790731019999,12948.857980,326,7405.0,5899.805410,0
1790731020000,0.79660,0.79730,0.79350,0.79450,101585.9,1790731079999,80723.028340,796,17740.9,14102.994120,0
1790731080000,0.79450,0.79480,0.79380,0.79380,41720.3,1790731139999,33147.091380,325,28630.2,22747.358510,0
1790731140000,0.79380,0.79420,0.79320,0.79340,15906.1,1790731199999,12623.378650,236,11316.1,8980.788740,0
1790731200000,0.79330,0.79390,0.79310,0.79380,13673.2,1790731259999,10847.666520,266,9100.5,7219.665110,0
1790731260000,0.79390,0.79550,0.79390,0.79480,15848.3,1790731319999,12593.555940,399,9926.1,7886.063590,0
1790731320000,0.79480,0.79610,0.79450,0.79580,21195.7,1790731379999,16854.996790,255,16843.3,13393.222860,0
1790731380000,0.79580,0.79780,0.79570,0.79760,10917.7,1790731439999,8701.263600,293,6984.2,5566.302440,0
1790731440000,0.79770,0.79970,0.79710,0.79970,36328.2,1790731499999,28992.663090,442,20771.3,16583.722300,0
1790731500000,0.79960,0.80100,0.79960,0.80000,69743.7,1790731559999,55817.573540,508,43039.2,34446.746020,0
1790731560000,0.80010,0.80020,0.79870,0.79870,32761.7,1790731619999,26194.734140,311,5057.9,4042.978020,0
1790731620000,0.79860,0.79860,0.79750,0.79810,10706.0,1790731679999,8542.288510,210,2623.5,2093.011800,0
1790731680000,0.79810,0.79810,0.79730,0.79730,46977.9,1790731739999,37469.320440,154,2748.3,2191.969530,0
1790731740000,0.79720,0.79720,0.79570,0.79610,19758.9,1790731799999,15735.441040,285,6233.8,4963.604630,0
1790731800000,0.79620,0.79830,0.79470,0.79750,39703.9,1790731859999,31629.180580,594,24005.3,19124.059040,0
1790731860000,0.79740,0.79810,0.79530,0.79600,43589.5,1790731919999,34726.874600,587,17562.2,13993.400990,0
1790731920000,0.79590,0.79590,0.79480,0.79510,19263.7,1790731979999,15320.146370,304,10343.1,8225.931590,0
1790731980000,0.79510,0.79570,0.79450,0.79570,8512.2,1790732039999,6768.171710,247,3098.7,2464.152430,0
1790732040000,0.79580,0.79640,0.79460,0.79460,11783.5,1790732099999,9371.288250,182,2730.5,2173.250400,0
1790732100000,0.79450,0.79590,0.79410,0.79510,18893.3,1790732159999,15022.745210,332,10259.2,8156.462050,0
1790732160000,0.79510,0.79520,0.79430,0.79490,18102.8,1790732219999,14388.521070,252,11818.8,9393.060570,0
1790732220000,0.79480,0.79560,0.79430,0.79500,13691.9,1790732279999,10882.147800,251,8454.9,6719.379920,0
1790732280000,0.79520,0.79580,0.79460,0.79480,22601.5,1790732339999,17967.552710,288,8950.4,7115.672030,0
1790732340000,0.79480,0.79600,0.79480,0.79600,11022.6,1790732399999,8764.887730,185,7360.1,5852.588050,0
1790732400000,0.79600,0.79670,0.79560,0.79600,17828.7,1790732459999,14191.888980,300,9411.7,7491.289010,0
1790732460000,0.79570,0.79570,0.79480,0.79520,8129.1,1790732519999,6465.106180,211,2561.2,2036.649460,0
1790732520000,0.79520,0.79610,0.79490,0.79510,9298.2,1790732579999,7397.690760,242,4343.7,3456.541990,0
1790732580000,0.79500,0.79580,0.79480,0.79580,4860.3,1790732639999,3865.798110,123,4040.5,3213.920960,0
1790732640000,0.79590,0.79650,0.79590,0.79640,11849.0,1790732699999,9434.403100,194,8347.1,6645.907620,0
1790732700000,0.79640,0.79660,0.79570,0.79580,5578.9,1790732759999,4442.193650,194,2446.6,1947.989110,0
1790732760000,0.79590,0.79720,0.79550,0.79690,21477.1,1790732819999,17110.133560,252,3705.8,2951.071830,0
1790732820000,0.79700,0.79790,0.79600,0.79690,9745.5,1790732879999,7766.668920,276,4284.3,3414.470320,0
1790732880000,0.79690,0.79690,0.79550,0.79560,14944.9,1790732939999,11897.772670,210,7521.7,5989.153560,0
1790732940000,0.79570,0.79720,0.79540,0.79690,10644.0,1790732999999,8479.147270,180,5080.3,4045.905630,0
1790733000000,0.79690,0.79780,0.79640,0.79660,30279.9,1790733059999,24147.230000,230,14947.4,11920.174280,0
1790733060000,0.79660,0.79760,0.79570,0.79760,15244.1,1790733119999,12147.291330,246,8459.1,6740.451260,0
1790733120000,0.79750,0.79760,0.79660,0.79660,11576.5,1790733179999,9228.109920,198,3181.0,2535.021950,0
1790733180000,0.79650,0.79650,0.79460,0.79490,21670.2,1790733239999,17232.677120,293,5746.4,4568.535830,0
1790733240000,0.79490,0.79510,0.79440,0.79460,11921.6,1790733299999,9474.421050,182,2248.9,1787.288140,0
1790733300000,0.79470,0.79490,0.79330,0.79350,14520.3,1790733359999,11530.297300,234,5116.0,4064.271270,0
1790733360000,0.79350,0.79430,0.79310,0.79340,12147.5,1790733419999,9641.080000,206,2396.0,1901.919960,0
1790733420000,0.79340,0.79420,0.79320,0.79400,8192.0,1790733479999,6503.181980,169,6572.0,5217.394760,0
1790733480000,0.79400,0.79400,0.79270,0.79290,15852.7,1790733539999,12575.766450,255,8329.0,6606.966880,0
1790733540000,0.79280,0.79340,0.79280,0.79330,6604.1,1790733599999,5238.139790,121,1877.8,1489.338160,0
1790733600000,0.79330,0.79530,0.79320,0.79530,17037.0,1790733659999,13536.231990,296,14748.3,11718.633890,0
1790733660000,0.79510,0.79580,0.79510,0.79560,15031.5,1790733719999,11957.664440,288,8710.2,6929.286200,0
1790733720000,0.79560,0.79560,0.79290,0.79290,46527.5,1790733779999,36978.558230,334,4501.9,3578.345270,0
1790733780000,0.79280,0.79380,0.79120,0.79280,86497.5,1790733839999,68524.336600,646,33449.7,26518.936110,0
1790733840000,0.79290,0.79460,0.79290,0.79430,14589.9,1790733899999,11585.502370,271,12006.3,9534.576070,0
1790733900000,0.79420,0.79520,0.79420,0.79450,23188.5,1790733959999,18429.460840,291,6151.8,4889.763150,0
1790733960000,0.79460,0.79560,0.79430,0.79530,9742.1,1790734019999,7745.892610,236,6686.6,5316.207880,0
1790734020000,0.79530,0.79650,0.79520,0.79600,32465.6,1790734079999,25840.267260,312,14370.7,11436.551580,0
1790734080000,0.79610,0.79610,0.79380,0.79380,21446.6,1790734139999,17055.218120,370,8282.4,6588.377360,0
1790734140000,0.79370,0.79370,0.79290,0.79320,16437.6,1790734199999,13038.439220,275,3291.1,2610.730130,0
1790734200000,0.79310,0.79330,0.79160,0.79220,44335.7,1790734259999,35138.186570,367,10097.4,7999.286620,0
1790734260000,0.79220,0.79250,0.79180,0.79180,15392.0,1790734319999,12192.663820,234,11222.2,8889.678970,0
1790734320000,0.79190,0.79250,0.79170,0.79170,29235.6,1790734379999,23160.266310,266,20487.2,16231.361200,0
1790734380000,0.79160,0.79350,0.79150,0.79250,24234.1,1790734439999,19212.038100,285,19072.4,15120.968060,0
1790734440000,0.79250,0.79250,0.79180,0.79200,8134.8,1790734499999,6444.215950,172,2496.7,1977.768750,0
1790734500000,0.79210,0.79220,0.79060,0.79110,71281.3,1790734559999,56390.652550,360,46921.6,37119.472970,0
1790734560000,0.79100,0.79120,0.78950,0.78960,34733.6,1790734619999,27444.157830,309,3323.7,2626.886250,0
1790734620000,0.78970,0.79170,0.78970,0.79150,61667.1,1790734679999,48772.311450,467,44029.3,34818.463760,0
1790734680000,0.79150,0.79280,0.79110,0.79160,26134.8,1790734739999,20701.911550,341,13951.6,11054.592180,0
1790734740000,0.79160,0.79220,0.79110,0.79120,12821.3,1790734799999,10148.579470,217,6274.8,4967.778200,0
1790734800000,0.79130,0.79150,0.79090,0.79090,14809.5,1790734859999,11715.267980,141,3697.7,2925.298200,0
1790734860000,0.79100,0.79370,0.79100,0.79370,29284.9,1790734919999,23189.535070,413,27077.7,21440.768410,0
1790734920000,0.79370,0.79480,0.79370,0.79460,12450.1,1790734979999,9890.425340,301,6168.8,4900.147490,0
1790734980000,0.79470,0.79620,0.79280,0.79280,22359.9,1790735039999,17773.022130,405,14494.8,11523.545370,0
1790735040000,0.79280,0.79340,0.79210,0.79210,7508.3,1790735099999,5951.972580,201,3639.1,2885.012090,0
1790735100000,0.79200,0.79250,0.79170,0.79190,13707.8,1790735159999,10857.383320,234,9081.3,7193.181280,0
1790735160000,0.79200,0.79310,0.79200,0.79260,28514.9,1790735219999,22603.998420,292,20946.6,16604.462300,0
1790735220000,0.79250,0.79280,0.79130,0.79130,18480.9,1790735279999,14642.698400,257,15522.0,12299.256490,0
1790735280000,0.79130,0.79130,0.79030,0.79040,24922.0,1790735339999,19706.306530,256,5424.8,4289.050970,0
1790735340000,0.79030,0.79080,0.78970,0.79080,16911.2,1790735399999,13360.399000,268,6955.4,5495.784820,0
1790735400000,0.79080,0.79140,0.79000,0.79010,38973.1,1790735459999,30818.172820,305,8259.8,6531.121570,0
1790735460000,0.79010,0.79270,0.79010,0.79230,14579.2,1790735519999,11536.208400,323,10792.6,8540.439600,0
1790735520000,0.79240,0.79240,0.78990,0.79000,15727.9,1790735579999,12443.806780,287,8075.3,6387.168930,0
1790735580000,0.79000,0.79050,0.78970,0.79020,12229.1,1790735639999,9662.578220,190,5259.8,4155.634370,0
1790735640000,0.79010,0.79080,0.79000,0.79000,39060.4,1790735699999,30870.951760,311,8713.9,6888.653470,0
1790735700000,0.79040,0.79050,0.78930,0.78940,69888.4,1790735759999,55187.150920,568,17707.4,13987.723660,0
1790735760000,0.78940,0.79010,0.78860,0.78970,54824.4,1790735819999,43281.800790,579,27894.5,22023.493220,0
1790735820000,0.78980,0.79050,0.78910,0.78970,11918.3,1790735879999,9415.297730,257,9780.1,7726.183560,0
1790735880000,0.78970,0.79100,0.78940,0.79050,5714.8,1790735939999,4515.460320,201,4304.7,3401.242880,0
1790735940000,0.79050,0.79160,0.79020,0.79160,18456.4,1790735999999,14590.179910,181,6054.9,4788.026230,0
1790736000000,0.79170,0.79420,0.79170,0.79400,22905.9,1790736059999,18167.985530,309,21712.3,17221.422150,0
1790736060000,0.79410,0.79410,0.79200,0.79290,9754.7,1790736119999,7735.173020,295,5058.3,4009.777720,0
1790736120000,0.79280,0.79290,0.79170,0.79170,11130.4,1790736179999,8819.168060,201,6412.6,5082.721470,0
1790736180000,0.79160,0.79220,0.79130,0.79200,5798.8,1790736239999,4590.778720,147,3312.9,2622.692640,0
1790736240000,0.79190,0.79260,0.79170,0.79170,10769.5,1790736299999,8531.570840,177,4182.1,3313.013950,0
1790736300000,0.79170,0.79240,0.79110,0.79240,13605.1,1790736359999,10773.199730,215,7325.1,5798.998530,0
1790736360000,0.79250,0.79350,0.79250,0.79330,42518.8,1790736419999,33721.144910,260,8788.7,6971.465880,0
1790736420000,0.79320,0.79460,0.79320,0.79420,17283.9,1790736479999,13726.303600,260,15113.2,12002.215060,0
1790736480000,0.79420,0.79470,0.79330,0.79380,16512.9,1790736539999,13112.490990,181,6566.8,5216.359360,0
1790736540000,0.79360,0.79360,0.79260,0.79270,13962.9,1790736599999,11073.307720,190,7997.4,6341.430670,0
1790736600000,0.79270,0.79300,0.79250,0.79290,14924.3,1790736659999,11830.537160,140,9059.1,7181.186260,0
1790736660000,0.79300,0.79330,0.79270,0.79300,8974.3,1790736719999,7117.527950,174,6982.6,5537.940430,0
1790736720000,0.79290,0.79400,0.79230,0.79310,19534.6,1790736779999,15494.162240,290,13206.9,10472.703840,0
1790736780000,0.79310,0.79320,0.79270,0.79270,3576.9,1790736839999,2836.709050,95,2228.3,1767.260990,0
1790736840000,0.79270,0.79270,0.79200,0.79200,5228.6,1790736899999,4142.470290,126,3092.9,2450.397150,0
1790736900000,0.79200,0.79280,0.79170,0.79270,9631.1,1790736959999,7629.595040,162,4737.8,3753.489310,0
1790736960000,0.79270,0.79270,0.79110,0.79110,12464.2,1790737019999,9865.041060,203,1687.3,1335.460370,0
1790737020000,0.79110,0.79180,0.79110,0.79170,9233.5,1790737079999,7307.011150,136,5014.1,3968.096140,0
1790737080000,0.79160,0.79160,0.79090,0.79090,8313.2,1790737139999,6576.874630,176,2559.5,2025.052340,0
1790737140000,0.79080,0.79190,0.79080,0.79190,11220.0,1790737199999,8878.637830,172,10494.3,8304.429830,0
1790737200000,0.79200,0.79280,0.79190,0.79200,12988.4,1790737259999,10291.609490,187,6931.0,5491.313460,0
1790737260000,0.79190,0.79190,0.78900,0.78900,24319.6,1790737319999,19215.313670,331,2795.7,2208.938180,0
1790737320000,0.78900,0.79070,0.78890,0.78960,28269.0,1790737379999,22318.901430,370,16351.2,12910.299750,0
1790737380000,0.78960,0.79030,0.78960,0.79030,9382.5,1790737439999,7410.922040,165,6801.2,5371.900050,0
1790737440000,0.79030,0.79200,0.79030,0.79150,15696.6,1790737499999,12423.776370,294,8734.2,6913.011730,0
1790737500000,0.79140,0.79260,0.79110,0.79220,13777.1,1790737559999,10906.905480,281,8905.9,7050.775350,0
1790737560000,0.79220,0.79230,0.79070,0.79070,16852.4,1790737619999,13344.035260,186,5653.8,4477.460100,0
1790737620000,0.79070,0.79080,0.78990,0.79020,26273.7,1790737679999,20765.678640,259,6259.2,4947.470350,0
1790737680000,0.79030,0.79040,0.78940,0.78990,14495.3,1790737739999,11449.917760,235,5126.8,4050.112080,0
1790737740000,0.78990,0.79060,0.78990,0.79000,14038.1,1790737799999,11092.834750,188,7062.3,5581.095380,0
1790737800000,0.79010,0.79030,0.78990,0.78990,14762.0,1790737859999,11663.175990,123,5323.8,4206.705930,0
1790737860000,0.78980,0.79030,0.78960,0.79020,11481.7,1790737919999,9069.689970,240,5511.9,4354.755230,0
1790737920000,0.79020,0.79070,0.78960,0.79000,59882.3,1790737979999,47308.095180,336,7526.5,5946.918350,0
1790737980000,0.79000,0.79000,0.78970,0.78990,8390.9,1790738039999,6627.790190,100,3502.7,2766.777500,0
1790738040000,0.79000,0.79010,0.78990,0.78990,5203.0,1790738099999,4110.339950,78,1443.3,1140.271070,0
1790738100000,0.78990,0.79020,0.78970,0.79010,5819.8,1790738159999,4597.200060,113,3256.1,2572.221600,0
1790738160000,0.79000,0.79000,0.78720,0.78740,84641.5,1790738219999,66746.255500,399,7687.3,6059.317650,0
1790738220000,0.78750,0.78750,0.78520,0.78620,69720.8,1790738279999,54812.409680,625,8148.6,6408.884460,0
1790738280000,0.78610,0.78610,0.78480,0.78520,35159.3,1790738339999,27603.733800,257,18613.2,14614.861900,0
1790738340000,0.78540,0.78660,0.78540,0.78600,46624.2,1790738399999,36657.574850,377,21455.5,16868.519300,0
1790738400000,0.78600,0.78740,0.78600,0.78740,19275.9,1790738459999,15161.145600,263,12825.9,10088.533480,0
1790738460000,0.78750,0.78760,0.78710,0.78750,10865.1,1790738519999,8553.846000,193,3928.4,3092.948810,0
1790738520000,0.78760,0.78970,0.78760,0.78950,16201.7,1790738579999,12779.159840,367,13681.5,10791.330990,0
1790738580000,0.78960,0.79010,0.78930,0.78980,10357.7,1790738639999,8179.194510,237,6729.6,5314.236050,0
1790738640000,0.78970,0.78970,0.78790,0.78870,17126.6,1790738699999,13510.499020,241,8512.3,6716.067820,0
1790738700000,0.78880,0.78890,0.78750,0.78750,12764.4,1790738759999,10060.043890,198,4930.2,3885.003970,0
1790738760000,0.78740,0.78780,0.78690,0.78770,6982.4,1790738819999,5497.673100,190,5573.6,4388.487150,0
1790738820000,0.78770,0.78810,0.78730,0.78800,11390.7,1790738879999,8972.474380,159,5773.1,4546.974770,0
1790738880000,0.78800,0.78890,0.78800,0.78870,22954.3,1790738939999,18103.212460,192,6696.4,5281.030870,0
1790738940000,0.78860,0.78900,0.78850,0.78850,10566.4,1790738999999,8334.968960,119,7918.4,6246.323950,0
1790739000000,0.78850,0.78850,0.78650,0.78720,56508.4,1790739059999,44487.257050,395,7173.0,5649.372920,0
1790739060000,0.78710,0.78730,0.78580,0.78690,28156.1,1790739119999,22143.350540,302,5515.4,4338.225060,0
1790739120000,0.78680,0.78730,0.78670,0.78670,8529.3,1790739179999,6712.081510,146,5391.8,4242.934600,0
1790739180000,0.78680,0.78810,0.78660,0.78790,22288.3,1790739239999,17547.516370,299,18723.7,14741.537730,0
1790739240000,0.78790,0.78890,0.78770,0.78870,24094.5,1790739299999,19001.316750,246,23348.6,18413.553810,0
1790739300000,0.78870,0.78900,0.78660,0.78710,18564.9,1790739359999,14622.685280,250,4842.8,3814.141720,0
1790739360000,0.78710,0.78840,0.78690,0.78820,9319.3,1790739419999,7340.323810,249,7418.4,5842.970750,0
1790739420000,0.78830,0.79000,0.78830,0.78950,36079.8,1790739479999,28487.060380,296,34617.6,27332.944460,0
1790739480000,0.78940,0.78990,0.78930,0.78970,9408.1,1790739539999,7428.807730,214,7677.3,6062.329770,0
1790739540000,0.78960,0.79150,0.78960,0.79140,12788.2,1790739599999,10107.999110,236,11859.5,9373.844410,0
1790739600000,0.79130,0.79130,0.79060,0.79070,11140.6,1790739659999,8810.592200,178,5350.4,4231.828840,0
1790739660000,0.79060,0.79100,0.79030,0.79040,22908.4,1790739719999,18110.412820,210,4683.2,3702.135750,0
1790739720000,0.79050,0.79080,0.78920,0.78970,18350.5,1790739779999,14492.973910,257,11032.5,8713.225030,0
1790739780000,0.78960,0.78990,0.78930,0.78950,11088.8,1790739839999,8755.053190,124,5876.2,4639.980430,0
1790739840000,0.78960,0.78970,0.78850,0.78860,12973.3,1790739899999,10234.757290,170,6192.6,4886.780920,0
1790739900000,0.78860,0.78860,0.78770,0.78770,9546.8,1790739959999,7523.911800,142,4142.5,3264.529370,0
1790739960000,0.78760,0.78760,0.78700,0.78710,13752.0,1790740019999,10827.867900,163,3392.0,2670.598690,0
1790740020000,0.78710,0.78910,0.78710,0.78860,23810.8,1790740079999,18769.319180,376,11324.2,8927.654710,0
1790740080000,0.78870,0.78890,0.78750,0.78760,3603.4,1790740139999,2839.499490,116,2678.8,2110.702070,0
1790740140000,0.78760,0.78920,0.78730,0.78820,116144.8,1790740199999,91592.167970,478,106769.3,84198.188310,0
1790740200000,0.78830,0.78940,0.78830,0.78920,22290.9,1790740259999,17579.339340,243,17870.5,14093.456310,0
1790740260000,0.78910,0.78910,0.78730,0.78740,30337.8,1790740319999,23920.464790,280,8521.2,6719.240820,0
1790740320000,0.78740,0.78740,0.78630,0.78650,7878.1,1790740379999,6198.581200,183,3747.4,2948.135110,0
1790740380000,0.78650,0.78800,0.78650,0.78770,34247.1,1790740439999,26960.070040,311,29077.8,22890.490190,0
1790740440000,0.78770,0.78850,0.78770,0.78840,17180.2,1790740499999,13540.485120,222,12593.3,9925.185890,0
1790740500000,0.78850,0.78860,0.78710,0.78730,24938.6,1790740559999,19642.252030,247,4264.0,3359.418360,0
1790740560000,0.78720,0.78790,0.78720,0.78730,14046.3,1790740619999,11060.927860,179,8829.9,6953.490080,0
1790740620000,0.78730,0.78770,0.78710,0.78740,4138.5,1790740679999,3258.887130,108,2855.7,2248.795640,0
1790740680000,0.78730,0.78820,0.78730,0.78820,7950.4,1790740739999,6262.673800,135,7011.8,5523.209890,0
1790740740000,0.78820,0.78860,0.78800,0.78810,9329.9,1790740799999,7354.028690,133,4120.9,3247.948700,0
1790740800000,0.78800,0.78910,0.78800,0.78820,10192.4,1790740859999,8036.270050,229,5339.0,4209.836030,0
1790740860000,0.78830,0.78900,0.78780,0.78880,26090.1,1790740919999,20571.959830,330,18933.8,14929.688480,0
1790740920000,0.78880,0.79170,0.78860,0.79140,20338.4,1790740979999,16069.310760,435,14964.2,11824.822030,0
1790740980000,0.79140,0.79260,0.79140,0.79240,19068.4,1790741039999,15102.358410,344,11823.3,9363.811870,0
1790741040000,0.79250,0.79320,0.79070,0.79200,51634.4,1790741099999,40903.189290,574,29580.8,23427.271260,0
1790741100000,0.79200,0.79280,0.79170,0.79250,32769.4,1790741159999,25961.714930,381,28469.0,22555.507720,0
1790741160000,0.79260,0.79370,0.79220,0.79240,48602.3,1790741219999,38559.613180,416,18342.5,14553.194250,0
1790741220000,0.79250,0.79300,0.79060,0.79130,56433.2,1790741279999,44647.421010,466,9013.1,7134.241560,0
1790741280000,0.79130,0.79190,0.79060,0.79100,75937.0,1790741339999,60065.887900,417,22501.7,17801.078240,0
1790741340000,0.79110,0.79120,0.79000,0.79120,16778.1,1790741399999,13263.945040,277,5279.1,4173.670930,0
1790741400000,0.79110,0.79150,0.79090,0.79120,16818.1,1790741459999,13305.795260,195,10389.9,8219.610220,0
1790741460000,0.79110,0.79300,0.79110,0.79280,19946.5,1790741519999,15797.182680,328,15316.8,12129.761080,0
1790741520000,0.79290,0.79340,0.79230,0.79230,10774.9,1790741579999,8543.008930,268,8199.4,6500.914810,0
1790741580000,0.79220,0.79300,0.79200,0.79270,11955.8,1790741639999,9475.760210,287,8098.9,6418.724680,0
1790741640000,0.79280,0.79330,0.79260,0.79260,10622.6,1790741699999,8423.714200,205,5714.1,4531.428700,0
1790741700000,0.79270,0.79410,0.79180,0.79410,23975.8,1790741759999,19000.852080,352,10012.7,7940.823970,0
1790741760000,0.79400,0.79420,0.79360,0.79400,11016.1,1790741819999,8746.805780,175,6969.1,5533.557610,0
1790741820000,0.79400,0.79460,0.79340,0.79430,38502.2,1790741879999,30576.283050,330,27649.7,21961.572080,0
1790741880000,0.79440,0.79540,0.79440,0.79520,20062.0,1790741939999,15945.892630,279,12457.6,9901.673230,0
1790741940000,0.79520,0.79580,0.79420,0.79460,50187.1,1790741999999,39900.539530,373,22258.6,17701.365940,0
1790742000000,0.79460,0.79490,0.79400,0.79400,13605.9,1790742059999,10810.731100,222,5863.0,4658.742920,0
1790742060000,0.79400,0.79630,0.79400,0.79600,23374.2,1790742119999,18590.022040,332,17166.0,13651.752310,0
1790742120000,0.79600,0.79650,0.79590,0.79640,15803.0,1790742179999,12583.725720,193,11311.3,9006.807710,0
1790742180000,0.79650,0.79660,0.79500,0.79500,15271.6,1790742239999,12151.399380,232,6097.4,4850.170810,0
1790742240000,0.79510,0.79530,0.79450,0.79450,8430.3,1790742299999,6701.855590,137,6260.5,4976.847270,0
1790742300000,0.79450,0.79730,0.79430,0.79720,70222.1,1790742359999,55899.933590,527,61769.3,49175.917060,0
1790742360000,0.79720,0.79790,0.79680,0.79780,24739.1,1790742419999,19727.601010,303,20739.1,16538.393480,0
1790742420000,0.79780,0.79780,0.79670,0.79700,15237.6,1790742479999,12148.059850,267,4608.1,3673.829740,0
1790742480000,0.79690,0.79720,0.79620,0.79660,17598.0,1790742539999,14021.714310,244,10035.0,7995.440920,0
1790742540000,0.79660,0.79680,0.79580,0.79610,8533.4,1790742599999,6795.954670,181,4035.7,3213.445560,0
1790742600000,0.79620,0.79730,0.79600,0.79730,28944.5,1790742659999,23052.020780,276,14952.1,11909.827380,0
1790742660000,0.79740,0.79740,0.79560,0.79690,47507.6,1790742719999,37821.913570,454,9938.2,7913.838130,0
1790742720000,0.79680,0.79750,0.79640,0.79670,13902.4,1790742779999,11080.025800,270,8006.4,6381.185390,0
1790742780000,0.79670,0.79700,0.79630,0.79690,11417.6,1790742839999,9096.585110,170,4612.8,3675.162300,0
1790742840000,0.79690,0.79690,0.79550,0.79550,5619.3,1790742899999,4475.426150,168,2639.9,2102.469620,0
1790742900000,0.79550,0.79780,0.79530,0.79780,44694.3,1790742959999,35612.468810,423,38551.4,30720.921430,0
1790742960000,0.79780,0.79800,0.79680,0.79700,43983.4,1790743019999,35076.135220,405,20884.0,16657.729870,0
1790743020000,0.79690,0.79730,0.79640,0.79720,16886.1,1790743079999,13456.500020,241,11771.2,9379.996350,0
1790743080000,0.79720,0.79890,0.79720,0.79860,29829.8,1790743139999,23816.093060,394,13227.0,10558.778530,0
1790743140000,0.79870,0.79870,0.79810,0.79850,18225.2,1790743199999,14550.793430,199,12565.7,10032.162790,0
1790743200000,0.79850,0.79880,0.79750,0.79850,18610.6,1790743259999,14858.243040,287,11478.8,9164.628180,0
1790743260000,0.79840,0.79980,0.79810,0.79920,52443.2,1790743319999,41917.741030,354,42188.8,33723.908270,0
1790743320000,0.79920,0.80080,0.79900,0.80030,42240.6,1790743379999,33791.250240,413,34268.9,27416.970040,0
1790743380000,0.80030,0.80110,0.79960,0.80090,18705.0,1790743439999,14972.071850,251,12473.6,9985.105080,0
1790743440000,0.80090,0.80160,0.80080,0.80080,33709.4,1790743499999,27012.489580,207,14886.8,11929.368720,0
1790743500000,0.80080,0.80390,0.80080,0.80330,203218.9,1790743559999,163214.576760,842,166120.5,133419.595070,0
1790743560000,0.80340,0.80360,0.80140,0.80140,51317.2,1790743619999,41195.639140,568,13574.7,10895.605440,0
1790743620000,0.80140,0.80150,0.80060,0.80090,26529.3,1790743679999,21248.931830,312,8027.5,6430.473730,0
1790743680000,0.80090,0.80090,0.79950,0.80000,51249.9,1790743739999,41001.247450,430,9625.7,7698.836170,0
1790743740000,0.79990,0.80020,0.79840,0.79840,38085.9,1790743799999,30442.389340,316,6489.1,5190.333320,0
1790743800000,0.79850,0.79870,0.79770,0.79780,13895.9,1790743859999,11091.848870,279,4637.4,3701.987420,0
1790743860000,0.79790,0.79860,0.79750,0.79750,18231.6,1790743919999,14550.021280,256,10865.3,8672.150040,0
1790743920000,0.79760,0.79840,0.79740,0.79780,5756.2,1790743979999,4593.040630,193,3926.2,3132.718120,0
1790743980000,0.79790,0.79800,0.79730,0.79740,9191.2,1790744039999,7331.061600,183,4592.6,3662.962160,0
1790744040000,0.79760,0.79950,0.79760,0.79900,84035.2,1790744099999,67108.074790,1120,58202.3,46481.821900,0
1790744100000,0.79890,0.79910,0.79800,0.79850,30418.5,1790744159999,24291.279840,436,11417.1,9117.871540,0
1790744160000,0.79850,0.79870,0.79710,0.79710,20251.7,1790744219999,16153.944390,356,7266.1,5797.207470,0
1790744220000,0.79700,0.79720,0.79650,0.79660,13721.9,1790744279999,10933.271050,304,5162.1,4113.203260,0
1790744280000,0.79660,0.79670,0.79580,0.79630,30252.7,1790744339999,24085.853490,377,4796.8,3820.056660,0
1790744340000,0.79630,0.79650,0.79590,0.79630,11300.5,1790744399999,8998.337910,211,9271.7,7382.986250,0
1790744400000,0.79630,0.80060,0.79630,0.80040,22121.4,1790744459999,17650.576560,509,15109.9,12057.041330,0
1790744460000,0.80040,0.80110,0.79930,0.80110,22796.9,1790744519999,18245.076240,491,13109.9,10492.265060,0
1790744520000,0.80100,0.80190,0.79860,0.79870,53229.5,1790744579999,42640.066120,624,39292.7,31483.872800,0
1790744580000,0.79870,0.79920,0.79760,0.79810,51543.3,1790744639999,41149.118930,514,19649.1,15683.960230,0
1790744640000,0.79810,0.79810,0.79670,0.79780,12859.5,1790744699999,10254.115560,308,4996.2,3984.080320,0
1790744700000,0.79780,0.79790,0.79680,0.79750,24932.5,1790744759999,19878.958900,324,8488.3,6768.981940,0
1790744760000,0.79750,0.79880,0.79710,0.79800,15513.7,1790744819999,12382.659780,302,7328.3,5848.415360,0
1790744820000,0.79790,0.79810,0.79720,0.79720,11097.7,1790744879999,8852.732360,208,4525.7,3609.523920,0
1790744880000,0.79730,0.79730,0.79630,0.79630,30606.4,1790744939999,24391.407770,277,5822.2,4640.875210,0
1790744940000,0.79640,0.79680,0.79600,0.79640,26377.6,1790744999999,21005.926900,208,9847.8,7843.463280,0
1790745000000,0.79630,0.79630,0.79480,0.79500,32519.6,1790745059999,25883.054060,256,5016.9,3992.859940,0
1790745060000,0.79500,0.79600,0.79500,0.79580,9351.5,1790745119999,7440.078490,213,5624.4,4473.971380,0
1790745120000,0.79590,0.79740,0.79560,0.79560,14554.1,1790745179999,11591.597820,303,5262.3,4192.934070,0
1790745180000,0.79550,0.79610,0.79520,0.79530,7568.2,1790745239999,6021.265680,210,2533.3,2015.486460,0
1790745240000,0.79530,0.79560,0.79450,0.79450,5963.3,1790745299999,4741.877480,142,1502.5,1194.847130,0
1790745300000,0.79450,0.79450,0.79270,0.79320,84607.8,1790745359999,67135.329030,610,10043.5,7969.120660,0
1790745360000,0.79320,0.79440,0.79250,0.79350,27769.5,1790745419999,22030.045560,354,22569.7,17904.252820,0
1790745420000,0.79350,0.79570,0.79350,0.79490,26724.3,1790745479999,21238.620290,374,13986.0,11114.838650,0
1790745480000,0.79490,0.79650,0.79490,0.79560,16429.4,1790745539999,13072.894880,320,9694.3,7712.202620,0
1790745540000,0.79550,0.79690,0.79530,0.79650,30349.0,1790745599999,24169.455510,325,21606.3,17208.605570,0
1790745600000,0.79650,0.79700,0.79560,0.79630,18521.6,1790745659999,14747.182520,355,10682.8,8506.107480,0
1790745660000,0.79620,0.79700,0.79480,0.79480,19810.1,1790745719999,15767.243360,342,7231.2,5756.974870,0
1790745720000,0.79490,0.79600,0.79470,0.79510,11782.6,1790745779999,9370.208130,238,7189.2,5717.574820,0
1790745780000,0.79510,0.79610,0.79510,0.79590,13017.0,1790745839999,10355.862500,241,6498.7,5170.183010,0
1790745840000,0.79590,0.79660,0.79570,0.79630,17458.6,1790745899999,13901.142170,203,8587.0,6836.674420,0
1790745900000,0.79630,0.79670,0.79420,0.79460,33675.3,1790745959999,26778.583800,492,9992.3,7945.293860,0
1790745960000,0.79460,0.79480,0.79370,0.79390,13324.6,1790746019999,10585.837680,183,4960.8,3941.026110,0
1790746020000,0.79390,0.79550,0.79360,0.79450,19718.9,1790746079999,15661.302920,424,10408.3,8266.481190,0
1790746080000,0.79450,0.79590,0.79400,0.79590,13381.2,1790746139999,10641.099010,270,10253.4,8154.786540,0
1790746140000,0.79590,0.79670,0.79570,0.79640,7929.2,1790746199999,6314.123750,152,3428.0,2729.153940,0
1790746200000,0.79650,0.79890,0.79630,0.79820,60131.1,1790746259999,47955.028620,632,24617.8,19631.417020,0
1790746260000,0.79830,0.79960,0.79790,0.79930,34153.8,1790746319999,27280.012490,546,22409.0,17901.516300,0
1790746320000,0.79930,0.80040,0.79810,0.79860,58632.5,1790746379999,46867.114400,645,24386.5,19493.902350,0
1790746380000,0.79860,0.79860,0.79640,0.79690,36749.8,1790746439999,29303.770130,500,16746.9,13348.003090,0
1790746440000,0.79710,0.79780,0.79660,0.79710,49692.1,1790746499999,39614.244170,341,26749.8,21332.292210,0
1790746500000,0.79700,0.79870,0.79640,0.79740,76768.4,1790746559999,61232.641630,602,55959.6,44634.527340,0
1790746560000,0.79730,0.79780,0.79640,0.79710,17654.2,1790746619999,14069.067870,310,10878.5,8668.454320,0
1790746620000,0.79700,0.79710,0.79610,0.79620,16759.7,1790746679999,13354.866680,204,5229.8,4166.932600,0
1790746680000,0.79620,0.79680,0.79600,0.79650,9438.3,1790746739999,7517.269420,190,4095.2,3261.468160,0
1790746740000,0.79660,0.79710,0.79640,0.79640,7927.8,1790746799999,6316.828810,127,5622.2,4479.822800,0
1790746800000,0.79650,0.79660,0.79540,0.79560,13494.6,1790746859999,10743.496150,235,2945.3,2344.110750,0
1790746860000,0.79550,0.79610,0.79530,0.79590,18359.4,1790746919999,14610.702150,286,8745.9,6959.511730,0
1790746920000,0.79590,0.79620,0.79540,0.79610,12662.3,1790746979999,10077.958590,366,7200.0,5730.971540,0
1790746980000,0.79600,0.79750,0.79580,0.79740,14128.5,1790747039999,11255.910940,358,9000.0,7171.897160,0
1790747040000,0.79740,0.79900,0.79710,0.79710,16098.4,1790747099999,12849.280940,356,10135.3,8089.554810,0
1790747100000,0.79720,0.79840,0.79690,0.79790,20703.2,1790747159999,16515.738070,333,13604.5,10853.720950,0
1790747160000,0.79780,0.79940,0.79750,0.79800,74056.8,1790747219999,59148.698490,411,69916.4,55841.666170,0
1790747220000,0.79790,0.79920,0.79740,0.79770,154593.4,1790747279999,123409.140920,817,83476.3,66651.941340,0
1790747280000,0.79790,0.79820,0.79660,0.79680,13355.9,1790747339999,10648.784320,204,7071.0,5638.623120,0
1790747340000,0.79670,0.79750,0.79650,0.79720,11822.3,1790747399999,9421.933860,204,7409.4,5906.015060,0
1790747400000,0.79720,0.79820,0.79710,0.79780,17006.2,1790747459999,13566.160020,300,12470.9,9948.981950,0
1790747460000,0.79780,0.79780,0.79640,0.79640,21826.5,1790747519999,17392.937290,192,3659.4,2915.294370,0
1790747520000,0.79640,0.79670,0.79580,0.79600,25894.2,1790747579999,20619.102130,263,6965.8,5548.103450,0
1790747580000,0.79590,0.79640,0.79590,0.79620,11596.5,1790747639999,9234.071140,170,9713.3,7734.532930,0
1790747640000,0.79620,0.79640,0.79590,0.79620,3842.6,1790747699999,3059.334040,91,3459.4,2754.252990,0
1790747700000,0.79610,0.79610,0.79530,0.79540,17161.0,1790747759999,13657.169420,138,3455.6,2748.725850,0
1790747760000,0.79540,0.79620,0.79540,0.79560,9768.1,1790747819999,7773.550830,193,5274.3,4196.719420,0
1790747820000,0.79540,0.79640,0.79540,0.79580,12472.7,1790747879999,9928.724000,157,4683.2,3728.276710,0
1790747880000,0.79570,0.79780,0.79540,0.79780,41029.3,1790747939999,32677.881460,420,33213.0,26452.284840,0
1790747940000,0.79760,0.79790,0.79600,0.79620,12932.7,1790747999999,10308.064450,193,5197.3,4143.965840,0
1790748000000,0.79630,0.79810,0.79560,0.79800,18007.9,1790748059999,14348.339670,398,13588.7,10826.590510,0
1790748060000,0.79800,0.79890,0.79650,0.79680,18352.1,1790748119999,14640.572400,366,8817.9,7036.474430,0
1790748120000,0.79680,0.79680,0.79540,0.79640,18106.2,1790748179999,14412.139670,340,5443.1,4332.434670,0
1790748180000,0.79630,0.79680,0.79560,0.79650,13354.5,1790748239999,10632.382760,308,6731.1,5359.422470,0
1790748240000,0.79640,0.79700,0.79600,0.79700,12339.4,1790748299999,9829.069510,172,9393.4,7483.000120,0
1790748300000,0.79690,0.79780,0.79690,0.79760,16325.9,1790748359999,13017.393450,221,11455.3,9133.585010,0
1790748360000,0.79760,0.79760,0.79600,0.79600,12090.6,1790748419999,9634.986000,181,5629.3,4486.162180,0
1790748420000,0.79600,0.79610,0.79550,0.79590,15111.2,1790748479999,12025.293620,193,4591.4,3653.908170,0
1790748480000,0.79600,0.79620,0.79460,0.79460,22679.8,1790748539999,18042.858530,242,2836.4,2258.023740,0
1790748540000,0.79470,0.79480,0.79290,0.79310,31761.4,1790748599999,25215.418390,290,4489.6,3564.869470,0
1790748600000,0.79320,0.79340,0.79200,0.79300,113535.3,1790748659999,89993.527730,601,27164.7,21540.949110,0
1790748660000,0.79300,0.79350,0.79250,0.79250,25487.5,1790748719999,20210.421730,246,20840.8,16525.151590,0
1790748720000,0.79250,0.79300,0.79040,0.79100,75722.6,1790748779999,59932.160240,551,11286.1,8934.741570,0
1790748780000,0.79100,0.79130,0.78970,0.79000,90272.4,1790748839999,71342.884650,806,14159.8,11191.099150,0
1790748840000,0.78990,0.79020,0.78890,0.78930,30349.9,1790748899999,23958.975510,370,13114.4,10352.787600,0
1790748900000,0.78930,0.79110,0.78930,0.79020,23926.7,1790748959999,18914.300950,463,13317.9,10527.256430,0
1790748960000,0.79010,0.79110,0.78920,0.79100,14641.9,1790749019999,11570.255700,350,8835.7,6982.620910,0
1790749020000,0.79100,0.79210,0.79080,0.79090,21056.5,1790749079999,16666.870510,316,15441.0,12222.891290,0
1790749080000,0.79090,0.79210,0.79030,0.79160,35566.6,1790749139999,28148.966140,395,25659.4,20307.949370,0
1790749140000,0.79170,0.79200,0.79100,0.79100,34681.8,1790749199999,27453.833200,259,21987.4,17401.746720,0
1790749200000,0.79100,0.79180,0.79040,0.79090,24300.7,1790749259999,19227.389010,292,17841.0,14118.514950,0
1790749260000,0.79100,0.79110,0.79030,0.79060,15136.0,1790749319999,11967.522300,225,11707.8,9256.764620,0
1790749320000,0.79060,0.79080,0.78950,0.79000,16411.7,1790749379999,12966.026740,218,7555.1,5969.917970,0
1790749380000,0.79000,0.79080,0.78960,0.78960,14224.9,1790749439999,11239.198520,241,8793.4,6947.943760,0
1790749440000,0.78960,0.78980,0.78770,0.78780,36908.5,1790749499999,29100.608930,373,6873.9,5418.627350,0
1790749500000,0.78780,0.78780,0.78720,0.78740,26990.3,1790749559999,21253.408950,212,7430.3,5851.410560,0
1790749560000,0.78750,0.78780,0.78680,0.78690,39821.6,1790749619999,31353.563110,261,24960.9,19652.902180,0
1790749620000,0.78700,0.78750,0.78660,0.78700,12744.8,1790749679999,10030.412340,273,7447.2,5861.139630,0
1790749680000,0.78700,0.78890,0.78690,0.78830,28121.9,1790749739999,22163.335740,413,20857.3,16439.920800,0
1790749740000,0.78830,0.78870,0.78750,0.78830,19002.2,1790749799999,14979.507280,277,7465.6,5884.941200,0
1790749800000,0.78820,0.78830,0.78620,0.78700,29902.4,1790749859999,23535.013680,409,9559.8,7524.293860,0
1790749860000,0.78700,0.78850,0.78670,0.78820,38651.2,1790749919999,30441.476090,429,30670.4,24153.951770,0
1790749920000,0.78810,0.78810,0.78670,0.78670,21354.3,1790749979999,16813.455770,382,9329.6,7345.824380,0
1790749980000,0.78670,0.78690,0.78480,0.78480,49614.4,1790750039999,38987.050720,468,10018.3,7874.540420,0
1790750040000,0.78480,0.78520,0.78410,0.78520,40746.4,1790750099999,31961.357260,376,12545.0,9841.057490,0
1790750100000,0.78520,0.78520,0.78430,0.78500,99222.5,1790750159999,77863.212620,392,23332.2,18311.056730,0
1790750160000,0.78500,0.78660,0.78450,0.78610,34603.5,1790750219999,27184.609120,404,25979.9,20413.589440,0
1790750220000,0.78610,0.78660,0.78400,0.78420,32493.6,1790750279999,25508.633490,343,12130.1,9525.230430,0
1790750280000,0.78430,0.78510,0.78230,0.78290,119855.7,1790750339999,93870.133480,808,24338.7,19076.800970,0
1790750340000,0.78300,0.78310,0.78140,0.78260,81866.8,1790750399999,64033.131230,583,31754.7,24835.643070,0
1790750400000,0.78260,0.78470,0.78210,0.78390,54250.4,1790750459999,42530.704090,667,42111.9,33017.242010,0
1790750460000,0.78380,0.78430,0.78240,0.78290,23539.9,1790750519999,18440.086350,399,14189.1,11115.197920,0
1790750520000,0.78290,0.78490,0.78280,0.78490,50633.8,1790750579999,39678.634130,385,37273.0,29212.346370,0
1790750580000,0.78490,0.78560,0.78400,0.78410,33136.2,1790750639999,26000.908610,351,12173.5,9553.048040,0
1790750640000,0.78410,0.78580,0.78390,0.78470,46709.5,1790750699999,36669.710480,474,30470.2,23920.792910,0
1790750700000,0.78460,0.78460,0.78260,0.78420,48149.3,1790750759999,37731.266930,519,25225.7,19773.275220,0
1790750760000,0.78420,0.78420,0.78260,0.78290,18002.2,1790750819999,14103.187270,203,2469.1,1934.869760,0
1790750820000,0.78280,0.78310,0.78070,0.78120,41158.1,1790750879999,32172.218280,439,4470.4,3495.614590,0
1790750880000,0.78120,0.78140,0.78060,0.78080,38920.6,1790750939999,30398.358340,292,10756.6,8400.651360,0
1790750940000,0.78090,0.78200,0.78080,0.78160,35385.7,1790750999999,27647.926230,394,18606.4,14538.143340,0
1790751000000,0.78160,0.78280,0.78150,0.78150,37866.4,1790751059999,29625.747190,398,22910.8,17925.346510,0
1790751060000,0.78160,0.78220,0.78060,0.78200,35991.5,1790751119999,28119.685640,413,9710.3,7588.288650,0
1790751120000,0.78210,0.78290,0.78110,0.78210,83106.7,1790751179999,64970.060910,418,19649.4,15374.590100,0
1790751180000,0.78200,0.78260,0.78170,0.78230,15286.5,1790751239999,11956.928330,234,12379.5,9682.704770,0
1790751240000,0.78230,0.78290,0.78200,0.78270,19655.0,1790751299999,15376.877110,231,14398.4,11265.261170,0
1790751300000,0.78280,0.78610,0.78280,0.78600,90373.0,1790751359999,70894.583910,491,69546.6,54542.951450,0
1790751360000,0.78600,0.78600,0.78280,0.78300,40636.1,1790751419999,31888.090580,451,12183.8,9556.041680,0
1790751420000,0.78300,0.78320,0.78220,0.78310,16522.7,1790751479999,12931.807600,204,9196.3,7197.954440,0
1790751480000,0.78320,0.78390,0.78310,0.78310,12934.9,1790751539999,10134.449440,201,9652.8,7563.723170,0
1790751540000,0.78310,0.78320,0.78170,0.78170,35164.5,1790751599999,27512.684620,317,12891.8,10086.771570,0
1790751600000,0.78170,0.78210,0.78050,0.78080,93009.7,1790751659999,72665.335840,473,27002.3,21094.840880,0
1790751660000,0.78080,0.78330,0.78080,0.78240,56185.4,1790751719999,43934.342980,568,24281.5,18997.353370,0
1790751720000,0.78240,0.78470,0.78230,0.78380,44815.7,1790751779999,35122.378090,544,32655.1,25591.483010,0
1790751780000,0.78380,0.78500,0.78360,0.78360,20507.1,1790751839999,16083.927350,350,10019.8,7859.066480,0
1790751840000,0.78370,0.78430,0.78300,0.78310,25589.4,1790751899999,20052.729640,278,9891.8,7751.884490,0
1790751900000,0.78320,0.78320,0.78220,0.78230,21563.0,1790751959999,16876.658470,287,6390.8,5001.575570,0
1790751960000,0.78230,0.78240,0.78010,0.78160,47383.5,1790752019999,37001.441370,583,20199.3,15776.688670,0
1790752020000,0.78160,0.78260,0.78050,0.78190,55022.3,1790752079999,43009.380980,464,31356.5,24518.945550,0
1790752080000,0.78190,0.78270,0.78110,0.78140,27777.0,1790752139999,21717.643660,312,17183.3,13438.520470,0
1790752140000,0.78130,0.78140,0.78010,0.78130,30169.4,1790752199999,23550.765050,329,14439.2,11270.850290,0
1790752200000,0.78130,0.78170,0.78080,0.78090,21910.8,1790752259999,17118.776940,334,6961.0,5439.109170,0
1790752260000,0.78080,0.78110,0.77890,0.77910,124285.4,1790752319999,96900.401090,664,41508.6,32374.230730,0
1790752320000,0.77920,0.77950,0.77830,0.77910,69872.4,1790752379999,54427.944320,489,23981.3,18681.989580,0
1790752380000,0.77920,0.77960,0.77880,0.77950,16577.4,1790752439999,12916.954710,252,8974.3,6992.797290,0
1790752440000,0.77940,0.78000,0.77910,0.77920,17900.0,1790752499999,13954.828540,218,10594.3,8259.440370,0
1790752500000,0.77920,0.78030,0.77870,0.78010,44325.1,1790752559999,34558.136010,306,32641.1,25445.591400,0
1790752560000,0.77980,0.78040,0.77950,0.78030,19343.4,1790752619999,15084.600200,217,12267.1,9566.565490,0
1790752620000,0.78030,0.78090,0.77960,0.78080,29403.7,1790752679999,22948.154110,275,25066.6,19564.030750,0
1790752680000,0.78080,0.78310,0.78070,0.78310,11072.9,1790752739999,8660.320650,273,5184.7,4054.081320,0
1790752740000,0.78320,0.78530,0.78320,0.78530,47799.4,1790752799999,37473.929880,347,40165.1,31486.542140,0
1790752800000,0.78530,0.78690,0.78440,0.78480,41103.7,1790752859999,32282.838990,483,20787.7,16324.656800,0
1790752860000,0.78480,0.78480,0.78370,0.78440,21542.1,1790752919999,16891.965710,283,9972.6,7820.202690,0
1790752920000,0.78440,0.78600,0.78370,0.78390,36025.6,1790752979999,28269.639170,343,16489.2,12942.552800,0
1790752980000,0.78380,0.78530,0.78360,0.78530,21102.0,1790753039999,16553.784310,198,11978.2,9398.186430,0
1790753040000,0.78530,0.78710,0.78530,0.78620,71922.9,1790753099999,56553.774420,529,52353.0,41162.773660,0
1790753100000,0.78620,0.78680,0.78510,0.78650,32004.2,1790753159999,25162.238970,358,9257.3,7277.659880,0
1790753160000,0.78660,0.78720,0.78460,0.78490,23444.5,1790753219999,18439.530800,298,13209.0,10390.756410,0
1790753220000,0.78490,0.78510,0.78410,0.78430,40906.4,1790753279999,32089.686570,306,14993.1,11762.109920,0
1790753280000,0.78420,0.78450,0.78350,0.78350,10526.7,1790753339999,8253.769040,172,5375.0,4214.776670,0
1790753340000,0.78340,0.78380,0.78230,0.78370,12013.3,1790753399999,9406.390400,219,8062.4,6312.587670,0
1790753400000,0.78370,0.78410,0.78240,0.78410,11193.1,1790753459999,8769.427960,275,5123.7,4014.498640,0
1790753460000,0.78400,0.78400,0.78240,0.78310,13635.9,1790753519999,10684.253900,272,5992.2,4694.356940,0
1790753520000,0.78320,0.78360,0.78210,0.78220,7412.1,1790753579999,5803.174390,226,1719.2,1346.052910,0
1790753580000,0.78210,0.78380,0.78170,0.78310,14974.3,1790753639999,11719.676380,287,6780.6,5308.491630,0
1790753640000,0.78320,0.78360,0.78190,0.78270,41825.7,1790753699999,32725.677500,287,7489.5,5864.988750,0
1790753700000,0.78280,0.78570,0.78280,0.78570,15207.9,1790753759999,11922.091610,310,10030.2,7862.236640,0
1790753760000,0.78560,0.78780,0.78560,0.78780,45028.1,1790753819999,35441.723490,535,31541.2,24830.102710,0
1790753820000,0.78770,0.78770,0.78560,0.78560,16631.9,1790753879999,13080.144230,242,10612.2,8346.676670,0
1790753880000,0.78560,0.78570,0.78450,0.78550,101274.9,1790753939999,79535.305770,397,28487.1,22371.761630,0
1790753940000,0.78550,0.78700,0.78550,0.78640,6875.3,1790753999999,5404.327290,208,5195.3,4083.479010,0
1790754000000,0.78630,0.78690,0.78570,0.78630,13909.2,1790754059999,10937.757440,228,6878.5,5408.946840,0
1790754060000,0.78620,0.78650,0.78560,0.78570,8938.1,1790754119999,7026.958520,156,2568.2,2019.142290,0
1790754120000,0.78560,0.78640,0.78540,0.78580,10837.5,1790754179999,8516.956260,218,8971.0,7050.095060,0
1790754180000,0.78570,0.78690,0.78560,0.78690,22800.9,1790754239999,17929.750550,202,17814.9,14007.593970,0
1790754240000,0.78690,0.78780,0.78680,0.78750,36402.2,1790754299999,28661.563070,259,27158.0,21384.198350,0
1790754300000,0.78750,0.78800,0.78690,0.78750,21238.2,1790754359999,16729.573870,282,10440.9,8224.569330,0
1790754360000,0.78750,0.78780,0.78600,0.78620,32195.7,1790754419999,25335.657060,283,12926.8,10169.120260,0
1790754420000,0.78640,0.78690,0.78590,0.78660,78818.0,1790754479999,61987.118940,369,33839.2,26616.200940,0
1790754480000,0.78650,0.78720,0.78630,0.78680,21359.2,1790754539999,16806.427590,240,14187.5,11163.092270,0
1790754540000,0.78670,0.78770,0.78660,0.78770,12045.4,1790754599999,9483.237160,190,7969.2,6274.130580,0
1790754600000,0.78770,0.78800,0.78700,0.78800,14251.8,1790754659999,11222.576370,214,9875.5,7776.132210,0
1790754660000,0.78790,0.78870,0.78720,0.78750,35408.1,1790754719999,27897.422720,340,11863.1,9349.901390,0
1790754720000,0.78760,0.78780,0.78720,0.78730,43641.8,1790754779999,34363.638660,211,21436.2,16881.836980,0
1790754780000,0.78750,0.78770,0.78660,0.78680,13390.1,1790754839999,10537.646580,157,8308.2,6537.515850,0
1790754840000,0.78690,0.78750,0.78620,0.78660,77823.7,1790754899999,61251.971440,296,37912.3,29845.627620,0
1790754900000,0.78660,0.78720,0.78550,0.78550,34563.5,1790754959999,27185.251200,225,10844.2,8530.193170,0
1790754960000,0.78550,0.78590,0.78450,0.78460,50646.6,1790755019999,39782.385340,292,33327.0,26182.993570,0
1790755020000,0.78460,0.78510,0.78460,0.78510,6822.0,1790755079999,5354.554690,113,3972.5,3117.936510,0
1790755080000,0.78510,0.78550,0.78510,0.78530,7425.6,1790755139999,5831.779830,86,2446.1,1921.071010,0
1790755140000,0.78540,0.78620,0.78520,0.78610,87982.5,1790755199999,69130.577570,361,73351.9,57635.244770,0
1790755200000,0.78600,0.78650,0.78560,0.78620,42097.9,1790755259999,33084.683320,244,10103.5,7941.039520,0
1790755260000,0.78620,0.78620,0.78380,0.78480,268396.4,1790755319999,210648.919930,1100,66128.7,51924.411170,0
1790755320000,0.78480,0.78480,0.78310,0.78390,52661.8,1790755379999,41267.543320,417,31898.6,24997.230570,0
1790755380000,0.78380,0.78670,0.78360,0.78650,29702.0,1790755439999,23313.224440,425,19355.0,15191.017810,0
1790755440000,0.78650,0.78670,0.78390,0.78560,42165.0,1790755499999,33114.349500,473,13853.9,10878.000730,0
1790755500000,0.78550,0.78590,0.78430,0.78430,26459.1,1790755559999,20769.424150,367,9412.9,7388.773890,0
1790755560000,0.78430,0.78480,0.78330,0.78370,25732.0,1790755619999,20178.451020,374,6179.7,4846.694220,0
1790755620000,0.78370,0.78390,0.78260,0.78270,11816.2,1790755679999,9252.290720,176,6051.0,4737.612280,0
1790755680000,0.78270,0.78280,0.78160,0.78200,18469.8,1790755739999,14444.794300,306,4282.3,3349.570480,0
1790755740000,0.78190,0.78220,0.78100,0.78130,17493.4,1790755799999,13673.383520,263,4802.6,3754.589780,0
1790755800000,0.78130,0.78250,0.78120,0.78210,12792.6,1790755859999,10001.093400,188,7611.8,5950.449640,0
1790755860000,0.78210,0.78220,0.78140,0.78210,18189.5,1790755919999,14220.862260,232,11117.5,8692.390180,0
1790755920000,0.78200,0.78340,0.78190,0.78230,21348.3,1790755979999,16708.316250,260,12427.0,9724.738760,0
1790755980000,0.78230,0.78250,0.78190,0.78220,8913.2,1790756039999,6970.811780,153,5831.8,4560.688130,0
1790756040000,0.78210,0.78280,0.78190,0.78280,5372.3,1790756099999,4202.917250,153,3018.6,2361.353170,0
1790756100000,0.78270,0.78430,0.78180,0.78430,19950.6,1790756159999,15625.612320,238,15772.9,12357.610880,0
1790756160000,0.78410,0.78610,0.78410,0.78590,21572.3,1790756219999,16943.478260,344,9727.7,7639.558720,0
1790756220000,0.78590,0.78640,0.78520,0.78600,33170.4,1790756279999,26074.543890,351,27824.5,21873.566960,0
1790756280000,0.78600,0.78810,0.78600,0.78810,13359.0,1790756339999,10513.180080,263,8739.1,6879.744580,0
1790756340000,0.78820,0.78920,0.78600,0.78640,32902.0,1790756399999,25928.569160,437,14796.2,11667.732960,0
1790756400000,0.78620,0.78830,0.78560,0.78830,29874.5,1790756459999,23503.178130,337,19527.8,15361.241790,0
1790756460000,0.78810,0.78980,0.78790,0.78980,28968.5,1790756519999,22851.790420,400,19345.4,15260.337600,0
1790756520000,0.78980,0.79080,0.78960,0.78960,33212.7,1790756579999,26242.354190,370,20003.5,15807.149180,0
1790756580000,0.78960,0.78960,0.78880,0.78890,10960.1,1790756639999,8650.192010,154,4181.0,3299.783090,0
1790756640000,0.78890,0.78900,0.78680,0.78890,49236.5,1790756699999,38805.368220,414,8413.0,6627.919090,0
1790756700000,0.78890,0.78930,0.78810,0.78830,10598.5,1790756759999,8359.187310,237,3774.0,2977.376520,0
1790756760000,0.78830,0.79210,0.78780,0.79070,275735.4,1790756819999,218063.211000,807,252223.2,199470.962810,0
1790756820000,0.79070,0.79080,0.78850,0.79020,22926.9,1790756879999,18104.347420,314,2498.4,1973.077860,0
1790756880000,0.79020,0.79020,0.78880,0.78960,10653.4,1790756939999,8410.832260,232,5382.6,4249.656020,0
1790756940000,0.78960,0.78960,0.78780,0.78790,24857.1,1790756999999,19591.491950,250,13350.8,10520.360170,0
1790757000000,0.78790,0.78790,0.78570,0.78600,35143.9,1790757059999,27664.452030,343,6884.5,5419.774860,0
1790757060000,0.78590,0.78590,0.78480,0.78530,26214.3,1790757119999,20589.283690,270,8465.4,6647.624700,0
1790757120000,0.78530,0.78630,0.78500,0.78580,16097.9,1790757179999,12648.849200,234,7776.8,6109.944670,0
1790757180000,0.78570,0.78600,0.78480,0.78500,21511.5,1790757239999,16896.273280,294,9829.5,7721.678270,0
1790757240000,0.78490,0.78680,0.78490,0.78530,18735.3,1790757299999,14726.313630,283,8124.9,6384.883990,0
1790757300000,0.78520,0.78550,0.78410,0.78480,21177.1,1790757359999,16618.045910,277,4944.5,3880.234230,0
1790757360000,0.78480,0.78540,0.78440,0.78450,11311.5,1790757419999,8878.019000,202,3814.5,2994.394100,0
1790757420000,0.78460,0.78520,0.78380,0.78500,20415.8,1790757479999,16016.827950,252,7915.3,6210.735340,0
1790757480000,0.78480,0.78660,0.78470,0.78650,11963.7,1790757539999,9403.411270,217,5762.4,4528.473360,0
1790757540000,0.78660,0.78670,0.78570,0.78640,18939.8,1790757599999,14889.493580,172,1678.3,1319.344350,0
1790757600000,0.78640,0.78730,0.78620,0.78730,45417.4,1790757659999,35729.478460,251,21273.9,16739.622090,0
1790757660000,0.78720,0.78720,0.78530,0.78630,202591.0,1790757719999,159311.397120,379,8985.6,7062.612850,0
1790757720000,0.78610,0.78630,0.78530,0.78560,15763.0,1790757779999,12385.515880,156,3836.8,3014.296920,0
1790757780000,0.78570,0.78580,0.78490,0.78490,7961.5,1790757839999,6253.498200,153,3237.8,2543.492510,0
1790757840000,0.78490,0.78550,0.78460,0.78540,14456.3,1790757899999,11350.093150,184,6098.6,4787.779840,0
1790757900000,0.78530,0.78640,0.78520,0.78540,62238.8,1790757959999,48917.406170,332,12170.0,9563.531030,0
1790757960000,0.78540,0.78770,0.78540,0.78770,27473.9,1790758019999,21605.898810,304,22924.2,18028.732840,0
1790758020000,0.78770,0.78920,0.78770,0.78880,28291.6,1790758079999,22307.037220,307,20076.1,15827.479700,0
1790758080000,0.78880,0.79140,0.78880,0.79100,51127.1,1790758139999,40416.045140,414,39723.7,31398.081610,0
1790758140000,0.79110,0.79180,0.79100,0.79180,40287.5,1790758199999,31890.752600,271,12557.3,9939.040510,0
1790758200000,0.79190,0.79340,0.79160,0.79300,41802.2,1790758259999,33131.302580,461,30289.1,24003.970400,0
1790758260000,0.79290,0.79400,0.79180,0.79270,130784.8,1790758319999,103706.931760,891,55902.8,44328.967570,0
1790758320000,0.79280,0.79370,0.79190,0.79240,184742.0,1790758379999,146471.847110,479,144683.3,114722.277270,0
1790758380000,0.79240,0.79320,0.79090,0.79200,120946.1,1790758439999,95841.828030,547,95033.0,75314.460970,0
1790758440000,0.79200,0.79220,0.79110,0.79180,19768.5,1790758499999,15650.706450,234,7179.2,5683.639490,0
1790758500000,0.79170,0.79230,0.79090,0.79210,18937.5,1790758559999,14990.572150,261,13844.1,10958.911660,0
1790758560000,0.79210,0.79270,0.79200,0.79260,15053.4,1790758619999,11928.987880,229,8341.4,6609.817270,0
1790758620000,0.79260,0.79260,0.79150,0.79190,25260.4,1790758679999,20012.006290,331,16550.4,13111.449690,0
1790758680000,0.79190,0.79340,0.79160,0.79280,20169.2,1790758739999,15986.936050,268,14674.5,11630.406700,0
1790758740000,0.79280,0.79280,0.79140,0.79220,23319.3,1790758799999,18466.934710,360,14548.3,11520.279030,0
1790758800000,0.79220,0.79300,0.79150,0.79290,114112.9,1790758859999,90390.065400,431,24715.3,19580.771850,0
1790758860000,0.79290,0.79420,0.79280,0.79370,66206.4,1790758919999,52530.741760,372,17639.2,13999.522020,0
1790758920000,0.79360,0.79450,0.79300,0.79420,81627.7,1790758979999,64812.532260,537,36095.0,28656.285100,0
1790758980000,0.79410,0.79580,0.79400,0.79520,86303.3,1790759039999,68570.091320,370,72487.5,57587.594440,0
1790759040000,0.79530,0.79620,0.79460,0.79610,40211.6,1790759099999,31986.074030,275,17475.3,13899.602440,0
1790759100000,0.79600,0.79730,0.79530,0.79700,70456.4,1790759159999,56128.462140,454,44921.3,35786.874020,0
1790759160000,0.79710,0.79790,0.79640,0.79680,131910.5,1790759219999,105145.981500,627,21240.3,16934.838740,0
1790759220000,0.79670,0.79690,0.79490,0.79540,39989.7,1790759279999,31818.294500,403,8235.6,6555.741270,0
1790759280000,0.79540,0.79670,0.79450,0.79470,40809.5,1790759339999,32471.197060,524,17338.3,13799.025830,0
1790759340000,0.79480,0.79820,0.79400,0.79740,329654.2,1790759399999,262473.589990,1304,260861.1,207755.687930,0
1790759400000,0.79740,0.79750,0.79660,0.79660,49581.2,1790759459999,39524.358300,441,13148.7,10482.851850,0
1790759460000,0.79660,0.79750,0.79570,0.79620,46736.4,1790759519999,37229.115980,371,11700.6,9319.714090,0
1790759520000,0.79630,0.79670,0.79520,0.79550,11547.7,1790759579999,9194.025770,277,4504.5,3586.359400,0
1790759580000,0.79550,0.79680,0.79550,0.79670,17531.0,1790759639999,13954.993090,270,13743.3,10940.367910,0
1790759640000,0.79660,0.79810,0.79660,0.79760,45686.0,1790759699999,36441.975260,282,30187.0,24076.313740,0
1790759700000,0.79760,0.79800,0.79700,0.79780,11413.1,1790759759999,9102.197460,177,3630.6,2895.190460,0
1790759760000,0.79780,0.79830,0.79760,0.79770,16852.4,1790759819999,13446.060950,187,9084.8,7248.822730,0
1790759820000,0.79770,0.79820,0.79700,0.79740,49827.4,1790759879999,39741.393480,295,25636.5,20449.101390,0
1790759880000,0.79740,0.79820,0.79700,0.79820,14110.4,1790759939999,11254.065430,192,10802.6,8616.730740,0
1790759940000,0.79820,0.79860,0.79750,0.79770,50434.4,1790759999999,40257.319250,291,20894.6,16681.062760,0
1790760000000,0.79770,0.79830,0.79720,0.79800,17154.9,1790760059999,13686.879800,212,14142.1,11283.644730,0
1790760060000,0.79800,0.79900,0.79780,0.79870,19605.2,1790760119999,15651.573560,224,12224.8,9760.249480,0
1790760120000,0.79860,0.79860,0.79730,0.79780,23712.0,1790760179999,18920.765770,257,5174.9,4128.511480,0
1790760180000,0.79780,0.79850,0.79760,0.79820,23640.2,1790760239999,18870.610010,231,7458.3,5952.953560,0
1790760240000,0.79810,0.79970,0.79780,0.79930,18758.1,1790760299999,14980.228060,280,11993.8,9579.511250,0
1790760300000,0.79940,0.80100,0.79840,0.79910,57977.6,1790760359999,46377.648520,472,27261.2,21811.928550,0
1790760360000,0.79910,0.79930,0.79860,0.79910,21395.5,1790760419999,17094.652100,211,9453.6,7554.279550,0
1790760420000,0.79900,0.80060,0.79900,0.80060,26103.8,1790760479999,20878.491820,211,12619.4,10094.400470,0
1790760480000,0.80060,0.80100,0.80040,0.80060,18758.4,1790760539999,15021.093650,159,3649.2,2922.510930,0
1790760540000,0.80050,0.80070,0.79990,0.80070,17040.1,1790760599999,13635.628490,218,6368.0,5096.220290,0
1790760600000,0.80070,0.80290,0.80050,0.80110,86928.8,1790760659999,69684.581070,685,47422.2,38004.346100,0
1790760660000,0.80120,0.80370,0.80100,0.80310,94071.4,1790760719999,75509.189040,675,60790.3,48801.473060,0
1790760720000,0.80310,0.80730,0.80310,0.80670,146125.8,1790760779999,117691.797890,1269,89197.9,71862.748220,0
1790760780000,0.80670,0.80830,0.80520,0.80700,240650.9,1790760839999,194198.315750,1614,63101.4,50931.330400,0
1790760840000,0.80710,0.80740,0.80610,0.80640,27248.5,1790760899999,21980.646660,325,10945.7,8829.277790,0
1790760900000,0.80630,0.80710,0.80470,0.80690,50292.7,1790760959999,40533.997850,426,18785.2,15144.784730,0
1790760960000,0.80690,0.80750,0.80630,0.80660,66159.4,1790761019999,53375.356470,412,12009.2,9689.382290,0
1790761020000,0.80670,0.80680,0.80540,0.80560,21981.3,1790761079999,17717.399490,319,10331.1,8326.792140,0
1790761080000,0.80570,0.80580,0.80490,0.80510,32664.8,1790761139999,26303.794540,310,20576.2,16569.338480,0
1790761140000,0.80510,0.80550,0.80450,0.80480,37027.1,1790761199999,29804.271180,333,14693.6,11827.027100,0
1790761200000,0.80490,0.80500,0.80320,0.80380,110999.7,1790761259999,89235.408550,512,11402.5,9166.293610,0
1790761260000,0.80380,0.80460,0.80360,0.80410,26330.1,1790761319999,21170.042880,249,11091.8,8918.349090,0
1790761320000,0.80420,0.80540,0.80380,0.80510,21003.8,1790761379999,16897.861910,231,9989.2,8038.968640,0
1790761380000,0.80510,0.80520,0.80450,0.80460,22852.0,1790761439999,18394.747100,213,13481.5,10852.667540,0
1790761440000,0.80470,0.80550,0.80460,0.80550,18338.9,1790761499999,14760.967380,184,6846.0,5510.721810,0
1790761500000,0.80550,0.80570,0.80410,0.80410,45739.9,1790761559999,36806.035890,360,8283.9,6667.678790,0
1790761560000,0.80420,0.80610,0.80420,0.80570,26492.4,1790761619999,21337.327540,303,17170.3,13826.417120,0
1790761620000,0.80580,0.80670,0.80550,0.80640,31680.0,1790761679999,25540.462480,303,20832.2,16796.727200,0
1790761680000,0.80640,0.80670,0.80540,0.80650,18719.5,1790761739999,15089.695730,223,6574.0,5299.681890,0
1790761740000,0.80650,0.80650,0.80560,0.80610,28343.0,1790761799999,22847.188440,216,11629.9,9372.216940,0
1790761800000,0.80610,0.80650,0.80570,0.80580,24065.4,1790761859999,19398.174800,225,11473.9,9249.165060,0
1790761860000,0.80580,0.80700,0.80570,0.80610,17005.2,1790761919999,13714.157150,211,8116.3,6544.746380,0
1790761920000,0.80600,0.80600,0.80340,0.80410,130461.2,1790761979999,104954.874840,577,15070.7,12130.835000,0
1790761980000,0.80410,0.80410,0.80260,0.80290,95429.0,1790762039999,76630.081160,468,39846.5,31996.747180,0
1790762040000,0.80290,0.80420,0.80280,0.80310,29752.5,1790762099999,23905.319130,288,20328.2,16332.866050,0
1790762100000,0.80310,0.80400,0.80300,0.80350,22978.6,1790762159999,18461.829550,191,7258.2,5830.780110,0
1790762160000,0.80340,0.80340,0.80230,0.80230,21978.6,1790762219999,17649.607670,231,9034.5,7255.449770,0
1790762220000,0.80240,0.80370,0.80230,0.80250,29970.6,1790762279999,24069.246280,221,13871.5,11141.110550,0
1790762280000,0.80250,0.80330,0.80190,0.80280,46708.4,1790762339999,37496.361110,339,39562.0,31760.888120,0
1790762340000,0.80270,0.80310,0.80210,0.80260,47674.6,1790762399999,38260.813140,263,19661.8,15786.844450,0
1790762400000,0.80260,0.80460,0.80250,0.80370,50856.2,1790762459999,40863.598020,523,35608.1,28610.311520,0
1790762460000,0.80380,0.80470,0.80290,0.80290,30448.2,1790762519999,24482.833330,350,5921.6,4762.521530,0
1790762520000,0.80300,0.80300,0.80160,0.80220,74382.8,1790762579999,59667.401660,550,38125.7,30583.738710,0
1790762580000,0.80230,0.80240,0.80110,0.80110,13772.6,1790762639999,11041.558340,260,5155.8,4133.696510,0
1790762640000,0.80120,0.80230,0.80110,0.80180,21311.4,1790762699999,17083.346820,259,7022.8,5630.022070,0
1790762700000,0.80190,0.80350,0.80180,0.80330,66702.8,1790762759999,53542.964520,436,50244.1,40335.518360,0
1790762760000,0.80340,0.80340,0.80180,0.80180,16305.6,1790762819999,13088.069240,191,2040.0,1637.013680,0
1790762820000,0.80180,0.80200,0.80120,0.80130,10788.2,1790762879999,8646.273460,214,6650.5,5329.487760,0
1790762880000,0.80130,0.80130,0.80000,0.80010,20782.3,1790762939999,16637.703900,222,750.8,601.455390,0
1790762940000,0.80020,0.80020,0.79880,0.79900,38866.3,1790762999999,31066.281990,347,11197.8,8950.047470,0
1790763000000,0.79900,0.79900,0.79810,0.79840,40544.1,1790763059999,32372.194820,298,20465.0,16339.987850,0
1790763060000,0.79820,0.79960,0.79800,0.79900,40970.3,1790763119999,32726.837230,365,34700.3,27717.199380,0
1790763120000,0.79900,0.79920,0.79820,0.79830,12170.1,1790763179999,9718.449910,199,5529.9,4416.751660,0
1790763180000,0.79830,0.79870,0.79760,0.79800,36520.2,1790763239999,29157.571580,235,5791.5,4622.601720,0
1790763240000,0.79800,0.79890,0.79770,0.79770,46860.3,1790763299999,37403.874800,293,29654.9,23673.087430,0
1790763300000,0.79770,0.79850,0.79720,0.79820,47320.5,1790763359999,37756.628040,515,24335.9,19422.901660,0
1790763360000,0.79810,0.79910,0.79800,0.79880,13342.2,1790763419999,10652.792420,244,8229.7,6570.602810,0
1790763420000,0.79880,0.79950,0.79820,0.79850,12389.8,1790763479999,9898.823510,198,4066.8,3249.308180,0
1790763480000,0.79850,0.79890,0.79780,0.79800,11285.2,1790763539999,9009.539880,201,7065.4,5640.209270,0
1790763540000,0.79800,0.79990,0.79800,0.79900,11513.7,1790763599999,9200.855010,243,5883.3,4701.163710,0
1790763600000,0.79900,0.80140,0.79900,0.80120,16726.5,1790763659999,13387.161060,299,14217.4,11380.103310,0
1790763660000,0.80120,0.80310,0.80100,0.80240,25435.2,1790763719999,20394.274190,337,17113.5,13722.192700,0
1790763720000,0.80230,0.80230,0.79940,0.79970,26472.4,1790763779999,21196.897290,318,2536.8,2030.605350,0
1790763780000,0.79980,0.80060,0.79970,0.79970,24181.3,1790763839999,19347.446060,306,18460.1,14769.724530,0
1790763840000,0.79960,0.80000,0.79890,0.79970,14926.6,1790763899999,11933.736280,286,7578.0,6058.972140,0
1790763900000,0.79960,0.80060,0.79910,0.80020,16955.5,1790763959999,13562.720840,289,11811.4,9448.066010,0
1790763960000,0.80010,0.80130,0.80000,0.80080,59195.8,1790764019999,47405.409630,381,18177.2,14555.155940,0
1790764020000,0.80080,0.80130,0.79880,0.79910,80390.1,1790764079999,64311.389120,557,17765.9,14215.813670,0
1790764080000,0.79890,0.79920,0.79820,0.79840,46615.0,1790764139999,37228.510620,312,23556.9,18816.732030,0
1790764140000,0.79840,0.79890,0.79840,0.79840,19943.3,1790764199999,15926.238090,200,14437.0,11528.821860,0
1790764200000,0.79840,0.79980,0.79840,0.79980,21007.6,1790764259999,16785.013460,264,15433.6,12330.830640,0
1790764260000,0.79990,0.80250,0.79990,0.80240,49249.1,1790764319999,39469.361810,480,44298.9,35501.653080,0
1790764320000,0.80240,0.80310,0.80060,0.80190,86069.4,1790764379999,69023.685860,561,34895.0,27997.423510,0
1790764380000,0.80180,0.80220,0.80130,0.80130,26414.8,1790764439999,21176.706510,231,13478.3,10806.372700,0
1790764440000,0.80130,0.80170,0.80040,0.80170,21795.2,1790764499999,17456.110130,269,10816.0,8662.597560,0
1790764500000,0.80160,0.80430,0.80160,0.80400,92330.6,1790764559999,74113.280310,557,70768.2,56808.482090,0
1790764560000,0.80400,0.80510,0.80340,0.80400,25776.7,1790764619999,20735.010990,271,9927.4,7983.696980,0
1790764620000,0.80400,0.80420,0.80350,0.80410,9747.6,1790764679999,7836.169730,165,5070.8,4076.129350,0
1790764680000,0.80400,0.80430,0.80310,0.80310,10610.0,1790764739999,8528.375440,169,6841.6,5500.124790,0
1790764740000,0.80300,0.80330,0.80170,0.80230,195085.7,1790764799999,156559.227910,378,11963.5,9600.950080,0
1790764800000,0.80220,0.80280,0.80140,0.80280,28239.2,1790764859999,22647.626240,287,9299.6,7460.384920,0
1790764860000,0.80280,0.80370,0.80220,0.80330,29087.1,1790764919999,23361.217310,272,26496.0,21281.574470,0
1790764920000,0.80330,0.80350,0.80240,0.80250,24351.5,1790764979999,19555.137850,259,8868.2,7122.757420,0
1790764980000,0.80240,0.80290,0.80220,0.80290,6820.5,1790765039999,5473.866250,140,2904.7,2331.271410,0
1790765040000,0.80290,0.80320,0.80230,0.80270,9423.3,1790765099999,7565.711240,161,4964.9,3986.274890,0
1790765100000,0.80270,0.80290,0.80170,0.80190,12146.0,1790765159999,9747.482790,172,6138.7,4927.167640,0
1790765160000,0.80190,0.80220,0.80100,0.80140,36695.0,1790765219999,29403.142330,293,8094.2,6487.732800,0
1790765220000,0.80130,0.80180,0.80100,0.80160,25787.0,1790765279999,20660.673390,213,10066.1,8065.522270,0
1790765280000,0.80160,0.80190,0.79940,0.79940,267218.0,1790765339999,213811.314370,451,13753.8,11012.400370,0
1790765340000,0.79950,0.80030,0.79940,0.79950,55968.7,1790765399999,44764.789590,325,18152.6,14517.701440,0
1790765400000,0.79950,0.80110,0.79950,0.80080,23158.0,1790765459999,18539.172970,279,20038.7,16041.966240,0
1790765460000,0.80090,0.80130,0.80070,0.80080,9821.6,1790765519999,7866.431210,152,5171.7,4142.523790,0
1790765520000,0.80080,0.80270,0.80080,0.80230,26600.0,1790765579999,21339.012330,264,21833.0,17514.795330,0
1790765580000,0.80220,0.80230,0.80130,0.80130,13863.5,1790765639999,11118.038830,162,7851.4,6297.462770,0
1790765640000,0.80140,0.80280,0.80140,0.80280,12679.4,1790765699999,10169.833640,186,8527.2,6839.969260,0
1790765700000,0.80280,0.80300,0.80170,0.80230,43776.8,1790765759999,35127.651280,308,29054.3,23317.207830,0
1790765760000,0.80220,0.80220,0.80070,0.80170,27126.6,1790765819999,21741.633220,294,11931.8,9563.239200,0
1790765820000,0.80160,0.80250,0.80140,0.80220,7173.4,1790765879999,5754.166120,152,3163.6,2537.439640,0
1790765880000,0.80220,0.80220,0.80140,0.80150,11342.8,1790765939999,9095.274780,142,3923.8,3146.266030,0
1790765940000,0.80140,0.80150,0.80090,0.80130,5511.0,1790765999999,4416.048850,80,1800.4,1442.484100,0
1790766000000,0.80130,0.80130,0.79820,0.79820,87368.3,1790766059999,69791.645600,401,5407.1,4318.877320,0
1790766060000,0.79810,0.79820,0.79600,0.79670,54327.5,1790766119999,43292.074650,433,15447.5,12309.803860,0
1790766120000,0.79680,0.79770,0.79530,0.79540,71471.3,1790766179999,56929.622490,534,24813.5,19769.110250,0
1790766180000,0.79540,0.79810,0.79540,0.79790,47611.8,1790766239999,37941.921930,475,42457.6,33835.210650,0
1790766240000,0.79780,0.79840,0.79680,0.79710,39661.8,1790766299999,31634.193590,353,16378.3,13062.458390,0
1790766300000,0.79740,0.79850,0.79730,0.79730,13169.7,1790766359999,10507.276800,239,9559.4,7626.309250,0
1790766360000,0.79730,0.79730,0.79550,0.79560,22704.3,1790766419999,18080.284760,213,2596.1,2067.269870,0
1790766420000,0.79560,0.79600,0.79460,0.79540,28375.0,1790766479999,22567.853360,353,13146.5,10458.925450,0
1790766480000,0.79550,0.79810,0.79550,0.79690,56127.0,1790766539999,44740.403310,470,39176.4,31227.145870,0
1790766540000,0.79690,0.79760,0.79530,0.79530,18438.2,1790766599999,14689.161310,310,6655.1,5303.786100,0
1790766600000,0.79540,0.79590,0.79470,0.79490,15243.4,1790766659999,12124.680030,249,8679.6,6904.276630,0
1790766660000,0.79490,0.79600,0.79470,0.79530,20827.8,1790766719999,16566.856070,274,16734.9,13311.003450,0
1790766720000,0.79560,0.79820,0.79560,0.79820,15881.6,1790766779999,12654.045800,283,13613.2,10847.122920,0
1790766780000,0.79820,0.79920,0.79810,0.79890,37054.3,1790766839999,29595.559150,325,32115.8,25651.837910,0
1790766840000,0.79890,0.79930,0.79740,0.79810,16545.2,1790766899999,13210.328010,252,4511.1,3600.237480,0
1790766900000,0.79810,0.79870,0.79770,0.79810,23673.5,1790766959999,18894.206710,206,7610.0,6073.893450,0
1790766960000,0.79810,0.79830,0.79740,0.79780,164040.6,1790767019999,130906.838580,339,10255.6,8183.816270,0
1790767020000,0.79790,0.79800,0.79660,0.79730,40832.7,1790767079999,32554.358070,332,4674.4,3726.499820,0
1790767080000,0.79720,0.79820,0.79700,0.79820,10385.8,1790767139999,8282.541340,171,5417.5,4321.469060,0
1790767140000,0.79830,0.79860,0.79620,0.79620,23362.4,1790767199999,18641.393480,299,9417.4,7515.007960,0
1790767200000,0.79630,0.79670,0.79590,0.79640,13188.0,1790767259999,10502.697170,181,8088.8,6442.312080,0
1790767260000,0.79650,0.79760,0.79640,0.79690,9021.9,1790767319999,7192.000360,212,5061.4,4034.629550,0
1790767320000,0.79700,0.79850,0.79700,0.79840,5574.6,1790767379999,4447.021740,208,4156.7,3315.906740,0
1790767380000,0.79840,0.80250,0.79840,0.80210,96896.6,1790767439999,77674.843250,559,84597.6,67826.491570,0
1790767440000,0.80200,0.80220,0.79960,0.80000,52366.1,1790767499999,41947.466800,457,6055.6,4849.346470,0
1790767500000,0.79990,0.80060,0.79940,0.79980,14924.7,1790767559999,11937.452670,276,5348.5,4279.247970,0
1790767560000,0.79990,0.80030,0.79960,0.79960,16373.9,1790767619999,13096.309600,117,3165.0,2531.439710,0
1790767620000,0.79960,0.79990,0.79920,0.79980,30263.6,1790767679999,24197.367580,236,3399.4,2718.591790,0
1790767680000,0.79980,0.80130,0.79980,0.80080,54273.2,1790767739999,43459.928180,363,50707.2,40606.606320,0
1790767740000,0.80100,0.80180,0.80100,0.80100,7748.3,1790767799999,6209.274490,167,3998.3,3204.155380,0
1790767800000,0.80120,0.80120,0.79990,0.80050,37928.0,1790767859999,30369.231370,243,25877.5,20721.876890,0
1790767860000,0.80060,0.80110,0.79930,0.79930,29609.0,1790767919999,23694.279130,328,8509.8,6811.943900,0
1790767920000,0.79940,0.79970,0.79910,0.79910,6765.1,1790767979999,5408.190200,161,2584.9,2066.582720,0
1790767980000,0.79910,0.79910,0.79840,0.79840,26546.0,1790768039999,21198.672250,222,11235.0,8971.601680,0
1790768040000,0.79840,0.79960,0.79800,0.79930,36005.1,1790768099999,28750.885700,244,11105.5,8869.305030,0
1790768100000,0.79920,0.79980,0.79890,0.79960,6991.6,1790768159999,5587.167300,167,4788.8,3826.869470,0
1790768160000,0.79960,0.79990,0.79840,0.79990,24380.7,1790768219999,19489.315240,322,16561.0,13239.092300,0
1790768220000,0.80000,0.80080,0.79930,0.80000,42283.6,1790768279999,33828.818130,393,19361.0,15490.087320,0
1790768280000,0.80020,0.80050,0.79940,0.80030,35308.5,1790768339999,28242.961340,278,10383.6,8309.349620,0
1790768340000,0.80030,0.80130,0.80000,0.80130,18179.3,1790768399999,14554.108660,234,13446.6,10765.591520,0
1790768400000,0.80140,0.80250,0.80130,0.80250,18318.1,1790768459999,14686.652420,199,12658.9,10148.004330,0
1790768460000,0.80240,0.80310,0.80190,0.80210,20598.9,1790768519999,16528.865190,296,6594.2,5292.001200,0
1790768520000,0.80210,0.80340,0.80200,0.80300,48867.2,1790768579999,39234.089180,326,46747.5,37532.723540,0
1790768580000,0.80300,0.80520,0.80290,0.80500,71276.6,1790768639999,57327.417490,529,50501.4,40614.599070,0
1790768640000,0.80510,0.80650,0.80510,0.80600,67262.2,1790768699999,54201.670700,409,42716.9,34428.805050,0
1790768700000,0.80600,0.80660,0.80550,0.80640,20957.8,1790768759999,16896.706190,238,8826.8,7115.791300,0
1790768760000,0.80640,0.80720,0.80510,0.80580,78917.5,1790768819999,63615.673770,680,39728.3,32045.482050,0
1790768820000,0.80590,0.80620,0.80370,0.80550,56304.9,1790768879999,45323.567730,528,21856.0,17593.928710,0
1790768880000,0.80570,0.80570,0.80420,0.80420,30045.0,1790768939999,24191.255950,346,19138.3,15411.555320,0
1790768940000,0.80430,0.80570,0.80380,0.80520,16179.8,1790768999999,13017.288540,284,8066.8,6490.968460,0
1790769000000,0.80530,0.80560,0.80410,0.80410,8757.1,1790769059999,7048.216100,169,2992.4,2408.554410,0
1790769060000,0.80410,0.80480,0.80390,0.80460,16110.5,1790769119999,12957.335450,219,7251.7,5832.974220,0
1790769120000,0.80470,0.80530,0.80460,0.80530,14001.1,1790769179999,11271.085320,209,10259.7,8258.922620,0
1790769180000,0.80530,0.80550,0.80500,0.80540,9027.5,1790769239999,7269.805220,124,6853.4,5519.150110,0
1790769240000,0.80540,0.80620,0.80440,0.80620,32895.4,1790769299999,26495.411030,312,27291.7,21985.036430,0
1790769300000,0.80620,0.80620,0.80490,0.80490,29984.4,1790769359999,24150.835630,225,1962.9,1581.797610,0
1790769360000,0.80530,0.80860,0.80520,0.80680,499960.3,1790769419999,403743.371360,1432,219238.1,176936.103140,0
1790769420000,0.80690,0.80740,0.80190,0.80290,545098.5,1790769479999,438535.738170,1756,91850.8,73900.951840,0
1790769480000,0.80280,0.80340,0.80200,0.80320,50326.7,1790769539999,40392.680950,417,13654.7,10965.219560,0
1790769540000,0.80330,0.80490,0.80330,0.80430,29300.9,1790769599999,23565.670600,288,20056.6,16128.231960,0
1790769600000,0.80430,0.80630,0.80430,0.80580,26692.4,1790769659999,21488.224890,351,13712.0,11038.260720,0
1790769660000,0.80580,0.80620,0.80390,0.80560,82839.0,1790769719999,66685.840970,651,74102.6,59657.482850,0
1790769720000,0.80560,0.80680,0.80500,0.80510,44505.3,1790769779999,35854.031760,352,13518.1,10890.265770,0
1790769780000,0.80510,0.80580,0.80400,0.80400,208680.4,1790769839999,168011.278080,325,39650.3,31940.432840,0
1790769840000,0.80400,0.80430,0.80350,0.80390,19090.8,1790769899999,15347.848340,321,9883.3,7945.964220,0
1790769900000,0.80400,0.80440,0.80270,0.80290,27849.1,1790769959999,22371.449590,312,11094.3,8912.254780,0
1790769960000,0.80290,0.80320,0.80210,0.80210,21768.0,1790770019999,17474.608390,288,7010.9,5628.250520,0
1790770020000,0.80200,0.80230,0.80100,0.80160,39472.9,1790770079999,31643.697010,464,11863.8,9509.687030,0
1790770080000,0.80160,0.80270,0.80150,0.80160,27183.4,1790770139999,21801.123050,316,15030.1,12055.242740,0
1790770140000,0.80170,0.80170,0.80070,0.80120,41256.8,1790770199999,33049.730810,305,15749.4,12618.442280,0
1790770200000,0.80110,0.80210,0.80110,0.80200,19048.5,1790770259999,15270.072210,259,9509.1,7622.820270,0
1790770260000,0.80220,0.80340,0.80180,0.80190,32359.3,1790770319999,25977.868330,327,24444.2,19625.965060,0
1790770320000,0.80200,0.80240,0.80190,0.80230,4473.9,1790770379999,3588.651560,149,2772.1,2223.703470,0
1790770380000,0.80240,0.80370,0.80240,0.80250,10163.2,1790770439999,8161.215320,272,4641.8,3727.423150,0
1790770440000,0.80250,0.80250,0.80210,0.80220,8049.8,1790770499999,6458.690400,170,2659.6,2133.898780,0
1790770500000,0.80220,0.80270,0.79880,0.79890,66966.0,1790770559999,53560.429610,638,18357.3,14688.793590,0
1790770560000,0.79900,0.79900,0.79730,0.79820,39995.6,1790770619999,31906.575630,440,8415.9,6714.260440,0
1790770620000,0.79810,0.79900,0.79740,0.79810,22592.3,1790770679999,18035.680550,337,17392.0,13885.644230,0
1790770680000,0.79820,0.79840,0.79710,0.79800,20554.4,1790770739999,16395.601470,269,6097.8,4865.419160,0
1790770740000,0.79800,0.79890,0.79790,0.79810,13470.6,1790770799999,10756.362220,198,7920.3,6324.644180,0
1790770800000,0.79820,0.79840,0.79620,0.79650,31648.5,1790770859999,25235.360790,298,14868.4,11858.066440,0
1790770860000,0.79650,0.79740,0.79650,0.79690,25199.9,1790770919999,20083.968370,407,10731.1,8553.088880,0
1790770920000,0.79700,0.79910,0.79680,0.79890,20923.3,1790770979999,16700.860310,356,17098.7,13647.684490,0
1790770980000,0.79890,0.79920,0.79740,0.79740,20201.4,1790771039999,16127.401400,324,10092.8,8058.147710,0
1790771040000,0.79750,0.79900,0.79740,0.79870,22381.7,1790771099999,17860.108290,200,18085.2,14432.024830,0
1790771100000,0.79890,0.80040,0.79830,0.79830,25696.2,1790771159999,20542.746930,367,10902.6,8718.385310,0
1790771160000,0.79830,0.79900,0.79800,0.79800,18846.7,1790771219999,15050.425260,206,3602.6,2876.514760,0
1790771220000,0.79800,0.79810,0.79750,0.79780,14650.1,1790771279999,11688.217160,206,6684.1,5333.546210,0
1790771280000,0.79780,0.79920,0.79780,0.79840,17449.1,1790771339999,13936.514430,221,14052.3,11224.399300,0
1790771340000,0.79840,0.80090,0.79770,0.79980,33899.7,1790771399999,27088.892800,527,20662.0,16515.038000,0
1790771400000,0.79970,0.80720,0.79720,0.80600,445483.6,1790771459999,357613.524020,3166,215920.6,173365.721850,0
1790771460000,0.80600,0.81250,0.80600,0.81230,181354.0,1790771519999,146774.967300,1564,109621.5,88775.079380,0
1790771520000,0.81220,0.81390,0.80990,0.81160,204138.5,1790771579999,165716.664580,1611,67150.9,54528.714570,0
1790771580000,0.81160,0.81260,0.80930,0.81000,156995.0,1790771639999,127271.220630,1157,92717.0,75182.592950,0
1790771640000,0.81010,0.81510,0.80900,0.81470,127152.7,1790771699999,103286.718920,1123,82321.0,66902.482350,0
1790771700000,0.81470,0.81820,0.81390,0.81540,219793.1,1790771759999,179386.432040,1541,69322.0,56602.885960,0
1790771760000,0.81530,0.81550,0.81210,0.81250,118292.1,1790771819999,96319.523060,874,68132.1,55501.632830,0
1790771820000,0.81260,0.81330,0.81110,0.81250,59757.3,1790771879999,48554.448640,627,22019.8,17898.872050,0
1790771880000,0.81250,0.81700,0.81230,0.81620,122135.1,1790771939999,99589.623300,917,89748.6,73176.491580,0
1790771940000,0.81630,0.81660,0.81500,0.81640,136325.5,1790771999999,111206.533150,847,74975.7,61168.726980,0
1790772000000,0.81640,0.81780,0.81550,0.81650,101524.2,1790772059999,82903.226010,777,46455.0,37949.473420,0
1790772060000,0.81650,0.81840,0.81500,0.81520,239073.9,1790772119999,195279.228210,967,133198.1,108852.049640,0
1790772120000,0.81530,0.81630,0.81460,0.81600,576708.7,1790772179999,470379.928670,830,471583.3,384662.225800,0
1790772180000,0.81590,0.81640,0.81480,0.81640,72941.0,1790772239999,59511.979890,434,29021.4,23680.354790,0
1790772240000,0.81630,0.81670,0.81560,0.81590,52324.2,1790772299999,42704.385160,335,14380.9,11736.910540,0
1790772300000,0.81580,0.81870,0.81550,0.81830,116991.3,1790772359999,95579.174190,729,91773.3,74968.116950,0
1790772360000,0.81840,0.81860,0.81470,0.81510,162563.8,1790772419999,132697.302330,1061,17562.1,14339.824840,0
1790772420000,0.81510,0.81550,0.81110,0.81380,141664.4,1790772479999,115227.915370,1055,41738.1,33940.104870,0
1790772480000,0.81380,0.81680,0.81370,0.81660,69179.8,1790772539999,56419.395160,712,30118.5,24561.883570,0
1790772540000,0.81680,0.81770,0.81600,0.81620,79757.9,1790772599999,65153.413700,749,17112.6,13983.138630,0
1790772600000,0.81630,0.81880,0.81620,0.81840,56271.1,1790772659999,46037.484120,853,35237.3,28829.043570,0
1790772660000,0.81850,0.81910,0.81690,0.81870,101189.4,1790772719999,82778.992850,854,62712.7,51313.431470,0
1790772720000,0.81870,0.81910,0.81770,0.81770,70492.9,1790772779999,57673.026740,522,6384.1,5225.090990,0
1790772780000,0.81800,0.82030,0.81800,0.81940,178771.1,1790772839999,146486.385180,1073,147950.9,121250.698360,0
1790772840000,0.81940,0.82040,0.81870,0.81910,96525.9,1790772899999,79108.400380,764,21371.8,17519.702320,0
1790772900000,0.81910,0.81940,0.81770,0.81870,214956.8,1790772959999,175944.067220,740,84527.8,69189.923690,0
1790772960000,0.81880,0.81920,0.81740,0.81790,85227.4,1790773019999,69777.926400,586,15601.8,12769.404660,0
1790773020000,0.81810,0.81860,0.81790,0.81820,45112.6,1790773079999,36910.780790,359,6596.4,5398.075710,0
1790773080000,0.81820,0.81830,0.81700,0.81700,30234.6,1790773139999,24714.704020,319,7735.1,6322.743180,0
1790773140000,0.81700,0.81700,0.81570,0.81570,37931.9,1790773199999,30958.772010,505,8485.3,6926.204090,0
1790773200000,0.81570,0.81620,0.81410,0.81450,56812.5,1790773259999,46309.936220,731,18917.6,15419.863400,0
1790773260000,0.81460,0.81490,0.81320,0.81320,56791.8,1790773319999,46238.516700,514,26424.5,21520.313130,0
1790773320000,0.81340,0.81530,0.81310,0.81460,35769.2,1790773379999,29115.693070,581,21203.8,17259.806980,0
1790773380000,0.81470,0.81560,0.81370,0.81520,46856.4,1790773439999,38185.541660,412,22139.8,18041.655120,0
1790773440000,0.81520,0.81600,0.81450,0.81550,25080.3,1790773499999,20449.637010,323,7585.7,6184.117390,0
1790773500000,0.81570,0.81700,0.81560,0.81590,31068.5,1790773559999,25364.663540,451,23215.7,18952.968420,0
1790773560000,0.81600,0.81840,0.81590,0.81770,53152.8,1790773619999,43447.801720,538,32671.6,26709.877730,0
1790773620000,0.81780,0.81840,0.81720,0.81730,40431.6,1790773679999,33063.388950,428,10031.4,8204.520720,0
1790773680000,0.81730,0.81880,0.81720,0.81820,43170.9,1790773739999,35324.631290,452,19386.6,15860.473420,0
1790773740000,0.81830,0.82170,0.81830,0.82120,73070.6,1790773799999,59949.531820,794,53676.0,44030.080020,0
1790773800000,0.82110,0.82110,0.81910,0.81970,64123.1,1790773859999,52587.345480,575,27123.8,22244.658130,0
1790773860000,0.81980,0.82180,0.81940,0.82120,36406.2,1790773919999,29883.516090,376,24475.4,20092.596930,0
1790773920000,0.82120,0.82230,0.81940,0.82210,216219.8,1790773979999,177492.798520,1138,151799.0,124608.466960,0
1790773980000,0.82220,0.82280,0.82020,0.82040,112684.9,1790774039999,92590.157320,842,44588.9,36648.634340,0
1790774040000,0.82030,0.82050,0.81910,0.81980,32606.7,1790774099999,26727.492420,509,10822.3,8871.072020,0
1790774100000,0.81990,0.82060,0.81910,0.82000,43847.4,1790774159999,35950.632140,520,15281.5,12529.193870,0
1790774160000,0.82010,0.82020,0.81840,0.81890,86805.2,1790774219999,71119.251150,627,15752.8,12911.527050,0
1790774220000,0.81900,0.82040,0.81820,0.82010,77938.2,1790774279999,63844.635250,625,28142.4,23068.518460,0
1790774280000,0.82010,0.82020,0.81870,0.81890,71860.0,1790774339999,58893.156180,406,7645.5,6266.008720,0
1790774340000,0.81890,0.81890,0.81750,0.81770,57666.4,1790774399999,47170.361650,506,18637.9,15246.932040,0
1790774400000,0.81760,0.81940,0.81750,0.81930,27111.2,1790774459999,22188.906780,305,7761.1,6352.030450,0
1790774460000,0.81930,0.81970,0.81790,0.81850,58856.2,1790774519999,48210.618680,401,17262.3,14136.262900,0
1790774520000,0.81850,0.82030,0.81840,0.81890,269521.4,1790774579999,220723.113400,426,250788.2,205377.112930,0
1790774580000,0.81890,0.82000,0.81860,0.81870,48435.3,1790774639999,39684.342700,425,28137.3,23055.414850,0
1790774640000,0.81880,0.81910,0.81830,0.81850,73318.1,1790774699999,60031.033760,289,58880.7,48212.575860,0
1790774700000,0.81840,0.81870,0.81630,0.81710,78674.1,1790774759999,64296.243490,606,4850.4,3966.696020,0
1790774760000,0.81710,0.81890,0.81710,0.81880,26557.3,1790774819999,21732.135950,342,13847.6,11330.858280,0
1790774820000,0.81880,0.81980,0.81760,0.81780,228783.4,1790774879999,187381.507170,382,209976.6,171977.334110,0
1790774880000,0.81780,0.81780,0.81510,0.81530,34358.7,1790774939999,28040.408810,388,5155.0,4207.777770,0
1790774940000,0.81540,0.81760,0.81540,0.81760,32146.8,1790774999999,26256.687340,393,15112.5,12340.932800,0
1790775000000,0.81770,0.81840,0.81620,0.81840,67157.8,1790775059999,54882.529700,702,16231.6,13267.696600,0
1790775060000,0.81850,0.82140,0.81830,0.82140,51084.7,1790775119999,41867.309840,693,29874.3,24486.633960,0
1790775120000,0.82150,0.82220,0.81630,0.81720,53378.7,1790775179999,43727.816570,802,17163.9,14059.433070,0
1790775180000,0.81720,0.81730,0.81420,0.81560,71486.4,1790775239999,58303.123970,840,26266.8,21425.810330,0
1790775240000,0.81570,0.81700,0.81470,0.81470,38179.6,1790775299999,31149.478690,459,12435.9,10149.868740,0
1790775300000,0.81480,0.81480,0.80320,0.80450,535349.3,1790775359999,432014.197840,2515,128220.0,103464.705300,0
1790775360000,0.80440,0.80480,0.79930,0.80310,355705.9,1790775419999,285263.747190,2460,130397.5,104632.762360,0
1790775420000,0.80320,0.80560,0.80080,0.80110,118904.9,1790775479999,95524.572200,1606,76573.9,61532.999360,0
1790775480000,0.80110,0.80200,0.79770,0.80080,447348.4,1790775539999,357969.965070,1947,108012.3,86448.852610,0
1790775540000,0.80090,0.80280,0.79950,0.80090,312418.1,1790775599999,250132.703270,1195,39323.1,31508.043020,0
1790775600000,0.80090,0.80340,0.79650,0.79780,172567.1,1790775659999,138006.172000,1583,80330.7,64299.875370,0
1790775660000,0.79780,0.80020,0.79700,0.79980,196824.6,1790775719999,157174.666540,1608,101689.1,81231.261430,0
1790775720000,0.79980,0.80390,0.79940,0.80270,62521.5,1790775779999,50154.923060,804,33838.4,27138.868620,0
1790775780000,0.80280,0.80380,0.80080,0.80080,132517.6,1790775839999,106337.593820,997,45405.7,36435.429350,0
1790775840000,0.80080,0.80280,0.80060,0.80260,39649.4,1790775899999,31801.461520,522,29002.8,23261.591880,0
1790775900000,0.80260,0.80340,0.79980,0.80010,107651.8,1790775959999,86290.362990,967,53703.8,43052.344240,0
1790775960000,0.80000,0.80320,0.79990,0.80320,75750.9,1790776019999,60680.826920,945,34586.1,27714.460950,0
1790776020000,0.80330,0.80500,0.80230,0.80460,43581.4,1790776079999,35032.899180,685,25455.1,20463.285290,0
1790776080000,0.80460,0.80610,0.80260,0.80430,208849.3,1790776139999,167967.666070,1149,130630.7,105071.999260,0
1790776140000,0.80430,0.80750,0.80410,0.80570,77774.4,1790776199999,62670.401770,653,46262.9,37277.985320,0
1790776200000,0.80560,0.80610,0.80330,0.80390,36234.0,1790776259999,29155.548500,570,13474.7,10845.725960,0
1790776260000,0.80390,0.80590,0.80390,0.80470,20794.2,1790776319999,16741.300240,419,9003.3,7247.007040,0
1790776320000,0.80480,0.80630,0.80360,0.80370,84784.9,1790776379999,68250.050370,623,46465.6,37417.982430,0
1790776380000,0.80360,0.80630,0.80330,0.80630,141277.6,1790776439999,113628.427630,721,91600.8,73686.063130,0
1790776440000,0.80640,0.80680,0.80400,0.80400,50153.4,1790776499999,40404.260130,569,10894.1,8777.081170,0
1790776500000,0.80410,0.80540,0.80340,0.80340,28832.9,1790776559999,23194.517430,388,14187.9,11417.906960,0
1790776560000,0.80330,0.80410,0.80260,0.80330,39156.7,1790776619999,31453.480900,417,20788.6,16700.089700,0
1790776620000,0.80340,0.80430,0.80200,0.80290,34828.9,1790776679999,27981.342270,439,18704.4,15031.149130,0
1790776680000,0.80300,0.80380,0.80210,0.80350,53722.1,1790776739999,43148.908410,499,36271.6,29131.040990,0
1790776740000,0.80340,0.80550,0.80330,0.80540,49654.7,1790776799999,39941.731030,490,32604.7,26227.949850,0
1790776800000,0.80540,0.80590,0.80200,0.80290,582122.1,1790776859999,467749.998950,905,67403.9,54149.873360,0
1790776860000,0.80280,0.80460,0.80120,0.80120,78147.0,1790776919999,62739.222740,877,41473.7,33286.432830,0
1790776920000,0.80130,0.80570,0.80120,0.80520,209872.1,1790776979999,168464.121510,1058,127420.7,102261.127570,0
1790776980000,0.80500,0.80620,0.80450,0.80540,44242.0,1790777039999,35621.465430,639,19920.7,16040.677210,0
1790777040000,0.80540,0.80760,0.80540,0.80670,60156.5,1790777099999,48517.817010,880,21757.3,17546.616900,0
1790777100000,0.80660,0.80850,0.80590,0.80790,25046.5,1790777159999,20203.097380,516,17706.9,14283.461550,0
1790777160000,0.80800,0.80990,0.80800,0.80850,83525.2,1790777219999,67579.532530,792,67908.8,54947.438120,0
1790777220000,0.80850,0.80850,0.80510,0.80530,38566.7,1790777279999,31088.927740,640,9532.5,7682.045990,0
1790777280000,0.80530,0.80530,0.80330,0.80430,31381.2,1790777339999,25237.422610,533,10914.1,8775.042570,0
1790777340000,0.80420,0.80420,0.80290,0.80390,54794.8,1790777399999,44030.011280,575,26081.1,20957.937790,0
1790777400000,0.80380,0.80420,0.80230,0.80230,66377.0,1790777459999,53320.679790,716,32365.9,25999.513900,0
1790777460000,0.80220,0.80220,0.79860,0.80080,152925.2,1790777519999,122379.648210,1049,32866.0,26306.375950,0
1790777520000,0.80090,0.80510,0.80090,0.80310,72192.2,1790777579999,57982.854560,819,45939.2,36884.484980,0
1790777580000,0.80320,0.80530,0.80040,0.80100,39323.5,1790777639999,31570.447920,776,19384.9,15565.204950,0
1790777640000,0.80090,0.80370,0.80070,0.80280,50374.8,1790777699999,40411.556380,559,23278.8,18669.925850,0
1790777700000,0.80270,0.80320,0.80040,0.80190,59722.9,1790777759999,47894.149330,821,30581.9,24527.679450,0
1790777760000,0.80180,0.80190,0.79990,0.80130,58268.6,1790777819999,46662.236830,586,22202.0,17780.523890,0
1790777820000,0.80130,0.80140,0.80010,0.80080,82326.1,1790777879999,65920.445050,701,27424.8,21961.940770,0
1790777880000,0.80070,0.80150,0.79870,0.79920,247752.5,1790777939999,198216.542600,859,53501.4,42808.171920,0
1790777940000,0.79910,0.79990,0.79720,0.79890,92885.7,1790777999999,74142.501470,750,34061.6,27195.298880,0
1790778000000,0.79890,0.79990,0.79800,0.79890,60167.2,1790778059999,48061.290680,648,20269.2,16193.065540,0
1790778060000,0.79890,0.80000,0.79740,0.79740,133011.8,1790778119999,106298.193490,680,107649.1,86044.650300,0
1790778120000,0.79730,0.79750,0.79310,0.79360,286837.7,1790778179999,228021.426390,1227,54018.1,42944.019430,0
1790778180000,0.79350,0.79360,0.78820,0.79050,338534.4,1790778239999,267482.354710,2019,93475.6,73895.103330,0
1790778240000,0.79060,0.79190,0.78960,0.79110,165694.2,1790778299999,131019.320220,1073,95183.5,75293.601920,0
1790778300000,0.79120,0.79270,0.79070,0.79170,56314.7,1790778359999,44596.520400,644,34578.7,27389.898800,0
1790778360000,0.79180,0.79310,0.79050,0.79110,64773.4,1790778419999,51305.913080,731,43307.8,34311.863520,0
1790778420000,0.79130,0.79150,0.78600,0.78660,194446.1,1790778479999,153325.154190,1243,39289.8,30955.701460,0
1790778480000,0.78670,0.78760,0.78540,0.78620,131350.6,1790778539999,103310.912720,1119,75649.2,59501.165850,0
1790778540000,0.78620,0.78670,0.78460,0.78640,60917.1,1790778599999,47847.564980,623,26804.0,21057.653020,0
1790778600000,0.78660,0.78950,0.78560,0.78850,104635.9,1790778659999,82479.134740,875,71997.6,56752.664680,0
1790778660000,0.78840,0.79020,0.78700,0.78790,86407.3,1790778719999,68123.085480,948,39695.5,31293.792580,0
1790778720000,0.78800,0.78860,0.78310,0.78350,141816.5,1790778779999,111378.409840,1297,56961.9,44751.861690,0
1790778780000,0.78350,0.78750,0.78100,0.78750,202163.3,1790778839999,158431.002270,1420,80784.2,63418.988740,0
1790778840000,0.78740,0.78840,0.78420,0.78420,113802.1,1790778899999,89533.989600,1042,61764.4,48612.703690,0
1790778900000,0.78450,0.78530,0.78300,0.78450,97958.5,1790778959999,76791.367650,1030,63115.7,49486.143390,0
1790778960000,0.78450,0.78710,0.78450,0.78520,74937.7,1790779019999,58865.942340,820,42319.2,33248.672150,0
1790779020000,0.78510,0.78930,0.78470,0.78800,42691.6,1790779079999,33606.663990,628,33984.8,26754.802090,0
1790779080000,0.78790,0.78930,0.78730,0.78920,236190.8,1790779139999,186105.509080,823,47147.4,37171.113090,0
1790779140000,0.78910,0.78960,0.78750,0.78760,88704.9,1790779199999,69973.929420,808,44186.4,34862.240300,0
1790779200000,0.78760,0.78760,0.78260,0.78610,660103.0,1790779259999,518153.506880,1434,101438.8,79612.017490,0
1790779260000,0.78590,0.78800,0.78390,0.78780,121797.6,1790779319999,95752.165830,1086,92279.0,72559.325650,0
1790779320000,0.78790,0.78910,0.78740,0.78770,61691.9,1790779379999,48632.022740,714,50878.1,40109.202600,0
1790779380000,0.78760,0.78920,0.78580,0.78670,60968.8,1790779439999,47996.209950,702,33097.2,26068.305120,0
1790779440000,0.78670,0.78730,0.78590,0.78610,30797.4,1790779499999,24228.653940,403,18576.5,14615.436510,0
1790779500000,0.78620,0.78810,0.78530,0.78740,45241.0,1790779559999,35583.612540,651,25906.3,20378.921310,0
1790779560000,0.78750,0.78810,0.78600,0.78730,44702.3,1790779619999,35190.190520,621,20838.4,16399.233260,0
1790779620000,0.78750,0.78910,0.78700,0.78880,75113.6,1790779679999,59201.723610,709,22655.3,17855.396830,0
1790779680000,0.78890,0.78990,0.78790,0.78870,50777.5,1790779739999,40054.256980,585,34537.6,27247.570810,0
1790779740000,0.78880,0.78920,0.78700,0.78890,38858.4,1790779799999,30612.137700,478,13085.1,10315.397760,0
1790779800000,0.78900,0.78940,0.78770,0.78870,30153.6,1790779859999,23778.945770,506,18079.7,14256.037540,0
1790779860000,0.78880,0.79060,0.78880,0.78930,60841.2,1790779919999,48058.406100,593,27715.8,21888.575570,0
1790779920000,0.78940,0.79190,0.78880,0.78930,59619.1,1790779979999,47126.316810,678,29925.5,23651.948430,0
1790779980000,0.78920,0.79000,0.78800,0.78850,41541.9,1790780039999,32762.044020,375,12410.6,9792.976810,0
1790780040000,0.78850,0.78960,0.78730,0.78870,214699.0,1790780099999,169237.905850,645,51591.4,40671.055340,0
1790780100000,0.78880,0.79000,0.78820,0.79000,53679.4,1790780159999,42363.930900,387,35202.1,27785.000970,0
1790780160000,0.79010,0.79040,0.78850,0.78850,50415.8,1790780219999,39791.425800,428,14966.3,11813.537520,0
1790780220000,0.78850,0.78920,0.78790,0.78870,32025.8,1790780279999,25253.300440,296,22272.7,17561.439150,0
1790780280000,0.78880,0.78880,0.78760,0.78820,30907.1,1790780339999,24361.120270,343,11380.4,8972.359450,0
1790780340000,0.78810,0.78880,0.78800,0.78800,18131.4,1790780399999,14295.256620,162,10990.5,8665.101230,0
1790780400000,0.78800,0.79110,0.78710,0.79110,50827.1,1790780459999,40132.203400,638,33141.6,26168.789270,0
1790780460000,0.79110,0.79110,0.78720,0.79000,47921.9,1790780519999,37820.755720,656,20567.6,16227.056250,0
1790780520000,0.79010,0.79090,0.78850,0.78940,54556.6,1790780579999,43076.400390,653,24199.6,19105.024840,0
1790780580000,0.78950,0.78970,0.78800,0.78930,60299.2,1790780639999,47556.516410,651,28370.9,22376.921380,0
1790780640000,0.78930,0.78930,0.78780,0.78930,33754.6,1790780699999,26619.160780,430,10582.0,8343.498570,0
1790780700000,0.78930,0.78990,0.78850,0.78870,29091.6,1790780759999,22957.639440,341,19646.3,15503.838180,0
1790780760000,0.78860,0.78860,0.78600,0.78720,78264.2,1790780819999,61587.524910,669,31889.5,25106.605580,0
1790780820000,0.78720,0.78760,0.78640,0.78650,38846.7,1790780879999,30567.336920,344,21324.6,16780.653910,0
1790780880000,0.78640,0.78800,0.78570,0.78750,56555.5,1790780939999,44487.120510,489,41131.0,32355.198630,0
1790780940000,0.78750,0.78840,0.78740,0.78770,45249.6,1790780999999,35650.568140,492,27135.1,21378.550170,0
1790781000000,0.78770,0.78960,0.78770,0.78890,36822.3,1790781059999,29043.260470,434,23417.5,18469.087540,0
1790781060000,0.78900,0.79130,0.78850,0.78850,71336.7,1790781119999,56386.760910,523,56779.9,44884.739460,0
1790781120000,0.78850,0.78940,0.78660,0.78790,37935.6,1790781179999,29889.276380,588,18233.4,14366.692360,0
1790781180000,0.78790,0.78900,0.78750,0.78750,17818.1,1790781239999,14044.862070,316,6805.4,5364.591340,0
1790781240000,0.78740,0.78860,0.78690,0.78740,58778.6,1790781299999,46294.679020,555,23282.6,18336.984720,0
1790781300000,0.78740,0.78740,0.78580,0.78640,25225.0,1790781359999,19840.631910,401,12682.3,9974.967130,0
1790781360000,0.78640,0.78730,0.78550,0.78670,19344.1,1790781419999,15213.154910,306,10256.0,8068.013250,0
1790781420000,0.78670,0.78670,0.78420,0.78420,19302.9,1790781479999,15159.779830,330,6784.4,5327.913950,0
1790781480000,0.78410,0.78420,0.78170,0.78180,44291.9,1790781539999,34668.856330,601,19353.3,15147.385830,0
1790781540000,0.78190,0.78480,0.78130,0.78290,151123.6,1790781599999,118404.427930,840,93957.3,73635.568180,0
1790781600000,0.78290,0.78370,0.78220,0.78300,36242.8,1790781659999,28377.702390,487,9211.3,7212.032170,0
1790781660000,0.78310,0.78420,0.78260,0.78390,63819.0,1790781719999,49994.706640,490,28992.9,22720.250930,0
1790781720000,0.78400,0.78700,0.78400,0.78520,143938.4,1790781779999,113159.596460,651,76249.0,59911.366570,0
1790781780000,0.78520,0.78640,0.78480,0.78520,39903.4,1790781839999,31347.567900,519,22071.8,17339.397860,0
1790781840000,0.78510,0.78510,0.77980,0.78010,210675.0,1790781899999,164691.206730,970,22433.2,17554.968140,0
1790781900000,0.78000,0.78180,0.77960,0.78100,61480.9,1790781959999,48002.554770,608,50068.3,39090.620130,0
1790781960000,0.78100,0.78120,0.77850,0.78030,145970.6,1790782019999,113862.967050,916,55190.3,43054.891070,0
1790782020000,0.78040,0.78080,0.77840,0.78020,77511.9,1790782079999,60413.949210,704,40438.4,31521.264000,0
1790782080000,0.78030,0.78240,0.77990,0.78210,56809.9,1790782139999,44392.064740,432,29262.6,22860.337760,0
1790782140000,0.78220,0.78440,0.78220,0.78440,34654.1,1790782199999,27143.422230,371,24856.1,19473.522890,0
1790782200000,0.78450,0.78840,0.78450,0.78820,88376.9,1790782259999,69485.790600,589,68746.0,54048.433020,0
1790782260000,0.78840,0.79270,0.78840,0.79270,193408.7,1790782319999,152967.784250,1284,86502.9,68369.820990,0
1790782320000,0.79260,0.79310,0.79020,0.79080,146860.6,1790782379999,116202.440110,776,68870.5,54544.194660,0
1790782380000,0.79070,0.79130,0.78900,0.79050,121065.4,1790782439999,95682.750730,850,67449.1,53315.460040,0
1790782440000,0.79050,0.79070,0.78860,0.78890,25436.9,1790782499999,20087.020580,474,14638.4,11561.646230,0
1790782500000,0.78890,0.78950,0.78800,0.78810,52729.6,1790782559999,41584.452380,467,12528.7,9882.621260,0
1790782560000,0.78810,0.78840,0.78680,0.78680,31882.0,1790782619999,25104.191450,333,5736.3,4521.007000,0
1790782620000,0.78730,0.79000,0.78640,0.79000,49469.7,1790782679999,38953.580130,569,23575.2,18577.452410,0
1790782680000,0.79010,0.79110,0.78820,0.78850,126939.2,1790782739999,100179.036570,746,34012.9,26868.713960,0
1790782740000,0.78850,0.78990,0.78850,0.78970,41274.9,1790782799999,32581.494820,398,37965.7,29969.681220,0
1790782800000,0.78980,0.79130,0.78980,0.79130,11939.4,1790782859999,9440.272210,273,8535.8,6748.736630,0
1790782860000,0.79130,0.79170,0.78940,0.78950,26012.9,1790782919999,20560.227110,325,5927.6,4686.386620,0
1790782920000,0.78960,0.79070,0.78890,0.79000,27992.6,1790782979999,22105.842910,303,17136.9,13533.651210,0
1790782980000,0.78990,0.78990,0.78750,0.78800,65112.6,1790783039999,51376.595790,347,6144.5,4844.194740,0
1790783040000,0.78800,0.78840,0.78750,0.78800,13654.0,1790783099999,10758.990220,202,8675.5,6836.669000,0
1790783100000,0.78810,0.78950,0.78760,0.78920,16328.8,1790783159999,12879.802020,269,9964.1,7858.012890,0
1790783160000,0.78920,0.79160,0.78910,0.79130,35883.0,1790783219999,28370.076050,337,26628.4,21059.177040,0
1790783220000,0.79120,0.79310,0.79080,0.79310,37168.7,1790783279999,29439.502290,326,25064.0,19853.410100,0
1790783280000,0.79300,0.79510,0.79300,0.79460,80534.9,1790783339999,63957.027710,556,44051.7,34996.162740,0
1790783340000,0.79480,0.79510,0.79130,0.79350,176880.6,1790783399999,140209.773520,799,29349.1,23278.362580,0
1790783400000,0.79350,0.79440,0.79340,0.79430,32729.1,1790783459999,25981.626400,323,14888.5,11820.648760,0
1790783460000,0.79420,0.79500,0.79350,0.79350,49917.8,1790783519999,39658.555980,392,37194.1,29555.654580,0
1790783520000,0.79350,0.79400,0.79270,0.79280,28636.5,1790783579999,22721.442060,402,6133.2,4867.077330,0
1790783580000,0.79280,0.79330,0.79250,0.79250,38131.9,1790783639999,30228.819220,210,30330.6,24044.528890,0
1790783640000,0.79250,0.79320,0.79200,0.79200,38517.5,1790783699999,30525.141610,330,5516.3,4371.806180,0
1790783700000,0.79190,0.79280,0.79190,0.79260,17851.7,1790783759999,14144.080050,185,12034.3,9534.886070,0
1790783760000,0.79260,0.79320,0.79130,0.79260,63671.9,1790783819999,50442.724080,506,19717.3,15626.706550,0
1790783820000,0.79270,0.79330,0.79220,0.79300,16947.8,1790783879999,13438.766980,233,9695.6,7688.368770,0
1790783880000,0.79290,0.79330,0.79270,0.79280,6369.3,1790783939999,5050.635770,158,3977.8,3154.213080,0
1790783940000,0.79280,0.79350,0.79280,0.79350,10158.6,1790783999999,8057.646540,169,5368.6,4258.465770,0
1790784000000,0.79350,0.79360,0.79120,0.79190,95477.4,1790784059999,75653.220000,563,16195.2,12838.869560,0
1790784060000,0.79190,0.79260,0.79140,0.79240,52495.0,1790784119999,41579.647510,470,23047.3,18256.995510,0
1790784120000,0.79240,0.79440,0.79220,0.79320,58737.3,1790784179999,46593.614060,640,39655.6,31467.182820,0
1790784180000,0.79320,0.79340,0.79180,0.79330,81272.0,1790784239999,64398.270800,530,12950.9,10267.393270,0
1790784240000,0.79320,0.79540,0.79310,0.79500,43166.1,1790784299999,34288.029170,471,33898.8,26926.584670,0
1790784300000,0.79510,0.79660,0.79470,0.79590,70422.6,1790784359999,56027.929630,608,31533.3,25094.625960,0
1790784360000,0.79600,0.79780,0.79560,0.79780,41034.0,1790784419999,32688.814210,483,23743.9,18916.442990,0
1790784420000,0.79770,0.79780,0.79630,0.79630,90750.0,1790784479999,72337.453310,584,15668.6,12487.439920,0
1790784480000,0.79630,0.79630,0.79430,0.79500,44096.6,1790784539999,35057.017290,411,14710.8,11694.588050,0
1790784540000,0.79500,0.79500,0.79380,0.79450,60707.3,1790784599999,48221.536490,432,26849.1,21327.589300,0
1790784600000,0.79460,0.79530,0.79440,0.79450,26821.9,1790784659999,21318.102400,237,7064.4,5614.160350,0
1790784660000,0.79460,0.79560,0.79440,0.79520,30452.4,1790784719999,24209.514180,353,22564.8,17939.015800,0
1790784720000,0.79510,0.79540,0.79330,0.79340,36758.9,1790784779999,29196.952880,370,15747.3,12509.383800,0
1790784780000,0.79350,0.79610,0.79350,0.79600,47981.6,1790784839999,38134.684690,405,33485.4,26614.817160,0
1790784840000,0.79600,0.79680,0.79450,0.79470,35970.0,1790784899999,28637.248840,373,26776.0,21321.612150,0
1790784900000,0.79480,0.79500,0.79330,0.79440,29467.9,1790784959999,23400.098570,359,7843.7,6229.147740,0
1790784960000,0.79460,0.79540,0.79420,0.79470,20285.7,1790785019999,16119.528550,262,5319.8,4228.038550,0
1790785020000,0.79470,0.79480,0.79320,0.79360,56253.9,1790785079999,44660.444560,388,16755.8,13306.925540,0
1790785080000,0.79350,0.79440,0.79290,0.79440,19665.0,1790785139999,15607.151560,295,7867.5,6244.985520,0
1790785140000,0.79440,0.79530,0.79420,0.79450,13820.1,1790785199999,10982.682730,221,4717.7,3748.581650,0
1790785200000,0.79430,0.79460,0.79390,0.79450,13531.4,1790785259999,10747.594230,229,6765.0,5372.840130,0
1790785260000,0.79440,0.79520,0.79350,0.79410,103152.4,1790785319999,81976.270440,517,77069.0,61258.805950,0
1790785320000,0.79400,0.79530,0.79400,0.79490,27332.3,1790785379999,21719.001730,263,21425.4,17025.942000,0
1790785380000,0.79470,0.79620,0.79430,0.79610,64963.7,1790785439999,51670.751150,417,48592.4,38645.487030,0
1790785440000,0.79600,0.79600,0.79480,0.79520,22087.3,1790785499999,17572.116550,201,8020.1,6380.586450,0
1790785500000,0.79520,0.79650,0.79520,0.79590,36261.0,1790785559999,28861.887260,331,22701.6,18070.497460,0
1790785560000,0.79590,0.79610,0.79410,0.79590,25951.8,1790785619999,20637.444690,325,18568.0,14767.238580,0
1790785620000,0.79580,0.79610,0.79440,0.79490,14251.7,1790785679999,11333.915410,267,7780.4,6186.890140,0
1790785680000,0.79490,0.79510,0.79430,0.79440,7006.9,1790785739999,5567.757700,216,4870.1,3869.523410,0
1790785740000,0.79440,0.79540,0.79310,0.79350,65286.2,1790785799999,51833.471510,542,20747.6,16483.106380,0
1790785800000,0.79340,0.79360,0.79170,0.79170,27319.5,1790785859999,21656.353490,339,11601.3,9196.998600,0
1790785860000,0.79180,0.79270,0.79110,0.79120,11858.9,1790785919999,9390.129380,263,5377.3,4258.937470,0
1790785920000,0.79120,0.79210,0.78950,0.79030,45039.3,1790785979999,35607.263190,608,29208.1,23096.564050,0
1790785980000,0.79040,0.79240,0.79040,0.79170,27850.5,1790786039999,22051.257730,422,18011.1,14260.023190,0
1790786040000,0.79170,0.79280,0.79120,0.79140,17751.0,1790786099999,14061.850320,237,6574.9,5207.465520,0
1790786100000,0.79140,0.79140,0.79020,0.79020,31945.3,1790786159999,25255.941370,202,1550.3,1225.986240,0
1790786160000,0.79020,0.79020,0.78710,0.78840,91296.6,1790786219999,71991.924050,570,17527.8,13827.464380,0
1790786220000,0.78850,0.79120,0.78850,0.79000,49566.7,1790786279999,39125.239610,357,40938.4,32312.863150,0
1790786280000,0.79010,0.79130,0.79000,0.79070,27204.1,1790786339999,21518.927880,235,16659.0,13176.174480,0
1790786340000,0.79070,0.79230,0.79030,0.79190,41346.8,1790786399999,32712.755610,373,33637.6,26610.960450,0
1790786400000,0.79180,0.79240,0.79070,0.79130,37754.6,1790786459999,29882.341560,369,22316.9,17662.069640,0
1790786460000,0.79130,0.79400,0.79110,0.79320,42868.8,1790786519999,33995.581850,455,31109.2,24669.677980,0
1790786520000,0.79320,0.79400,0.79210,0.79330,10859.0,1790786579999,8610.294000,232,7613.8,6035.210780,0
1790786580000,0.79330,0.79620,0.79330,0.79590,29890.2,1790786639999,23751.831220,345,21338.3,16958.216950,0
1790786640000,0.79590,0.79640,0.79350,0.79510,96930.1,1790786699999,77041.614730,601,61377.0,48775.557890,0
1790786700000,0.79520,0.79590,0.79460,0.79510,66726.2,1790786759999,53071.786600,440,52203.9,41523.853000,0
1790786760000,0.79520,0.79670,0.79480,0.79670,40470.9,1790786819999,32200.338680,382,32238.0,25649.728310,0
1790786820000,0.79660,0.79870,0.79660,0.79770,95209.0,1790786879999,75956.946970,575,69724.3,55616.391570,0
1790786880000,0.79760,0.79760,0.79410,0.79410,40151.8,1790786939999,31950.177070,377,17044.2,13560.620610,0
1790786940000,0.79410,0.79490,0.79370,0.79490,11314.6,1790786999999,8988.382210,181,8553.2,6794.536080,0
1790787000000,0.79500,0.79600,0.79490,0.79560,12887.4,1790787059999,10251.978460,202,10902.3,8672.981330,0
1790787060000,0.79550,0.79570,0.79420,0.79420,9869.8,1790787119999,7847.954660,236,3263.0,2594.710300,0
1790787120000,0.79430,0.79540,0.79390,0.79400,26485.9,1790787179999,21043.864070,370,14521.5,11541.072460,0
1790787180000,0.79420,0.79450,0.79360,0.79370,10347.3,1790787239999,8216.669110,134,3777.1,2999.816230,0
1790787240000,0.79370,0.79610,0.79370,0.79540,68873.1,1790787299999,54765.178170,441,44950.7,35734.693020,0
1790787300000,0.79540,0.79630,0.79470,0.79560,42332.1,1790787359999,33683.150190,311,34380.6,27358.874570,0
1790787360000,0.79560,0.79570,0.79430,0.79480,15814.0,1790787419999,12569.071650,192,3889.1,3091.532750,0
1790787420000,0.79470,0.79510,0.79460,0.79480,6555.4,1790787479999,5210.602600,119,2943.9,2339.956350,0
1790787480000,0.79490,0.79600,0.79490,0.79520,17217.6,1790787539999,13697.155900,152,11471.1,9126.127820,0
1790787540000,0.79530,0.79540,0.79460,0.79500,24776.0,1790787599999,19696.012080,150,10488.7,8339.174550,0
1790787600000,0.79510,0.79650,0.79390,0.79450,136669.4,1790787659999,108676.835940,572,74049.5,58904.203640,0
1790787660000,0.79460,0.79480,0.79390,0.79440,18530.8,1790787719999,14719.073000,254,4688.7,3724.875290,0
1790787720000,0.79430,0.79480,0.79370,0.79390,13020.9,1790787779999,10343.426890,259,7149.1,5679.573470,0
1790787780000,0.79390,0.79480,0.79340,0.79470,26935.0,1790787839999,21380.352750,198,15249.2,12106.186410,0
1790787840000,0.79470,0.79580,0.79280,0.79300,45330.5,1790787899999,36029.049600,448,18748.7,14902.860310,0
1790787900000,0.79310,0.79520,0.79260,0.79410,27955.2,1790787959999,22195.701360,334,19510.3,15491.339420,0
1790787960000,0.79410,0.79540,0.79360,0.79460,12401.3,1790788019999,9854.351310,283,9917.4,7880.596770,0
1790788020000,0.79470,0.79590,0.79470,0.79520,11403.4,1790788079999,9068.663770,191,8266.7,6573.888050,0
1790788080000,0.79530,0.79920,0.79530,0.79850,79752.6,1790788139999,63656.972620,689,62652.8,50008.853470,0
1790788140000,0.79860,0.79870,0.79510,0.79620,65782.3,1790788199999,52424.287710,573,22579.8,17979.997090,0
1790788200000,0.79610,0.79770,0.79610,0.79740,38812.2,1790788259999,30940.293930,344,24940.5,19879.438640,0
1790788260000,0.79750,0.79770,0.79540,0.79540,16500.3,1790788319999,13146.360420,249,3707.5,2953.669290,0
1790788320000,0.79540,0.79590,0.79530,0.79530,10085.9,1790788379999,8024.531850,176,6873.3,5468.445850,0
1790788380000,0.79530,0.79570,0.79470,0.79470,13633.4,1790788439999,10842.748360,231,6346.8,5047.724190,0
1790788440000,0.79470,0.79550,0.79420,0.79420,5440.8,1790788499999,4325.018740,135,1808.2,1437.689060,0
1790788500000,0.79420,0.79420,0.79090,0.79100,48014.9,1790788559999,38034.864870,514,13301.9,10538.807410,0
1790788560000,0.79090,0.79230,0.79090,0.79160,20729.2,1790788619999,16408.927890,294,12643.8,10009.276820,0
1790788620000,0.79170,0.79260,0.79100,0.79230,35864.3,1790788679999,28386.282450,409,19703.3,15594.888100,0
1790788680000,0.79230,0.79370,0.79220,0.79350,32168.3,1790788739999,25514.556780,345,13481.2,10692.207890,0
1790788740000,0.79350,0.79420,0.79230,0.79230,10843.7,1790788799999,8606.046840,238,7221.6,5732.116990,0
1790788800000,0.79240,0.79280,0.79130,0.79210,19229.1,1790788859999,15231.684780,276,7232.4,5729.599330,0
1790788860000,0.79220,0.79340,0.79220,0.79300,30813.7,1790788919999,24431.828080,312,15067.5,11945.941740,0
1790788920000,0.79310,0.79360,0.79140,0.79140,12700.6,1790788979999,10068.906710,248,6299.4,4995.840980,0
1790788980000,0.79140,0.79140,0.79030,0.79070,41924.5,1790789039999,33147.727440,343,12579.0,9944.723360,0
1790789040000,0.79070,0.79170,0.79070,0.79120,8998.4,1790789099999,7120.157150,148,6419.7,5079.629060,0
1790789100000,0.79130,0.79130,0.79030,0.79050,26618.9,1790789159999,21049.765860,242,11930.1,9434.564590,0
1790789160000,0.79060,0.79100,0.78800,0.78830,50785.7,1790789219999,40080.769030,463,9647.6,7615.604260,0
1790789220000,0.78840,0.79190,0.78840,0.79190,54366.8,1790789279999,42983.743490,361,32437.2,25639.346720,0
1790789280000,0.79190,0.79220,0.79020,0.79030,33455.1,1790789339999,26468.769350,414,11058.7,8750.286130,0
1790789340000,0.79030,0.79180,0.79030,0.79130,13734.1,1790789399999,10865.377810,194,8659.8,6851.161730,0
1790789400000,0.79120,0.79160,0.78950,0.78960,30494.5,1790789459999,24097.258770,337,11192.3,8847.038220,0
1790789460000,0.78960,0.79040,0.78840,0.78840,52540.4,1790789519999,41462.566280,457,15731.9,12414.468460,0
1790789520000,0.78840,0.78980,0.78840,0.78880,85995.9,1790789579999,67888.793300,376,39931.7,31514.050450,0
1790789580000,0.78900,0.78940,0.78830,0.78880,15675.2,1790789639999,12364.434520,236,9641.1,7604.897180,0
1790789640000,0.78890,0.78910,0.78760,0.78790,50691.3,1790789699999,39961.432460,379,24879.9,19610.142240,0
1790789700000,0.78800,0.78810,0.78670,0.78720,48520.7,1790789759999,38195.374980,367,15272.0,12025.420380,0
1790789760000,0.78720,0.78830,0.78700,0.78700,25760.3,1790789819999,20287.404480,281,16382.6,12904.107780,0
1790789820000,0.78690,0.78710,0.78480,0.78600,82143.5,1790789879999,64571.271570,700,41736.7,32820.790300,0
1790789880000,0.78610,0.78770,0.78560,0.78760,20524.2,1790789939999,16152.233970,301,13731.6,10807.615500,0
1790789940000,0.78750,0.78910,0.78750,0.78750,31160.9,1790789999999,24563.212880,336,21775.0,17165.732990,0
1790790000000,0.78740,0.78760,0.78610,0.78750,51195.5,1790790059999,40296.769620,394,41010.3,32283.360000,0
1790790060000,0.78750,0.78820,0.78740,0.78770,45552.2,1790790119999,35875.760350,258,11807.4,9300.200820,0
1790790120000,0.78770,0.78770,0.78660,0.78750,16497.3,1790790179999,12985.939490,218,9256.2,7285.922800,0
1790790180000,0.78760,0.78890,0.78760,0.78820,14765.7,1790790239999,11642.266910,243,8361.7,6592.053160,0
1790790240000,0.78830,0.78850,0.78680,0.78680,15234.3,1790790299999,12000.119560,218,4635.7,3651.951310,0
1790790300000,0.78690,0.78820,0.78580,0.78810,21693.6,1790790359999,17070.437240,299,8444.1,6645.875130,0
1790790360000,0.78820,0.78920,0.78820,0.78860,9265.7,1790790419999,7307.554430,184,5553.7,4380.138750,0
1790790420000,0.78860,0.79260,0.78850,0.78880,65486.1,1790790479999,51773.320730,596,40229.8,31822.022110,0
1790790480000,0.78880,0.79100,0.78880,0.79080,35303.2,1790790539999,27885.541950,385,29326.9,23166.059350,0
1790790540000,0.79090,0.79160,0.79010,0.79060,21371.1,1790790599999,16902.503830,229,16365.5,12944.075830,0
1790790600000,0.79060,0.79190,0.79020,0.79050,26915.7,1790790659999,21285.625100,272,11669.3,9232.093920,0
1790790660000,0.79050,0.79090,0.78960,0.78960,14918.4,1790790719999,11789.017560,194,7518.3,5941.724540,0
1790790720000,0.78950,0.78990,0.78860,0.78860,16832.6,1790790779999,13287.273600,177,3994.2,3153.059990,0
1790790780000,0.78860,0.78860,0.78740,0.78760,25447.8,1790790839999,20046.234160,238,11090.1,8736.555710,0
1790790840000,0.78780,0.78810,0.78650,0.78650,40200.6,1790790899999,31642.069030,309,24936.9,19626.614490,0
1790790900000,0.78650,0.78680,0.78570,0.78630,38620.1,1790790959999,30364.842650,277,18634.5,14654.842640,0
1790790960000,0.78630,0.78690,0.78610,0.78650,7913.3,1790791019999,6223.444830,194,4984.2,3919.807930,0
1790791020000,0.78650,0.78670,0.78630,0.78650,8745.9,1790791079999,6878.707500,148,6356.8,4999.637890,0
1790791080000,0.78640,0.78820,0.78620,0.78740,54153.8,1790791139999,42636.976670,437,40253.0,31692.683750,0
1790791140000,0.78730,0.78840,0.78730,0.78780,24121.4,1790791199999,18996.802590,166,8009.8,6309.034210,0
1790791200000,0.78800,0.78880,0.78670,0.78700,78739.7,1790791259999,62045.701730,723,32776.3,25829.987020,0
1790791260000,0.78700,0.78730,0.78360,0.78400,123007.3,1790791319999,96508.191270,676,10382.7,8156.722310,0
1790791320000,0.78390,0.78490,0.78360,0.78370,18790.4,1790791379999,14735.604980,321,11071.0,8681.914270,0
1790791380000,0.78370,0.78490,0.78310,0.78360,71633.1,1790791439999,56153.464550,391,21498.1,16849.592320,0
1790791440000,0.78370,0.78620,0.78320,0.78500,55483.6,1790791499999,43538.486090,499,46940.6,36830.309870,0
1790791500000,0.78500,0.78500,0.78390,0.78390,19167.8,1790791559999,15037.416200,291,13727.1,10769.647720,0
1790791560000,0.78380,0.78380,0.78100,0.78230,136825.5,1790791619999,106997.586860,818,48044.8,37577.210840,0
1790791620000,0.78230,0.78350,0.78190,0.78350,22936.7,1790791679999,17949.780080,309,16971.1,13281.719400,0
1790791680000,0.78360,0.78530,0.78270,0.78520,61400.1,1790791739999,48101.675140,428,24911.7,19529.668640,0
1790791740000,0.78520,0.78670,0.78420,0.78560,31821.4,1790791799999,24989.819610,421,22725.6,17845.988230,0
1790791800000,0.78570,0.78620,0.78440,0.78450,24949.0,1790791859999,19592.730770,342,16062.7,12614.067330,0
1790791860000,0.78460,0.78650,0.78460,0.78590,25561.1,1790791919999,20084.509330,359,15865.5,12466.330300,0
1790791920000,0.78600,0.78660,0.78570,0.78660,18896.3,1790791979999,14856.003280,242,15047.0,11829.961060,0
1790791980000,0.78650,0.78670,0.78540,0.78590,9788.4,1790792039999,7693.293310,166,4263.5,3351.264800,0
1790792040000,0.78590,0.78610,0.78410,0.78410,22164.9,1790792099999,17404.050190,246,9500.3,7459.849610,0
1790792100000,0.78410,0.78470,0.78340,0.78420,23376.4,1790792159999,18327.282610,293,6504.9,5100.406380,0
1790792160000,0.78420,0.78490,0.78350,0.78350,11679.1,1790792219999,9160.680340,237,5035.8,3950.601660,0
1790792220000,0.78350,0.78420,0.78300,0.78300,28179.5,1790792279999,22070.295020,242,16064.5,12580.487350,0
1790792280000,0.78310,0.78540,0.78250,0.78540,36197.1,1790792339999,28396.731660,361,29448.5,23104.938950,0
1790792340000,0.78540,0.78600,0.78440,0.78530,32973.1,1790792399999,25890.762870,305,16612.7,13047.092900,0
1790792400000,0.78540,0.78620,0.78480,0.78600,12415.0,1790792459999,9750.934330,235,5940.3,4666.029880,0
1790792460000,0.78600,0.78600,0.78440,0.78520,19544.1,1790792519999,15340.949530,295,4543.8,3566.134760,0
1790792520000,0.78520,0.78600,0.78470,0.78600,12485.4,1790792579999,9805.031110,239,8263.2,6489.725330,0
1790792580000,0.78600,0.78600,0.78360,0.78360,10907.8,1790792639999,8556.262160,220,2260.8,1774.021480,0
1790792640000,0.78370,0.78460,0.78260,0.78390,18189.2,1790792699999,14247.098130,272,5622.7,4406.948990,0
1790792700000,0.78400,0.78410,0.78270,0.78270,26732.3,1790792759999,20931.033970,231,3476.6,2723.389330,0
1790792760000,0.78270,0.78320,0.78250,0.78250,9215.8,1790792819999,7213.230610,171,4739.0,3709.605110,0
1790792820000,0.78250,0.78340,0.78210,0.78290,24240.2,1790792879999,18978.596840,186,5293.4,4143.725850,0
1790792880000,0.78290,0.78390,0.78280,0.78320,26775.5,1790792939999,20973.232930,236,7979.0,6249.180280,0
1790792940000,0.78330,0.78440,0.78320,0.78440,8787.5,1790792999999,6889.816190,148,7241.1,5677.525110,0
1790793000000,0.78450,0.78670,0.78450,0.78670,80911.3,1790793059999,63549.705760,543,70791.5,55598.280290,0
1790793060000,0.78670,0.78780,0.78540,0.78540,48327.5,1790793119999,38042.882870,381,35243.8,27747.630490,0
1790793120000,0.78530,0.78570,0.78400,0.78400,8461.1,1790793179999,6640.254090,220,3762.6,2952.790470,0
1790793180000,0.78400,0.78490,0.78310,0.78340,26154.0,1790793239999,20501.806910,334,18010.0,14118.977750,0
1790793240000,0.78340,0.78370,0.78260,0.78350,18212.2,1790793299999,14259.468570,251,7716.7,6043.044210,0
1790793300000,0.78340,0.78340,0.78150,0.78150,26261.5,1790793359999,20531.852650,261,10505.4,8213.328640,0
1790793360000,0.78140,0.78250,0.78010,0.78040,69285.9,1790793419999,54126.233040,560,17737.6,13860.090740,0
1790793420000,0.78050,0.78090,0.77920,0.78070,59903.4,1790793479999,46714.284110,425,21580.2,16834.694230,0
1790793480000,0.78070,0.78160,0.78060,0.78150,22639.2,1790793539999,17682.779130,226,20097.9,15698.386760,0
1790793540000,0.78150,0.78160,0.78030,0.78030,21287.1,1790793599999,16622.634620,305,15022.2,11730.740160,0
1790793600000,0.78030,0.78150,0.77950,0.78000,79125.1,1790793659999,61743.428060,548,44038.8,34372.513360,0
1790793660000,0.78010,0.78060,0.77930,0.77980,25018.3,1790793719999,19512.177080,269,10075.9,7858.414410,0
1790793720000,0.77990,0.78010,0.77820,0.77910,104816.5,1790793779999,81632.681030,534,11964.6,9316.251760,0
1790793780000,0.77910,0.78090,0.77860,0.77950,55900.7,1790793839999,43576.110250,497,32705.5,25507.224950,0
1790793840000,0.77960,0.78010,0.77830,0.77900,73542.7,1790793899999,57296.674940,330,14990.3,11674.044060,0
1790793900000,0.77900,0.77910,0.77810,0.77840,21556.2,1790793959999,16784.749320,250,11177.6,8705.525850,0
1790793960000,0.77840,0.77870,0.77710,0.77770,105296.2,1790794019999,81892.934370,739,20655.8,16064.408340,0
1790794020000,0.77770,0.77770,0.77250,0.77520,351452.4,1790794079999,272393.840590,1575,62858.6,48726.740130,0
1790794080000,0.77520,0.77560,0.77390,0.77440,100831.0,1790794139999,78102.912990,668,38341.1,29703.568860,0
1790794140000,0.77440,0.77600,0.77390,0.77600,35916.6,1790794199999,27835.798650,412,28767.2,22296.647690,0
1790794200000,0.77610,0.77850,0.77560,0.77780,42288.5,1790794259999,32858.434760,439,20306.6,15777.122970,0
1790794260000,0.77790,0.77790,0.77680,0.77760,29490.2,1790794319999,22928.917580,271,16304.0,12673.728800,0
1790794320000,0.77750,0.77890,0.77670,0.77860,20659.5,1790794379999,16066.974540,244,9723.1,7563.711530,0
1790794380000,0.77860,0.77920,0.77620,0.77620,26270.7,1790794439999,20429.651510,317,5323.4,4139.680100,0
1790794440000,0.77620,0.77720,0.77600,0.77680,16161.1,1790794499999,12547.795420,176,12192.9,9467.083220,0
1790794500000,0.77670,0.77800,0.77670,0.77760,49859.9,1790794559999,38766.263600,286,36453.1,28341.362320,0
1790794560000,0.77760,0.77850,0.77740,0.77830,15147.1,1790794619999,11784.717720,192,9690.9,7539.503660,0
1790794620000,0.77820,0.77930,0.77780,0.77900,19499.9,1790794679999,15184.671860,223,17228.8,13415.921340,0
1790794680000,0.77890,0.77960,0.77860,0.77960,45754.7,1790794739999,35656.187850,215,25539.8,19899.420790,0
1790794740000,0.77960,0.78000,0.77900,0.77900,11356.9,1790794799999,8853.724150,149,3086.1,2406.100360,0
1790794800000,0.77910,0.78000,0.77780,0.77810,31409.0,1790794859999,24469.794770,319,15844.2,12345.810910,0
1790794860000,0.77810,0.77980,0.77790,0.77790,40626.4,1790794919999,31648.489100,378,17114.4,13336.706130,0
1790794920000,0.77790,0.78040,0.77780,0.78040,27573.6,1790794979999,21483.825880,321,23175.7,18059.368260,0
1790794980000,0.78050,0.78080,0.77900,0.77930,38899.8,1790795039999,30330.598480,371,16693.6,13022.817150,0
1790795040000,0.77940,0.78040,0.77920,0.77990,18228.5,1790795099999,14214.100190,207,14784.2,11528.314600,0
1790795100000,0.78000,0.78100,0.77920,0.77980,17816.5,1790795159999,13900.849330,303,6077.1,4741.149750,0
1790795160000,0.77990,0.78000,0.77890,0.77900,12714.1,1790795219999,9908.760710,246,5501.6,4287.221870,0
1790795220000,0.77930,0.78040,0.77900,0.78030,14479.6,1790795279999,11287.181020,253,4873.8,3800.367030,0
1790795280000,0.78030,0.78030,0.77860,0.77860,11238.1,1790795339999,8760.939910,284,6669.8,5199.320240,0
1790795340000,0.77860,0.77910,0.77850,0.77870,13903.1,1790795399999,10828.055730,172,12811.0,9977.510340,0
1790795400000,0.77870,0.77930,0.77770,0.77780,19000.9,1790795459999,14791.523410,251,9708.3,7559.357330,0
1790795460000,0.77780,0.77780,0.77680,0.77720,24658.3,1790795519999,19166.314750,290,14137.2,10988.838680,0
1790795520000,0.77710,0.77720,0.77500,0.77680,16776.0,1790795579999,13018.477210,380,7618.5,5912.837580,0
1790795580000,0.77690,0.77800,0.77610,0.77740,25455.1,1790795639999,19772.975280,337,9075.3,7053.376090,0
1790795640000,0.77750,0.77770,0.77670,0.77720,23028.1,1790795699999,17902.261770,269,12004.1,9332.426030,0
1790795700000,0.77720,0.77720,0.77660,0.77700,14074.1,1790795759999,10934.285860,171,8280.4,6432.821360,0
1790795760000,0.77710,0.77800,0.77650,0.77730,14836.3,1790795819999,11530.880950,215,6081.6,4727.199770,0
1790795820000,0.77720,0.77720,0.76820,0.76960,1299555.5,1790795879999,1001290.054720,2623,593109.3,456779.163060,0
1790795880000,0.76950,0.77210,0.76930,0.77210,2065790.1,1790795939999,1590866.221590,1108,1979162.1,1524149.624440,0
1790795940000,0.77190,0.77520,0.77180,0.77470,136800.7,1790795999999,105810.924840,594,87310.3,67520.077220,0
1790796000000,0.77490,0.77510,0.77310,0.77480,49759.9,1790796059999,38515.512590,500,16888.6,13079.068970,0
1790796060000,0.77490,0.77650,0.77470,0.77530,55927.0,1790796119999,43375.845900,473,35092.4,27215.319630,0
1790796120000,0.77530,0.77570,0.77460,0.77540,37308.9,1790796179999,28920.674510,331,16129.2,12504.120750,0
1790796180000,0.77540,0.77540,0.77310,0.77310,33700.9,1790796239999,26087.757120,361,8499.7,6581.575860,0
1790796240000,0.77310,0.77330,0.77240,0.77260,50997.4,1790796299999,39407.303920,341,12261.5,9474.826950,0
1790796300000,0.77260,0.77470,0.77250,0.77430,28872.0,1790796359999,22346.546160,340,20765.0,16076.333190,0
1790796360000,0.77440,0.77510,0.77310,0.77340,29290.8,1790796419999,22689.794960,270,9214.1,7137.572770,0
1790796420000,0.77340,0.77460,0.77320,0.77420,10727.2,1790796479999,8301.416760,220,5852.8,4528.820880,0
1790796480000,0.77410,0.77470,0.77360,0.77430,26806.6,1790796539999,20754.787540,266,20856.6,16150.078910,0
1790796540000,0.77440,0.77460,0.77390,0.77390,19527.0,1790796599999,15119.075630,222,14593.0,11299.592920,0
1790796600000,0.77390,0.77550,0.77330,0.77550,46820.6,1790796659999,36263.166820,354,14066.9,10897.196630,0
1790796660000,0.77560,0.77620,0.77450,0.77480,22909.5,1790796719999,17763.144420,324,11769.4,9125.897050,0
1790796720000,0.77480,0.77490,0.77370,0.77460,36301.3,1790796779999,28107.866730,304,12699.6,9833.065450,0
1790796780000,0.77460,0.77580,0.77460,0.77580,19805.8,1790796839999,15356.210740,254,10842.4,8407.896900,0
1790796840000,0.77580,0.77630,0.77520,0.77550,41666.7,1790796899999,32320.585510,397,15531.6,12049.174600,0
1790796900000,0.77560,0.77700,0.77540,0.77560,38489.7,1790796959999,29865.420230,417,15392.8,11943.646960,0
1790796960000,0.77570,0.77630,0.77540,0.77550,7266.5,1790797019999,5637.936520,198,2953.0,2291.141780,0
1790797020000,0.77560,0.77610,0.77510,0.77570,9888.8,1790797079999,7670.551790,253,6402.5,4966.949910,0
1790797080000,0.77570,0.77760,0.77560,0.77670,41244.8,1790797139999,32043.386140,395,26081.1,20260.933090,0
1790797140000,0.77680,0.77680,0.77530,0.77610,41448.0,1790797199999,32150.351970,400,21179.2,16429.240970,0
1790797200000,0.77610,0.77610,0.77500,0.77500,76290.5,1790797259999,59149.652530,245,10123.7,7849.762990,0
1790797260000,0.77490,0.77500,0.77400,0.77400,15466.7,1790797319999,11980.672740,254,8827.9,6838.561680,0
1790797320000,0.77400,0.77420,0.77310,0.77370,28070.0,1790797379999,21717.383400,345,9537.8,7379.860370,0
1790797380000,0.77380,0.77390,0.77310,0.77370,10328.2,1790797439999,7989.822190,173,4742.4,3668.449910,0
1790797440000,0.77380,0.77400,0.77320,0.77330,34182.0,1790797499999,26439.847380,181,5771.9,4464.923060,0
1790797500000,0.77340,0.77340,0.77210,0.77250,12906.8,1790797559999,9971.635710,197,3718.9,2872.553560,0
1790797560000,0.77250,0.77280,0.77180,0.77240,23795.4,1790797619999,18374.347560,281,7609.1,5876.681310,0
1790797620000,0.77250,0.77380,0.77080,0.77220,50527.4,1790797679999,39009.826220,463,12028.9,9291.979880,0
1790797680000,0.77210,0.77360,0.77170,0.77270,59258.1,1790797739999,45779.022600,545,25766.6,19908.027990,0
1790797740000,0.77270,0.77280,0.77140,0.77150,38758.9,1790797799999,29919.848950,317,8324.9,6428.675810,0
1790797800000,0.77140,0.77190,0.76930,0.76970,50347.0,1790797859999,38787.370610,540,14977.2,11547.807860,0
1790797860000,0.76970,0.76970,0.76690,0.76870,164110.6,1790797919999,126027.163340,937,42839.8,32913.319250,0
1790797920000,0.76870,0.77020,0.76820,0.76930,56800.7,1790797979999,43679.916710,564,37713.9,29004.478660,0
1790797980000,0.76930,0.77120,0.76860,0.76910,73288.2,1790798039999,56465.221070,616,43602.0,33597.221500,0
1790798040000,0.76920,0.76980,0.76780,0.76780,33719.5,1790798099999,25917.971530,482,11624.3,8934.918200,0
1790798100000,0.76780,0.77150,0.76730,0.77130,26194.8,1790798159999,20137.779420,468,13691.2,10532.731340,0
1790798160000,0.77130,0.77200,0.77020,0.77070,37755.9,1790798219999,29125.123910,390,29715.6,22927.460200,0
1790798220000,0.77090,0.77110,0.77010,0.77080,31736.0,1790798279999,24461.961160,272,12763.7,9838.608760,0
1790798280000,0.77070,0.77070,0.76920,0.77020,23685.0,1790798339999,18229.936650,319,7328.6,5641.855480,0
1790798340000,0.77010,0.77110,0.76990,0.77060,33421.7,1790798399999,25757.345850,338,14220.1,10959.393350,0
1790798400000,0.77070,0.77320,0.77070,0.77230,63216.8,1790798459999,48810.218050,831,33754.7,26061.875420,0
1790798460000,0.77220,0.77260,0.76920,0.77130,47791.0,1790798519999,36846.810560,722,17737.9,13676.286950,0
1790798520000,0.77110,0.77150,0.76360,0.76670,829698.2,1790798579999,635623.507220,2394,85240.7,65378.241780,0
1790798580000,0.76670,0.76930,0.76640,0.76920,185163.7,1790798639999,142160.851610,905,141462.5,108598.281620,0
1790798640000,0.76920,0.76990,0.76810,0.76920,74395.4,1790798699999,57210.726880,492,36104.4,27771.934940,0
1790798700000,0.76910,0.77080,0.76860,0.76990,66247.3,1790798759999,51009.634630,788,37752.8,29073.126090,0
1790798760000,0.76990,0.77050,0.76850,0.77040,59758.9,1790798819999,45988.100560,586,24284.2,18689.156150,0
1790798820000,0.77030,0.77080,0.76920,0.76980,37057.3,1790798879999,28532.558130,439,19767.3,15219.259720,0
1790798880000,0.76980,0.77020,0.76890,0.76940,37580.0,1790798939999,28916.339340,469,15337.5,11803.605480,0
1790798940000,0.76950,0.76980,0.76890,0.76940,40301.8,1790798999999,31009.677650,456,16603.0,12776.177460,0
1790799000000,0.76930,0.76990,0.76870,0.76970,24855.1,1790799059999,19123.656180,282,11268.4,8669.159820,0
1790799060000,0.76970,0.77060,0.76610,0.76770,295566.3,1790799119999,227051.747150,1280,70883.2,54514.862730,0
1790799120000,0.76780,0.76810,0.76660,0.76760,58921.6,1790799179999,45212.490700,598,18937.8,14535.339400,0
1790799180000,0.76750,0.76790,0.76310,0.76580,348886.2,1790799239999,266998.516350,2530,90041.0,68902.805870,0
1790799240000,0.76580,0.76860,0.76560,0.76850,93167.6,1790799299999,71470.709760,667,37062.7,28436.479240,0
1790799300000,0.76850,0.77080,0.76690,0.76890,227913.7,1790799359999,175228.588490,1248,71533.1,55020.761830,0
1790799360000,0.76890,0.76890,0.76710,0.76770,45482.9,1790799419999,34931.448630,605,17878.1,13729.962350,0
1790799420000,0.76770,0.76810,0.76700,0.76750,40030.1,1790799479999,30729.447360,405,21587.2,16570.222200,0
1790799480000,0.76750,0.76820,0.76700,0.76770,46148.4,1790799539999,35430.922870,413,19975.7,15339.341560,0
1790799540000,0.76770,0.77000,0.76770,0.77000,33061.6,1790799599999,25424.942580,407,24648.9,18959.790340,0
1790799600000,0.76990,0.77100,0.76720,0.76850,177104.1,1790799659999,136136.502200,964,47914.1,36879.842280,0
1790799660000,0.76870,0.77140,0.76870,0.77080,63888.8,1790799719999,49204.138120,490,47165.2,36326.590090,0
1790799720000,0.77090,0.77310,0.77090,0.77310,63075.4,1790799779999,48705.835500,537,43484.0,33578.537270,0
1790799780000,0.77310,0.77390,0.77220,0.77280,44659.6,1790799839999,34522.579530,390,18041.1,13953.425030,0
1790799840000,0.77290,0.77380,0.77250,0.77270,54745.4,1790799899999,42331.808620,365,28835.3,22292.800390,0
1790799900000,0.77280,0.77410,0.77260,0.77390,27436.7,1790799959999,21217.612810,288,22876.9,17691.294070,0
1790799960000,0.77400,0.77410,0.77320,0.77380,18297.1,1790800019999,14156.384470,210,9591.3,7420.098980,0
1790800020000,0.77390,0.77440,0.77270,0.77290,44723.3,1790800079999,34599.632070,376,25340.3,19606.795650,0
1790800080000,0.77290,0.77390,0.77280,0.77390,54914.2,1790800139999,42470.148790,406,47353.3,36622.020270,0
1790800140000,0.77390,0.77400,0.77280,0.77280,36468.3,1790800199999,28201.624380,407,13901.1,10749.816730,0
1790800200000,0.77280,0.77330,0.77160,0.77160,22756.5,1790800259999,17578.285230,388,10568.7,8164.246840,0
1790800260000,0.77180,0.77180,0.77050,0.77080,35057.9,1790800319999,27030.624640,378,12033.9,9279.324680,0
1790800320000,0.77090,0.77090,0.76860,0.76970,106479.5,1790800379999,81922.851880,637,29774.2,22914.830570,0
1790800380000,0.76980,0.77100,0.76920,0.77100,62716.2,1790800439999,48292.658500,593,46330.8,35678.317360,0
1790800440000,0.77100,0.77170,0.77040,0.77110,44249.6,1790800499999,34125.933910,496,15011.5,11577.516720,0
1790800500000,0.77110,0.77190,0.77060,0.77080,42059.1,1790800559999,32439.857600,402,25689.5,19819.082270,0
1790800560000,0.77090,0.77210,0.77020,0.77100,45665.5,1790800619999,35224.365320,487,31777.8,24511.786820,0
1790800620000,0.77090,0.77140,0.76980,0.77090,18930.4,1790800679999,14582.214210,408,8685.0,6690.747430,0
1790800680000,0.77090,0.77090,0.76930,0.76950,14080.4,1790800739999,10842.164150,186,1204.8,928.081240,0
1790800740000,0.76940,0.77050,0.76880,0.76960,55893.9,1790800799999,43017.557390,472,43387.9,33392.378610,0
1790800800000,0.76960,0.76980,0.76900,0.76900,19407.7,1790800859999,14933.039630,245,8546.2,6575.799660,0
1790800860000,0.76890,0.76900,0.76830,0.76860,33456.9,1790800919999,25713.593820,350,10548.5,8108.295510,0
1790800920000,0.76850,0.76880,0.76710,0.76760,70306.5,1790800979999,53976.340750,536,25512.5,19595.778030,0
1790800980000,0.76760,0.76850,0.76750,0.76820,22919.5,1790801039999,17599.533240,244,9787.0,7515.928360,0
1790801040000,0.76820,0.76870,0.76800,0.76860,44994.0,1790801099999,34566.177940,186,7101.5,5457.173380,0
1790801100000,0.76860,0.76940,0.76800,0.76920,33690.8,1790801159999,25891.933500,202,13125.8,10087.640690,0
1790801160000,0.76920,0.76920,0.76790,0.76790,23255.5,1790801219999,17866.628770,274,8501.0,6530.621510,0
1790801220000,0.76790,0.76880,0.76710,0.76860,17009.3,1790801279999,13058.730530,267,9227.9,7085.981130,0
1790801280000,0.76860,0.76900,0.76720,0.76770,25540.1,1790801339999,19616.363470,337,11828.0,9082.944170,0
1790801340000,0.76760,0.76810,0.76610,0.76810,39121.3,1790801399999,30003.282890,377,17868.4,13711.145770,0
1790801400000,0.76800,0.76810,0.76670,0.76730,20653.7,1790801459999,15845.965580,291,14988.0,11499.068280,0
1790801460000,0.76720,0.76840,0.76720,0.76800,18275.3,1790801519999,14032.573320,264,12899.0,9905.611920,0
1790801520000,0.76810,0.76900,0.76810,0.76900,15979.5,1790801579999,12282.822530,244,12011.3,9232.225670,0
1790801580000,0.76900,0.76910,0.76870,0.76890,12854.4,1790801639999,9882.282030,212,7332.7,5637.299700,0
1790801640000,0.76880,0.76880,0.76650,0.76710,34326.2,1790801699999,26341.381570,429,11535.3,8855.858540,0
1790801700000,0.76690,0.76700,0.76480,0.76560,62288.8,1790801759999,47692.997390,615,14938.3,11443.558160,0
1790801760000,0.76560,0.76590,0.76480,0.76550,36022.9,1790801819999,27566.550680,420,6236.8,4774.221080,0
1790801820000,0.76540,0.76650,0.76540,0.76650,14453.6,1790801879999,11073.967300,234,7711.0,5907.576710,0
1790801880000,0.76640,0.76780,0.76600,0.76720,17112.2,1790801939999,13123.729750,271,13115.4,10058.509450,0
1790801940000,0.76720,0.76810,0.76720,0.76800,12175.9,1790801999999,9348.880980,200,7234.1,5554.633060,0
1790802000000,0.76800,0.76870,0.76730,0.76850,25266.9,1790802059999,19408.147920,339,21126.8,16227.843270,0
1790802060000,0.76850,0.76890,0.76800,0.76820,14615.6,1790802119999,11231.443640,204,8826.1,6782.799850,0
1790802120000,0.76800,0.76810,0.76640,0.76750,20383.0,1790802179999,15635.369490,396,15188.7,11649.897260,0
1790802180000,0.76750,0.76960,0.76730,0.76880,32266.5,1790802239999,24808.631500,410,23064.6,17731.594340,0
1790802240000,0.76870,0.76980,0.76870,0.76970,55862.5,1790802299999,42977.745490,407,35656.5,27432.686240,0
1790802300000,0.76960,0.76960,0.76750,0.76750,8619.9,1790802359999,6626.676030,243,823.9,633.116740,0
1790802360000,0.76750,0.76800,0.76720,0.76780,9366.2,1790802419999,7190.279280,169,5255.6,4034.103110,0
1790802420000,0.76770,0.76800,0.76630,0.76660,24293.3,1790802479999,18638.895360,305,13508.4,10366.409180,0
1790802480000,0.76650,0.76650,0.76550,0.76590,24140.6,1790802539999,18494.997280,331,14542.9,11142.472480,0
1790802540000,0.76600,0.76600,0.76530,0.76580,24039.2,1790802599999,18407.614910,264,16116.5,12340.327610,0
1790802600000,0.76580,0.76640,0.76490,0.76500,32283.6,1790802659999,24722.729500,424,19067.1,14601.738330,0
1790802660000,0.76480,0.76670,0.76450,0.76660,32065.9,1790802719999,24554.648340,415,23774.8,18205.889940,0
1790802720000,0.76660,0.76730,0.76630,0.76650,51116.6,1790802779999,39191.430300,419,30364.7,23280.827850,0
1790802780000,0.76660,0.76700,0.76530,0.76550,49547.9,1790802839999,37963.967250,432,11034.3,8455.055200,0
1790802840000,0.76550,0.76640,0.76530,0.76590,19549.9,1790802899999,14973.325650,224,8583.2,6574.972550,0
1790802900000,0.76590,0.76630,0.76540,0.76580,11161.8,1790802959999,8548.312180,177,7468.7,5719.870880,0
1790802960000,0.76560,0.76700,0.76530,0.76690,46788.4,1790803019999,35851.959390,464,34630.3,26536.658310,0
1790803020000,0.76700,0.76890,0.76670,0.76840,52513.9,1790803079999,40312.259070,550,46343.6,35576.114320,0
1790803080000,0.76840,0.76900,0.76750,0.76810,25463.1,1790803139999,19563.021820,295,14243.4,10943.635810,0
1790803140000,0.76800,0.76800,0.76620,0.76710,18120.3,1790803199999,13901.945110,242,10022.5,7690.682290,0
1790803200000,0.76700,0.76760,0.76670,0.76760,6588.1,1790803259999,5054.223050,157,4778.8,3666.266610,0
1790803260000,0.76770,0.76780,0.76670,0.76670,7156.8,1790803319999,5491.198720,128,1184.1,908.576530,0
1790803320000,0.76670,0.76700,0.76600,0.76660,16240.2,1790803379999,12448.456060,241,4972.4,3812.166090,0
1790803380000,0.76660,0.76660,0.76580,0.76610,12123.8,1790803439999,9289.935840,136,6659.0,5101.998500,0
1790803440000,0.76610,0.76630,0.76330,0.76340,48309.8,1790803499999,36921.478210,462,9782.8,7477.880800,0
1790803500000,0.76350,0.76440,0.76340,0.76360,11589.0,1790803559999,8852.456390,183,5155.2,3937.977670,0
1790803560000,0.76380,0.76570,0.76380,0.76570,14434.3,1790803619999,11040.147000,190,12589.6,9629.735820,0
1790803620000,0.76570,0.76620,0.76560,0.76600,12159.5,1790803679999,9313.233190,114,3081.3,2359.942140,0
1790803680000,0.76580,0.76600,0.76490,0.76580,31665.6,1790803739999,24238.698280,252,9101.5,6969.377190,0
1790803740000,0.76570,0.76650,0.76530,0.76530,10947.3,1790803799999,8384.981530,154,2968.9,2274.629400,0
1790803800000,0.76520,0.76530,0.76440,0.76480,8602.6,1790803859999,6579.352100,120,3537.5,2705.450770,0
1790803860000,0.76500,0.76520,0.76370,0.76460,6127.8,1790803919999,4685.730520,150,3796.2,2902.822090,0
1790803920000,0.76470,0.76500,0.76450,0.76460,10654.3,1790803979999,8148.358340,139,6671.2,5102.018880,0
1790803980000,0.76460,0.76680,0.76460,0.76660,20363.9,1790804039999,15594.271720,271,14895.9,11404.317110,0
1790804040000,0.76680,0.76760,0.76680,0.76750,14548.7,1790804099999,11164.638800,126,13281.9,10192.480240,0
1790804100000,0.76750,0.76800,0.76720,0.76750,31789.7,1790804159999,24402.477480,208,9997.0,7674.482070,0
1790804160000,0.76760,0.76780,0.76710,0.76710,19941.4,1790804219999,15304.374980,124,6366.1,4885.964830,0
1790804220000,0.76710,0.76820,0.76690,0.76820,14238.0,1790804279999,10929.362800,127,7607.2,5841.064440,0
1790804280000,0.76820,0.76860,0.76820,0.76830,8989.9,1790804339999,6907.339530,119,5627.9,4324.240610,0
1790804340000,0.76830,0.76850,0.76730,0.76740,8966.9,1790804399999,6888.488020,146,7012.4,5387.669790,0
1790804400000,0.76730,0.76770,0.76700,0.76770,23410.1,1790804459999,17964.860780,219,17700.9,13584.852000,0
1790804460000,0.76780,0.76790,0.76690,0.76750,35663.8,1790804519999,27375.548200,275,11046.4,8482.246960,0
1790804520000,0.76750,0.76760,0.76730,0.76730,7625.4,1790804579999,5852.593430,89,6361.6,4882.685330,0
1790804580000,0.76730,0.76850,0.76730,0.76780,24361.3,1790804639999,18707.764950,273,20205.8,15516.287820,0
1790804640000,0.76780,0.76810,0.76760,0.76770,7112.1,1790804699999,5460.645720,120,3299.5,2533.545120,0
1790804700000,0.76770,0.76790,0.76770,0.76780,24642.2,1790804759999,18922.504420,62,2472.7,1898.565100,0
1790804760000,0.76790,0.76790,0.76740,0.76760,5133.2,1790804819999,3940.250900,110,3524.8,2705.436940,0
1790804820000,0.76770,0.76820,0.76770,0.76790,7209.2,1790804879999,5536.354890,150,5269.2,4046.651520,0
1790804880000,0.76800,0.76820,0.76770,0.76780,8022.9,1790804939999,6161.718860,130,5849.8,4492.946780,0
1790804940000,0.76770,0.76770,0.76640,0.76660,20441.1,1790804999999,15675.246250,180,2206.9,1692.511860,0
1790805000000,0.76660,0.76660,0.76530,0.76530,10525.8,1790805059999,8061.140300,157,4619.6,3537.706160,0
1790805060000,0.76530,0.76530,0.76370,0.76390,24581.1,1790805119999,18791.955480,247,3900.9,2983.069900,0
1790805120000,0.76380,0.76450,0.76370,0.76430,6780.2,1790805179999,5180.663110,116,5703.6,4358.066680,0
1790805180000,0.76420,0.76510,0.76420,0.76500,12458.6,1790805239999,9528.209640,136,6033.9,4615.052660,0
1790805240000,0.76500,0.76560,0.76490,0.76520,8781.5,1790805299999,6720.846200,115,2983.3,2282.655130,0
1790805300000,0.76500,0.76520,0.76490,0.76510,1988.4,1790805359999,1521.157340,63,1659.0,1269.173360,0
1790805360000,0.76510,0.76510,0.76440,0.76450,3470.5,1790805419999,2653.729020,92,920.3,703.657460,0
1790805420000,0.76450,0.76470,0.76440,0.76470,8377.6,1790805479999,6404.987860,69,5284.6,4040.552920,0
1790805480000,0.76470,0.76480,0.76460,0.76460,9621.6,1790805539999,7357.491680,82,3285.7,2512.516700,0
1790805540000,0.76470,0.76480,0.76460,0.76480,1262.5,1790805599999,965.439260,48,1146.3,876.592740,0
1790805600000,0.76480,0.76480,0.76380,0.76400,30846.2,1790805659999,23580.014460,201,10384.2,7938.773010,0
1790805660000,0.76400,0.76440,0.76100,0.76180,107489.6,1790805719999,81950.895600,622,22063.2,16841.516670,0
1790805720000,0.76180,0.76200,0.76030,0.76080,58445.2,1790805779999,44474.863260,483,10406.9,7919.346190,0
1790805780000,0.76080,0.76110,0.75800,0.76070,583962.7,1790805839999,443771.433590,1610,247692.7,188217.886790,0
1790805840000,0.76060,0.76060,0.75610,0.75820,223645.9,1790805899999,169352.120850,1012,37902.8,28722.012300,0
1790805900000,0.75810,0.75900,0.75750,0.75900,41001.8,1790805959999,31096.326950,478,26912.1,20412.197290,0
1790805960000,0.75890,0.75960,0.75720,0.75810,104791.3,1790806019999,79529.037430,428,20355.6,15446.719530,0
1790806020000,0.75810,0.76030,0.75810,0.75930,58778.0,1790806079999,44657.428890,338,48434.3,36802.463050,0
1790806080000,0.75940,0.76110,0.75930,0.76080,34725.9,1790806139999,26415.506360,245,10515.7,7996.659440,0
1790806140000,0.76080,0.76100,0.76010,0.76010,32414.1,1790806199999,24658.973840,180,12569.2,9561.809410,0
1790806200000,0.76020,0.76160,0.75990,0.76140,32823.4,1790806259999,24977.936640,351,24754.4,18837.161690,0
1790806260000,0.76140,0.76170,0.76110,0.76110,17404.4,1790806319999,13252.169110,188,10859.7,8269.143690,0
1790806320000,0.76110,0.76180,0.76110,0.76150,15183.4,1790806379999,11561.113750,239,11782.8,8971.509300,0
1790806380000,0.76160,0.76250,0.76160,0.76200,29453.6,1790806439999,22443.567400,257,23567.0,17957.874650,0
1790806440000,0.76210,0.76290,0.76180,0.76290,23230.8,1790806499999,17706.633420,238,21298.5,16234.252120,0
1790806500000,0.76290,0.76390,0.76280,0.76390,15876.0,1790806559999,12116.645110,195,11638.3,8883.421020,0
1790806560000,0.76400,0.76420,0.76340,0.76380,14327.0,1790806619999,10944.199650,160,5573.6,4257.831590,0
1790806620000,0.76370,0.76450,0.76370,0.76430,9475.8,1790806679999,7240.206780,123,5446.4,4161.237070,0
1790806680000,0.76420,0.76520,0.76420,0.76450,18123.5,1790806739999,13861.167230,174,9493.7,7259.869900,0
1790806740000,0.76460,0.76510,0.76450,0.76490,15776.9,1790806799999,12068.171150,129,3792.2,2900.087410,0
1790806800000,0.76490,0.76550,0.76460,0.76520,12680.2,1790806859999,9702.013020,166,8361.0,6397.569620,0
1790806860000,0.76520,0.76530,0.76480,0.76480,31304.4,1790806919999,23952.985120,132,15816.1,12102.076560,0
1790806920000,0.76490,0.76570,0.76480,0.76550,18029.1,1790806979999,13797.768210,136,9774.0,7481.597530,0
1790806980000,0.76550,0.76580,0.76550,0.76560,6600.4,1790807039999,5053.014530,139,3260.4,2496.071000,0
1790807040000,0.76550,0.76620,0.76520,0.76550,27276.8,1790807099999,20882.922340,212,11217.5,8588.455630,0
1790807100000,0.76550,0.76640,0.76550,0.76590,24003.5,1790807159999,18389.562390,151,21606.2,16553.255860,0
1790807160000,0.76600,0.76760,0.76600,0.76760,13179.8,1790807219999,10103.623060,219,9907.6,7595.938270,0
1790807220000,0.76760,0.76770,0.76700,0.76730,22194.2,1790807279999,17030.842160,180,11501.0,8824.972530,0
1790807280000,0.76720,0.76840,0.76720,0.76830,14522.1,1790807339999,11154.048250,155,14214.4,10917.783570,0
1790807340000,0.76830,0.76910,0.76830,0.76910,12660.2,1790807399999,9730.604740,110,12137.2,9328.679600,0
1790807400000,0.76910,0.76950,0.76910,0.76940,18362.3,1790807459999,14126.887180,195,10789.8,8301.249260,0
1790807460000,0.76940,0.77040,0.76940,0.77000,52643.1,1790807519999,40533.790790,322,31392.4,24170.370500,0
1790807520000,0.77000,0.77150,0.76970,0.77130,120201.2,1790807579999,92702.526300,375,31268.0,24108.228910,0
1790807580000,0.77110,0.77150,0.77060,0.77130,28824.7,1790807639999,22223.847100,297,10735.5,8278.110570,0
1790807640000,0.77120,0.77170,0.77090,0.77170,18669.0,1790807699999,14394.498630,143,15122.3,11659.832750,0
1790807700000,0.77170,0.77260,0.77170,0.77240,43424.6,1790807759999,33534.210860,244,11345.2,8761.917340,0
1790807760000,0.77230,0.77230,0.77150,0.77160,18501.9,1790807819999,14278.943100,159,7581.2,5851.044040,0
1790807820000,0.77150,0.77180,0.77110,0.77160,24537.5,1790807879999,18928.147270,163,14956.2,11536.167760,0
1790807880000,0.77160,0.77190,0.77130,0.77180,6856.3,1790807939999,5291.478450,122,5005.7,3863.254420,0
1790807940000,0.77190,0.77200,0.77170,0.77200,8259.6,1790807999999,6375.453050,92,4433.7,3422.516960,0
1790808000000,0.77200,0.77270,0.77200,0.77270,9101.3,1790808059999,7030.203840,139,7857.2,6069.379720,0
1790808060000,0.77280,0.77290,0.77230,0.77240,11951.5,1790808119999,9232.958250,153,5390.9,4164.323000,0
1790808120000,0.77240,0.77250,0.77180,0.77180,10444.9,1790808179999,8065.447690,103,1029.1,794.865390,0
1790808180000,0.77170,0.77190,0.77150,0.77150,13783.7,1790808239999,10636.414200,118,6756.0,5213.445130,0
1790808240000,0.77160,0.77210,0.77150,0.77200,7232.9,1790808299999,5581.482170,101,3689.2,2847.024240,0
1790808300000,0.77210,0.77250,0.77210,0.77240,8252.3,1790808359999,6372.381320,72,6686.8,5163.189120,0
1790808360000,0.77250,0.77290,0.77220,0.77220,6547.1,1790808419999,5058.569050,136,4819.0,3723.300300,0
1790808420000,0.77230,0.77260,0.77210,0.77240,23502.0,1790808479999,18153.595000,171,21862.0,16886.991430,0
1790808480000,0.77240,0.77240,0.77120,0.77190,20737.9,1790808539999,16005.031800,241,9269.1,7153.517580,0
1790808540000,0.77180,0.77300,0.77160,0.77300,33632.1,1790808599999,25976.381610,315,26239.3,20269.092870,0
1790808600000,0.77290,0.77380,0.77260,0.77270,20854.2,1790808659999,16124.620920,191,18311.9,14159.180890,0
1790808660000,0.77270,0.77280,0.77170,0.77210,9602.2,1790808719999,7416.022390,159,4748.3,3666.696970,0
1790808720000,0.77210,0.77320,0.77210,0.77300,8967.4,1790808779999,6926.732340,137,2209.3,1706.781120,0
1790808780000,0.77300,0.77300,0.77240,0.77240,23183.5,1790808839999,17912.716630,121,3451.5,2666.836270,0
1790808840000,0.77250,0.77330,0.77240,0.77260,8552.3,1790808899999,6608.393180,123,5065.3,3914.041430,0
1790808900000,0.77270,0.77330,0.77240,0.77270,18336.9,1790808959999,14172.675640,288,13250.2,10242.225560,0
1790808960000,0.77280,0.77350,0.77270,0.77320,7999.0,1790809019999,6184.100810,121,6726.1,5200.186260,0
1790809020000,0.77330,0.77370,0.77300,0.77300,11977.1,1790809079999,9262.264000,154,5335.7,4126.482470,0
1790809080000,0.77300,0.77300,0.77140,0.77160,50288.3,1790809139999,38824.989990,305,5256.5,4058.906510,0
1790809140000,0.77160,0.77210,0.77130,0.77160,13894.3,1790809199999,10724.398420,145,9204.3,7104.627530,0
1790809200000,0.77160,0.77330,0.77130,0.77310,65713.3,1790809259999,50786.260340,232,40606.8,31383.695090,0
1790809260000,0.77310,0.77350,0.77220,0.77220,48850.1,1790809319999,37742.991950,434,16264.8,12570.204250,0
1790809320000,0.77210,0.77380,0.77200,0.77310,52393.4,1790809379999,40490.798750,470,35088.5,27118.798480,0
1790809380000,0.77320,0.77440,0.77280,0.77380,46221.4,1790809439999,35761.327550,297,24442.3,18908.993220,0
1790809440000,0.77370,0.77390,0.77230,0.77260,13190.6,1790809499999,10200.448170,173,3651.5,2824.355750,0
1790809500000,0.77260,0.77320,0.77160,0.77160,13938.5,1790809559999,10765.313600,182,5993.4,4629.641000,0
1790809560000,0.77160,0.77260,0.77150,0.77170,17713.5,1790809619999,13675.097630,244,11483.6,8864.694390,0
1790809620000,0.77170,0.77240,0.77000,0.77150,37508.1,1790809679999,28916.754160,445,9919.8,7652.669420,0
1790809680000,0.77140,0.77150,0.76960,0.77010,44345.4,1790809739999,34163.578260,468,17624.8,13580.490600,0
1790809740000,0.77010,0.77090,0.76990,0.77090,24803.9,1790809799999,19105.369720,272,17035.2,13122.574820,0
1790809800000,0.77100,0.77120,0.77040,0.77060,17997.5,1790809859999,13875.446170,184,5023.2,3872.689550,0
1790809860000,0.77050,0.77100,0.77040,0.77040,11003.7,1790809919999,8480.158310,149,3650.7,2813.382700,0
1790809920000,0.77040,0.77090,0.76970,0.77070,62754.3,1790809979999,48322.755020,275,24387.2,18779.518320,0
1790809980000,0.77070,0.77180,0.77070,0.77120,31454.3,1790810039999,24261.078500,283,25425.9,19612.318950,0
1790810040000,0.77120,0.77180,0.77040,0.77100,39723.6,1790810099999,30625.034240,258,10581.9,8160.668270,0
1790810100000,0.77100,0.77150,0.77070,0.77090,9599.6,1790810159999,7401.837390,116,3256.3,2511.121560,0
1790810160000,0.77080,0.77300,0.77060,0.77210,43387.1,1790810219999,33510.008520,304,41515.2,32065.053470,0
1790810220000,0.77200,0.77270,0.77170,0.77200,16559.7,1790810279999,12790.074350,248,5998.6,4633.278120,0
1790810280000,0.77190,0.77270,0.77170,0.77240,12997.9,1790810339999,10037.928250,164,6658.7,5142.922440,0
1790810340000,0.77240,0.77330,0.77240,0.77310,14212.9,1790810399999,10985.119570,120,8616.8,6659.229810,0
1790810400000,0.77310,0.77340,0.77240,0.77340,42586.8,1790810459999,32909.842780,157,6582.1,5088.082800,0
1790810460000,0.77340,0.77550,0.77320,0.77380,62807.4,1790810519999,48650.024790,457,25971.7,20121.442850,0
1790810520000,0.77380,0.77390,0.77350,0.77390,12840.4,1790810579999,9934.893810,87,8570.8,6631.300320,0
1790810580000,0.77380,0.77380,0.77320,0.77330,28889.1,1790810639999,22348.850610,126,5606.8,4336.853200,0
1790810640000,0.77340,0.77340,0.77260,0.77290,8680.1,1790810699999,6709.997650,99,2026.3,1566.142620,0
1790810700000,0.77300,0.77310,0.77210,0.77220,14175.1,1790810759999,10953.817500,121,4634.1,3580.828350,0
1790810760000,0.77220,0.77290,0.77220,0.77270,18548.6,1790810819999,14329.779580,137,4361.8,3368.789910,0
1790810820000,0.77270,0.77270,0.77200,0.77240,11531.4,1790810879999,8906.214130,123,1884.1,1455.397630,0
1790810880000,0.77230,0.77230,0.77170,0.77200,16885.3,1790810939999,13035.923660,153,7299.6,5635.114670,0
1790810940000,0.77200,0.77210,0.77180,0.77200,4117.6,1790810999999,3178.813590,67,1333.5,1029.342580,0
1790811000000,0.77190,0.77300,0.77190,0.77300,6156.7,1790811059999,4755.060970,112,5703.9,4405.519060,0
1790811060000,0.77300,0.77300,0.77160,0.77170,11688.9,1790811119999,9026.718760,134,2951.0,2278.994070,0
1790811120000,0.77160,0.77160,0.77110,0.77120,13546.4,1790811179999,10448.172760,134,5928.4,4572.215040,0
1790811180000,0.77110,0.77110,0.76990,0.77060,35177.9,1790811239999,27099.426310,301,9002.7,6935.128780,0
1790811240000,0.77070,0.77230,0.77060,0.77210,15514.9,1790811299999,11970.368130,169,13751.5,10609.203420,0
1790811300000,0.77220,0.77280,0.77170,0.77210,41650.9,1790811359999,32161.416740,245,17016.1,13142.469320,0
1790811360000,0.77220,0.77350,0.77210,0.77240,43587.5,1790811419999,33689.247020,295,27775.9,21467.119740,0
1790811420000,0.77230,0.77280,0.77180,0.77250,9030.7,1790811479999,6974.144250,158,5680.0,4386.572140,0
1790811480000,0.77260,0.77280,0.77230,0.77240,34527.6,1790811539999,26675.645160,149,6724.9,5194.803840,0
1790811540000,0.77250,0.77270,0.77180,0.77180,12175.1,1790811599999,9403.688660,138,9470.5,7315.290320,0
1790811600000,0.77170,0.77200,0.77140,0.77170,14811.6,1790811659999,11429.427120,167,11724.2,9047.154900,0
1790811660000,0.77180,0.77270,0.77180,0.77180,12227.3,1790811719999,9440.654150,169,9589.2,7403.091020,0
1790811720000,0.77180,0.77180,0.77120,0.77130,24311.0,1790811779999,18759.390090,127,4153.3,3203.901900,0
1790811780000,0.77130,0.77200,0.77120,0.77150,19032.2,1790811839999,14687.393280,208,16058.7,12392.574540,0
1790811840000,0.77150,0.77230,0.77150,0.77190,8134.8,1790811899999,6279.201060,112,5014.8,3870.756310,0
1790811900000,0.77190,0.77190,0.77110,0.77140,20501.8,1790811959999,15819.702180,143,4217.5,3254.319610,0
1790811960000,0.77150,0.77150,0.77070,0.77080,7475.2,1790812019999,5763.119020,108,1464.5,1129.102910,0
1790812020000,0.77090,0.77120,0.77050,0.77060,11910.1,1790812079999,9181.530310,138,8339.7,6429.379360,0
1790812080000,0.77050,0.77070,0.77040,0.77070,7082.6,1790812139999,5457.474390,94,3826.5,2948.661890,0
1790812140000,0.77070,0.77110,0.77060,0.77080,6931.3,1790812199999,5342.774710,90,2238.1,1725.229540,0
1790812200000,0.77080,0.77080,0.76980,0.77000,15579.5,1790812259999,12001.033240,277,4242.5,3267.985720,0
1790812260000,0.77010,0.77070,0.76970,0.76970,38110.4,1790812319999,29350.172560,298,23389.8,18015.765530,0
1790812320000,0.76970,0.77020,0.76970,0.76990,6895.9,1790812379999,5309.211560,133,2357.0,1814.639810,0
1790812380000,0.76990,0.77040,0.76980,0.77010,28592.0,1790812439999,22020.514180,151,2290.1,1763.605710,0
1790812440000,0.77010,0.77030,0.77000,0.77000,3046.5,1790812499999,2346.333520,70,2249.7,1732.686370,0
1790812500000,0.76990,0.76990,0.76930,0.76950,34386.9,1790812559999,26463.557220,154,11633.4,8951.673320,0
1790812560000,0.76960,0.76980,0.76920,0.76980,6338.0,1790812619999,4876.939750,123,3770.7,2901.609880,0
1790812620000,0.76970,0.77040,0.76930,0.77010,10794.7,1790812679999,8310.793050,172,5484.8,4222.395550,0
1790812680000,0.77020,0.77030,0.76980,0.77010,10691.0,1790812739999,8232.004330,126,2938.6,2262.852150,0
1790812740000,0.77000,0.77020,0.77000,0.77000,4151.6,1790812799999,3197.177400,74,2673.8,2059.116370,0
