1790726400000,86.02300,86.06700,86.00000,86.01900,2843.84,1790726459999,244700.9489400,1004,998.98,85957.8829900,0
1790726460000,86.01900,86.03600,86.00700,86.02800,1723.81,1790726519999,148278.8982700,638,881.01,75778.1111400,0
1790726520000,86.02700,86.05500,86.00500,86.02700,2759.09,1790726579999,237354.0518100,1137,1593.91,137116.5994600,0
1790726580000,86.02800,86.08800,86.00500,86.07600,1447.37,1790726639999,124555.0197100,1061,1067.43,91861.4394200,0
1790726640000,86.07500,86.07500,85.98600,86.02100,1580.60,1790726699999,135951.1555200,914,651.88,56064.2303200,0
1790726700000,86.02100,86.12500,86.01000,86.10100,2608.62,1790726759999,224571.5437700,1366,2064.36,177719.3193600,0
1790726760000,86.10100,86.10700,86.03300,86.05000,1127.08,1790726819999,96995.9671800,752,598.38,51489.1295100,0
1790726820000,86.05000,86.16900,86.04900,86.11700,2915.02,1790726879999,251006.1707200,1374,2225.06,191593.3954000,0
1790726880000,86.11600,86.11600,85.95800,85.97900,4472.94,1790726939999,384785.3573500,1305,1153.08,99239.7853800,0
1790726940000,85.97800,86.05300,85.97800,85.99800,2568.42,1790726999999,220905.8929800,1150,1850.25,159134.7522500,0
1790727000000,85.99900,86.01200,85.91400,85.92300,3779.92,1790727059999,324842.6057600,1339,1199.26,103063.3714000,0
1790727060000,85.92300,85.92300,85.82500,85.85000,3363.92,1790727119999,288833.5975300,1345,914.46,78501.2978400,0
1790727120000,85.85000,85.86600,85.74300,85.79700,5614.45,1790727179999,481642.3923100,1430,2440.38,209336.2828800,0
1790727180000,85.79700,85.81700,85.74100,85.78200,3399.33,1790727239999,291610.8102300,1164,1190.78,102136.9929500,0
1790727240000,85.78100,85.82600,85.75900,85.82500,1818.66,1790727299999,156019.7615500,909,1354.83,116228.0720900,0
1790727300000,85.82500,85.88100,85.80200,85.88000,2279.44,1790727359999,195660.3856300,989,1288.93,110636.4962300,0
1790727360000,85.88000,85.90800,85.85300,85.85400,1504.85,1790727419999,129229.7303800,849,1052.78,90407.1790000,0
1790727420000,85.85400,85.86900,85.79500,85.79500,1015.30,1790727479999,87140.8062300,887,354.25,30400.5288400,0
1790727480000,85.79400,85.79500,85.73600,85.77400,1743.57,1790727539999,149525.0248600,830,978.59,83916.7452800,0
1790727540000,85.77600,85.79300,85.74400,85.77400,1292.17,1790727599999,110828.7668900,829,694.71,59583.0065800,0
1790727600000,85.77400,85.81100,85.73900,85.74800,2981.68,1790727659999,255751.4287300,913,1402.55,120307.4558700,0
1790727660000,85.74800,85.80300,85.73400,85.79900,1660.46,1790727719999,142405.1813100,801,791.77,67901.7419200,0
1790727720000,85.80000,85.81300,85.70000,85.71700,4371.33,1790727779999,374764.9538400,1379,1744.17,149531.7923500,0
1790727780000,85.71700,85.72500,85.63300,85.65100,3444.38,1790727839999,295095.7872100,1107,1367.97,117208.1534400,0
1790727840000,85.65200,85.80000,85.65200,85.73900,4005.50,1790727899999,343457.2010000,1430,2737.48,234708.6705300,0
1790727900000,85.73900,85.88700,85.73900,85.85700,7143.85,1790727959999,613169.7053800,1568,5480.75,470430.3758200,0
1790727960000,85.85700,85.87200,85.73600,85.87200,1987.31,1790728019999,170482.1561900,980,1407.44,120718.7350600,0
1790728020000,85.87100,85.87900,85.81200,85.85700,2765.68,1790728079999,237424.5184000,1122,2088.01,179244.3679100,0
1790728080000,85.85700,86.08400,85.85700,86.02200,5535.62,1790728139999,476007.9823600,1820,3901.66,335439.8097200,0
1790728140000,86.02200,86.06500,86.00700,86.04000,1614.73,1790728199999,138933.0412100,957,811.30,69803.5653200,0
1790728200000,86.04100,86.30200,86.04000,86.21500,19142.98,1790728259999,1650615.5669500,2887,12155.22,1047781.2889000,0
1790728260000,86.21500,86.23200,86.07400,86.19300,3303.83,1790728319999,284647.6096600,1318,2175.96,187451.4527800,0
1790728320000,86.19300,86.23900,86.10900,86.23400,3380.74,1790728379999,291337.7215200,1456,1805.17,155568.2365700,0
1790728380000,86.23500,86.25100,86.19900,86.23700,3218.81,1790728439999,277555.5595700,975,1141.86,98457.1718200,0
1790728440000,86.23800,86.28400,86.20700,86.28400,2838.82,1790728499999,244846.5491000,1285,2061.73,177829.5348100,0
1790728500000,86.28500,86.30200,86.17700,86.23900,2296.56,1790728559999,198066.8620800,1221,1238.60,106811.3438700,0
1790728560000,86.23900,86.31300,86.16700,86.17300,4419.69,1790728619999,381266.1934100,1245,2367.55,204275.0146200,0
1790728620000,86.17400,86.22000,86.11800,86.18000,4280.73,1790728679999,368804.9051300,1422,1350.32,116337.1177200,0
1790728680000,86.17800,86.18900,86.15900,86.16700,1913.73,1790728739999,164916.7774000,848,700.04,60322.8613100,0
1790728740000,86.16700,86.21900,86.14900,86.21700,1800.13,1790728799999,155141.4713100,752,1144.36,98622.9189500,0
1790728800000,86.21700,86.30300,86.20200,86.28900,3045.33,1790728859999,262687.4755500,1014,2084.36,179800.5945600,0
1790728860000,86.28900,86.32000,86.25500,86.27900,2558.20,1790728919999,220753.1795200,956,1822.67,157279.3167200,0
1790728920000,86.27900,86.29900,86.19200,86.19200,1963.20,1790728979999,169315.0462000,887,1096.48,94547.5138600,0
1790728980000,86.19300,86.21200,86.10600,86.10600,2058.85,1790729039999,177406.0923600,872,1095.37,94398.9460700,0
1790729040000,86.10600,86.16700,86.10600,86.15000,1658.44,1790729099999,142864.3725600,776,947.61,81623.1293400,0
1790729100000,86.15000,86.16100,86.00000,86.00000,2830.16,1790729159999,243528.1021600,1075,1163.04,100057.0371300,0
1790729160000,86.00000,86.01700,85.94500,86.00800,2618.24,1790729219999,225108.9184300,1131,1228.12,105585.6167000,0
1790729220000,86.00700,86.10800,85.97400,85.99500,3131.83,1790729279999,269442.5952100,1612,2016.70,173497.8052700,0
1790729280000,85.99500,86.00700,85.92100,85.93000,2306.68,1790729339999,198278.7273900,1067,958.12,82366.4396400,0
1790729340000,85.93000,85.97400,85.91600,85.95700,1293.30,1790729399999,111153.6597700,782,817.80,70283.5878900,0
1790729400000,85.95700,85.95700,85.86300,85.88100,1486.67,1790729459999,127710.3117600,840,375.57,32262.1133000,0
1790729460000,85.88200,85.95600,85.87600,85.95600,996.71,1790729519999,85612.1243200,671,735.85,63206.4289700,0
1790729520000,85.95600,86.03400,85.95600,86.00600,1000.21,1790729579999,86031.7232300,768,400.13,34412.7678400,0
1790729580000,86.00500,86.02900,85.94600,86.02400,912.69,1790729639999,78480.4369400,784,366.23,31490.4249100,0
1790729640000,86.02400,86.05000,85.99000,85.99300,1169.09,1790729699999,100563.4238700,876,478.49,41163.0592700,0
1790729700000,85.99200,86.08500,85.98000,86.08500,636.39,1790729759999,54757.2362800,693,407.89,35094.8858700,0
1790729760000,86.08500,86.13100,86.06100,86.08000,1272.12,1790729819999,109519.9092300,796,864.08,74388.7875700,0
1790729820000,86.08100,86.20400,86.06200,86.20000,4678.77,1790729879999,403143.5511700,1561,3673.00,316491.8554400,0
1790729880000,86.20000,86.25400,86.17000,86.24600,1969.65,1790729939999,169790.5186400,1011,1172.84,101113.4271000,0
1790729940000,86.24500,86.28500,86.22500,86.25100,1837.52,1790729999999,158485.8075800,849,929.46,80171.9590300,0
1790730000000,86.25100,86.26200,86.17900,86.20600,3562.93,1790730059999,307195.5095400,1209,1989.27,171509.5524000,0
1790730060000,86.20700,86.28800,86.19200,86.28800,2794.91,1790730119999,241016.4710000,1169,1565.87,135026.5264100,0
1790730120000,86.28700,86.29900,86.25700,86.29300,3413.81,1790730179999,294533.8419100,1175,1323.50,114189.7184000,0
1790730180000,86.29200,86.30000,86.24700,86.28500,1397.21,1790730239999,120540.4382000,1029,859.53,74149.2321900,0
1790730240000,86.28400,86.31500,86.25200,86.27500,4197.88,1790730299999,362213.2017100,1442,2956.81,255145.2623200,0
1790730300000,86.27500,86.40600,86.27400,86.40600,2947.80,1790730359999,254511.6057600,980,2760.68,238362.4812500,0
1790730360000,86.40500,86.40500,86.26300,86.29600,2685.00,1790730419999,231767.6452500,1416,1226.19,105821.6826700,0
1790730420000,86.29500,86.31100,86.26000,86.30000,1960.93,1790730479999,169184.3214000,1026,1048.23,90432.7543900,0
1790730480000,86.29600,86.29600,86.22800,86.29500,1372.71,1790730539999,118404.1999900,1020,515.41,44458.0459400,0
1790730540000,86.29500,86.40200,86.29500,86.40200,1791.36,1790730599999,154722.8063900,1223,935.77,80820.7973800,0
1790730600000,86.40200,86.40300,86.29200,86.31400,3072.06,1790730659999,265319.4921800,1112,831.32,71787.6711000,0
1790730660000,86.31400,86.36900,86.31400,86.31400,1882.45,1790730719999,162531.6673200,1042,712.59,61520.4266900,0
1790730720000,86.31400,86.38500,86.26400,86.26400,2284.02,1790730779999,197208.1885200,1331,1646.77,142196.5726000,0
1790730780000,86.26400,86.30400,86.24100,86.28600,1464.11,1790730839999,126316.9154800,903,823.88,71075.5548600,0
1790730840000,86.28600,86.34100,86.28600,86.32800,2340.66,1790730899999,202029.2894700,752,1390.70,120026.4151500,0
1790730900000,86.32900,86.35500,86.28900,86.33600,1054.38,1790730959999,91023.0324700,957,699.68,60401.5828600,0
1790730960000,86.33600,86.37000,86.31400,86.35100,2116.22,1790731019999,182729.2519800,1144,838.95,72438.1903400,0
1790731020000,86.35000,86.37300,86.30800,86.34600,2365.04,1790731079999,204201.0131800,880,706.51,60997.7447000,0
1790731080000,86.34700,86.35600,86.32500,86.33500,1955.19,1790731139999,168815.3780100,757,433.99,37469.0697900,0
1790731140000,86.33400,86.34700,86.28900,86.29000,827.26,1790731199999,71410.6650400,562,156.28,13490.2783500,0
1790731200000,86.28900,86.34400,86.25600,86.34100,3769.88,1790731259999,325348.8175100,1086,1536.06,132588.6653500,0
1790731260000,86.34200,86.39400,86.31800,86.32700,2948.58,1790731319999,254616.8956000,991,1620.63,139939.0752400,0
1790731320000,86.32700,86.35600,86.32000,86.35500,1739.94,1790731379999,150218.2910600,545,940.79,81225.9472900,0
1790731380000,86.35500,86.40000,86.34600,86.38400,3939.02,1790731439999,340285.5183800,701,2159.26,186539.1971300,0
1790731440000,86.38500,86.47300,86.36700,86.47200,13640.25,1790731499999,1178492.0557600,1217,12498.27,1079834.4710100,0
1790731500000,86.47200,86.48500,86.43600,86.43600,2545.90,1790731559999,220155.4669300,836,1292.69,111781.8095200,0
1790731560000,86.43600,86.44800,86.33000,86.35400,1647.26,1790731619999,142328.9685500,1061,1061.57,91723.2998800,0
1790731620000,86.35400,86.36800,86.29800,86.30200,1518.44,1790731679999,131080.3412400,947,530.32,45784.1301500,0
1790731680000,86.30200,86.30300,86.27000,86.28200,2636.17,1790731739999,227466.5858400,1096,1082.23,93374.3706600,0
1790731740000,86.28100,86.28200,86.21000,86.23100,1833.78,1790731799999,158164.3282200,891,489.79,42237.4077400,0
1790731800000,86.23100,86.36500,86.17000,86.33600,3192.28,1790731859999,275356.8428800,1822,1741.56,150228.9835100,0
1790731860000,86.33600,86.38000,86.23500,86.26300,4845.49,1790731919999,418352.1822800,1631,850.03,73361.1953300,0
1790731920000,86.26300,86.28700,86.24700,86.28600,1329.53,1790731979999,114700.6434200,987,716.89,61844.1281400,0
1790731980000,86.28400,86.28800,86.24400,86.28300,1500.88,1790732039999,129482.0529300,946,715.65,61737.3670900,0
1790732040000,86.28200,86.32500,86.23500,86.23900,1820.31,1790732099999,157079.1777000,1013,1192.23,102892.4585400,0
1790732100000,86.24000,86.28200,86.20400,86.25600,1808.50,1790732159999,155965.5749200,1087,1370.94,118231.6170900,0
1790732160000,86.25500,86.29800,86.22100,86.28200,1425.17,1790732219999,122942.1249700,1014,748.62,64578.8858800,0
1790732220000,86.28100,86.31400,86.24700,86.25900,1100.53,1790732279999,94957.1211400,938,471.24,40659.6171700,0
1790732280000,86.26200,86.28400,86.23600,86.24400,855.91,1790732339999,73831.7592700,746,434.70,37497.2414900,0
1790732340000,86.24600,86.30900,86.24600,86.30900,732.80,1790732399999,63223.7409900,616,320.63,27662.4650200,0
1790732400000,86.30900,86.33600,86.27800,86.27800,1453.80,1790732459999,125484.5879700,916,951.05,82092.8000200,0
1790732460000,86.27900,86.32800,86.26000,86.30700,829.82,1790732519999,71609.6635400,808,359.94,31060.1815200,0
1790732520000,86.30600,86.36100,86.30200,86.32400,670.42,1790732579999,57881.5646400,736,474.08,40929.9844400,0
1790732580000,86.32400,86.38900,86.31800,86.38900,932.44,1790732639999,80513.4642800,658,680.25,58740.3712700,0
1790732640000,86.38800,86.40700,86.37000,86.37400,797.90,1790732699999,68928.1191800,817,519.17,44849.7759700,0
1790732700000,86.37400,86.41200,86.33300,86.35500,716.71,1790732759999,61904.3917900,1010,381.23,32925.3348700,0
1790732760000,86.35600,86.42100,86.35600,86.37800,786.27,1790732819999,67936.0103400,893,420.83,36360.9634000,0
1790732820000,86.37800,86.41300,86.35900,86.39800,1684.24,1790732879999,145487.9433500,931,1257.14,108591.4308500,0
1790732880000,86.39800,86.40700,86.31100,86.34600,2346.00,1790732939999,202562.9265600,1004,1327.31,114589.6301500,0
1790732940000,86.34600,86.42800,86.33100,86.42300,875.93,1790732999999,75664.9604300,655,519.81,44898.6693300,0
1790733000000,86.42300,86.44300,86.36700,86.41100,2683.74,1790733059999,231869.7777500,1340,2105.53,181908.4174700,0
1790733060000,86.41000,86.43400,86.35200,86.42000,989.35,1790733119999,85475.9880400,935,486.17,42002.5791900,0
1790733120000,86.42000,86.46800,86.40600,86.40800,2615.41,1790733179999,226072.0706900,1293,1651.04,142720.8547400,0
1790733180000,86.40800,86.40800,86.32300,86.37500,1398.58,1790733239999,120776.1857000,1112,662.75,57225.6239000,0
1790733240000,86.37300,86.41400,86.34000,86.38900,1170.96,1790733299999,101145.2431600,896,493.18,42598.2026500,0
1790733300000,86.38900,86.38900,86.28700,86.31500,1503.64,1790733359999,129792.9381800,1076,532.27,45940.8726100,0
1790733360000,86.31500,86.35700,86.27600,86.28900,1871.26,1790733419999,161514.2350800,1117,1105.82,95442.0388100,0
1790733420000,86.29000,86.35900,86.28400,86.34500,1521.22,1790733479999,131321.2817000,909,812.45,70134.4023800,0
1790733480000,86.34400,86.34400,86.28800,86.29600,1235.27,1790733539999,106612.1551500,796,671.00,57907.7790800,0
1790733540000,86.29500,86.33900,86.29500,86.32000,1006.21,1790733599999,86852.7783000,886,536.09,46270.4573100,0
1790733600000,86.32100,86.36500,86.27300,86.31700,2809.52,1790733659999,242540.8549600,1533,1088.14,93929.9383800,0
1790733660000,86.31700,86.33800,86.29700,86.33600,1188.02,1790733719999,102549.1880700,1037,465.68,40195.9242600,0
1790733720000,86.33600,86.33700,86.25900,86.26000,1153.17,1790733779999,99514.5601700,846,412.20,35566.1840100,0
1790733780000,86.26000,86.37400,86.23000,86.31200,2577.58,1790733839999,222448.5638700,1371,1322.44,114137.1980800,0
1790733840000,86.31300,86.39000,86.29500,86.35000,1859.25,1790733899999,160554.2748800,1003,860.34,74293.1087000,0
1790733900000,86.35000,86.43300,86.35000,86.39800,2912.13,1790733959999,251607.7344800,1108,1517.26,131100.1438500,0
1790733960000,86.39800,86.46500,86.39200,86.45500,2859.84,1790734019999,247167.8504800,1107,1760.49,152152.3105000,0
1790734020000,86.45500,86.55400,86.45300,86.48500,3882.51,1790734079999,335828.5702500,1391,2087.57,180571.9684500,0
1790734080000,86.48500,86.53200,86.39000,86.39100,7691.93,1790734139999,665047.4881300,2213,3212.95,277836.5386000,0
1790734140000,86.39600,86.39700,86.27000,86.27000,3317.53,1790734199999,286409.1715900,1286,742.73,64100.6112900,0
1790734200000,86.27000,86.28200,86.22300,86.24300,1760.54,1790734259999,151857.2669100,798,622.05,53653.3439300,0
1790734260000,86.24300,86.24300,86.20200,86.22900,2126.88,1790734319999,183390.1892000,839,1579.29,136172.8461800,0
1790734320000,86.22900,86.22900,86.19300,86.19300,1030.60,1790734379999,88850.6773100,652,466.46,40215.6818800,0
1790734380000,86.19300,86.28200,86.17300,86.23000,2498.03,1790734439999,215404.5398300,991,1630.57,140597.8015300,0
1790734440000,86.22800,86.22800,86.18400,86.21200,1795.49,1790734499999,154773.4464700,714,833.67,71859.4535800,0
1790734500000,86.21200,86.25100,86.17300,86.23400,1951.51,1790734559999,168236.0840000,749,1142.18,98466.5853500,0
1790734560000,86.23300,86.23300,86.09200,86.09200,2456.71,1790734619999,211662.3754900,1055,585.05,50421.6636800,0
1790734620000,86.09200,86.16700,86.09200,86.15600,2703.95,1790734679999,232886.6710700,912,1614.08,139018.0415500,0
1790734680000,86.15600,86.24900,86.04800,86.12900,4514.18,1790734739999,388862.8386100,1666,1551.27,133662.9533200,0
1790734740000,86.12900,86.14200,86.10200,86.10200,2470.99,1790734799999,212805.8968400,924,857.16,73817.8423900,0
1790734800000,86.10200,86.15700,86.09800,86.12400,1216.86,1790734859999,104800.3419600,703,458.93,39522.2905300,0
1790734860000,86.12400,86.26100,86.10200,86.26100,1453.79,1790734919999,125254.1843700,851,1213.07,104514.8943500,0
1790734920000,86.26100,86.28400,86.24600,86.28300,831.62,1790734979999,71743.3326000,623,464.60,40078.2190100,0
1790734980000,86.28200,86.35800,86.20400,86.20400,3645.06,1790735039999,314587.0733800,1348,2018.58,174229.7480000,0
1790735040000,86.20400,86.27200,86.18300,86.18300,1220.09,1790735099999,105211.3425100,815,853.98,73643.1487200,0
1790735100000,86.18300,86.23500,86.14300,86.23100,2181.13,1790735159999,188002.6441400,1007,1522.99,131282.7058500,0
1790735160000,86.23200,86.27400,86.19700,86.19700,1234.88,1790735219999,106502.4193300,715,708.22,61082.1835000,0
1790735220000,86.19700,86.20300,86.14400,86.18500,1412.48,1790735279999,121722.1363200,802,1004.41,86553.5572100,0
1790735280000,86.18500,86.18500,86.15300,86.16700,1164.94,1790735339999,100378.3513000,625,358.01,30847.5178000,0
1790735340000,86.16700,86.20400,86.14000,86.20400,1094.71,1790735399999,94325.2686600,567,388.91,33515.7899800,0
1790735400000,86.20400,86.23000,86.18100,86.19200,1341.47,1790735459999,115646.8736200,701,428.68,36954.7663200,0
1790735460000,86.19100,86.28300,86.18400,86.26800,1550.05,1790735519999,133675.0887000,917,968.14,83483.1172500,0
1790735520000,86.26800,86.27800,86.14900,86.16700,1582.32,1790735579999,136428.3599900,976,293.84,25327.4962900,0
1790735580000,86.16700,86.18400,86.14300,86.16300,1863.15,1790735639999,160543.7121600,582,1060.42,91369.1947000,0
1790735640000,86.16500,86.22100,86.15000,86.15100,1479.20,1790735699999,127484.6869800,740,560.05,48272.9282900,0
1790735700000,86.15000,86.18200,86.15000,86.16200,1196.26,1790735759999,103072.1835900,673,315.40,27175.2751500,0
1790735760000,86.16200,86.20900,86.13900,86.17800,2112.05,1790735819999,181987.8696000,837,932.24,80333.1150500,0
1790735820000,86.17800,86.22900,86.16000,86.18900,1779.01,1790735879999,153339.4374700,988,696.83,60060.8888200,0
1790735880000,86.19000,86.19000,86.15400,86.17200,1017.73,1790735939999,87696.6883900,436,636.03,54804.4766300,0
1790735940000,86.17300,86.23200,86.16400,86.23200,1082.64,1790735999999,93310.4041900,492,848.94,73169.1749100,0
1790736000000,86.23300,86.32700,86.23200,86.32700,2453.80,1790736059999,211710.2349700,824,1523.75,131465.7941800,0
1790736060000,86.32700,86.33100,86.22900,86.28400,3848.85,1790736119999,332105.5342000,1126,977.57,84350.0530400,0
1790736120000,86.28300,86.29400,86.18800,86.19100,3271.08,1790736179999,282139.0429000,1166,1231.00,106198.6099000,0
1790736180000,86.19200,86.21900,86.17800,86.19600,1430.62,1790736239999,123316.1378300,461,382.44,32964.1126400,0
1790736240000,86.19600,86.26400,86.19600,86.24000,606.29,1790736299999,52291.2494100,445,198.37,17107.2365100,0
1790736300000,86.23900,86.25600,86.19900,86.25600,689.93,1790736359999,59485.0088500,543,290.89,25079.0252100,0
1790736360000,86.25600,86.27800,86.22100,86.23300,946.85,1790736419999,81669.1928300,631,482.20,41589.6996100,0
1790736420000,86.23400,86.32500,86.23300,86.28800,2020.51,1790736479999,174357.8227300,1065,1121.95,96817.1742900,0
1790736480000,86.28800,86.32900,86.27000,86.28200,983.25,1790736539999,84860.2029500,563,520.31,44905.0362700,0
1790736540000,86.28400,86.30700,86.25400,86.25500,848.24,1790736599999,73185.4737100,532,400.74,34574.7819700,0
1790736600000,86.25500,86.27600,86.25500,86.27500,350.30,1790736659999,30218.3505700,254,281.10,24248.3938600,0
1790736660000,86.27600,86.30100,86.21400,86.21400,1483.70,1790736719999,127990.2582400,855,270.85,23363.5951300,0
1790736720000,86.21300,86.27600,86.18600,86.21900,2048.39,1790736779999,176641.5657900,722,1373.39,118418.0316300,0
1790736780000,86.21800,86.24200,86.19800,86.19800,1162.32,1790736839999,100219.5172400,437,144.62,12469.6050300,0
1790736840000,86.19800,86.23900,86.18000,86.20300,2486.48,1790736899999,214381.9889800,601,2225.91,191920.3103700,0
1790736900000,86.20300,86.21200,86.19800,86.19800,550.41,1790736959999,47446.6224300,339,424.19,36565.8193500,0
1790736960000,86.19800,86.19800,86.12800,86.15900,2036.73,1790737019999,175468.1275500,655,700.60,60356.9538500,0
1790737020000,86.15800,86.15800,86.12400,86.14200,1624.33,1790737079999,139932.1305400,470,799.34,68863.2554400,0
1790737080000,86.14300,86.18000,86.12900,86.13800,768.88,1790737139999,66242.8093800,489,298.48,25714.9771600,0
1790737140000,86.13800,86.25000,86.13700,86.21900,1122.54,1790737199999,96759.1904100,506,863.28,74402.4957000,0
1790737200000,86.21900,86.27100,86.21900,86.22500,667.58,1790737259999,57582.2203800,639,185.77,16023.6246200,0
1790737260000,86.22500,86.22500,86.09000,86.09100,1452.10,1790737319999,125138.1735800,722,327.95,28262.4404700,0
1790737320000,86.09000,86.16600,86.09000,86.13800,1333.98,1790737379999,114889.7571200,810,876.33,75469.8660100,0
1790737380000,86.13800,86.18200,86.13200,86.18200,650.92,1790737439999,56078.2212200,593,452.54,38988.4583100,0
1790737440000,86.18300,86.27900,86.18300,86.25700,1511.19,1790737499999,130336.3828500,751,839.02,72351.0150600,0
1790737500000,86.25700,86.27400,86.22200,86.27300,3066.09,1790737559999,264414.8946200,668,323.85,27931.3378600,0
1790737560000,86.27300,86.27300,86.19700,86.20600,1215.75,1790737619999,104835.8039300,474,238.33,20545.4952400,0
1790737620000,86.20600,86.21600,86.16400,86.19900,2072.13,1790737679999,178612.7416200,644,1249.94,107747.3447200,0
1790737680000,86.19900,86.22300,86.17000,86.22300,910.70,1790737739999,78498.0709200,485,414.09,35698.0340200,0
1790737740000,86.22300,86.27800,86.22300,86.26600,1070.75,1790737799999,92364.6227900,516,582.11,50211.8495700,0
1790737800000,86.26700,86.28200,86.20100,86.20100,1964.10,1790737859999,169414.5171400,522,191.03,16479.6823900,0
1790737860000,86.20200,86.21100,86.17300,86.17300,615.16,1790737919999,53024.8944600,291,70.50,6077.2466800,0
1790737920000,86.17300,86.21000,86.17300,86.18700,692.51,1790737979999,59684.0423000,404,616.71,53150.4028500,0
1790737980000,86.18800,86.18800,86.16500,86.16600,602.62,1790738039999,51930.8716300,154,13.57,1169.3763700,0
1790738040000,86.16500,86.16900,86.16400,86.16500,818.80,1790738099999,70553.4269200,178,205.00,17664.0587000,0
1790738100000,86.16500,86.18500,86.16400,86.18500,413.16,1790738159999,35602.0691600,276,401.36,34585.2002200,0
1790738160000,86.18500,86.18500,86.01100,86.03200,6451.57,1790738219999,555451.0776800,1467,1190.59,102443.2045300,0
1790738220000,86.03400,86.06300,86.00700,86.06300,2287.92,1790738279999,196823.9392500,702,1337.30,115044.7764300,0
1790738280000,86.06200,86.06200,85.92000,85.92600,6666.44,1790738339999,573184.7608100,1523,413.14,35534.0260600,0
1790738340000,85.92700,85.99100,85.92400,85.92900,2525.78,1790738399999,217105.0719200,1027,1531.11,131604.8618000,0
1790738400000,85.92900,85.95800,85.92600,85.93300,1752.55,1790738459999,150614.9031800,738,1010.70,86858.9882700,0
1790738460000,85.93300,85.94200,85.91900,85.93000,949.78,1790738519999,81611.3382700,419,582.35,50038.6288000,0
1790738520000,85.93100,86.04500,85.93100,86.02800,1955.05,1790738579999,168146.6684100,1012,1371.17,117924.9032700,0
1790738580000,86.02900,86.02900,85.94700,85.94900,892.43,1790738639999,76739.0155200,647,379.10,32597.2628600,0
1790738640000,85.94800,85.94900,85.91800,85.94500,578.21,1790738699999,49686.2877500,473,388.97,33423.8996700,0
1790738700000,85.94600,85.95200,85.85500,85.85500,1177.14,1790738759999,101118.8202500,674,119.48,10265.1231700,0
1790738760000,85.85500,85.85600,85.77600,85.77700,4160.88,1790738819999,357045.5467400,1069,842.67,72304.5505100,0
1790738820000,85.77700,85.84000,85.73200,85.82700,4140.50,1790738879999,355171.4873300,969,1464.29,125646.8769200,0
1790738880000,85.82700,85.89900,85.79800,85.87900,3240.11,1790738939999,278178.8143300,913,2389.43,205170.2323800,0
1790738940000,85.88000,85.96000,85.88000,85.90900,3496.17,1790738999999,300417.4190800,805,2681.93,230445.0512200,0
1790739000000,85.90900,85.92200,85.83900,85.83900,1501.06,1790739059999,128906.5351100,849,756.93,65002.2880400,0
1790739060000,85.84100,85.85600,85.80000,85.80000,688.49,1790739119999,59087.5169700,510,376.11,32276.9807600,0
1790739120000,85.80000,85.80100,85.72000,85.76000,5370.18,1790739179999,460507.5618300,1050,419.45,35974.9532100,0
1790739180000,85.75900,85.86800,85.69800,85.76600,22451.90,1790739239999,1925211.8788700,1947,9303.20,797475.7846400,0
1790739240000,85.76400,85.81300,85.73600,85.80900,7479.24,1790739299999,641501.3851100,1361,3244.42,278319.3855800,0
1790739300000,85.80900,85.82000,85.70200,85.71700,3567.95,1790739359999,305988.9873800,924,568.52,48751.8905500,0
1790739360000,85.71600,85.85700,85.70000,85.85700,2176.24,1790739419999,186579.4719400,851,1157.43,99252.7716600,0
1790739420000,85.85700,85.95200,85.83800,85.86600,8513.26,1790739479999,731290.8701400,1486,6505.02,558804.4026300,0
1790739480000,85.86700,85.87300,85.85100,85.87200,625.55,1790739539999,53712.1022900,364,266.09,22847.2681400,0
1790739540000,85.87300,85.95100,85.87200,85.93700,7068.13,1790739599999,607118.3322000,754,6275.89,539037.7274300,0
1790739600000,85.93700,85.94000,85.89600,85.93300,2669.12,1790739659999,229332.0641200,692,957.00,82229.0012600,0
1790739660000,85.93400,85.96800,85.91100,85.91100,2802.09,1790739719999,240821.8110700,889,1068.72,91852.1477200,0
1790739720000,85.91200,85.96000,85.88800,85.93500,2028.59,1790739779999,174297.8578200,751,1154.45,99189.3156900,0
1790739780000,85.93600,85.94600,85.88600,85.88600,796.06,1790739839999,68394.7640100,456,163.90,14083.8089700,0
1790739840000,85.88600,85.88700,85.80500,85.80500,1156.58,1790739899999,99287.1143800,584,247.97,21288.1498100,0
1790739900000,85.80500,85.81200,85.75100,85.75100,1332.28,1790739959999,114292.2660700,502,298.96,25646.7746100,0
1790739960000,85.75100,85.75100,85.68700,85.72300,3876.83,1790740019999,332300.2288200,693,296.82,25442.1368600,0
1790740020000,85.72300,85.89900,85.72300,85.83000,5261.03,1790740079999,451665.3503600,1359,4068.05,349263.0229400,0
1790740080000,85.83000,85.83000,85.71600,85.73100,2852.74,1790740139999,244641.2671300,742,462.92,39707.9345200,0
1790740140000,85.73100,85.81300,85.73100,85.76400,1815.34,1790740199999,155718.5735600,875,734.95,63039.8651100,0
1790740200000,85.76400,85.79900,85.73200,85.77000,2208.25,1790740259999,189394.4251900,812,982.82,84281.2330900,0
1790740260000,85.77300,85.78700,85.72900,85.72900,1253.69,1790740319999,107529.6635400,565,874.00,74965.3126500,0
1790740320000,85.72800,85.72800,85.70100,85.71300,1696.14,1790740379999,145380.9222700,519,699.68,59972.1507200,0
1790740380000,85.71100,85.77500,85.71100,85.76300,3574.96,1790740439999,306518.0188800,797,2465.96,211425.6321100,0
1790740440000,85.76400,85.81800,85.76400,85.81600,1093.14,1790740499999,93784.3113500,444,870.33,74663.9436700,0
1790740500000,85.81700,85.82700,85.72900,85.75600,2297.38,1790740559999,197027.7737200,719,478.08,41000.0053100,0
1790740560000,85.75700,85.79400,85.73100,85.73100,1693.81,1790740619999,145277.1658000,755,982.68,84291.8855800,0
1790740620000,85.73000,85.74000,85.70600,85.72100,1455.21,1790740679999,124743.7998200,498,242.26,20767.4903600,0
1790740680000,85.72100,85.75200,85.70100,85.74600,2381.08,1790740739999,204127.0765800,670,1413.75,121205.4173800,0
1790740740000,85.74600,86.00000,85.74600,85.90700,23042.78,1790740799999,1979529.8883500,3978,15743.28,1352280.7486900,0
1790740800000,85.90700,85.90700,85.85100,85.86800,2575.78,1790740859999,221199.2523600,1011,680.78,58462.5011800,0
1790740860000,85.86800,85.88800,85.83500,85.83500,1617.95,1790740919999,138927.8435100,718,1001.57,86002.5821700,0
1790740920000,85.83600,85.91600,85.81500,85.91600,3580.97,1790740979999,307468.0670400,1141,1824.41,156651.3274200,0
1790740980000,85.91600,85.96100,85.90900,85.93700,1990.17,1790741039999,171030.4637500,908,1142.67,98196.6705700,0
1790741040000,85.93600,85.97000,85.90900,85.96900,9309.60,1790741099999,800201.1430500,1249,1987.32,170807.0343700,0
1790741100000,85.96800,85.98000,85.96400,85.96500,1400.09,1790741159999,120371.4753400,565,758.06,65172.7724400,0
1790741160000,85.96400,85.97800,85.90500,85.91300,2234.40,1790741219999,192055.3462700,899,790.76,67970.3844700,0
1790741220000,85.91400,85.94100,85.89600,85.93400,1656.73,1790741279999,142350.6877600,865,573.71,49292.4088100,0
1790741280000,85.93500,85.93500,85.88000,85.88000,1317.25,1790741339999,113155.5130700,653,230.02,19758.0424000,0
1790741340000,85.88100,85.88100,85.81400,85.85400,1003.10,1790741399999,86107.1771900,865,555.02,47642.3091400,0
1790741400000,85.85400,85.85400,85.83300,85.83400,1378.13,1790741459999,118303.0802000,676,405.17,34780.2712000,0
1790741460000,85.83500,85.90300,85.83300,85.88200,1498.11,1790741519999,128642.1776200,729,1198.86,102943.3973600,0
1790741520000,85.88200,85.92400,85.85200,85.85200,1524.24,1790741579999,130930.3291100,743,667.62,57346.6124700,0
1790741580000,85.85100,85.88700,85.85100,85.86000,1192.88,1790741639999,102434.5126800,508,724.20,62186.6593800,0
1790741640000,85.86100,85.88200,85.83200,85.85500,1222.61,1790741699999,104969.6051500,736,524.25,45008.5150800,0
1790741700000,85.85600,85.93200,85.84800,85.93200,1212.57,1790741759999,104162.7756600,851,780.63,67055.1917000,0
1790741760000,85.93200,85.93200,85.88400,85.88400,847.94,1790741819999,72836.7794500,526,324.92,27907.7763000,0
1790741820000,85.88400,85.90100,85.87600,85.90100,550.82,1790741879999,47308.6401000,432,297.94,25590.0043300,0
1790741880000,85.90100,85.96900,85.90100,85.96200,1488.27,1790741939999,127909.2126200,691,783.50,67324.5952300,0
1790741940000,85.96100,85.96900,85.88400,85.89600,3540.72,1790741999999,304248.7644600,889,384.79,33072.4718100,0
1790742000000,85.89600,85.90000,85.87300,85.87300,934.97,1790742059999,80306.8504100,384,348.64,29945.6417600,0
1790742060000,85.87400,85.90400,85.87200,85.88300,3155.31,1790742119999,271001.9702000,816,945.91,81240.8257600,0
1790742120000,85.88200,85.94700,85.85700,85.94600,2278.95,1790742179999,195771.7971800,941,1026.13,88155.0704800,0
1790742180000,85.94600,85.94700,85.89700,85.90900,1177.62,1790742239999,101182.7375100,619,268.55,23073.3674600,0
1790742240000,85.91000,85.96500,85.91000,85.96200,2879.91,1790742299999,247525.6488400,879,1455.91,125127.8237100,0
1790742300000,85.96200,86.04800,85.95400,86.01300,53456.81,1790742359999,4597292.6946800,1602,49339.98,4243247.1627400,0
1790742360000,86.01800,86.05100,85.99300,85.99300,2522.75,1790742419999,217024.1695400,704,1471.91,126627.0302800,0
1790742420000,85.99200,85.99200,85.95400,85.95400,1963.31,1790742479999,168780.6310400,728,634.61,54553.6484300,0
1790742480000,85.95400,85.97100,85.89600,85.89700,905.89,1790742539999,77856.8494900,516,136.89,11766.3828800,0
1790742540000,85.89800,85.90200,85.88100,85.88800,681.88,1790742599999,58567.8414500,357,298.02,25597.2603900,0
1790742600000,85.88800,85.92400,85.88700,85.92300,1297.24,1790742659999,111437.2960800,544,943.84,81075.9847500,0
1790742660000,85.92300,85.92300,85.80100,85.82600,2299.78,1790742719999,197395.5718300,1085,571.72,49064.4839100,0
1790742720000,85.82700,85.83600,85.80000,85.81700,685.43,1790742779999,58823.6804100,674,280.90,24106.0595700,0
1790742780000,85.81700,85.84500,85.80800,85.83800,1396.14,1790742839999,119814.0297900,462,1013.40,86964.8188100,0
1790742840000,85.83800,85.85000,85.82300,85.82300,496.43,1790742899999,42612.2678600,400,135.61,11640.6513100,0
1790742900000,85.82300,85.90500,85.77300,85.90300,4629.99,1790742959999,397418.6285600,1433,2781.86,238840.3637400,0
1790742960000,85.90500,85.99000,85.90400,85.93700,2534.84,1790743019999,217852.8710100,1171,1089.44,93618.6726800,0
1790743020000,85.93700,85.95900,85.89200,85.91900,836.17,1790743079999,71849.4074800,763,409.92,35222.8496600,0
1790743080000,85.92000,85.93200,85.90400,85.91700,868.86,1790743139999,74649.9861000,538,365.07,31366.1677100,0
1790743140000,85.91600,85.91600,85.87100,85.88900,358.16,1790743199999,30762.8724500,393,75.62,6494.5858600,0
1790743200000,85.88800,85.88800,85.82600,85.82600,1137.36,1790743259999,97657.5891200,689,182.29,15652.8944900,0
1790743260000,85.82600,85.89100,85.81900,85.88000,1212.24,1790743319999,104077.8665400,686,838.33,71969.2709500,0
1790743320000,85.88000,85.89600,85.87400,85.88300,545.38,1790743379999,46838.8431300,405,209.19,17965.6547300,0
1790743380000,85.88300,85.89000,85.85000,85.85800,893.41,1790743439999,76710.7284000,525,550.67,47279.2972700,0
1790743440000,85.85900,85.87000,85.85800,85.86900,496.36,1790743499999,42619.1771900,226,311.70,26763.1998500,0
1790743500000,85.86900,85.90000,85.86900,85.89000,910.09,1790743559999,78170.0743000,506,350.31,30086.7463000,0
1790743560000,85.89100,85.92400,85.87000,85.87800,1669.96,1790743619999,143449.8165700,602,666.38,57238.4447700,0
1790743620000,85.87900,85.89300,85.85800,85.85800,1105.16,1790743679999,94907.2686300,515,598.42,51390.3070700,0
1790743680000,85.85800,85.86900,85.85700,85.85700,561.68,1790743739999,48227.0999500,347,234.79,20159.0607700,0
1790743740000,85.85700,85.86400,85.79500,85.79600,1099.09,1790743799999,94343.1162400,621,277.17,23793.4949700,0
1790743800000,85.79500,85.85100,85.77500,85.85000,807.26,1790743859999,69267.2686400,508,423.72,36363.3236800,0
1790743860000,85.85000,85.86000,85.78100,85.78600,818.69,1790743919999,70263.4026400,622,221.53,19010.0491500,0
1790743920000,85.78600,85.83400,85.78600,85.82600,544.45,1790743979999,46719.9650200,559,224.06,19225.3892900,0
1790743980000,85.82600,85.82700,85.78000,85.78400,781.28,1790744039999,67032.9969500,393,124.40,10673.5315200,0
1790744040000,85.78400,85.78400,85.74200,85.75000,916.50,1790744099999,78607.2631400,516,316.77,27168.3825700,0
1790744100000,85.75000,85.77800,85.74600,85.75700,1512.47,1790744159999,129713.3875800,563,1020.14,87491.3150200,0
1790744160000,85.75600,85.75700,85.62000,85.63300,7214.86,1790744219999,618194.3182100,1382,1280.00,109717.4783600,0
1790744220000,85.63500,85.64100,85.48400,85.52900,15936.46,1790744279999,1363329.2075400,3388,3471.38,296921.0565900,0
1790744280000,85.52800,85.56500,85.46700,85.56500,7966.02,1790744339999,681245.5182600,1466,4467.00,382048.9755600,0
1790744340000,85.56500,85.56500,85.52200,85.54600,2524.56,1790744399999,215947.9660300,825,1196.63,102354.9698600,0
1790744400000,85.54700,85.78000,85.54600,85.78000,4993.48,1790744459999,427463.0429200,1780,3762.67,322133.9096100,0
1790744460000,85.77900,85.80000,85.70200,85.79600,4484.77,1790744519999,384561.7352800,1592,1718.88,147398.0863400,0
1790744520000,85.79600,85.81600,85.69600,85.69700,3161.56,1790744579999,271183.5889400,1200,1016.73,87220.9297000,0
1790744580000,85.69700,85.72200,85.65600,85.65800,1312.50,1790744639999,112458.3707800,700,459.88,39397.9789900,0
1790744640000,85.65800,85.67500,85.62900,85.67500,1163.26,1790744699999,99634.0436100,808,561.75,48113.5662000,0
1790744700000,85.67400,85.67400,85.60500,85.64000,1538.04,1790744759999,131705.8468700,787,518.07,44362.2624700,0
1790744760000,85.64200,85.74700,85.63100,85.74700,4868.09,1790744819999,417190.8393300,1255,4443.26,380790.7686800,0
1790744820000,85.74700,85.79000,85.72800,85.72800,1604.19,1790744879999,137588.5796200,703,1045.16,89647.3868700,0
1790744880000,85.72800,85.72900,85.68700,85.71400,1122.33,1790744939999,96198.2542700,711,414.84,35556.7211100,0
1790744940000,85.71500,85.73000,85.63300,85.69800,2245.28,1790744999999,192383.4923600,914,1348.83,115576.8759200,0
1790745000000,85.69800,85.69800,85.65000,85.66100,1555.65,1790745059999,133278.4948200,744,338.74,29017.8038200,0
1790745060000,85.66000,85.69000,85.63100,85.68900,1664.09,1790745119999,142545.3721400,763,843.25,72237.6835800,0
1790745120000,85.68900,85.71600,85.60200,85.60200,1839.86,1790745179999,157637.9728100,912,948.59,81289.4714000,0
1790745180000,85.60100,85.64000,85.55800,85.56300,2194.55,1790745239999,187839.6074300,955,458.78,39272.2486200,0
1790745240000,85.56300,85.62400,85.54700,85.62300,2049.10,1790745299999,175357.7623700,899,1260.21,107846.0107900,0
1790745300000,85.62300,85.74800,85.61700,85.74800,7722.92,1790745359999,661805.7847700,2199,4855.37,416079.2247100,0
1790745360000,85.74800,85.80900,85.70300,85.71600,5771.01,1790745419999,494916.1264100,1916,4040.59,346516.4346600,0
1790745420000,85.71600,85.73400,85.61000,85.62700,5335.34,1790745479999,457090.0528100,1376,2310.61,197954.1488500,0
1790745480000,85.62700,85.66000,85.54800,85.56000,12768.17,1790745539999,1093176.7704000,1745,8027.06,687315.0902000,0
1790745540000,85.55900,85.65200,85.52400,85.62600,6887.46,1790745599999,589295.5139300,1449,4474.26,382790.0819600,0
1790745600000,85.62700,85.70000,85.57800,85.68000,2854.06,1790745659999,244389.3580200,1047,1263.94,108236.7421100,0
1790745660000,85.68000,85.70100,85.64300,85.64700,1914.06,1790745719999,163973.8850200,761,796.21,68208.2764700,0
1790745720000,85.64600,85.71200,85.63800,85.71200,1359.94,1790745779999,116509.8916300,848,783.91,67159.5814100,0
1790745780000,85.71200,85.75500,85.71200,85.75400,1216.01,1790745839999,104253.9733100,744,902.86,77406.8712200,0
1790745840000,85.75400,85.82300,85.74300,85.80400,2817.41,1790745899999,241672.8392600,671,2515.65,215784.7727300,0
1790745900000,85.80500,85.83100,85.65700,85.65700,5002.23,1790745959999,428849.1021700,1447,937.49,80382.9335500,0
1790745960000,85.65700,85.67100,85.64500,85.64500,842.59,1790746019999,72175.2856500,527,588.18,50383.2938400,0
1790746020000,85.64500,85.73900,85.64500,85.69400,2025.71,1790746079999,173593.9757200,939,538.26,46119.7147700,0
1790746080000,85.69500,85.72000,85.50100,85.55000,11060.88,1790746139999,946781.3892900,3438,1512.44,129442.9295600,0
1790746140000,85.55000,85.55900,85.43500,85.46600,15985.50,1790746199999,1366631.2687700,5046,2717.20,232312.5815700,0
1790746200000,85.46700,85.66700,85.43400,85.66200,7109.66,1790746259999,608064.2454500,2422,2594.11,221912.7195900,0
1790746260000,85.66200,85.71200,85.60800,85.70500,4237.84,1790746319999,363049.5881200,1514,2857.14,244798.9674000,0
1790746320000,85.70600,85.78700,85.67400,85.70200,5873.80,1790746379999,503560.9361200,1430,2130.78,182668.5750900,0
1790746380000,85.70200,85.70200,85.59300,85.63700,4165.76,1790746439999,356735.8671900,1182,1789.63,153248.1963900,0
1790746440000,85.63800,85.72200,85.63800,85.71500,2836.78,1790746499999,243074.4646200,881,1283.49,109962.7778400,0
1790746500000,85.71400,85.86200,85.69700,85.80400,7553.69,1790746559999,648056.2684700,1717,6341.58,544088.9280600,0
1790746560000,85.80400,85.83800,85.74100,85.81900,3747.87,1790746619999,321529.8406700,1536,3022.46,259303.8009900,0
1790746620000,85.81800,85.84800,85.78800,85.81700,6596.28,1790746679999,566071.0582400,1852,4963.39,425952.7797600,0
1790746680000,85.81600,85.89900,85.80500,85.85800,5640.40,1790746739999,484246.9993600,1689,4490.31,385512.3822900,0
1790746740000,85.85700,85.95300,85.85700,85.94900,4396.73,1790746799999,377743.6666500,1337,3241.69,278508.3844000,0
1790746800000,85.94900,85.98200,85.90300,85.92200,5675.53,1790746859999,487806.9588100,1737,3912.29,336262.3782500,0
1790746860000,85.92200,85.97700,85.90300,85.91900,5665.44,1790746919999,486860.2668800,1340,3980.18,342051.1669500,0
1790746920000,85.91900,85.97100,85.91900,85.95300,4316.41,1790746979999,370981.8741100,1456,3423.56,294246.3303800,0
1790746980000,85.95300,86.02400,85.94800,85.96700,3731.85,1790747039999,320869.3674800,1096,2324.27,199856.9894800,0
1790747040000,85.96600,86.02400,85.90700,85.90700,1362.02,1790747099999,117116.9742200,805,470.31,40443.4519200,0
1790747100000,85.90400,86.02600,85.90400,85.93500,5952.81,1790747159999,511790.1984300,1917,4253.83,365716.9805100,0
1790747160000,85.93500,85.97700,85.87500,85.87600,4321.56,1790747219999,371317.1905900,1073,1220.83,104909.6833800,0
1790747220000,85.87600,85.88400,85.84000,85.86400,3670.89,1790747279999,315200.0337300,1060,1510.46,129699.6919700,0
1790747280000,85.86300,85.86300,85.80800,85.83900,1008.09,1790747339999,86518.4810100,549,543.74,46661.5593000,0
1790747340000,85.83900,85.90300,85.83900,85.90300,1608.93,1790747399999,138157.7890000,660,1186.90,101919.7095100,0
1790747400000,85.90300,85.91200,85.88500,85.90100,2363.22,1790747459999,203000.1750600,781,1113.39,95639.8415000,0
1790747460000,85.90200,85.90600,85.80600,85.84400,1900.10,1790747519999,163154.3611200,856,601.91,51671.8562500,0
1790747520000,85.84300,85.88900,85.80800,85.86800,4333.99,1790747579999,372054.6418400,1228,3469.74,297863.8382400,0
1790747580000,85.86800,85.86800,85.82800,85.84500,1246.25,1790747639999,106991.0643100,532,499.08,42843.9582000,0
1790747640000,85.84500,85.84800,85.81500,85.84300,1148.43,1790747699999,98571.4455500,433,240.62,20653.4470000,0
1790747700000,85.84300,85.84300,85.78100,85.78100,1100.27,1790747759999,94406.5290800,578,238.45,20458.8761100,0
1790747760000,85.78100,85.83800,85.78100,85.83800,1283.25,1790747819999,110106.3049700,420,1234.63,105934.4901200,0
1790747820000,85.83800,85.85400,85.79700,85.81100,738.17,1790747879999,63358.4629100,572,291.07,24983.4844000,0
1790747880000,85.81200,85.97600,85.79000,85.97100,2696.63,1790747939999,231508.0737100,1224,2255.33,193625.8328900,0
1790747940000,85.97100,85.98100,85.88400,85.94700,6034.68,1790747999999,518689.6030300,1656,4807.95,413256.7298500,0
1790748000000,85.94700,85.97100,85.89200,85.97000,2597.59,1790748059999,223194.0724300,1077,2224.75,191155.9442700,0
1790748060000,85.97100,85.97300,85.90700,85.95400,2170.34,1790748119999,186544.3248200,990,869.73,74749.5125900,0
1790748120000,85.95400,85.96500,85.88900,85.96000,1963.97,1790748179999,168751.1033500,1015,755.95,64953.1085300,0
1790748180000,85.96000,85.96100,85.89900,85.91800,1123.92,1790748239999,96571.4189700,763,601.54,51683.1187600,0
1790748240000,85.91700,85.95300,85.89400,85.95300,565.28,1790748299999,48572.5686300,620,241.99,20794.6336900,0
1790748300000,85.95200,86.03900,85.95200,86.03200,1146.90,1790748359999,98640.3741000,539,852.23,73288.9318400,0
1790748360000,86.03300,86.03300,85.97000,85.97000,2517.34,1790748419999,216480.8623000,626,255.82,21997.9755300,0
1790748420000,85.97000,85.97000,85.89000,85.90900,1666.01,1790748479999,143170.6888500,653,446.61,38366.7507600,0
1790748480000,85.90900,85.92200,85.85100,85.85100,1325.23,1790748539999,113844.4001000,484,688.17,59120.5501000,0
1790748540000,85.85100,85.86600,85.75000,85.75400,2101.73,1790748599999,180315.1377300,787,275.91,23685.1755400,0
1790748600000,85.75400,85.78900,85.72400,85.76700,4890.59,1790748659999,419359.9109800,1030,1787.51,153272.8287800,0
1790748660000,85.76700,85.76700,85.70300,85.70400,2593.12,1790748719999,222314.2045900,853,278.90,23907.3525500,0
1790748720000,85.70300,85.72000,85.65800,85.65800,1848.45,1790748779999,158403.4224700,602,537.38,46056.0155300,0
1790748780000,85.65800,85.68300,85.62400,85.66700,2001.91,1790748839999,171452.4541300,660,962.18,82405.6900700,0
1790748840000,85.66600,85.72600,85.64000,85.67700,2572.28,1790748899999,220392.7219500,1064,1418.00,121494.7274100,0
1790748900000,85.67300,85.73000,85.67300,85.69700,3261.54,1790748959999,279518.8816300,948,2351.46,201518.3392200,0
1790748960000,85.69700,85.72300,85.65300,85.71400,2199.02,1790749019999,188439.8594300,945,863.95,74025.8026500,0
1790749020000,85.71400,85.80600,85.70600,85.75900,3808.96,1790749079999,326717.9420000,971,3054.33,261981.2255600,0
1790749080000,85.75900,85.81900,85.72300,85.76800,1141.19,1790749139999,97887.9153200,823,485.03,41605.2903000,0
1790749140000,85.76900,85.77600,85.70500,85.71300,947.84,1790749199999,81269.6640300,532,552.78,47392.5681700,0
1790749200000,85.71300,85.73500,85.65400,85.70300,2140.68,1790749259999,183460.2980400,914,463.55,39724.4298600,0
1790749260000,85.70300,85.76200,85.69500,85.72700,1156.76,1790749319999,99168.7405100,694,570.03,48864.1165200,0
1790749320000,85.72700,85.73000,85.63000,85.64300,2016.08,1790749379999,172714.8773100,921,506.94,43439.5203800,0
1790749380000,85.64400,85.71800,85.64200,85.64200,963.83,1790749439999,82581.9221500,797,276.47,23686.7663600,0
1790749440000,85.64000,85.64000,85.53900,85.53900,1847.11,1790749499999,158102.0569500,802,199.01,17035.4084700,0
1790749500000,85.54000,85.54400,85.50000,85.52200,3400.72,1790749559999,290825.5564100,908,681.94,58314.0881500,0
1790749560000,85.52200,85.53700,85.50100,85.53200,1150.29,1790749619999,98378.2602400,554,495.60,42384.5168200,0
1790749620000,85.53300,85.56600,85.51400,85.53700,3238.85,1790749679999,277053.1441000,943,1697.03,145171.1991300,0
1790749680000,85.53800,85.67500,85.53800,85.64600,5443.40,1790749739999,465992.2620100,1661,3531.34,302264.9827900,0
1790749740000,85.64500,85.68200,85.57700,85.64400,3964.69,1790749799999,339487.9515100,1260,1115.86,95566.2732200,0
1790749800000,85.64300,85.65100,85.41400,85.50200,10946.04,1790749859999,936063.6998900,2761,2182.01,186598.9886100,0
1790749860000,85.50100,85.52300,85.45100,85.50200,3318.86,1790749919999,283743.4429800,948,2587.12,221186.5750400,0
1790749920000,85.50200,85.51600,85.41600,85.41900,1591.73,1790749979999,136004.4584400,702,569.03,48623.5694700,0
1790749980000,85.42000,85.47200,85.34600,85.34700,6254.48,1790750039999,534170.2312400,1567,1308.36,111736.9549900,0
1790750040000,85.34600,85.36000,85.23100,85.35600,11429.88,1790750099999,974881.4313100,2227,3745.04,319476.2372400,0
1790750100000,85.35600,85.35700,85.24000,85.26300,18618.75,1790750159999,1587822.1095800,3561,5336.04,455065.2804100,0
1790750160000,85.26400,85.33200,85.22900,85.32200,12937.02,1790750219999,1103104.2891600,2170,3456.09,294714.8262400,0
1790750220000,85.32200,85.36600,85.29400,85.32900,1879.57,1790750279999,160411.5046500,874,932.86,79613.6786500,0
1790750280000,85.32900,85.39600,85.32900,85.39600,2238.90,1790750339999,191117.8448300,958,1679.50,143367.5623400,0
1790750340000,85.39800,85.41500,85.29100,85.39500,5590.84,1790750399999,477198.0558200,1610,3456.74,295041.0329200,0
1790750400000,85.39400,85.47600,85.34500,85.45600,4665.55,1790750459999,398529.1330000,1764,3339.49,285244.9424000,0
1790750460000,85.45500,85.47500,85.31500,85.33400,4621.21,1790750519999,394668.9059500,1461,3047.27,260261.3419900,0
1790750520000,85.33300,85.48600,85.33300,85.48600,3105.94,1790750579999,265250.8472000,910,2673.72,228323.7998900,0
1790750580000,85.48600,85.51100,85.41300,85.43800,3430.74,1790750639999,293169.6214400,1036,1270.01,108519.3180400,0
1790750640000,85.43600,85.44400,85.39600,85.43500,1592.89,1790750699999,136071.5593900,853,714.77,61055.9185800,0
1790750700000,85.43600,85.43600,85.24100,85.28000,7762.50,1790750759999,662292.9721800,2126,1245.94,106261.8676300,0
1790750760000,85.27900,85.28200,85.13600,85.16700,11748.74,1790750819999,1001230.7785500,1926,3073.45,261950.4993300,0
1790750820000,85.16700,85.21900,85.14000,85.21300,6475.67,1790750879999,551608.7508200,1215,2362.24,201217.1882200,0
1790750880000,85.21300,85.21400,85.14000,85.17200,4759.83,1790750939999,405444.0486900,1146,2059.65,175443.3005900,0
1790750940000,85.17100,85.25500,85.10700,85.24600,4830.52,1790750999999,411335.6339700,1341,1023.71,87208.5436100,0
1790751000000,85.24500,85.28900,85.18400,85.18900,2613.65,1790751059999,222798.9339300,950,1629.58,138909.1601000,0
1790751060000,85.19000,85.30300,85.18900,85.29800,1063.35,1790751119999,90643.3826000,634,866.36,73854.1310600,0
1790751120000,85.29800,85.34200,85.29800,85.34100,1729.05,1790751179999,147519.7815300,670,1335.49,113943.2493200,0
1790751180000,85.34100,85.35000,85.29800,85.32700,1794.75,1790751239999,153147.0730600,655,971.96,82933.7562400,0
1790751240000,85.32800,85.34100,85.31800,85.33400,726.03,1790751299999,61952.3987800,410,335.21,28602.4535100,0
1790751300000,85.33300,85.46400,85.33300,85.46300,5746.32,1790751359999,490509.1841200,875,5276.21,450347.2625100,0
1790751360000,85.46400,85.46400,85.34400,85.34900,5131.34,1790751419999,438209.5722500,1016,579.34,49461.9414400,0
1790751420000,85.34900,85.37000,85.33800,85.37000,3102.51,1790751479999,264824.4461200,634,2783.65,237606.4728200,0
1790751480000,85.37000,85.42700,85.35600,85.37500,12526.13,1790751539999,1069622.0921800,1248,4138.83,353402.0013800,0
1790751540000,85.37400,85.38300,85.28800,85.30100,3549.89,1790751599999,302906.7207300,933,1258.22,107357.3489300,0
1790751600000,85.30200,85.31500,85.23800,85.24800,6281.00,1790751659999,535645.0783500,1007,1717.62,146468.1536200,0
1790751660000,85.24800,85.38300,85.24800,85.35000,4762.17,1790751719999,406374.9364600,1604,2468.47,210610.9124100,0
1790751720000,85.35100,85.43600,85.35100,85.43000,2175.71,1790751779999,185823.5868300,899,1354.69,115692.1123800,0
1790751780000,85.42900,85.48200,85.41900,85.41900,2103.86,1790751839999,179799.4662300,819,687.99,58797.3743900,0
1790751840000,85.41900,85.42000,85.34400,85.34500,1689.25,1790751899999,144229.1429800,646,780.12,66608.5271900,0
1790751900000,85.34400,85.37600,85.32500,85.33800,1401.58,1790751959999,119612.4083300,818,618.73,52802.6251700,0
1790751960000,85.33900,85.33900,85.27000,85.32600,2306.02,1790752019999,196673.7212000,883,1043.96,89032.4985100,0
1790752020000,85.32600,85.34600,85.24200,85.25200,2504.31,1790752079999,213560.7807300,1149,946.93,80755.3389100,0
1790752080000,85.25300,85.30900,85.25300,85.27600,1937.07,1790752139999,165198.7323400,1001,802.40,68428.2176200,0
1790752140000,85.27600,85.29700,85.25600,85.29600,1622.79,1790752199999,138387.1489200,662,780.29,66540.7879000,0
1790752200000,85.29700,85.35000,85.27000,85.34900,1331.21,1790752259999,113549.4208800,563,848.03,72336.2236000,0
1790752260000,85.35000,85.35600,85.29600,85.29600,1931.43,1790752319999,164831.2672600,639,669.61,57148.4064500,0
1790752320000,85.29600,85.31200,85.27800,85.27900,1021.87,1790752379999,87158.6223600,666,769.56,65637.8263100,0
1790752380000,85.27900,85.32000,85.27800,85.32000,1446.44,1790752439999,123360.8228400,612,817.76,69744.3037600,0
1790752440000,85.32000,85.35500,85.30900,85.35500,1565.32,1790752499999,133563.3306800,579,759.18,64781.0559200,0
1790752500000,85.35600,85.42400,85.35600,85.42000,4607.14,1790752559999,393376.8494900,764,2658.41,226996.6367900,0
1790752560000,85.42000,85.49600,85.42000,85.49500,1922.70,1790752619999,164314.1022000,921,1629.03,139217.1519500,0
1790752620000,85.49400,85.49400,85.41400,85.44000,1594.34,1790752679999,136232.0949900,757,491.43,41986.5451000,0
1790752680000,85.44000,85.55200,85.44000,85.55200,5085.11,1790752739999,434845.6740000,1362,3302.29,282378.2304100,0
1790752740000,85.55300,85.62000,85.52100,85.61800,8600.84,1790752799999,735981.6281800,1257,6352.27,543578.1179800,0
1790752800000,85.61500,85.61600,85.54400,85.56100,3217.65,1790752859999,275375.4137800,1191,1056.24,90390.5642700,0
1790752860000,85.56100,85.56100,85.51200,85.54800,1308.67,1790752919999,111932.3865100,680,455.63,38968.9384800,0
1790752920000,85.54800,85.61000,85.51900,85.54400,2358.42,1790752979999,201800.7629500,1012,1400.43,119838.9383900,0
1790752980000,85.54400,85.63000,85.53000,85.62900,1272.04,1790753039999,108856.2973300,725,768.29,65744.6143000,0
1790753040000,85.63000,85.70000,85.61400,85.69800,6153.79,1790753099999,527208.0612600,1499,3489.00,298920.6145900,0
1790753100000,85.69800,85.75000,85.66800,85.71400,3327.22,1790753159999,285191.5816500,1114,1512.34,129632.0363100,0
1790753160000,85.71500,85.75000,85.66000,85.68700,1792.98,1790753219999,153668.6777500,958,1160.60,99474.1890200,0
1790753220000,85.68800,85.72000,85.64600,85.66200,3229.12,1790753279999,276645.4226500,1010,1905.90,163275.5712200,0
1790753280000,85.66300,85.66300,85.57900,85.58400,2286.03,1790753339999,195713.1649200,639,532.12,45557.2763300,0
1790753340000,85.58400,85.63000,85.54200,85.63000,2377.52,1790753399999,203441.7901900,767,680.96,58281.2757500,0
1790753400000,85.62900,85.65100,85.55000,85.65100,1371.60,1790753459999,117413.6592600,918,885.39,75791.1400500,0
1790753460000,85.65100,85.69000,85.62800,85.68500,1139.97,1790753519999,97649.3638600,883,679.39,58192.7280800,0
1790753520000,85.68600,85.69100,85.63600,85.65900,1439.75,1790753579999,123322.7520300,703,433.35,37113.6067000,0
1790753580000,85.65800,85.78300,85.64400,85.76600,4183.48,1790753639999,358607.4181000,1177,3655.20,313321.7170700,0
1790753640000,85.76600,85.76700,85.70700,85.72300,1421.99,1790753699999,121902.8362200,643,634.07,54350.5754800,0
1790753700000,85.72300,85.85900,85.72000,85.85200,4808.12,1790753759999,412522.5062900,1275,4191.19,359609.1179200,0
1790753760000,85.85200,85.93900,85.85100,85.93000,5877.81,1790753819999,504891.6065900,1911,3695.28,317423.2490900,0
1790753820000,85.93000,85.93100,85.85700,85.87700,3555.26,1790753879999,305410.7940900,938,794.36,68229.6044600,0
1790753880000,85.87700,85.90400,85.86200,85.88700,2486.06,1790753939999,213517.5072400,840,941.75,80883.2120100,0
1790753940000,85.88800,85.92000,85.87300,85.88000,1541.16,1790753999999,132388.4121000,698,944.81,81159.3038300,0
1790754000000,85.88000,85.92200,85.85000,85.92200,1466.86,1790754059999,125991.7543700,776,733.95,63045.3769700,0
1790754060000,85.92200,85.92200,85.89900,85.92000,930.72,1790754119999,79960.3696600,412,554.31,47619.8803700,0
1790754120000,85.91900,85.92800,85.89300,85.90800,3677.66,1790754179999,315956.4205100,641,1230.62,105719.6324900,0
1790754180000,85.90700,85.94800,85.88600,85.94700,1453.58,1790754239999,124905.8071300,538,835.87,71822.9836700,0
1790754240000,85.94800,86.04000,85.94700,86.02000,5341.26,1790754299999,459360.3602800,1173,4259.13,366290.8160800,0
1790754300000,86.02000,86.03300,86.00700,86.01400,1525.88,1790754359999,131252.9478700,623,904.65,77812.9315200,0
1790754360000,86.01500,86.05400,85.98500,86.00100,5382.00,1790754419999,462975.0080000,1288,3533.51,303984.2357200,0
1790754420000,86.00200,86.01700,85.94300,86.00800,2951.58,1790754479999,253759.2720000,963,874.18,75147.0140700,0
1790754480000,86.00900,86.11400,85.99400,86.10800,2276.95,1790754539999,195970.6052600,988,1929.97,166109.1585700,0
1790754540000,86.10700,86.27800,86.09800,86.27600,12113.10,1790754599999,1044344.5322100,2097,9547.09,823091.8708600,0
1790754600000,86.27600,86.29000,86.22400,86.28300,10481.55,1790754659999,904170.1508200,1310,4118.20,355269.1789000,0
1790754660000,86.28300,86.37600,86.22100,86.31100,14297.35,1790754719999,1233950.5572500,2119,11936.39,1030183.9699500,0
1790754720000,86.31100,86.31900,86.25900,86.27700,5869.21,1790754779999,506398.8815500,1280,2299.01,198361.0687900,0
1790754780000,86.27600,86.34400,86.25100,86.28400,10375.01,1790754839999,895169.6809800,1085,4540.07,391773.7082900,0
1790754840000,86.28300,86.29400,86.23600,86.23600,2055.22,1790754899999,177323.7822000,660,907.49,78295.7720200,0
1790754900000,86.23700,86.25900,86.21300,86.21400,1598.36,1790754959999,137843.8961500,560,922.19,79530.3423200,0
1790754960000,86.21400,86.28100,86.13200,86.13300,5148.49,1790755019999,443827.0011600,1146,2315.58,199664.3606800,0
1790755020000,86.13300,86.15000,86.07700,86.09800,7184.43,1790755079999,618772.2977300,733,1251.74,107802.4497300,0
1790755080000,86.09800,86.14600,86.08000,86.13400,2080.33,1790755139999,179138.7676000,544,1189.55,102433.4915100,0
1790755140000,86.13500,86.14400,86.08400,86.11300,2621.79,1790755199999,225770.6582600,714,1057.68,91078.3551800,0
1790755200000,86.11200,86.11400,86.02600,86.09500,3096.02,1790755259999,266464.6924300,1180,1036.88,89238.8565000,0
1790755260000,86.09500,86.11300,86.03800,86.06500,2882.14,1790755319999,248087.3013100,1016,965.02,83066.3621800,0
1790755320000,86.06500,86.13700,86.04400,86.13600,5135.88,1790755379999,442127.7490400,1615,2119.02,182413.7735000,0
1790755380000,86.13600,86.36600,86.13600,86.34700,9636.81,1790755439999,831267.7814100,2284,5031.10,433957.2821900,0
1790755440000,86.34600,86.34600,86.11900,86.13600,5278.09,1790755499999,455018.0537500,1435,3135.86,270300.6593900,0
1790755500000,86.13700,86.14400,86.03400,86.05300,3752.55,1790755559999,323022.1374200,1315,1362.81,117307.9364600,0
1790755560000,86.05300,86.10500,86.03800,86.04700,3173.78,1790755619999,273171.1872400,1028,1171.45,100832.0004300,0
1790755620000,86.05000,86.07100,86.02600,86.05000,1761.85,1790755679999,151591.6253300,695,536.81,46188.1346500,0
1790755680000,86.05000,86.06200,86.01100,86.01100,3313.54,1790755739999,285079.9492200,921,596.09,51284.5876600,0
1790755740000,86.01200,86.01200,85.93900,85.96900,3906.75,1790755799999,335910.1388500,945,956.05,82191.4350700,0
1790755800000,85.97200,85.98500,85.93500,85.96100,1538.20,1790755859999,132222.4009300,658,512.91,44082.8768200,0
1790755860000,85.96000,85.96000,85.92000,85.95800,2277.87,1790755919999,195746.4967100,976,1385.06,119021.0756300,0
1790755920000,85.95900,85.99900,85.94000,85.95100,639.13,1790755979999,54941.7673800,521,222.95,19164.9110500,0
1790755980000,85.95100,85.95600,85.91600,85.91600,1175.50,1790756039999,101017.6782500,515,378.67,32541.4380300,0
1790756040000,85.91600,85.91600,85.85300,85.86800,3160.55,1790756099999,271449.4932100,846,977.14,83914.0935400,0
1790756100000,85.86700,85.87900,85.83000,85.87900,2126.53,1790756159999,182568.9211000,912,1007.44,86490.9771600,0
1790756160000,85.87900,85.96300,85.87900,85.91100,1642.97,1790756219999,141167.8400200,782,1176.26,101062.7701600,0
1790756220000,85.91100,85.97500,85.88000,85.97500,3216.45,1790756279999,276405.1075700,1044,2452.61,210776.7863200,0
1790756280000,85.97500,86.03900,85.96400,86.03900,4731.52,1790756339999,406926.4761300,626,3901.69,335582.7988300,0
1790756340000,86.03800,86.09800,86.01700,86.03800,3594.89,1790756399999,309386.5627200,1226,1620.27,139433.6683500,0
1790756400000,86.03700,86.13000,86.01100,86.11500,3737.81,1790756459999,321707.5230900,958,2558.81,220231.1260900,0
1790756460000,86.11400,86.18300,86.07700,86.14600,3140.98,1790756519999,270520.7782900,1178,1238.74,106687.6339300,0
1790756520000,86.14600,86.16300,86.09200,86.09900,1718.23,1790756579999,147981.0091800,742,544.02,46852.9744200,0
1790756580000,86.10000,86.12500,86.03300,86.03400,2348.57,1790756639999,202164.2553500,857,711.20,61225.5082600,0
1790756640000,86.03300,86.07000,85.96000,86.06700,3904.76,1790756699999,335779.3548600,1077,1092.80,93960.0513300,0
1790756700000,86.06700,86.07400,86.00200,86.00300,2087.20,1790756759999,179589.9333200,839,565.99,48686.7969400,0
1790756760000,86.00200,86.06300,85.96100,86.02500,1339.79,1790756819999,115220.2677400,813,832.50,71597.1870700,0
1790756820000,86.02500,86.02600,85.98700,86.01300,742.10,1790756879999,63823.7583200,475,350.97,30184.8307900,0
1790756880000,86.01300,86.01800,85.96600,85.99300,2353.60,1790756939999,202403.8878000,684,1845.22,158682.3254900,0
1790756940000,85.99300,85.99500,85.90800,85.90900,2484.05,1790756999999,213562.0298800,815,1398.67,120257.0641400,0
1790757000000,85.90900,85.90900,85.83000,85.84800,1719.66,1790757059999,147661.6427400,901,565.55,48555.7758400,0
1790757060000,85.84800,85.84800,85.80400,85.80400,2436.25,1790757119999,209086.8025600,722,760.32,65255.4651500,0
1790757120000,85.80400,85.84800,85.78900,85.81300,1200.97,1790757179999,103052.6811300,649,675.91,57998.7885500,0
1790757180000,85.81300,85.85600,85.78000,85.81400,2622.31,1790757239999,225046.1153900,1039,1688.78,144933.1817900,0
1790757240000,85.81400,85.90800,85.81400,85.86300,2749.07,1790757299999,236057.6197500,1087,1671.26,143516.9344100,0
1790757300000,85.86300,85.87800,85.82800,85.84900,792.72,1790757359999,68051.2239100,521,336.84,28917.1233500,0
1790757360000,85.84900,85.88100,85.84600,85.84600,1945.72,1790757419999,167062.0954400,528,1559.83,133927.2593200,0
1790757420000,85.84600,85.90800,85.84000,85.89800,751.93,1790757479999,64570.7243200,584,270.95,23262.9155500,0
1790757480000,85.89700,86.00000,85.89700,85.98600,1886.26,1790757539999,162144.2936000,693,1338.37,115035.9570500,0
1790757540000,85.98500,85.98500,85.95400,85.95400,933.73,1790757599999,80274.4008700,452,495.86,42630.3168700,0
1790757600000,85.95400,86.15400,85.95400,86.11900,15540.03,1790757659999,1337695.7562800,2426,11272.61,970263.1556200,0
1790757660000,86.11800,86.11900,86.04300,86.08900,1770.89,1790757719999,152432.3328000,953,719.13,61891.9883300,0
1790757720000,86.08900,86.08900,86.03500,86.05600,1850.66,1790757779999,159268.5406700,594,1241.16,106810.6429700,0
1790757780000,86.05700,86.09200,86.02200,86.07000,1822.78,1790757839999,156848.2924900,599,806.17,69375.2323900,0
1790757840000,86.07100,86.20800,86.04900,86.15700,8454.94,1790757899999,728297.0050400,1605,7462.36,642797.4282200,0
1790757900000,86.15700,86.19200,86.14300,86.15400,2617.78,1790757959999,225557.7803800,783,1113.51,95940.1895200,0
1790757960000,86.15300,86.29900,86.15300,86.26000,8229.80,1790758019999,709570.7979500,1186,5926.07,510938.4300700,0
1790758020000,86.26000,86.32500,86.23900,86.27000,2829.59,1790758079999,244158.0897300,859,1896.58,163659.7073100,0
1790758080000,86.27100,86.30600,86.25000,86.30600,2383.73,1790758139999,205668.9467400,813,861.98,74374.6923800,0
1790758140000,86.30700,86.47900,86.30700,86.47400,11682.58,1790758199999,1009719.8857800,2683,7520.42,649999.1032000,0
1790758200000,86.47400,86.50000,86.41400,86.44900,5616.80,1790758259999,485688.9313100,1552,1611.83,139378.9340500,0
1790758260000,86.45000,86.48200,86.31700,86.32100,7492.94,1790758319999,647313.0824600,1856,3006.92,259677.1493800,0
1790758320000,86.32000,86.38400,86.27900,86.31700,5158.49,1790758379999,445310.2483900,1399,1254.75,108323.9468700,0
1790758380000,86.31800,86.31800,86.28000,86.28400,1985.16,1790758439999,171321.0543900,637,747.07,64469.3742300,0
1790758440000,86.28400,86.34200,86.28400,86.32800,2605.10,1790758499999,224868.8738300,826,1738.09,150033.3907300,0
1790758500000,86.32600,86.37300,86.24800,86.31500,4956.19,1790758559999,427783.1105700,1428,2748.16,237243.9051000,0
1790758560000,86.31500,86.33500,86.27000,86.28300,2566.77,1790758619999,221517.5389400,954,1081.52,93343.2459300,0
1790758620000,86.28400,86.33700,86.27100,86.30400,2075.90,1790758679999,179162.0157600,901,1102.91,95188.0453700,0
1790758680000,86.30300,86.31200,86.27000,86.28300,1129.16,1790758739999,97444.7271900,642,350.47,30243.9761600,0
1790758740000,86.28300,86.28400,86.24800,86.27400,1697.89,1790758799999,146470.2017800,617,329.00,28379.6621100,0
1790758800000,86.27400,86.29900,86.24900,86.29900,1624.10,1790758859999,140116.7559400,746,781.74,67441.8904800,0
1790758860000,86.30000,86.33800,86.28800,86.28800,1575.49,1790758919999,135994.1615400,701,560.69,48396.0873100,0
1790758920000,86.28700,86.39100,86.27000,86.39000,3668.07,1790758979999,316668.8505700,913,2840.95,245282.1050800,0
1790758980000,86.39000,86.41400,86.35400,86.36700,2416.62,1790759039999,208752.9266100,1035,1341.31,115862.4483900,0
1790759040000,86.36700,86.41300,86.36600,86.37300,3756.49,1790759099999,324506.6509700,595,973.59,84102.6023500,0
1790759100000,86.37300,86.38800,86.31100,86.33500,2568.90,1790759159999,221835.4015100,880,1095.41,94587.9600300,0
1790759160000,86.33400,86.35600,86.29400,86.31900,1746.08,1790759219999,150722.7440700,940,890.76,76887.3402300,0
1790759220000,86.31900,86.32600,86.26600,86.26600,2067.75,1790759279999,178457.0196000,854,677.61,58478.4365700,0
1790759280000,86.26600,86.34800,86.24800,86.26900,4306.83,1790759339999,371657.6978300,1174,1637.65,141329.4756200,0
1790759340000,86.26800,86.29300,86.23200,86.28400,3917.61,1790759399999,337962.6458100,1235,2510.70,216584.5822700,0
1790759400000,86.28400,86.39400,86.27900,86.28000,4032.25,1790759459999,348170.2276900,1580,2277.43,196659.1419300,0
1790759460000,86.27900,86.30000,86.27800,86.28300,1116.80,1790759519999,96365.4577200,492,534.79,46144.2260900,0
1790759520000,86.28400,86.34000,86.24100,86.26400,1616.58,1790759579999,139512.6101200,808,437.99,37801.9466400,0
1790759580000,86.26300,86.30900,86.26300,86.26800,1651.77,1790759639999,142527.5116400,635,702.25,60593.5867600,0
1790759640000,86.26800,86.33600,86.26400,86.28800,5401.19,1790759699999,466092.2060900,932,2793.09,241010.0105600,0
1790759700000,86.28800,86.32800,86.27500,86.28000,2075.11,1790759759999,179078.2844800,685,1409.03,121597.7446000,0
1790759760000,86.27900,86.28000,86.23600,86.25400,2255.19,1790759819999,194513.7417700,741,1754.92,151357.1627800,0
1790759820000,86.25500,86.26200,86.20500,86.23100,5195.23,1790759879999,447997.2361900,1018,799.85,68982.3867400,0
1790759880000,86.23100,86.25900,86.18800,86.25900,2149.14,1790759939999,185302.7929700,755,786.39,67806.2402200,0
1790759940000,86.25900,86.30000,86.24500,86.27300,5072.05,1790759999999,437583.3236400,966,2560.15,220880.2717600,0
1790760000000,86.27300,86.30300,86.25300,86.30300,1161.60,1790760059999,100225.7608500,501,520.31,44893.4382000,0
1790760060000,86.30300,86.37600,86.29200,86.35000,3353.36,1790760119999,289544.4634900,883,2215.19,191276.0215000,0
1790760120000,86.35000,86.35200,86.28600,86.29400,2772.07,1790760179999,239290.8399100,691,589.43,50872.8659100,0
1790760180000,86.29300,86.32300,86.27500,86.28800,1644.62,1790760239999,141932.9789600,730,773.22,66727.6257300,0
1790760240000,86.28800,86.35900,86.27200,86.35900,3876.86,1790760299999,334590.9586800,970,1590.86,137297.4064400,0
1790760300000,86.35900,86.38700,86.28200,86.28300,2012.23,1790760359999,173762.5545800,1075,443.18,38270.2326900,0
1790760360000,86.28300,86.30000,86.26100,86.26200,1329.88,1790760419999,114743.9680600,572,477.88,41231.8625000,0
1790760420000,86.26200,86.35400,86.26100,86.35400,1223.22,1790760479999,105567.8899700,634,813.27,70191.7325500,0
1790760480000,86.35400,86.38500,86.29800,86.31100,1875.28,1790760539999,161932.2700700,749,765.17,66070.1703500,0
1790760540000,86.31100,86.33200,86.28100,86.32400,2701.88,1790760599999,233195.4368400,842,818.83,70673.8388300,0
1790760600000,86.32400,86.42600,86.28600,86.30300,7427.48,1790760659999,641507.5726000,1565,3392.27,292960.9319100,0
1790760660000,86.30200,86.43400,86.29200,86.37500,3808.28,1790760719999,328905.7918200,1254,2101.62,181511.7800100,0
1790760720000,86.37500,86.65900,86.37500,86.62900,11811.31,1790760779999,1022412.8821300,2662,7484.04,647804.0642600,0
1790760780000,86.62900,86.64700,86.53000,86.55200,8265.02,1790760839999,715737.9850700,1704,2233.13,193410.3481000,0
1790760840000,86.55200,86.60200,86.51000,86.51700,5470.38,1790760899999,473392.1241400,1589,2409.55,208520.7717500,0
1790760900000,86.52700,86.56900,86.46100,86.51800,14389.82,1790760959999,1244764.2913500,2748,8112.85,701737.0656900,0
1790760960000,86.51800,86.66600,86.48900,86.57700,18984.27,1790761019999,1643941.8808300,2247,15242.27,1320044.9938200,0
1790761020000,86.57800,86.66000,86.48600,86.52700,19772.95,1790761079999,1711775.0041800,2808,12720.14,1101280.2944400,0
1790761080000,86.52700,86.54000,86.43800,86.46500,5045.45,1790761139999,436358.6699500,1431,1601.57,138509.6229500,0
1790761140000,86.46500,86.51400,86.42200,86.44300,5712.62,1790761199999,493923.3279000,1181,1671.06,144490.5276000,0
1790761200000,86.44400,86.45500,86.36600,86.40800,3122.62,1790761259999,269825.4821800,972,590.55,51021.0893800,0
1790761260000,86.40900,86.42000,86.37000,86.38100,2682.26,1790761319999,231720.9351200,947,822.01,71011.4109500,0
1790761320000,86.38200,86.44200,86.38100,86.40200,2745.57,1790761379999,237250.4208000,954,1311.56,113342.8092200,0
1790761380000,86.40200,86.40200,86.33500,86.34600,3164.65,1790761439999,273315.3405500,674,454.41,39235.8416400,0
1790761440000,86.34600,86.42900,86.34000,86.39900,2153.17,1790761499999,186019.3860600,759,765.02,66083.3162900,0
1790761500000,86.39800,86.42300,86.36000,86.36000,3792.57,1790761559999,327637.6890700,1046,1566.26,135321.5589000,0
1790761560000,86.36000,86.44200,86.33600,86.43100,2862.67,1790761619999,247249.1461900,808,1165.23,100656.5832600,0
1790761620000,86.43200,86.43200,86.38200,86.42600,1900.97,1790761679999,164273.6923600,655,347.65,30039.5620300,0
1790761680000,86.42600,86.48300,86.42600,86.48300,1396.27,1790761739999,120728.0020000,689,613.08,53011.3999300,0
1790761740000,86.48300,86.52800,86.45900,86.51800,2570.86,1790761799999,222365.7223400,846,1199.74,103765.9056100,0
1790761800000,86.51800,86.51800,86.48900,86.49000,1747.70,1790761859999,151180.1197200,392,306.64,26524.4414900,0
1790761860000,86.48900,86.60300,86.48900,86.58400,2269.26,1790761919999,196406.1293100,922,1696.02,146779.2973900,0
1790761920000,86.58600,86.58600,86.44900,86.46600,2781.34,1790761979999,240640.4480100,840,644.87,55757.5663100,0
1790761980000,86.46500,86.46600,86.44200,86.45400,1302.54,1790762039999,112611.8278400,477,281.99,24378.5245200,0
1790762040000,86.45300,86.50100,86.42400,86.46700,3154.78,1790762099999,272761.1260000,825,1613.99,139544.1119300,0
1790762100000,86.46600,86.51200,86.46600,86.47800,1684.37,1790762159999,145677.2044600,557,561.50,48559.9078100,0
1790762160000,86.47800,86.48800,86.44300,86.47900,1451.19,1790762219999,125474.9199700,490,393.22,33996.4900300,0
1790762220000,86.47900,86.55000,86.47900,86.51800,2369.48,1790762279999,205003.4186900,755,1603.75,138759.2711700,0
1790762280000,86.51700,86.51800,86.43900,86.43900,1722.41,1790762339999,148970.4771500,568,107.74,9319.4972900,0
1790762340000,86.44000,86.46600,86.44000,86.44300,1451.78,1790762399999,125508.3468600,552,906.90,78400.7126900,0
1790762400000,86.44300,86.54700,86.44300,86.50100,4919.63,1790762459999,425539.7434300,1406,2297.03,198693.2918300,0
1790762460000,86.50200,86.54800,86.44300,86.44300,1838.38,1790762519999,159042.4529800,812,407.10,35221.6781900,0
1790762520000,86.44200,86.50100,86.41000,86.48500,2635.61,1790762579999,227843.6243800,998,1560.40,134889.0865700,0
1790762580000,86.48500,86.48900,86.44500,86.45200,1876.14,1790762639999,162224.5104800,826,535.65,46316.5677900,0
1790762640000,86.45200,86.57100,86.44800,86.50800,4630.60,1790762699999,400634.8699000,1350,2619.21,226624.1924600,0
1790762700000,86.50700,86.52100,86.47600,86.52000,1692.93,1790762759999,146429.1586600,685,751.20,64974.8534300,0
1790762760000,86.52000,86.54200,86.38800,86.38800,6374.96,1790762819999,551162.0050200,1029,590.48,51041.5407800,0
1790762820000,86.38700,86.40800,86.36000,86.38800,1922.78,1790762879999,166108.4697400,622,836.81,72290.4145100,0
1790762880000,86.38800,86.41300,86.37400,86.40000,1079.12,1790762939999,93225.8784900,514,453.82,39205.4308300,0
1790762940000,86.40000,86.41100,86.36800,86.36800,2169.29,1790762999999,187400.7007200,562,341.56,29506.5755600,0
1790763000000,86.36800,86.36900,86.30600,86.34400,3276.81,1790763059999,282898.0958600,887,1297.71,112030.0347300,0
1790763060000,86.34400,86.36000,86.33400,86.34800,1127.92,1790763119999,97391.1775100,483,625.12,53976.0798100,0
1790763120000,86.34800,86.36100,86.33700,86.36100,1940.44,1790763179999,167544.1436100,553,743.20,64169.9725000,0
1790763180000,86.36000,86.38600,86.36000,86.36800,1678.94,1790763239999,145017.6786500,544,719.46,62142.0225400,0
1790763240000,86.36700,86.40400,86.28700,86.28700,10627.24,1790763299999,917545.5491100,1101,1323.65,114334.7721500,0
1790763300000,86.28700,86.31400,86.28000,86.30200,4115.60,1790763359999,355143.5608800,862,1930.81,166611.2272200,0
1790763360000,86.30700,86.37700,86.30600,86.36200,2664.38,1790763419999,230048.6045300,1026,942.01,81339.3985300,0
1790763420000,86.36200,86.40000,86.36200,86.38900,1573.67,1790763479999,135939.2464800,753,501.95,43358.8489600,0
1790763480000,86.38800,86.40900,86.36300,86.36300,2066.65,1790763539999,178528.4646500,617,616.07,53222.3135100,0
1790763540000,86.36400,86.47300,86.36400,86.45100,2234.19,1790763599999,193121.3351200,979,1297.16,112117.2330700,0
1790763600000,86.45000,86.51000,86.42500,86.49800,1209.57,1790763659999,104586.0879300,669,776.22,67116.1982500,0
1790763660000,86.49900,86.59000,86.49900,86.53500,3308.62,1790763719999,286338.2629800,1003,1454.70,125879.2684800,0
1790763720000,86.53600,86.54600,86.45400,86.45400,2979.41,1790763779999,257722.3817200,685,878.08,75964.7747600,0
1790763780000,86.45400,86.51000,86.44300,86.44500,4101.34,1790763839999,354680.0329200,1078,3294.06,284876.7734700,0
1790763840000,86.44400,86.44400,86.33000,86.36600,5597.52,1790763899999,483530.1058200,1602,1545.09,133464.9130100,0
1790763900000,86.36500,86.43800,86.34500,86.43800,2294.57,1790763959999,198223.8077200,851,1259.78,108822.5010000,0
1790763960000,86.43700,86.51200,86.42400,86.48800,1418.66,1790764019999,122659.0336300,821,696.64,60241.2084700,0
1790764020000,86.48900,86.51600,86.37500,86.37500,5576.77,1790764079999,482175.9756100,1227,645.30,55794.5880000,0
1790764080000,86.37500,86.40400,86.36700,86.38100,2293.44,1790764139999,198120.0043200,608,575.58,49721.2403200,0
1790764140000,86.38000,86.44900,86.38000,86.44900,859.63,1790764199999,74277.2389600,488,443.31,38305.1576800,0
1790764200000,86.45000,86.54100,86.44900,86.48800,2053.80,1790764259999,177630.4960600,1018,843.40,72940.4994500,0
1790764260000,86.48700,86.59000,86.48700,86.58700,1888.69,1790764319999,163475.9329500,876,991.60,85823.6506000,0
1790764320000,86.58600,86.61000,86.55000,86.58900,8372.63,1790764379999,725013.8863100,882,4880.68,422644.1434200,0
1790764380000,86.58900,86.59800,86.54400,86.56200,3412.83,1790764439999,295450.7401100,873,554.89,48030.9990200,0
1790764440000,86.56200,86.57200,86.48400,86.53600,5616.31,1790764499999,485958.5063100,1090,1100.29,95212.4066700,0
1790764500000,86.53600,86.55000,86.47200,86.49800,2406.05,1790764559999,208174.6896700,885,680.58,58876.3837100,0
1790764560000,86.49800,86.65000,86.48000,86.63400,5960.10,1790764619999,515990.5633400,1567,4694.70,406416.8367000,0
1790764620000,86.63500,86.66600,86.63200,86.64400,4764.14,1790764679999,412795.0344600,1030,2782.53,241095.4148600,0
1790764680000,86.64300,86.69800,86.64300,86.65300,8417.92,1790764739999,729571.0911000,1214,5886.56,510165.4500600,0
1790764740000,86.65200,86.65200,86.47500,86.50500,8418.21,1790764799999,728626.5971300,1900,3936.86,340657.0791700,0
1790764800000,86.50600,86.51000,86.45900,86.48400,2875.13,1790764859999,248669.4799100,830,1380.58,119409.1416000,0
1790764860000,86.48400,86.49700,86.42300,86.43800,4524.04,1790764919999,391142.9010200,921,789.52,68276.3223500,0
1790764920000,86.43700,86.54500,86.41600,86.48400,2625.46,1790764979999,227083.3337300,1017,1169.38,101135.1235700,0
1790764980000,86.48500,86.55000,86.46800,86.54800,1603.93,1790765039999,138731.4846000,755,796.56,68903.4012600,0
1790765040000,86.54700,86.57700,86.52300,86.53900,2876.71,1790765099999,248995.0485000,929,693.96,60064.3505000,0
1790765100000,86.53900,86.53900,86.49800,86.50800,2708.98,1790765159999,234380.8648400,739,539.49,46675.9200200,0
1790765160000,86.50700,86.53300,86.49200,86.51700,1181.54,1790765219999,102216.0296000,637,617.02,53378.7096200,0
1790765220000,86.51700,86.56900,86.49500,86.55900,1696.67,1790765279999,146799.3547400,612,820.20,70973.4375700,0
1790765280000,86.55900,86.57200,86.50900,86.52100,1650.19,1790765339999,142821.6823100,556,647.47,56037.8563900,0
1790765340000,86.52200,86.57800,86.52200,86.55000,849.93,1790765399999,73569.8807200,693,534.38,46254.6007500,0
1790765400000,86.55000,86.60200,86.55000,86.56300,3395.21,1790765459999,293985.9423900,526,848.18,73435.7069400,0
1790765460000,86.56400,86.56700,86.51200,86.52500,1198.38,1790765519999,103702.4288700,758,580.66,50242.1311200,0
1790765520000,86.52500,86.59000,86.52500,86.57800,891.07,1790765579999,77129.4172600,488,732.01,63362.3529200,0
1790765580000,86.57800,86.60900,86.57200,86.59600,1603.40,1790765639999,138850.0705800,620,430.45,37273.3585000,0
1790765640000,86.59700,86.70000,86.58600,86.69100,4914.92,1790765699999,425911.8917000,1078,3722.16,322559.1304200,0
1790765700000,86.69000,86.72100,86.66600,86.71600,3914.34,1790765759999,339357.2613700,928,2737.41,237326.0007300,0
1790765760000,86.71600,86.77900,86.68600,86.76600,7430.41,1790765819999,644504.6800900,1556,3715.36,322292.4082200,0
1790765820000,86.74900,86.78400,86.74200,86.78100,3519.11,1790765879999,305310.4402600,1033,1878.89,163010.1636600,0
1790765880000,86.77800,86.78800,86.73300,86.78500,3600.48,1790765939999,312353.9250600,936,1205.25,104564.5384000,0
1790765940000,86.78600,86.82100,86.75800,86.82100,5591.50,1790765999999,485283.2555100,894,2962.58,257133.2144800,0
1790766000000,86.82100,86.86500,86.74500,86.74500,14105.23,1790766059999,1224431.9094500,1678,4273.19,371012.8321600,0
1790766060000,86.74500,86.77900,86.66100,86.77900,8183.47,1790766119999,709698.0224400,1806,4984.36,432291.5572400,0
1790766120000,86.77900,86.79400,86.72600,86.75400,8314.67,1790766179999,721301.6108500,1375,2834.07,245860.0389300,0
1790766180000,86.75300,86.79500,86.75100,86.78600,4483.60,1790766239999,389043.0774700,933,1724.11,149596.8580300,0
1790766240000,86.78700,86.85200,86.78300,86.83200,4593.84,1790766299999,398889.8544800,986,2474.28,214836.6179300,0
1790766300000,86.83300,86.88100,86.82900,86.82900,12640.18,1790766359999,1097948.0412100,1406,2805.21,243669.4548100,0
1790766360000,86.82800,86.82900,86.66100,86.66600,6083.73,1790766419999,527722.7753400,1147,864.83,75010.3936600,0
1790766420000,86.66600,86.68900,86.63700,86.65300,3548.78,1790766479999,307548.6352700,801,1139.33,98729.0651300,0
1790766480000,86.65400,86.75800,86.64400,86.70400,8627.90,1790766539999,748001.4570600,1166,4280.69,371114.1569000,0
1790766540000,86.70400,86.73000,86.68000,86.70300,2565.06,1790766599999,222406.6568900,810,836.30,72507.1044100,0
1790766600000,86.70300,86.70300,86.63800,86.64700,2136.02,1790766659999,185117.2055300,694,498.51,43208.4434200,0
1790766660000,86.64600,86.69000,86.64200,86.67400,2633.19,1790766719999,228230.3909700,749,1642.49,142354.0385300,0
1790766720000,86.67400,86.73900,86.64800,86.73900,2991.16,1790766779999,259293.6958800,978,1731.96,150139.1503900,0
1790766780000,86.73800,86.79400,86.68500,86.68500,5414.31,1790766839999,469716.0989800,1341,3778.85,327827.5807600,0
1790766840000,86.68500,86.75000,86.68500,86.74900,4127.27,1790766899999,357905.4735700,1007,1809.83,156944.7573200,0
1790766900000,86.75000,86.76500,86.68500,86.71200,2539.14,1790766959999,220230.4286900,1123,1062.02,92111.8038300,0
1790766960000,86.71200,86.71200,86.65800,86.67300,2287.72,1790767019999,198294.7600700,950,999.45,86628.0295900,0
1790767020000,86.67300,86.67400,86.58600,86.63200,6920.20,1790767079999,599486.8483000,1486,1771.25,153444.7170500,0
1790767080000,86.63200,86.77000,86.61300,86.74900,6779.53,1790767139999,587719.5710100,1851,4182.04,362525.9026700,0
1790767140000,86.74900,86.77900,86.64000,86.64100,2563.84,1790767199999,222314.1422200,1043,1150.39,99756.5823700,0
1790767200000,86.64200,86.68400,86.61200,86.65100,2744.11,1790767259999,237780.1779200,1183,1988.18,172283.9074200,0
1790767260000,86.65100,86.70000,86.59500,86.60400,5119.65,1790767319999,443555.0326600,1526,1649.68,142957.2767800,0
1790767320000,86.60500,86.73000,86.60500,86.71300,3012.44,1790767379999,261058.6719300,1114,2130.75,184644.1549600,0
1790767380000,86.71200,86.87300,86.68200,86.84300,7476.93,1790767439999,649038.7647300,1643,5642.77,489953.0130100,0
1790767440000,86.84300,86.84300,86.75400,86.75500,3918.00,1790767499999,340131.3504300,1498,1801.53,156389.3627100,0
1790767500000,86.75400,86.84200,86.68000,86.80800,3588.65,1790767559999,311341.3413000,1602,1163.23,100925.4027700,0
1790767560000,86.80900,86.87800,86.80900,86.84700,6492.24,1790767619999,563804.5556800,1789,2008.17,174406.0900200,0
1790767620000,86.84600,86.87600,86.83700,86.85700,4214.33,1790767679999,366035.3379000,936,958.89,83285.8266400,0
1790767680000,86.85700,86.89600,86.85000,86.86900,2556.43,1790767739999,222059.8085800,902,1460.69,126885.4515100,0
1790767740000,86.86800,86.89700,86.85700,86.87200,2227.36,1790767799999,193502.7359100,572,805.21,69951.5414900,0
1790767800000,86.87300,86.90000,86.87000,86.89000,4397.69,1790767859999,382080.6728500,771,1848.31,160590.6139700,0
1790767860000,86.89100,86.91400,86.69200,86.69200,8562.54,1790767919999,743340.2261400,1550,1989.38,172685.0388800,0
1790767920000,86.69200,86.74000,86.67200,86.69700,3912.18,1790767979999,339217.7070700,1446,1282.86,111242.6885900,0
1790767980000,86.69600,86.74500,86.67800,86.70600,2262.78,1790768039999,196188.8735900,969,815.78,70727.3676400,0
1790768040000,86.70600,86.73500,86.66700,86.67700,2645.33,1790768099999,229335.8762600,902,390.35,33838.6075500,0
1790768100000,86.67700,86.70500,86.67700,86.68000,1826.51,1790768159999,158335.3331000,549,640.98,55564.6477500,0
1790768160000,86.67900,86.74500,86.61300,86.72600,1867.47,1790768219999,161869.0728500,913,713.17,61810.9499300,0
1790768220000,86.72600,86.72600,86.67000,86.69500,2945.99,1790768279999,255426.6970500,958,897.44,77807.9484000,0
1790768280000,86.69400,86.73000,86.68000,86.69500,1503.97,1790768339999,130402.0933200,794,793.65,68811.0544100,0
1790768340000,86.69600,86.76200,86.67900,86.74100,1715.15,1790768399999,148716.4688500,790,727.74,63104.3229400,0
1790768400000,86.74200,86.76800,86.70500,86.70500,1636.11,1790768459999,141907.0314900,771,631.85,54805.1605700,0
1790768460000,86.70500,86.72000,86.61600,86.61600,2374.86,1790768519999,205869.2195600,795,463.52,40181.5313300,0
1790768520000,86.61600,86.71200,86.61600,86.70500,2484.06,1790768579999,215287.4000400,1075,1492.69,129367.3883700,0
1790768580000,86.70400,86.78900,86.67700,86.78900,1552.21,1790768639999,134640.7752200,881,938.12,81378.4695500,0
1790768640000,86.78800,86.79400,86.68000,86.72200,3175.01,1790768699999,275388.9137200,1058,1236.56,107244.1590900,0
1790768700000,86.72200,86.73300,86.68200,86.68400,2287.66,1790768759999,198363.1358300,971,1045.11,90621.4599400,0
1790768760000,86.68400,86.70400,86.61100,86.61700,2482.57,1790768819999,215131.7901700,1229,911.38,78968.8891100,0
1790768820000,86.61700,86.62800,86.53700,86.55500,5708.83,1790768879999,494244.3987800,1785,1432.02,123973.5593000,0
1790768880000,86.56000,86.57400,86.51200,86.51200,8102.91,1790768939999,701352.1684800,1078,750.77,64977.9212800,0
1790768940000,86.51300,86.54700,86.46300,86.51600,8586.89,1790768999999,742797.9339700,1705,1044.42,90360.3864200,0
1790769000000,86.51500,86.52000,86.45000,86.46400,4317.59,1790769059999,373413.5646300,1231,2054.23,177659.5389800,0
1790769060000,86.46300,86.51200,86.45300,86.46200,4918.18,1790769119999,425342.2481000,1098,2788.74,241183.5464100,0
1790769120000,86.46300,86.47600,86.42100,86.45000,6316.39,1790769179999,546040.5781800,1296,924.70,79941.3760000,0
1790769180000,86.45000,86.49300,86.42900,86.49200,4885.01,1790769239999,422339.1344500,1003,2493.68,215578.4900900,0
1790769240000,86.49100,86.51100,86.45700,86.46900,2126.05,1790769299999,183863.3541500,914,898.75,77718.2223600,0
1790769300000,86.46900,86.53500,86.44200,86.48200,3425.98,1790769359999,296343.2754800,1091,2044.33,176822.2039100,0
1790769360000,86.48400,86.50900,86.45600,86.49000,1869.84,1790769419999,161712.8255500,797,543.51,47008.7316100,0
1790769420000,86.49000,86.49800,86.44200,86.44800,1781.49,1790769479999,154048.9649400,797,365.84,31631.9997900,0
1790769480000,86.44800,86.47700,86.42900,86.44200,2516.23,1790769539999,217526.6471700,985,1017.29,87942.6706100,0
1790769540000,86.44100,86.54900,86.44100,86.54000,2244.37,1790769599999,194159.3671600,1061,981.62,84912.7004100,0
1790769600000,86.54000,86.62700,86.51200,86.60200,3128.21,1790769659999,270812.4721400,1405,1873.98,162232.7184500,0
1790769660000,86.60100,86.80300,86.55800,86.55800,29686.40,1790769719999,2574568.7751600,2829,14713.32,1275569.0376400,0
1790769720000,86.55800,86.60200,86.49300,86.49300,5132.15,1790769779999,444129.2827600,1590,1588.61,137480.7093900,0
1790769780000,86.49300,86.53500,86.44600,86.44600,3832.57,1790769839999,331484.5034400,1258,1346.80,116489.6891400,0
1790769840000,86.44600,86.48400,86.42000,86.47400,3743.52,1790769899999,323640.0317800,1381,1098.13,94935.7792400,0
1790769900000,86.47400,86.48500,86.32900,86.34100,4513.38,1790769959999,389895.4739400,1383,862.77,74548.6514700,0
1790769960000,86.34000,86.34300,86.30000,86.30000,4577.98,1790770019999,395165.0734000,1085,611.62,52796.9731100,0
1790770020000,86.30000,86.30700,86.24800,86.30200,5058.58,1790770079999,436486.6876900,1420,1769.99,152718.4773000,0
1790770080000,86.30200,86.35500,86.25700,86.28100,3124.60,1790770139999,269635.9555600,1169,970.46,83754.9506500,0
1790770140000,86.28200,86.30500,86.27400,86.28800,1707.12,1790770199999,147313.1164800,747,455.41,39297.9275500,0
1790770200000,86.28800,86.44100,86.27500,86.43000,5017.61,1790770259999,433385.7027900,1379,2100.86,181486.8081400,0
1790770260000,86.43100,86.44000,86.37400,86.37400,2693.67,1790770319999,232753.3783500,936,1098.64,94936.3231400,0
1790770320000,86.37500,86.39000,86.34800,86.39000,8261.22,1790770379999,713413.3516500,1072,5671.44,489741.3850900,0
1790770380000,86.39000,86.41800,86.33200,86.36500,2817.01,1790770439999,243321.1856100,1024,1196.28,103318.8468100,0
1790770440000,86.36500,86.40000,86.32300,86.40000,1283.75,1790770499999,110855.1728800,640,517.12,44652.6583300,0
1790770500000,86.39900,86.40000,86.28000,86.28400,5952.34,1790770559999,513887.4363400,1277,923.05,79699.0857800,0
1790770560000,86.28500,86.32000,86.27900,86.31700,2100.21,1790770619999,181236.6277000,778,1316.45,113603.6727200,0
1790770620000,86.31600,86.35100,86.27300,86.33600,4492.96,1790770679999,387777.8594500,1395,3279.28,283027.2437800,0
1790770680000,86.33500,86.34200,86.28500,86.32100,2462.38,1790770739999,212528.0517300,942,1088.36,93934.8477500,0
1790770740000,86.32100,86.35700,86.30400,86.30700,1707.52,1790770799999,147396.9344000,934,694.34,59936.0627400,0
1790770800000,86.30700,86.32100,86.26400,86.27200,2975.72,1790770859999,256776.5136500,977,913.42,78808.9994700,0
1790770860000,86.27200,86.35500,86.27200,86.35500,2452.83,1790770919999,211704.1697200,952,1555.77,134286.4294800,0
1790770920000,86.35500,86.37800,86.31900,86.37800,2320.58,1790770979999,200368.3850500,1072,1255.88,108435.8476800,0
1790770980000,86.37900,86.39600,86.33300,86.34100,2191.16,1790771039999,189240.6840700,750,953.02,82305.4367600,0
1790771040000,86.34200,86.48300,86.34100,86.46700,3137.54,1790771099999,271074.3649900,944,2276.80,196700.9316300,0
1790771100000,86.46700,86.53800,86.39400,86.39500,6200.76,1790771159999,536281.8919000,1581,4516.25,390652.2919100,0
1790771160000,86.39500,86.41700,86.34300,86.34400,2056.45,1790771219999,177646.9980100,977,542.63,46876.6530200,0
1790771220000,86.34500,86.36000,86.31000,86.35200,1770.27,1790771279999,152847.9787600,791,807.29,69700.7883200,0
1790771280000,86.35000,86.40300,86.32300,86.37400,2015.55,1790771339999,174081.1636700,833,568.87,49130.2640000,0
1790771340000,86.37400,86.47600,86.35300,86.45400,2090.15,1790771399999,180618.6491700,1236,963.49,83253.8496500,0
1790771400000,86.44900,86.87500,86.30500,86.79400,28524.86,1790771459999,2471785.9561300,6322,17097.94,1481570.7390100,0
1790771460000,86.79400,86.99400,86.79400,86.91900,29239.04,1790771519999,2541264.0440900,4851,15120.19,1314255.1484500,0
1790771520000,86.91900,86.95200,86.75900,86.78700,20810.67,1790771579999,1807434.8980700,4093,6510.59,565552.6409800,0
1790771580000,86.79100,87.06500,86.75700,87.06300,46174.25,1790771639999,4014450.9279400,6496,29199.93,2538292.4920300,0
1790771640000,87.06200,87.13700,86.95500,87.07600,27623.38,1790771699999,2404532.3827500,4250,10745.69,935518.1653900,0
1790771700000,87.08000,87.29500,87.04800,87.24700,26693.72,1790771759999,2327556.6292000,4513,12217.63,1065321.8565400,0
1790771760000,87.24800,87.26300,87.05000,87.05600,25669.08,1790771819999,2237608.9500000,3524,7716.20,672754.8209200,0
1790771820000,87.05600,87.09000,86.97400,87.02900,21732.26,1790771879999,1891239.9822100,3264,5577.42,485384.3418600,0
1790771880000,87.02900,87.25400,87.02900,87.20800,13105.69,1790771939999,1142135.9816800,2614,5690.97,495922.2182600,0
1790771940000,87.21000,87.33000,87.13200,87.29700,15473.79,1790771999999,1349867.0295300,2578,8102.18,706944.8330400,0
1790772000000,87.29700,87.46700,87.29700,87.38700,19872.47,1790772059999,1736681.5778500,3697,9289.26,811795.9176500,0
1790772060000,87.38400,87.42100,87.28000,87.28400,14974.51,1790772119999,1307941.2746900,2934,4417.76,385862.3831700,0
1790772120000,87.28300,87.31900,87.08200,87.10100,14164.79,1790772179999,1234920.9194800,3194,4152.01,361914.5352000,0
1790772180000,87.09400,87.23500,87.07800,87.18600,8695.37,1790772239999,758003.5734100,2392,3079.96,268463.6589000,0
1790772240000,87.18500,87.28200,87.16000,87.21100,16620.71,1790772299999,1449566.3624100,2408,4508.96,393273.3454100,0
1790772300000,87.21100,87.36900,87.21000,87.35700,13083.97,1790772359999,1142060.9769100,2501,7155.89,624653.7305100,0
1790772360000,87.35600,87.35600,87.22000,87.22000,12530.39,1790772419999,1093752.8743000,2623,2882.88,251647.1569100,0
1790772420000,87.21800,87.21800,86.95000,87.09500,25286.02,1790772479999,2202488.4424800,3984,3880.53,337938.5981700,0
1790772480000,87.09600,87.30000,87.08800,87.30000,8894.70,1790772539999,775641.1468000,2497,4251.24,370711.0129700,0
1790772540000,87.29900,87.43600,87.29700,87.40000,23895.56,1790772599999,2088108.6099500,2696,15708.59,1372607.0290000,0
1790772600000,87.40100,87.48600,87.39100,87.47600,18335.69,1790772659999,1603570.4613100,2930,9017.00,788627.7262100,0
1790772660000,87.47700,87.53700,87.45400,87.53200,17249.29,1790772719999,1509270.4410300,2937,8718.66,762889.4047400,0
1790772720000,87.53300,87.59800,87.49500,87.58500,16054.34,1790772779999,1405587.5208700,3131,7629.89,668006.4579000,0
1790772780000,87.58600,87.59900,87.46300,87.50000,13301.46,1790772839999,1164503.5544900,2200,4847.63,424351.7734000,0
1790772840000,87.50000,87.65800,87.49900,87.60200,15255.75,1790772899999,1336026.1313600,3244,6756.98,591758.0153700,0
1790772900000,87.60100,87.60200,87.51800,87.58800,8325.49,1790772959999,728959.4801300,1644,4014.30,351460.6412600,0
1790772960000,87.58800,87.61100,87.29000,87.38800,17900.31,1790773019999,1565514.4887700,3679,4564.45,399073.9614600,0
1790773020000,87.38800,87.45000,87.33200,87.36300,16692.34,1790773079999,1458619.5642200,3142,8914.58,779095.8763100,0
1790773080000,87.36300,87.36300,87.19700,87.19700,8174.60,1790773139999,713510.7730200,2316,2413.03,210604.1171300,0
1790773140000,87.19600,87.22100,87.11500,87.11500,11009.56,1790773199999,959741.7483100,2902,3651.17,318295.0875300,0
1790773200000,87.11600,87.24900,87.07700,87.13600,17160.54,1790773259999,1495778.3503100,4034,8493.31,740270.6215000,0
1790773260000,87.13500,87.18500,87.01300,87.01700,8264.44,1790773319999,719800.3026400,2629,2126.38,185168.9579900,0
1790773320000,87.01700,87.21500,87.01700,87.19800,15923.03,1790773379999,1386220.0408700,3600,9685.24,843121.5462100,0
1790773380000,87.19800,87.46100,87.19700,87.45600,6979.31,1790773439999,609609.7124400,2260,5745.97,501843.6485300,0
1790773440000,87.45600,87.53500,87.37300,87.53400,14511.48,1790773499999,1269154.3603800,2747,7866.10,688030.2942900,0
1790773500000,87.53500,87.69300,87.49500,87.64500,16770.15,1790773559999,1469425.2008000,3286,12896.15,1129971.3960600,0
1790773560000,87.64500,87.74100,87.63100,87.71400,11093.90,1790773619999,972753.1545600,2393,6612.82,579856.7775500,0
1790773620000,87.71700,87.72800,87.53600,87.56900,18414.65,1790773679999,1614176.3156900,2620,4155.49,364155.0538600,0
1790773680000,87.56800,87.67600,87.55100,87.60300,10319.61,1790773739999,904235.2542400,2324,6388.47,559788.6705600,0
1790773740000,87.60300,87.76200,87.60000,87.71200,10277.62,1790773799999,901256.6953000,3058,7257.36,636414.1898600,0
1790773800000,87.71100,87.72300,87.58000,87.59700,10979.66,1790773859999,962300.8657600,2368,3914.06,343078.2067200,0
1790773860000,87.59700,87.65700,87.52700,87.62100,6781.58,1790773919999,593934.7448300,2105,4282.33,375056.0200600,0
1790773920000,87.62100,87.72300,87.58400,87.67400,5637.73,1790773979999,494131.3669900,1816,3203.01,280755.3197700,0
1790773980000,87.67300,87.73900,87.67200,87.68200,7832.86,1790774039999,686966.3977800,1837,3703.85,324847.0938500,0
1790774040000,87.68000,87.74400,87.66600,87.70400,6630.05,1790774099999,581486.6339800,1779,2581.85,226420.1707600,0
1790774100000,87.70300,87.73200,87.63000,87.68300,5496.96,1790774159999,482028.0562100,1640,1939.82,170104.8509800,0
1790774160000,87.68300,87.76300,87.65400,87.75700,10520.88,1790774219999,922782.2739100,2195,5752.19,504621.0992300,0
1790774220000,87.75700,87.76900,87.67000,87.69900,7042.45,1790774279999,617748.3099200,1738,3344.91,293378.5221100,0
1790774280000,87.70000,87.72000,87.60200,87.64900,6340.87,1790774339999,555846.4539300,1529,2222.64,194828.7220800,0
1790774340000,87.64900,87.64900,87.48100,87.50000,9441.46,1790774399999,826547.0832900,2151,2377.81,208169.7576200,0
1790774400000,87.49900,87.54700,87.44000,87.51200,6428.64,1790774459999,562431.8869200,1893,2406.92,210616.8354900,0
1790774460000,87.51300,87.55200,87.48200,87.54800,6266.63,1790774519999,548446.3063800,1539,4295.72,375968.8358700,0
1790774520000,87.54900,87.58100,87.50300,87.50300,8722.13,1790774579999,763635.2738600,1272,7805.25,683372.5760500,0
1790774580000,87.50400,87.53700,87.48800,87.48800,5744.56,1790774639999,502765.5464200,1267,3844.21,336449.6551300,0
1790774640000,87.48900,87.49700,87.45800,87.47500,4307.79,1790774699999,376843.7890700,1163,2761.26,241553.7401600,0
1790774700000,87.47400,87.47400,87.36400,87.38200,12241.83,1790774759999,1070233.7985500,1947,6005.12,525013.5894400,0
1790774760000,87.38200,87.42200,87.38000,87.39800,23948.98,1790774819999,2093313.1758500,1462,20966.96,1832660.0630600,0
1790774820000,87.39800,87.43000,87.33300,87.35400,25016.80,1790774879999,2186197.8467600,2219,19235.90,1681051.3192600,0
1790774880000,87.35500,87.35500,87.10600,87.12700,14940.72,1790774939999,1302902.9669700,2615,4494.84,391779.9828700,0
1790774940000,87.12800,87.13700,87.08200,87.08200,27176.18,1790774999999,2367768.6338200,1906,21896.24,1907777.4747700,0
1790775000000,87.08200,87.09300,87.00600,87.08800,50980.51,1790775059999,4438832.3722000,3356,43868.78,3819720.4395400,0
1790775060000,87.08800,87.36400,87.08800,87.36400,35615.86,1790775119999,3105650.8361800,3009,30127.12,2626345.8347300,0
1790775120000,87.36400,87.38200,87.04500,87.09500,20154.04,1790775179999,1758584.1173300,3831,10781.66,940874.0458200,0
1790775180000,87.09400,87.09400,86.95900,86.96400,28941.55,1790775239999,2518667.5835200,4208,13701.80,1192621.4102100,0
1790775240000,86.96400,87.00600,86.74600,86.78500,32017.95,1790775299999,2782010.1937800,4070,10925.01,949803.1103900,0
1790775300000,86.78500,86.78500,86.41900,86.53300,46703.83,1790775359999,4042974.1240100,6641,19274.96,1668479.8177200,0
1790775360000,86.53300,86.58000,86.36500,86.55500,33973.81,1790775419999,2937149.3023400,5803,14025.79,1212812.1860600,0
1790775420000,86.55500,86.61800,86.31800,86.35100,22010.63,1790775479999,1904191.8956700,5265,7659.18,662487.3178500,0
1790775480000,86.35200,86.41300,86.20100,86.36600,26543.02,1790775539999,2290766.7341700,6622,10740.20,926980.5092200,0
1790775540000,86.36100,86.47400,86.27800,86.38600,21273.83,1790775599999,1837466.5699100,5128,10062.43,869082.2327100,0
1790775600000,86.38500,86.45700,85.91200,86.01000,41348.70,1790775659999,3562906.7460000,7308,12183.42,1051098.1224600,0
1790775660000,86.00900,86.14500,85.98800,86.06500,30124.10,1790775719999,2592673.4144400,5758,10737.24,924157.2657900,0
1790775720000,86.06500,86.47600,86.05300,86.33100,23150.20,1790775779999,1998178.5123900,4096,15947.87,1376640.4286600,0
1790775780000,86.33600,86.46200,86.24400,86.27300,19129.43,1790775839999,1652327.4855600,4338,7876.16,680352.0892600,0
1790775840000,86.27700,86.42400,86.27100,86.41300,9958.18,1790775899999,860073.9796500,2894,4526.67,390926.9456100,0
1790775900000,86.41300,86.60000,86.30300,86.35300,20933.45,1790775959999,1810079.3823100,4226,7615.10,658433.9157900,0
1790775960000,86.35300,86.53400,86.32900,86.53300,8617.13,1790776019999,744830.0640800,2915,5057.34,437186.8688700,0
1790776020000,86.53300,86.60000,86.40700,86.53600,9595.72,1790776079999,830178.2234900,2856,3130.62,270886.6182500,0
1790776080000,86.53600,86.55000,86.34900,86.37900,12621.62,1790776139999,1091494.0565500,3623,4700.71,406503.2894000,0
1790776140000,86.38000,86.56000,86.37600,86.44200,8726.53,1790776199999,754823.9780800,2337,2632.28,227659.7576700,0
1790776200000,86.44200,86.46400,86.27500,86.31200,6435.99,1790776259999,555985.6497000,2418,3569.15,308319.8549500,0
1790776260000,86.31200,86.48400,86.31000,86.36400,7071.92,1790776319999,610953.9692500,2499,4515.34,390089.1161700,0
1790776320000,86.36500,86.39400,86.19700,86.21100,6409.01,1790776379999,552932.5936600,2478,2132.53,183976.1999200,0
1790776380000,86.21100,86.39100,86.16100,86.38000,8411.60,1790776439999,725241.9849200,2659,4969.06,428482.9770700,0
1790776440000,86.38100,86.38100,86.26600,86.34800,6446.63,1790776499999,556526.0209700,2101,2312.29,199619.1352100,0
1790776500000,86.34800,86.41800,86.23900,86.25400,10905.33,1790776559999,941647.9948400,2854,4530.63,391271.1996600,0
1790776560000,86.25300,86.36000,86.23300,86.32200,4163.02,1790776619999,359216.5207300,1777,1534.59,132419.2018200,0
1790776620000,86.32200,86.40600,86.23500,86.30500,4213.19,1790776679999,363670.5434900,1675,1510.41,130384.9924100,0
1790776680000,86.30500,86.34000,86.27300,86.32200,5091.81,1790776739999,439489.2001100,1536,1719.76,148418.7466000,0
1790776740000,86.32100,86.38700,86.19300,86.37300,6375.46,1790776799999,550118.7603100,2291,2220.03,191583.5787000,0
1790776800000,86.37100,86.43000,86.12200,86.17000,7123.69,1790776859999,614596.9875400,2373,1787.02,154199.6582400,0
1790776860000,86.17000,86.38300,86.11800,86.11900,6358.72,1790776919999,548594.2635400,3053,2849.80,245866.4572900,0
1790776920000,86.12000,86.18900,86.06100,86.06500,8954.87,1790776979999,771172.4344600,3244,4861.39,418645.2688100,0
1790776980000,86.06800,86.21000,86.06800,86.17100,12424.06,1790777039999,1070506.0972200,2674,6869.97,591897.5938500,0
1790777040000,86.17100,86.23800,86.11700,86.17300,9151.43,1790777099999,788659.5231700,2770,3304.57,284795.9225300,0
1790777100000,86.17100,86.26200,86.14700,86.24500,5271.74,1790777159999,454467.0765300,1888,2948.75,254188.1778800,0
1790777160000,86.24600,86.32100,86.23400,86.27500,12357.18,1790777219999,1066195.1638200,2722,5850.73,504828.5113100,0
1790777220000,86.27600,86.28000,86.05100,86.06100,11831.56,1790777279999,1019218.0397200,2254,4512.34,388750.3397500,0
1790777280000,86.06500,86.08500,85.94500,86.03100,13917.31,1790777339999,1197125.8301000,3220,3028.89,260544.1322900,0
1790777340000,86.03000,86.05900,85.88800,86.03600,8839.19,1790777399999,759888.9896200,2681,4396.57,378028.8671900,0
1790777400000,86.03600,86.09900,85.91100,85.92300,7067.31,1790777459999,607698.3008200,2437,3573.56,307292.4182900,0
1790777460000,85.92200,85.94800,85.82400,85.92800,15337.81,1790777519999,1317332.8539900,3385,6524.79,560413.7607200,0
1790777520000,85.92800,86.08400,85.90300,85.93800,11495.29,1790777579999,988549.7589900,2883,7044.51,605829.9465500,0
1790777580000,85.94000,86.02700,85.85500,85.93900,12037.03,1790777639999,1034648.7388400,2985,6938.87,596424.8905700,0
1790777640000,85.93900,86.03300,85.91600,85.97000,6611.16,1790777699999,568449.8762900,1895,3442.87,296018.2757400,0
1790777700000,85.96900,85.98900,85.89200,85.97000,5778.34,1790777759999,496651.8128400,2037,3122.52,268375.1550700,0
1790777760000,85.97100,85.98200,85.86100,85.94100,7130.89,1790777819999,612665.0258200,2098,3624.93,311423.8618500,0
1790777820000,85.94100,85.97300,85.81800,85.84200,9295.61,1790777879999,798188.0703000,2277,5719.47,491110.0896200,0
1790777880000,85.84200,85.86300,85.74200,85.78700,18199.16,1790777939999,1561550.7837700,3606,7485.87,642316.0686400,0
1790777940000,85.78600,85.79100,85.70000,85.77000,15674.87,1790777999999,1343979.3300600,2974,7936.05,680514.9717800,0
1790778000000,85.77500,85.80000,85.70900,85.78400,8632.32,1790778059999,740261.2040700,2563,4632.12,397230.0512700,0
1790778060000,85.78400,85.81600,85.62300,85.62400,16612.79,1790778119999,1424427.5281800,3030,4538.32,389166.6341000,0
1790778120000,85.62400,85.62800,85.43000,85.46300,17339.44,1790778179999,1483310.7463100,4638,6692.18,572548.5137700,0
1790778180000,85.46200,85.53600,85.33100,85.47100,24694.90,1790778239999,2108990.4129100,5073,9429.65,805343.9293900,0
1790778240000,85.47100,85.50300,85.34000,85.34000,15829.31,1790778299999,1351877.5696100,3292,6084.17,519564.8306800,0
1790778300000,85.34000,85.47100,85.23900,85.43600,21040.60,1790778359999,1795574.4495200,4456,8130.87,694025.9532800,0
1790778360000,85.43600,85.48700,85.33500,85.35800,18923.62,1790778419999,1616461.1068900,2864,6265.94,535274.6006500,0
1790778420000,85.35900,85.37600,85.22100,85.23900,7505.24,1790778479999,640105.4612700,2360,3199.00,272863.9392900,0
1790778480000,85.24000,85.25800,85.16500,85.21200,14542.06,1790778539999,1239148.0767100,2840,3956.20,337139.2297100,0
1790778540000,85.21100,85.21100,85.01000,85.17900,25986.80,1790778599999,2211368.5629500,4359,9759.00,830422.3777400,0
1790778600000,85.18000,85.47300,85.12400,85.41800,17520.59,1790778659999,1495211.6874000,4262,11167.86,953148.3778600,0
1790778660000,85.41800,85.48400,85.28400,85.35200,11462.21,1790778719999,978831.4907500,3725,6068.05,518151.9661300,0
1790778720000,85.35300,85.43100,85.11400,85.14200,11181.10,1790778779999,953517.6821700,3814,4018.18,342689.7871400,0
1790778780000,85.14200,85.46600,85.04700,85.46100,17418.17,1790778839999,1484448.3312000,4347,6733.90,574179.9849600,0
1790778840000,85.45900,85.52400,85.21000,85.25300,16895.13,1790778899999,1442388.4946900,4473,8599.64,734417.8149800,0
1790778900000,85.25200,85.30300,85.20000,85.20700,14218.72,1790778959999,1212094.4261300,2771,8836.02,753291.3929700,0
1790778960000,85.20700,85.30300,85.19700,85.20100,9931.17,1790779019999,846654.5416100,2401,6549.36,558363.0505200,0
1790779020000,85.20200,85.37400,85.11500,85.22600,8977.65,1790779079999,765327.8277400,3057,4737.80,403977.4129000,0
1790779080000,85.22500,85.42700,85.22100,85.42100,10496.38,1790779139999,895760.9424600,3284,6853.61,584953.8818800,0
1790779140000,85.42600,85.42600,85.30900,85.33200,7355.01,1790779199999,627931.6088900,2876,4508.48,384920.6674200,0
1790779200000,85.32500,85.32500,85.10400,85.23700,9893.26,1790779259999,843050.8158900,3326,4468.30,380773.3708000,0
1790779260000,85.23600,85.24700,85.03200,85.24700,13754.22,1790779319999,1170983.7593000,4129,5377.51,457834.1280100,0
1790779320000,85.24700,85.36300,85.22000,85.32300,8446.28,1790779379999,720501.2016500,2526,4803.13,409703.2387700,0
1790779380000,85.32200,85.36900,85.19900,85.22000,7799.39,1790779439999,665220.0091800,2138,2817.40,240295.9033200,0
1790779440000,85.22000,85.27700,85.19000,85.20100,3756.26,1790779499999,320157.8198200,1418,1925.38,164094.7362300,0
1790779500000,85.20100,85.32300,85.17800,85.26000,5614.94,1790779559999,478688.0567600,2232,2355.54,200796.1203100,0
1790779560000,85.26100,85.36800,85.23900,85.33600,11754.01,1790779619999,1002657.5018500,2168,3675.11,313506.9098500,0
1790779620000,85.33700,85.50000,85.30100,85.47500,9214.63,1790779679999,787191.7128500,2113,6989.69,597122.4966300,0
1790779680000,85.47500,85.54800,85.41000,85.42700,8983.36,1790779739999,768015.1614800,2277,4878.83,417103.2074000,0
1790779740000,85.42700,85.59200,85.34700,85.56400,17232.28,1790779799999,1473038.9339100,3001,12945.87,1106585.8732900,0
1790779800000,85.56300,85.82400,85.56300,85.77500,35782.39,1790779859999,3065618.5976200,5117,24828.09,2126945.1536600,0
1790779860000,85.77500,85.82100,85.65100,85.66600,9400.34,1790779919999,806085.9400200,2362,3550.24,304452.4514000,0
1790779920000,85.66600,85.73700,85.62700,85.65400,10017.74,1790779979999,858387.2505600,2312,5355.39,458876.6009500,0
1790779980000,85.65200,85.69100,85.58900,85.59900,3932.25,1790780039999,336765.9151100,1531,1689.81,144715.9865500,0
1790780040000,85.59900,85.64700,85.54000,85.57800,4277.56,1790780099999,366143.5296600,1779,2370.17,202857.1027700,0
1790780100000,85.57700,85.66000,85.54300,85.65000,5427.64,1790780159999,464592.6328200,1901,3489.89,298720.3354200,0
1790780160000,85.65100,85.78100,85.62600,85.69600,12867.23,1790780219999,1102781.7370100,3176,8721.16,747399.2469300,0
1790780220000,85.69400,85.72700,85.65100,85.69800,5168.47,1790780279999,442944.6016700,1530,1658.34,142107.5124000,0
1790780280000,85.69800,85.70600,85.54100,85.57300,5672.05,1790780339999,485768.3282000,1371,1671.11,143092.9438900,0
1790780340000,85.57400,85.63800,85.53400,85.53400,1803.90,1790780399999,154394.2759600,1034,481.06,41170.6617100,0
1790780400000,85.53400,85.67700,85.48200,85.66100,6313.18,1790780459999,540265.7750300,3133,3536.53,302671.3996900,0
1790780460000,85.66100,85.67600,85.52500,85.60300,6988.68,1790780519999,598244.3486600,2648,3534.23,302517.4139800,0
1790780520000,85.60300,85.60800,85.42100,85.45100,3480.39,1790780579999,297639.0786600,2306,1008.67,86254.6190600,0
1790780580000,85.45100,85.62100,85.40900,85.62000,3926.69,1790780639999,335735.4378800,2271,2368.63,202537.8986800,0
1790780640000,85.62100,85.64700,85.52800,85.61600,3287.63,1790780699999,281388.5019400,2166,1869.93,160057.6151700,0
1790780700000,85.61500,85.61500,85.43400,85.44800,5671.33,1790780759999,484825.3285600,2494,1455.42,124399.2546500,0
1790780760000,85.44800,85.47100,85.34400,85.46300,5875.83,1790780819999,501827.8833200,2504,2889.57,246771.4262400,0
1790780820000,85.46300,85.47400,85.34800,85.38100,2605.05,1790780879999,222471.3622000,1555,1292.82,110401.7306700,0
1790780880000,85.38100,85.48000,85.34400,85.44200,3116.04,1790780939999,266094.6434700,1996,1541.60,131644.7142300,0
1790780940000,85.44200,85.79700,85.42800,85.78400,17496.93,1790780999999,1498846.7668300,3998,11963.91,1024619.6065600,0
1790781000000,85.78500,85.90800,85.77200,85.87900,15537.73,1790781059999,1333919.3198100,2957,10838.72,930512.7433400,0
1790781060000,85.87800,85.96400,85.85700,85.85800,14319.66,1790781119999,1230224.7138600,1935,3235.42,278009.0331300,0
1790781120000,85.85700,85.90900,85.75000,85.86400,8676.29,1790781179999,744882.5156300,2512,3563.43,305914.0298300,0
1790781180000,85.86400,85.96400,85.85500,85.86800,4822.52,1790781239999,414276.6465000,2089,1717.22,147530.0921100,0
1790781240000,85.86800,85.97200,85.86400,85.94900,8298.66,1790781299999,713210.0135200,1814,2607.59,224091.0384800,0
1790781300000,85.94900,86.00000,85.90400,85.93500,9749.08,1790781359999,838093.0449900,1899,3026.08,260152.9350500,0
1790781360000,85.93500,85.99900,85.89300,85.99900,3890.08,1790781419999,334373.5948900,1637,2031.27,174615.7408300,0
1790781420000,85.99900,86.02400,85.89200,85.89200,14318.20,1790781479999,1230975.7876900,1677,2579.71,221820.4945700,0
1790781480000,85.89300,85.89500,85.70800,85.72400,6732.68,1790781539999,577705.2754900,1817,1589.57,136386.4977500,0
1790781540000,85.72500,85.83900,85.69700,85.80000,6876.91,1790781599999,589805.1545000,2312,2631.95,225754.0630600,0
1790781600000,85.79900,85.88400,85.76100,85.84200,6249.22,1790781659999,536307.9389200,2136,3102.21,266242.9640800,0
1790781660000,85.84100,85.92300,85.83700,85.92300,5794.29,1790781719999,497606.7880700,2238,2733.26,234740.9083900,0
1790781720000,85.92300,85.99500,85.92200,85.93700,6496.12,1790781779999,558401.9005700,1644,1705.92,146635.5227200,0
1790781780000,85.93800,86.01700,85.88800,85.92400,12232.03,1790781839999,1051320.9323400,2407,7205.58,619373.3017800,0
1790781840000,85.92300,85.92400,85.62300,85.62300,10329.40,1790781899999,885573.3904700,2257,3343.06,286525.4649100,0
1790781900000,85.62400,85.69300,85.54700,85.60300,8394.32,1790781959999,718686.2284800,2604,2921.01,250043.7097200,0
1790781960000,85.60300,85.60300,84.93800,85.00200,127554.09,1790782019999,10866139.7515100,16330,30555.73,2602614.6793400,0
1790782020000,85.00200,85.00800,84.50100,84.80600,151667.29,1790782079999,12855758.9867600,19893,63356.78,5371054.1279100,0
1790782080000,84.80600,85.04000,84.69100,85.02600,45589.51,1790782139999,3869266.1273200,7124,28490.54,2418298.3264200,0
1790782140000,85.03400,85.20000,85.03400,85.16500,24816.57,1790782199999,2113008.4359300,3921,19003.56,1618114.5277500,0
1790782200000,85.17000,85.72900,85.16800,85.55700,53760.83,1790782259999,4593572.5197500,6837,39307.87,3357878.0591000,0
1790782260000,85.55700,85.94900,85.55700,85.94600,24865.72,1790782319999,2132153.0707100,5143,14691.68,1259956.2124200,0
1790782320000,85.94600,86.13600,85.80600,85.95400,59179.93,1790782379999,5086181.0092600,7486,31510.79,2708205.5304700,0
1790782380000,85.95500,85.98000,85.76500,85.80700,36875.87,1790782439999,3167156.0089200,4235,14013.19,1203722.2699900,0
1790782440000,85.80700,85.90000,85.77600,85.84800,14485.59,1790782499999,1243654.3860000,2888,6711.80,576261.5234400,0
1790782500000,85.84700,85.99400,85.84700,85.93800,13144.78,1790782559999,1129576.2598900,2260,3749.98,322178.0397100,0
1790782560000,85.93900,86.00200,85.89100,85.94500,9545.64,1790782619999,820340.4116400,1944,1624.59,139630.7578000,0
1790782620000,85.94500,86.06100,85.83000,86.06000,9959.76,1790782679999,855749.7955000,2584,3578.32,307574.1236000,0
1790782680000,86.06100,86.21400,86.03300,86.20200,19249.53,1790782739999,1657873.4206300,3923,15316.60,1319101.3711000,0
1790782740000,86.20100,86.29000,86.14900,86.25300,10472.98,1790782799999,903134.5150200,2709,5703.61,491874.5635000,0
1790782800000,86.25000,86.30000,86.09800,86.10500,20326.23,1790782859999,1752834.6119700,2475,3957.09,341361.7094600,0
1790782860000,86.10500,86.21200,85.92500,86.08400,20084.08,1790782919999,1728320.1565000,4628,9198.49,791641.0475600,0
1790782920000,86.08500,86.27900,86.01900,86.26800,9224.42,1790782979999,794894.4134400,3121,6337.60,546228.0673600,0
1790782980000,86.26800,86.30000,86.18800,86.23200,6247.51,1790783039999,538840.5680900,2055,3224.69,278134.7405100,0
1790783040000,86.23100,86.25100,86.12400,86.23300,11025.96,1790783099999,950327.4590500,2711,3826.23,329816.1316200,0
1790783100000,86.23400,86.33700,86.17300,86.32400,11726.71,1790783159999,1011642.7684500,2444,6293.34,542952.2482000,0
1790783160000,86.32400,86.53500,86.30400,86.48300,28931.03,1790783219999,2501632.3827800,3980,18899.16,1634240.4166700,0
1790783220000,86.48300,86.66000,86.38000,86.62800,25302.54,1790783279999,2188851.2365300,4439,16070.82,1390352.1436400,0
1790783280000,86.62700,86.98300,86.62700,86.96400,41209.18,1790783339999,3577893.7496900,5247,28074.04,2437642.8512100,0
1790783340000,86.96400,87.27200,86.95400,87.26200,38207.53,1790783399999,3328702.3984400,4873,23864.09,2078484.8545600,0
1790783400000,87.26100,87.30100,87.11700,87.26000,38773.93,1790783459999,3382529.3014800,4745,12268.38,1070236.0587500,0
1790783460000,87.26100,87.49500,87.26100,87.32600,57086.85,1790783519999,4989768.5729100,5969,22883.52,1999999.8776200,0
1790783520000,87.32700,87.52400,87.32700,87.49400,45308.17,1790783579999,3962479.2641200,6042,29142.21,2548578.0821800,0
1790783580000,87.49400,87.55100,87.34200,87.34300,32268.41,1790783639999,2821939.7352300,3913,8896.65,778053.8324000,0
1790783640000,87.34200,87.65400,87.29100,87.48900,32465.95,1790783699999,2840565.4196700,5676,19903.52,1741585.2245800,0
1790783700000,87.48900,87.57600,87.37300,87.46600,22388.55,1790783759999,1958210.3933600,3670,10531.83,921233.2329700,0
1790783760000,87.46500,87.65400,87.43800,87.60300,17570.63,1790783819999,1538672.7885100,3053,6654.21,582708.9978700,0
1790783820000,87.60400,87.66200,87.47600,87.63200,19403.74,1790783879999,1699297.8136200,4175,6871.38,601804.6806700,0
1790783880000,87.63200,87.70000,87.61700,87.67100,16181.78,1790783939999,1418391.3261400,2979,8742.66,766380.1000900,0
1790783940000,87.67100,87.69100,87.58200,87.66800,13015.11,1790783999999,1140608.7759700,2227,4800.04,420661.9130900,0
1790784000000,87.66900,87.75700,87.65900,87.69900,25032.37,1790784059999,2195116.9555100,3818,11474.20,1006245.8003700,0
1790784060000,87.70000,87.79000,87.67000,87.78200,23990.37,1790784119999,2104351.5047600,2829,5381.37,472122.1328100,0
1790784120000,87.78100,87.94200,87.77000,87.77000,37845.42,1790784179999,3324548.5414700,5070,15229.79,1337854.5029400,0
1790784180000,87.77000,87.77000,87.60000,87.70900,28530.36,1790784239999,2501477.0140400,5123,12022.56,1054059.0257600,0
1790784240000,87.70900,87.73900,87.62400,87.67200,9619.49,1790784299999,843331.6423900,2771,4852.60,425416.9097700,0
1790784300000,87.67200,87.84800,87.63100,87.83800,12110.07,1790784359999,1062622.7672300,2804,6946.62,609410.0976300,0
1790784360000,87.83800,87.99800,87.83700,87.86100,17948.56,1790784419999,1578134.4240300,3308,8123.09,714401.2749800,0
1790784420000,87.86100,87.98300,87.81000,87.96300,18622.10,1790784479999,1636712.0741200,3005,12399.94,1089796.4178100,0
1790784480000,87.96200,88.05000,87.94500,88.01400,26948.62,1790784539999,2371665.1230300,3000,9311.64,819407.5191100,0
1790784540000,88.01300,88.07700,87.84500,87.91000,51842.92,1790784599999,4560668.9195200,4837,11489.79,1010821.1015500,0
1790784600000,87.91100,88.03900,87.87000,88.03900,9606.11,1790784659999,844697.7848100,2598,5174.02,455045.1890300,0
1790784660000,88.03800,88.12800,88.03800,88.11100,14778.63,1790784719999,1301777.1332300,3111,5552.61,489116.1212300,0
1790784720000,88.11200,88.11800,87.88200,87.88400,13039.38,1790784779999,1147659.4791800,2847,4390.72,386543.9727100,0
1790784780000,87.88400,88.09500,87.88300,88.09200,12314.08,1790784839999,1083571.8714900,3229,7462.87,656668.9023600,0
1790784840000,88.09300,88.16600,88.01300,88.16100,11268.42,1790784899999,992612.1556300,2765,4868.62,428891.2274000,0
1790784900000,88.16100,88.21800,88.06300,88.14400,22537.86,1790784959999,1986066.0235800,3783,6408.38,564821.1698500,0
1790784960000,88.14300,88.17700,88.00000,88.01600,9672.01,1790785019999,852265.9502200,2691,3156.12,278075.1457300,0
1790785020000,88.01500,88.03900,87.90200,87.90200,9480.95,1790785079999,833866.7412700,3350,4602.68,404790.4334400,0
1790785080000,87.90300,87.90300,87.74100,87.84800,18580.55,1790785139999,1631293.4053600,3346,11315.44,993340.1475100,0
1790785140000,87.84800,87.95100,87.80300,87.86000,8388.10,1790785199999,737060.1953000,2839,4043.58,355292.6083600,0
1790785200000,87.86000,88.05000,87.79000,88.03100,12352.75,1790785259999,1086507.5476700,4025,7847.36,690338.3034600,0
1790785260000,88.03200,88.09200,88.03100,88.03900,5940.53,1790785319999,523133.8165300,1858,4148.11,365295.1036900,0
1790785320000,88.03900,88.26600,88.03800,88.22000,10132.94,1790785379999,893474.1066400,2727,8062.62,710883.0407100,0
1790785380000,88.21900,88.31400,88.19200,88.31400,15366.95,1790785439999,1356087.5480400,2218,12247.51,1080876.8856500,0
1790785440000,88.31400,88.63100,88.31300,88.60400,33145.01,1790785499999,2932830.3228100,5822,26768.61,2368564.4424500,0
1790785500000,88.60400,88.94100,88.59700,88.94000,62480.54,1790785559999,5549650.7084900,6994,40025.96,3554745.7882800,0
1790785560000,88.94100,88.99300,88.68600,88.78700,48082.16,1790785619999,4272768.4127500,5802,12761.94,1133903.5314600,0
1790785620000,88.78500,88.85800,88.64700,88.83000,24761.52,1790785679999,2198086.6433100,4601,10584.12,939481.2711800,0
1790785680000,88.83100,88.89500,88.81000,88.82600,19148.00,1790785739999,1701490.1411900,3013,5700.94,506544.4611700,0
1790785740000,88.82500,88.99000,88.78200,88.98400,37564.95,1790785799999,3337109.2106400,4292,12476.38,1108811.2508200,0
1790785800000,88.98400,89.08800,88.88800,88.88800,35982.27,1790785859999,3202620.0641700,5543,19578.11,1742575.8491400,0
1790785860000,88.88800,89.00000,88.77600,88.83900,25640.03,1790785919999,2278838.1260300,4359,4191.93,372633.4983600,0
1790785920000,88.84000,88.95900,88.82600,88.92700,20974.15,1790785979999,1864287.9030000,3804,10152.15,902366.0383500,0
1790785980000,88.92600,89.22400,88.92600,89.16200,33928.76,1790786039999,3023978.5193900,5547,20962.72,1868126.3314300,0
1790786040000,89.16300,89.20000,88.98900,89.10200,24307.94,1790786099999,2165839.4752800,3733,6701.66,596950.1607000,0
1790786100000,89.10100,89.23600,89.04800,89.23000,28661.32,1790786159999,2555057.4059500,3945,13515.62,1205070.8441800,0
1790786160000,89.22900,89.23000,89.09700,89.13000,12632.15,1790786219999,1126339.9125300,2237,4137.33,368850.1131900,0
1790786220000,89.13200,89.32700,89.12400,89.32700,14028.99,1790786279999,1251690.6033900,2779,10360.05,924436.9033500,0
1790786280000,89.33000,89.45000,89.32900,89.44800,24416.32,1790786339999,2182915.6125200,4205,14881.87,1330467.8673800,0
1790786340000,89.44800,89.53900,89.43500,89.53900,32111.39,1790786399999,2873067.3858600,4094,17212.39,1540246.4211000,0
1790786400000,89.53800,89.53800,89.41100,89.52800,31395.77,1790786459999,2810113.8243700,3804,7219.37,646082.3859100,0
1790786460000,89.52900,89.54600,89.46200,89.46600,33941.03,1790786519999,3037179.1604900,3981,6196.96,554546.9276400,0
1790786520000,89.46500,89.53200,89.45800,89.51500,22583.74,1790786579999,2020863.5149100,3115,5786.37,517839.3142300,0
1790786580000,89.51600,89.61200,89.50000,89.56600,20168.97,1790786639999,1806152.9027200,2232,13183.61,1180698.7840600,0
1790786640000,89.56500,89.64600,89.55200,89.64400,33012.75,1790786699999,2957504.5564600,2646,11647.92,1043562.2487500,0
1790786700000,89.64400,89.72900,89.64400,89.72800,35725.66,1790786759999,3204004.5088300,3228,13550.76,1215355.4915200,0
1790786760000,89.72900,89.88800,89.72000,89.88100,45602.83,1790786819999,4094584.4666100,5405,31312.53,2811502.4449700,0
1790786820000,89.88100,89.93200,89.87500,89.90900,57328.93,1790786879999,5153254.4427900,3388,10484.20,942516.1819100,0
1790786880000,89.91000,89.92900,89.89600,89.91500,36278.94,1790786939999,3261753.2183100,2689,10139.16,911596.5764600,0
1790786940000,89.91400,90.01400,89.91100,89.99700,42199.29,1790786999999,3796544.1233900,3433,32301.60,2906235.7769400,0
1790787000000,89.99700,90.01400,89.98800,90.01200,18188.65,1790787059999,1636942.4952300,1931,6715.24,604369.2125300,0
1790787060000,90.01100,90.08700,90.00800,90.06500,39875.05,1790787119999,3590315.8152700,3810,20256.28,1824024.3051400,0
1790787120000,90.06600,90.27900,90.06100,90.27500,62537.71,1790787179999,5638562.1043900,5200,34547.14,3115441.8046600,0
1790787180000,90.27400,90.36200,90.27400,90.35800,68683.75,1790787239999,6203078.6345600,4636,27338.28,2469044.7495900,0
1790787240000,90.35800,90.48100,90.35800,90.38300,90904.57,1790787299999,8217555.2409200,4826,28171.85,2546898.3111300,0
1790787300000,90.38200,90.39000,89.89800,89.99200,65060.67,1790787359999,5868266.8587800,6792,17668.10,1592887.2610800,0
1790787360000,89.99200,90.06400,89.56200,89.62700,67269.46,1790787419999,6039271.0193000,8747,19617.07,1760247.1764600,0
1790787420000,89.62700,89.86400,89.61600,89.84200,25944.65,1790787479999,2328204.2899400,4011,16435.45,1474799.9843800,0
1790787480000,89.84200,90.08400,89.84100,90.08200,22881.25,1790787539999,2058158.3237900,3753,13931.29,1253115.9843700,0
1790787540000,90.08200,90.30700,90.08200,90.30700,30177.15,1790787599999,2721069.0284300,3728,15270.56,1377076.5628600,0
1790787600000,90.30700,90.38900,90.29000,90.37400,44055.44,1790787659999,3980694.7666800,3920,14929.88,1348994.8836900,0
1790787660000,90.37400,90.44800,90.35900,90.43000,71129.41,1790787719999,6428200.8290700,4211,18285.38,1652714.0308700,0
1790787720000,90.43000,90.88400,90.42900,90.88200,81728.04,1790787779999,7408622.1701400,9118,66854.99,6060659.6198800,0
1790787780000,90.88200,91.22000,90.87300,91.21400,100648.39,1790787839999,9162312.5841200,12760,75838.31,6903794.9516600,0
1790787840000,91.21500,91.39000,90.43100,90.43700,184324.78,1790787899999,16789815.5280100,16546,48772.70,4444437.5911300,0
1790787900000,90.43700,90.96700,90.38400,90.89900,93808.66,1790787959999,8504458.4331600,17378,48789.83,4422153.5070300,0
1790787960000,90.89900,90.92900,90.55000,90.61200,60634.65,1790788019999,5500813.7613200,10473,17870.14,1621003.3825300,0
1790788020000,90.61200,90.77400,90.58600,90.72400,29187.08,1790788079999,2646640.0073600,5754,13081.32,1186206.3328300,0
1790788080000,90.72300,90.84200,90.71400,90.73400,30127.86,1790788139999,2734410.9167700,5809,14038.39,1274205.9895500,0
1790788140000,90.73400,91.03300,90.72100,90.95100,46055.69,1790788199999,4183859.9944500,6524,14075.05,1278958.3156500,0
1790788200000,90.95100,91.25000,90.95000,91.24900,32775.45,1790788259999,2985568.2091800,5633,17066.13,1554642.8506200,0
1790788260000,91.25000,91.53600,91.24900,91.45000,57550.68,1790788319999,5260556.5786200,7522,25576.40,2337561.4524400,0
1790788320000,91.45000,91.45000,91.10000,91.18100,43146.14,1790788379999,3939373.9289600,6737,12475.13,1138515.0518900,0
1790788380000,91.18000,91.32500,91.15200,91.26100,24489.60,1790788439999,2234331.8352700,4695,11703.11,1067735.1408500,0
1790788440000,91.26000,91.41800,91.10900,91.11000,26734.88,1790788499999,2441870.1058900,4040,7141.06,652150.4769400,0
1790788500000,91.11000,91.11000,90.55100,90.59200,58188.14,1790788559999,5282235.6041100,9860,19073.05,1731021.2977200,0
1790788560000,90.59200,90.59200,90.36000,90.36100,53346.51,1790788619999,4826671.0604400,7084,20323.22,1839243.4692100,0
1790788620000,90.36100,90.56200,90.19300,90.47100,38580.89,1790788679999,3485470.8646100,7889,16603.56,1500355.0435600,0
1790788680000,90.47000,90.69300,90.39800,90.53000,28764.07,1790788739999,2603808.8837800,7320,13680.01,1238422.6877900,0
1790788740000,90.53100,90.72000,90.20800,90.28200,22826.15,1790788799999,2065634.7920300,6176,6817.76,617116.6936600,0
1790788800000,90.28300,90.52300,90.11200,90.51400,20225.13,1790788859999,1826143.4483500,6405,8130.46,734127.0754900,0
1790788860000,90.51600,90.65800,90.48800,90.58000,14244.07,1790788919999,1289865.2031700,4043,5613.62,508365.8679100,0
1790788920000,90.58000,90.70900,90.30300,90.30400,21995.01,1790788979999,1992041.3509000,4843,6161.68,557905.7323000,0
1790788980000,90.30400,90.38200,90.03800,90.32400,23147.79,1790789039999,2087481.2416900,6727,8687.17,783340.2709100,0
1790789040000,90.32400,90.48700,90.04400,90.09100,25251.85,1790789099999,2279869.8652500,6154,6752.16,609518.0562900,0
1790789100000,90.09100,90.28700,89.83200,90.21100,44799.58,1790789159999,4033522.9527400,10386,21368.43,1924478.5091800,0
1790789160000,90.21100,90.33000,89.90100,90.00400,20100.19,1790789219999,1810797.0064500,5662,8611.58,775965.1679000,0
1790789220000,90.00400,90.23200,89.92300,90.20100,10668.83,1790789279999,960692.1262800,4205,6209.13,559121.4674300,0
1790789280000,90.20100,90.22700,89.93900,89.94000,11285.60,1790789339999,1016331.3805400,3864,5828.70,524835.1494600,0
1790789340000,89.94000,90.05700,89.89800,89.94200,14459.74,1790789399999,1300853.0095500,3993,7384.37,664319.0703400,0
1790789400000,89.94200,89.94200,89.81600,89.82600,15300.55,1790789459999,1375143.3117700,3619,6321.85,568196.8364900,0
1790789460000,89.82700,89.85100,89.61600,89.65600,47256.30,1790789519999,4239368.7374000,4735,12423.34,1114502.7773000,0
1790789520000,89.65600,89.74600,89.60400,89.61300,58674.77,1790789579999,5262249.5320300,4304,45139.55,4048757.6196600,0
1790789580000,89.61300,89.62300,89.30400,89.38400,73919.26,1790789639999,6613994.6923100,6862,25676.71,2297088.5282200,0
1790789640000,89.38400,89.39300,89.12900,89.24800,125490.10,1790789699999,11199947.9030300,9555,69961.38,6244489.1339100,0
1790789700000,89.24800,89.46500,89.17200,89.41700,37696.21,1790789759999,3364633.1897500,4585,20519.29,1831895.2363700,0
1790789760000,89.41900,89.50000,89.21300,89.24400,24983.26,1790789819999,2232872.1380100,6404,12448.79,1112694.0155900,0
1790789820000,89.24300,89.33700,89.14500,89.15800,19220.85,1790789879999,1715120.7409600,5834,9143.47,815836.6830200,0
1790789880000,89.15900,89.29900,89.11300,89.25700,17671.30,1790789939999,1576623.4300200,4425,10825.48,965925.2530700,0
1790789940000,89.25600,89.27300,89.03500,89.04600,22458.19,1790789999999,2002598.5892400,4800,9422.08,840409.4800200,0
1790790000000,89.04600,89.06800,89.00800,89.02700,17267.15,1790790059999,1537531.7877300,3033,8725.23,776960.7144800,0
1790790060000,89.02700,89.06300,88.98900,89.04600,30861.74,1790790119999,2747272.8819700,3763,21601.06,1922903.4012300,0
1790790120000,89.04700,89.04700,88.91300,88.96100,24780.67,1790790179999,2204600.5131300,3434,13976.09,1243324.5412000,0
1790790180000,88.96100,89.09200,88.96000,89.02600,19986.75,1790790239999,1779407.7166500,2824,15513.17,1381135.9763700,0
1790790240000,89.02500,89.02700,88.91600,88.95700,18922.87,1790790299999,1683660.6908700,2606,8437.18,750702.2554900,0
1790790300000,88.95700,88.99800,88.78900,88.99700,34492.93,1790790359999,3066735.1018300,4682,16810.01,1494981.1389100,0
1790790360000,88.99700,89.40300,88.99600,89.37500,38513.52,1790790419999,3437440.7853000,7256,26722.10,2384371.9162100,0
1790790420000,89.37500,89.61800,89.32100,89.38700,58485.56,1790790479999,5231532.7120000,6953,48865.48,4371340.5534900,0
1790790480000,89.38700,89.75000,89.37800,89.69500,22230.28,1790790539999,1990724.8944900,5223,16416.22,1470079.3044400,0
1790790540000,89.69500,89.70800,89.52900,89.58600,11059.60,1790790599999,990933.4424900,3199,3700.91,331587.6072900,0
1790790600000,89.58600,89.85200,89.55900,89.65000,16528.52,1790790659999,1482727.0911500,4836,7716.35,692276.3882400,0
1790790660000,89.65000,89.72800,89.50800,89.54700,10881.39,1790790719999,975289.1025600,3579,4145.88,371596.2645300,0
1790790720000,89.54700,89.59700,89.41900,89.41900,6489.89,1790790779999,580828.0974600,2892,3166.30,283391.3059500,0
1790790780000,89.41900,89.46700,89.27900,89.36800,13028.69,1790790839999,1164223.5320300,3501,5225.44,466953.7222100,0
1790790840000,89.36800,89.38100,89.03800,89.04700,25403.48,1790790899999,2265962.8310800,5100,12283.19,1096347.8022000,0
1790790900000,89.04700,89.09900,88.94000,88.95900,16618.87,1790790959999,1479060.0966700,3353,6978.69,621033.3720500,0
1790790960000,88.95800,89.02700,88.94200,88.98900,5647.13,1790791019999,502488.1348400,1474,4644.18,413249.7176000,0
1790791020000,88.98900,89.01200,88.94200,88.99000,3953.72,1790791079999,351797.1192300,1127,3088.03,274760.7412500,0
1790791080000,88.99000,89.05900,88.97800,89.04300,9031.78,1790791139999,804061.2059800,1246,7710.13,686416.1573000,0
1790791140000,89.04300,89.22600,89.04200,89.18300,15500.16,1790791199999,1381950.1015600,2902,12331.02,1099299.4711700,0
1790791200000,89.18300,89.50000,89.05800,89.33300,24649.66,1790791259999,2202880.5977000,5374,19366.91,1730834.0372100,0
1790791260000,89.33300,89.34200,89.06800,89.06800,9919.96,1790791319999,884820.8437900,3019,3759.16,335406.7607000,0
1790791320000,89.06900,89.08800,88.84700,88.87200,20593.30,1790791379999,1831715.5175500,4981,5281.63,469846.0985900,0
1790791380000,88.87200,88.93500,88.78300,88.80200,25921.17,1790791439999,2303344.0951600,4360,15815.59,1405520.5333300,0
1790791440000,88.80100,88.81200,88.71100,88.78500,21643.18,1790791499999,1921313.8306500,3257,14739.77,1308466.4224400,0
1790791500000,88.78500,88.86500,88.64700,88.67300,21115.55,1790791559999,1874207.7203000,3582,13236.61,1175010.6213300,0
1790791560000,88.67200,88.69100,88.52000,88.59300,23899.30,1790791619999,2117007.6788600,3885,13979.22,1238226.6866800,0
1790791620000,88.59300,88.59500,88.48200,88.54300,12058.25,1790791679999,1067761.6687600,2993,5309.10,470140.7596300,0
1790791680000,88.54200,88.59000,88.34100,88.56500,32530.61,1790791739999,2876892.0752200,4161,16770.26,1483337.1699300,0
1790791740000,88.56500,88.70300,88.49500,88.64000,14856.86,1790791799999,1316615.4929700,3085,10472.70,928101.0674300,0
1790791800000,88.64000,88.79700,88.60100,88.64800,7555.71,1790791859999,670162.7002600,2821,4860.24,431071.3073200,0
1790791860000,88.64800,88.76500,88.59200,88.76000,17309.68,1790791919999,1534971.4956100,3345,7461.83,661830.5633000,0
1790791920000,88.75900,88.84300,88.75200,88.83500,9252.61,1790791979999,821794.9183500,2094,4907.49,435846.0847100,0
1790791980000,88.83500,88.84300,88.67500,88.69500,10672.65,1790792039999,947086.3572600,2616,5895.87,523174.0248300,0
1790792040000,88.69500,88.69500,88.34500,88.34500,11850.50,1790792099999,1048749.7760200,3082,2947.71,260866.3883600,0
1790792100000,88.34600,88.37000,88.23900,88.29100,29205.91,1790792159999,2578811.4497200,3251,21755.50,1920866.3143500,0
1790792160000,88.29100,88.41200,88.26100,88.30600,20614.60,1790792219999,1821181.8420300,3044,9748.68,861085.0941600,0
1790792220000,88.30600,88.48500,88.29900,88.47600,7913.43,1790792279999,699480.5724600,2381,3285.60,290418.0130800,0
1790792280000,88.47600,89.11300,88.47200,89.09800,52942.78,1790792339999,4701924.1067100,6855,41606.95,3695843.7310400,0
1790792340000,89.09100,89.19900,89.07600,89.19900,14780.41,1790792399999,1317052.5284400,2935,9203.65,820207.1848800,0
1790792400000,89.19800,89.30200,89.17700,89.23900,13269.34,1790792459999,1184112.9889200,2832,5944.92,530499.6938600,0
1790792460000,89.23900,89.38200,89.15600,89.36100,37546.48,1790792519999,3351859.0195900,4642,18738.87,1673143.2250900,0
1790792520000,89.36000,89.46300,89.33300,89.44300,14127.88,1790792579999,1262794.8173400,2718,6137.83,548665.6481700,0
1790792580000,89.44200,89.46400,89.29400,89.36800,43620.81,1790792639999,3898365.6288500,3890,7647.79,683470.3963400,0
1790792640000,89.36800,89.58000,89.36200,89.55100,20492.66,1790792699999,1832907.4112900,3495,12056.90,1078630.1322100,0
1790792700000,89.55100,89.58900,89.22700,89.29400,20941.39,1790792759999,1873166.9546000,4842,7456.21,667077.6818700,0
1790792760000,89.29400,89.39200,88.98000,89.09700,30676.75,1790792819999,2736050.0375400,7213,13979.88,1246761.0656900,0
1790792820000,89.09700,89.25300,89.04800,89.20600,11258.73,1790792879999,1003543.8773400,3784,4670.05,416285.1329300,0
1790792880000,89.20500,89.41100,89.15100,89.35300,10052.38,1790792939999,897865.6107800,3157,6044.48,539876.9658700,0
1790792940000,89.35300,89.38800,89.30900,89.34100,5047.12,1790792999999,450913.2419100,1993,2735.62,244392.4058900,0
1790793000000,89.34000,89.59600,89.27300,89.59600,9809.59,1790793059999,876865.1355800,3581,6135.53,548539.7977100,0
1790793060000,89.59700,89.69300,89.55900,89.65000,19325.25,1790793119999,1732229.1330100,3843,11057.72,991162.3476100,0
1790793120000,89.65000,89.69300,89.55200,89.63300,12115.82,1790793179999,1085932.3449200,2634,4177.95,374486.9616100,0
1790793180000,89.63200,89.63300,89.32100,89.32600,18498.93,1790793239999,1655630.0709500,3802,4715.02,421776.0698900,0
1790793240000,89.32500,89.32500,89.10400,89.12000,7580.51,1790793299999,675976.2386200,3118,2219.16,197801.9194800,0
1790793300000,89.11900,89.11900,88.94700,88.94700,6600.08,1790793359999,587572.4127400,2691,2513.06,223720.3818000,0
1790793360000,88.94700,89.11300,88.92800,88.93400,4587.16,1790793419999,408318.6492600,2676,2741.29,244032.5095900,0
1790793420000,88.93400,89.03300,88.90000,89.03300,5772.29,1790793479999,513372.0651800,2027,2172.72,193267.0341200,0
1790793480000,89.03200,89.27400,89.01500,89.27200,15398.73,1790793539999,1372783.2423600,3438,12448.96,1109816.9006600,0
1790793540000,89.27100,89.27100,89.13000,89.15700,2268.11,1790793599999,202296.5952300,1813,1266.10,112915.5796800,0
1790793600000,89.15700,89.30000,89.15700,89.22500,5506.04,1790793659999,491359.8443600,2028,3901.56,348169.3688100,0
1790793660000,89.22500,89.54400,89.19100,89.53200,10827.00,1790793719999,967516.9521900,3286,8134.26,726843.4828200,0
1790793720000,89.53200,89.53200,89.40400,89.47700,10815.40,1790793779999,967430.2071200,2605,1583.72,141665.3259200,0
1790793780000,89.47700,89.56100,89.37400,89.47100,13189.83,1790793839999,1180318.4489600,2552,2475.88,221585.1074800,0
1790793840000,89.47100,89.55000,89.43600,89.50300,6754.09,1790793899999,604329.3146500,1809,1587.88,142082.1338800,0
1790793900000,89.50300,89.50300,89.34300,89.38100,12120.94,1790793959999,1083643.3754500,2446,1970.60,176171.2678500,0
1790793960000,89.38000,89.57500,89.37300,89.45800,15338.36,1790794019999,1372759.8681900,2928,6741.51,603225.6249900,0
1790794020000,89.45700,89.64400,89.44200,89.52000,9336.40,1790794079999,835953.0263500,2814,4114.75,368421.5274100,0
1790794080000,89.52000,89.53300,89.19200,89.19300,17815.61,1790794139999,1591436.0548900,2413,6444.16,575299.8647100,0
1790794140000,89.19200,89.48100,89.18700,89.45500,26160.61,1790794199999,2335723.7773200,3533,20534.11,1832792.4762000,0
1790794200000,89.45400,89.72000,89.42700,89.71800,8841.37,1790794259999,792278.4921700,3215,5569.25,499058.0798900,0
1790794260000,89.71700,89.79700,89.61800,89.69800,13588.85,1790794319999,1219104.5714600,3649,5084.85,456220.1972400,0
1790794320000,89.69900,89.87000,89.63900,89.79800,14766.39,1790794379999,1325481.2213900,3557,6111.70,548591.6133800,0
1790794380000,89.79800,89.86000,89.67200,89.67200,15823.84,1790794439999,1420820.4458900,3622,7223.76,648722.5532500,0
1790794440000,89.67300,89.77900,89.63700,89.71800,9011.24,1790794499999,808396.5625200,2666,3319.44,297750.7148800,0
1790794500000,89.71800,89.84300,89.70000,89.71000,5936.60,1790794559999,533007.5678000,2230,3102.66,278569.0298000,0
1790794560000,89.70900,89.70900,89.55200,89.65300,5760.40,1790794619999,516219.2125000,2640,3080.97,276094.9836500,0
1790794620000,89.65300,89.72100,89.57100,89.64800,3274.36,1790794679999,293511.9789900,1820,1749.37,156830.6345400,0
1790794680000,89.64700,89.69500,89.56200,89.68400,3684.14,1790794739999,330257.5972700,1663,2560.52,229549.6929800,0
1790794740000,89.68300,89.73300,89.55700,89.55900,3874.81,1790794799999,347381.5719800,1969,1500.20,134512.9751600,0
1790794800000,89.55900,89.61800,89.35800,89.44200,5672.53,1790794859999,507536.7489500,2814,947.42,84770.6937400,0
1790794860000,89.44300,89.69500,89.36500,89.56700,8944.30,1790794919999,801229.6660600,3277,3959.94,354667.5172500,0
1790794920000,89.56600,89.82000,89.55900,89.81300,7929.79,1790794979999,711027.0526500,3152,4220.79,378521.2963400,0
1790794980000,89.81300,89.88300,89.72700,89.76700,12917.73,1790795039999,1159989.2934500,3004,3044.55,273436.2040500,0
1790795040000,89.76700,89.98400,89.74600,89.91900,14039.69,1790795099999,1261597.0502600,3432,7668.29,689100.4056000,0
1790795100000,89.91900,90.00200,89.90600,89.96100,15076.34,1790795159999,1356182.5614100,3058,5701.26,512855.4874700,0
1790795160000,89.96000,89.98100,89.85100,89.97400,6450.17,1790795219999,579942.1837100,1941,2400.65,215819.5332300,0
1790795220000,89.97400,90.05000,89.96200,90.05000,4940.54,1790795279999,444628.1303500,1950,2348.82,211396.1905500,0
1790795280000,90.05000,90.07600,89.84800,89.84900,10849.57,1790795339999,976424.9211500,2841,2367.47,213009.6664200,0
1790795340000,89.84900,89.97400,89.83800,89.90200,8268.57,1790795399999,743456.5625100,2424,5990.76,538656.2503100,0
1790795400000,89.90200,89.92100,89.72700,89.80600,4589.54,1790795459999,412187.0928400,2336,1699.59,152621.0174300,0
1790795460000,89.80600,89.80600,89.63500,89.72500,4881.89,1790795519999,437947.3914500,2240,2255.44,202286.1217600,0
1790795520000,89.72500,89.72500,89.44700,89.64500,8586.47,1790795579999,768887.8046000,3464,3177.29,284546.7754500,0
1790795580000,89.64500,89.73600,89.55200,89.66400,4633.77,1790795639999,415358.9714500,2715,2346.30,210299.8587900,0
1790795640000,89.66800,89.66800,89.50800,89.50900,4699.88,1790795699999,421064.4752900,2501,1395.33,125004.5716600,0
1790795700000,89.50900,89.59200,89.35700,89.59200,11816.27,1790795759999,1057132.6271500,3362,6626.93,592977.3443900,0
1790795760000,89.59200,89.72200,89.54500,89.67600,5923.33,1790795819999,531062.2202300,2430,2431.37,217970.9025500,0
1790795820000,89.67600,89.67600,89.42400,89.56500,15192.36,1790795879999,1360433.1785100,3075,6837.84,612104.8224500,0
1790795880000,89.56300,89.84800,89.48700,89.82800,19341.05,1790795939999,1734123.0256600,4011,9509.05,852814.4837300,0
1790795940000,89.82700,89.92200,89.82400,89.89400,5232.55,1790795999999,470326.5239400,1685,1550.82,139379.3923100,0
1790796000000,89.89400,89.99500,89.88200,89.98100,11478.86,1790796059999,1032232.5324800,2304,3662.01,329410.4752600,0
1790796060000,89.98100,90.03000,89.82800,89.85400,6976.17,1790796119999,627355.6687900,2733,3877.38,348723.8202100,0
1790796120000,89.85400,89.89600,89.70100,89.76300,3461.09,1790796179999,310746.5287600,2309,1151.42,103379.1669000,0
1790796180000,89.76300,89.76300,89.69400,89.71700,2102.30,1790796239999,188622.9191300,1324,679.39,60953.8927200,0
1790796240000,89.71700,89.71700,89.55000,89.55800,3824.39,1790796299999,342638.4471700,1903,1392.26,124705.6653000,0
1790796300000,89.55900,89.61300,89.49600,89.58300,5403.98,1790796359999,483965.9657600,2006,3305.21,296018.0561700,0
1790796360000,89.58500,89.70100,89.55600,89.57300,6149.97,1790796419999,551090.4840100,1624,2154.65,193077.3915500,0
1790796420000,89.57200,89.75000,89.57200,89.71800,7043.48,1790796479999,631576.2730600,1862,4078.78,365675.1971200,0
1790796480000,89.71800,89.78500,89.71200,89.75600,5863.93,1790796539999,526242.2348800,1724,2540.43,227985.0121900,0
1790796540000,89.75600,89.75700,89.62100,89.69800,11964.18,1790796599999,1073107.0984700,1717,2514.22,225439.3907600,0
1790796600000,89.69700,89.81700,89.68100,89.81000,4990.90,1790796659999,447981.6100200,1803,2786.79,250143.7654600,0
1790796660000,89.81000,89.93400,89.66900,89.69600,4572.40,1790796719999,410656.1612300,2432,2741.20,246166.2294400,0
1790796720000,89.69500,89.73500,89.50400,89.59800,9532.36,1790796779999,854294.3321700,2982,4254.67,381349.1297900,0
1790796780000,89.59800,89.71400,89.58900,89.70200,2762.50,1790796839999,247667.4683000,1363,1484.93,133125.2426800,0
1790796840000,89.70200,89.78900,89.58600,89.60000,5487.65,1790796899999,491989.9773700,2241,1724.89,154644.2879500,0
1790796900000,89.60100,89.68000,89.57200,89.60800,3632.80,1790796959999,325569.6612000,1988,1133.65,101593.3160300,0
1790796960000,89.60800,89.62500,89.56300,89.56900,2152.07,1790797019999,192827.9820400,1247,1243.03,111376.2902600,0
1790797020000,89.56900,89.62000,89.48900,89.51000,3282.64,1790797079999,293960.6178300,1609,1554.76,139246.2506000,0
1790797080000,89.51000,89.54600,89.48700,89.53800,1819.02,1790797139999,162827.5963000,1050,1179.24,105560.6089700,0
1790797140000,89.53800,89.56700,89.32200,89.36900,8161.62,1790797199999,729742.0983200,2553,3024.89,270449.2488000,0
1790797200000,89.36800,89.38500,89.28200,89.32500,7708.63,1790797259999,688663.9708800,2458,2807.84,250848.1831500,0
1790797260000,89.32500,89.37000,89.26900,89.28100,6268.92,1790797319999,559881.1354000,1711,1788.13,159671.3771100,0
1790797320000,89.28100,89.35800,89.28100,89.31000,2334.43,1790797379999,208506.5315300,1124,1618.69,144567.1494200,0
1790797380000,89.31000,89.35800,89.29100,89.32400,2177.78,1790797439999,194525.5162700,965,1629.23,145526.8618600,0
1790797440000,89.32300,89.33800,89.25000,89.29000,4468.46,1790797499999,399000.9330800,1313,1716.54,153277.4081600,0
1790797500000,89.29100,89.30900,89.14400,89.15600,6093.13,1790797559999,543586.3150000,1637,1643.15,146662.9071800,0
1790797560000,89.15600,89.20300,89.08300,89.20200,9184.11,1790797619999,818651.3668200,2166,3547.77,316280.9151100,0
1790797620000,89.20300,89.26000,88.94600,89.00700,13407.84,1790797679999,1194416.9388000,3720,3897.32,347241.3309300,0
1790797680000,89.00700,89.14700,89.00600,89.05600,10715.09,1790797739999,954267.1390300,2713,6846.96,609721.4631500,0
1790797740000,89.05700,89.07100,88.88800,88.94000,9132.27,1790797799999,812311.2336800,2490,3264.63,290383.1732400,0
1790797800000,88.93900,88.94000,88.77300,88.78800,9581.35,1790797859999,851413.0390600,2291,2551.58,226784.2416500,0
1790797860000,88.78800,88.83200,88.68500,88.72700,12194.86,1790797919999,1082217.9484200,2890,4351.51,386148.3485100,0
1790797920000,88.72700,88.81200,88.60500,88.81200,12742.04,1790797979999,1130262.7939600,3449,5373.45,476720.4343500,0
1790797980000,88.81100,88.92300,88.73300,88.73300,10641.66,1790798039999,945423.5713300,2977,4618.23,410303.7237800,0
1790798040000,88.73300,88.82500,88.59100,88.59100,10422.31,1790798099999,924481.4840500,2737,3838.09,340428.5974000,0
1790798100000,88.59200,88.83500,88.57900,88.83500,11684.41,1790798159999,1036324.3073000,2793,7166.39,635665.0677000,0
1790798160000,88.83500,88.94300,88.78400,88.80300,4690.00,1790798219999,416829.8245500,2253,2389.65,212396.4666700,0
1790798220000,88.80300,88.81200,88.71200,88.71200,4530.46,1790798279999,402179.0299600,1456,2958.37,262619.7708300,0
1790798280000,88.71200,88.71300,88.65600,88.67200,3159.73,1790798339999,280205.2467100,1362,1550.70,137505.6347000,0
1790798340000,88.67200,88.76900,88.66000,88.72700,4428.00,1790798399999,392899.8550000,1949,3339.94,296355.4773900,0
1790798400000,88.72700,88.92500,88.72200,88.82900,15788.18,1790798459999,1402590.2551200,4330,7205.68,640199.0281700,0
1790798460000,88.83000,88.87700,88.65900,88.87700,8566.38,1790798519999,760360.1483900,3418,3377.58,299756.1684900,0
1790798520000,88.87900,88.94700,88.80300,88.94700,5146.19,1790798579999,457357.7927900,2741,3062.60,272194.1545800,0
1790798580000,88.94700,89.02600,88.87900,89.02600,4501.69,1790798639999,400458.0202900,2258,2879.66,256197.3936600,0
1790798640000,89.02500,89.10000,88.97600,89.05900,6228.71,1790798699999,554629.0955800,2439,2644.86,235490.1952000,0
1790798700000,89.05900,89.38400,89.05900,89.30000,18201.35,1790798759999,1624889.5090200,3449,13903.36,1241297.2592600,0
1790798760000,89.29800,89.34400,89.12200,89.27700,10419.16,1790798819999,929728.2735900,2820,4183.25,373241.1447500,0
1790798820000,89.27700,89.37800,89.12500,89.25200,8594.93,1790798879999,766847.0807300,3206,3583.08,319619.4821100,0
1790798880000,89.25200,89.31500,89.12200,89.18900,9065.55,1790798939999,808628.2965600,2084,1599.99,142785.5828300,0
1790798940000,89.19000,89.30200,89.19000,89.24300,4307.40,1790798999999,384419.6804500,1988,2025.21,180717.1568600,0
1790799000000,89.24200,89.38900,89.22900,89.38900,2376.34,1790799059999,212244.0968700,1305,1589.61,141984.7340300,0
1790799060000,89.38900,89.42900,89.29600,89.30500,8147.55,1790799119999,728118.8427200,2362,3479.89,311014.5383700,0
1790799120000,89.30500,89.33000,89.25700,89.25800,2793.77,1790799179999,249476.7885200,1343,978.74,87400.0354500,0
1790799180000,89.25800,89.28800,89.15200,89.23800,3447.95,1790799239999,307639.0625900,1719,1442.35,128696.0241800,0
1790799240000,89.23800,89.42200,89.22800,89.31400,4766.81,1790799299999,425851.9128600,2305,2909.01,259893.9094200,0
1790799300000,89.31300,89.39600,89.23400,89.31400,5425.27,1790799359999,484554.2582900,2200,2316.53,206892.5228400,0
1790799360000,89.31400,89.33000,89.17200,89.29600,4637.72,1790799419999,414056.1572300,2001,2214.41,197692.9550100,0
1790799420000,89.29600,89.31200,89.22200,89.22200,3171.09,1790799479999,283086.2382200,1517,1145.17,102228.3005500,0
1790799480000,89.22200,89.26200,89.18700,89.23900,2799.85,1790799539999,249817.2275000,1452,1616.66,144246.6615100,0
1790799540000,89.23900,89.53000,89.23800,89.53000,9554.00,1790799599999,854086.6820700,2790,7188.35,642691.4581600,0
1790799600000,89.53000,89.66200,89.47800,89.56800,10000.86,1790799659999,895692.5566100,3642,6155.84,551380.2602500,0
1790799660000,89.56800,89.67100,89.53600,89.67100,3790.51,1790799719999,339579.9699200,1835,1997.53,178960.9537800,0
1790799720000,89.67100,90.02100,89.65200,89.95000,21374.63,1790799779999,1921410.4042300,3703,17062.60,1533901.6333400,0
1790799780000,89.95000,90.13200,89.95000,90.07300,13945.05,1790799839999,1255431.5643800,3173,8190.71,737396.9162500,0
1790799840000,90.07300,90.39200,90.07300,90.39200,21336.00,1790799899999,1926018.9986600,5906,13848.79,1250044.8018500,0
1790799900000,90.39200,90.50900,90.27500,90.48800,27101.08,1790799959999,2450162.6618200,4655,16532.20,1495050.9261400,0
1790799960000,90.48900,90.58300,90.39200,90.48900,17343.89,1790800019999,1569572.9562400,4827,6864.52,621383.4936100,0
1790800020000,90.49000,90.54600,90.33100,90.38900,14619.66,1790800079999,1322114.0502900,3462,4301.97,389109.1543200,0
1790800080000,90.38900,90.43000,90.31600,90.32900,8405.37,1790800139999,759574.8066700,2532,3407.75,307957.6289700,0
1790800140000,90.32900,90.39100,90.25300,90.25700,4850.67,1790800199999,438005.3812700,2269,1914.96,172919.3463400,0
1790800200000,90.25700,90.40500,90.21600,90.33300,7072.17,1790800259999,638538.9586800,2429,3638.19,328519.5638400,0
1790800260000,90.33200,90.33200,90.15600,90.20500,5862.49,1790800319999,529036.3179100,2160,1164.84,105128.2204700,0
1790800320000,90.20600,90.31700,90.20500,90.25400,6628.30,1790800379999,598227.2485300,2020,3285.20,296497.4068000,0
1790800380000,90.25500,90.28900,90.13300,90.20700,6487.35,1790800439999,585035.4179000,1929,4095.06,369255.6804900,0
1790800440000,90.20600,90.33700,90.20600,90.33700,3380.06,1790800499999,305219.4890300,1631,833.40,75240.5874100,0
1790800500000,90.33700,90.38700,90.21600,90.24700,6246.28,1790800559999,564146.9469600,2565,3525.59,318412.4424900,0
1790800560000,90.24700,90.26000,90.14900,90.17400,3003.04,1790800619999,270887.3179100,1545,905.73,81709.9518000,0
1790800620000,90.17300,90.38000,90.14600,90.35600,6716.73,1790800679999,606010.5132800,2444,3762.23,339412.1417100,0
1790800680000,90.35700,90.42600,90.13700,90.16900,12759.86,1790800739999,1151944.7323300,3749,4585.35,414082.7573600,0
1790800740000,90.16800,90.34000,90.11500,90.32900,9091.62,1790800799999,820251.4158100,2811,4601.20,415167.6620400,0
1790800800000,90.33000,90.34000,90.25200,90.29700,4663.99,1790800859999,421154.3089200,1811,645.15,58257.6722400,0
1790800860000,90.29600,90.31600,90.23100,90.26300,4670.32,1790800919999,421592.8493700,1404,732.36,66104.7013300,0
1790800920000,90.26400,90.27000,90.11800,90.16300,3613.18,1790800979999,325933.6173100,1338,644.61,58123.8139400,0
1790800980000,90.16100,90.36900,90.16100,90.36900,2899.52,1790801039999,261697.3749900,1531,1760.93,158917.2206400,0
1790801040000,90.37000,90.37200,90.28400,90.30800,2058.80,1790801099999,185985.3829000,1253,1126.46,101748.5414000,0
1790801100000,90.30800,90.30900,90.19300,90.29400,2933.30,1790801159999,264785.5297400,1389,1158.05,104522.1507300,0
1790801160000,90.29400,90.31800,90.24500,90.25700,3525.84,1790801219999,318280.6689600,1388,1616.08,145878.4036800,0
1790801220000,90.25700,90.25800,90.15100,90.22000,2776.52,1790801279999,250443.2119300,1469,1517.63,136882.9148500,0
1790801280000,90.22000,90.22000,90.12100,90.17700,2506.09,1790801339999,225987.0980400,1552,573.24,51692.4909400,0
1790801340000,90.17700,90.21200,90.10300,90.16700,3218.47,1790801399999,290150.7139400,1495,857.61,77324.5815900,0
1790801400000,90.16700,90.16700,90.05500,90.12200,4314.85,1790801459999,388787.9468000,1630,621.94,56042.5011000,0
1790801460000,90.12300,90.31200,90.11700,90.31100,5039.29,1790801519999,454623.9903500,1097,4211.05,379906.6130800,0
1790801520000,90.31100,90.44600,90.15900,90.16700,10352.72,1790801579999,935444.2878400,3674,5690.86,514333.7168100,0
1790801580000,90.16700,90.24700,90.14900,90.24600,2923.18,1790801639999,263694.9438500,1220,837.88,75587.3442200,0
1790801640000,90.24600,90.26200,90.19300,90.19400,2583.45,1790801699999,233123.6748500,1243,1183.34,106774.2933600,0
1790801700000,90.19400,90.19500,90.10400,90.11300,1561.53,1790801759999,140770.3870300,1073,468.53,42235.7266200,0
1790801760000,90.11200,90.14300,90.05600,90.06000,2290.60,1790801819999,206382.0269900,1182,575.26,51831.1892900,0
1790801820000,90.05900,90.13200,90.05100,90.13000,3991.32,1790801879999,359579.9799100,1210,1399.66,126118.4609200,0
1790801880000,90.13200,90.26800,90.13200,90.16000,9565.43,1790801939999,862769.3820300,1945,2212.67,199559.8043200,0
1790801940000,90.15900,90.19400,90.09000,90.13200,4798.14,1790801999999,432477.9953300,1529,1549.88,139699.2563900,0
1790802000000,90.13200,90.33100,90.13200,90.32900,5168.80,1790802059999,466398.9748400,1905,2968.52,267870.6227800,0
1790802060000,90.33000,90.43400,90.28600,90.43200,5802.67,1790802119999,524540.6010400,1942,2606.73,235614.7116400,0
1790802120000,90.43200,90.56000,90.40100,90.56000,8066.90,1790802179999,729689.2839900,2701,4245.95,384101.3884400,0
1790802180000,90.56000,90.59800,90.43900,90.47900,6778.86,1790802239999,613799.1264800,2430,3419.11,309602.1279500,0
1790802240000,90.47900,90.55600,90.45600,90.53800,3523.78,1790802299999,318961.5911500,1670,1910.98,172978.2348300,0
1790802300000,90.53700,90.53700,90.36200,90.36300,4719.95,1790802359999,426698.6675300,2070,1547.67,139905.7418400,0
1790802360000,90.36300,90.42100,90.34300,90.39400,3578.99,1790802419999,323463.2535200,1520,1338.42,120960.1858600,0
1790802420000,90.39400,90.39400,90.31800,90.37000,3444.66,1790802479999,311240.4970300,1501,1278.30,115505.5957700,0
1790802480000,90.36900,90.59000,90.34100,90.51400,6921.11,1790802539999,626264.8061700,2661,4670.55,422640.4819500,0
1790802540000,90.51400,90.59000,90.47900,90.49600,6861.84,1790802599999,621174.3513400,2008,954.48,86410.6373600,0
1790802600000,90.49700,90.63300,90.45400,90.63200,8640.38,1790802659999,782241.1599500,2813,5485.15,496645.9406400,0
1790802660000,90.63200,90.95900,90.62300,90.94400,23732.15,1790802719999,2155348.0181500,6256,16129.54,1464855.2333600,0
1790802720000,90.94400,91.04300,90.92100,90.95600,26714.89,1790802779999,2430243.1071700,5483,15834.35,1440413.9011500,0
1790802780000,90.95700,91.06000,90.90600,91.01300,17935.11,1790802839999,1631848.9726000,3930,7943.52,722865.6495100,0
1790802840000,91.01400,91.08000,90.70800,90.74500,16671.29,1790802899999,1516326.2142200,4353,6172.89,561582.7301900,0
1790802900000,90.74500,90.80900,90.58100,90.58100,10109.87,1790802959999,917000.8658900,3554,3916.78,355272.4330200,0
1790802960000,90.58100,90.68500,90.56200,90.57100,5401.79,1790803019999,489452.1792100,2447,2524.57,228736.7794000,0
1790803020000,90.57100,90.65400,90.53200,90.59200,4544.50,1790803079999,411673.5105700,2173,2059.73,186599.5901300,0
1790803080000,90.59300,90.64500,90.48600,90.49900,6163.68,1790803139999,558281.7062400,2492,1935.54,175354.6223000,0
1790803140000,90.49900,90.63600,90.47600,90.49500,12700.54,1790803199999,1149727.2588400,2283,9485.57,858618.1501800,0
1790803200000,90.49500,90.61400,90.45500,90.59500,4149.77,1790803259999,375675.7804800,1722,1336.30,120977.9099100,0
1790803260000,90.59600,90.63000,90.49600,90.49600,2410.36,1790803319999,218281.8966600,1580,918.89,83217.4088100,0
1790803320000,90.49600,90.49900,90.41200,90.46200,2863.58,1790803379999,259013.9024100,1822,1529.99,138395.3115700,0
1790803380000,90.46300,90.50000,90.41400,90.41900,2803.58,1790803439999,253570.6026100,1357,944.73,85434.1350000,0
1790803440000,90.41900,90.45200,90.28900,90.28900,7381.60,1790803499999,667105.6571300,1886,1778.88,160750.3369000,0
1790803500000,90.28900,90.41500,90.23200,90.29900,6681.78,1790803559999,603480.0416000,2146,2313.04,208918.5935700,0
1790803560000,90.29900,90.43600,90.29900,90.43500,3597.47,1790803619999,325140.7664700,1693,1547.59,139846.5397500,0
1790803620000,90.43500,90.45800,90.36600,90.42500,4170.41,1790803679999,377062.3285800,1434,1880.02,169953.6086000,0
1790803680000,90.42500,90.50000,90.40800,90.44100,2587.23,1790803739999,234016.8783200,1167,1696.41,153444.1767000,0
1790803740000,90.44200,90.61000,90.44200,90.59100,8926.97,1790803799999,808317.6632600,2092,5232.69,473774.2954000,0
1790803800000,90.59200,90.70000,90.58800,90.69900,3982.57,1790803859999,360973.9021000,1450,2785.81,252484.8853100,0
1790803860000,90.70000,91.02000,90.61500,90.89400,59405.96,1790803919999,5398875.8916100,4075,39708.47,3607483.8224900,0
1790803920000,90.88600,90.88600,90.73700,90.86200,11377.41,1790803979999,1033156.5488200,2888,5771.78,524168.3096500,0
1790803980000,90.86300,91.11300,90.86200,91.09900,9760.30,1790804039999,888431.7275000,2750,5301.88,482551.3609800,0
1790804040000,91.09900,91.12500,90.94700,90.97500,12647.15,1790804099999,1151517.6432000,2613,4168.93,379595.7155700,0
1790804100000,90.97600,91.10800,90.94700,91.10300,5170.88,1790804159999,470719.6274100,1493,2797.64,254681.7751900,0
1790804160000,91.10400,91.27300,91.10300,91.24700,29652.24,1790804219999,2704012.7007600,2563,26764.99,2440802.8161800,0
1790804220000,91.24700,91.30000,91.22600,91.28000,6763.69,1790804279999,617357.8800900,1504,2969.19,271003.0659600,0
1790804280000,91.28100,91.43500,91.20300,91.43400,8661.06,1790804339999,790987.1843800,2592,5893.31,538295.0714300,0
1790804340000,91.43500,91.59000,91.39300,91.39300,22679.95,1790804399999,2075371.0818900,3748,15611.57,1428700.2522000,0
1790804400000,91.39300,91.49700,91.33900,91.36500,5197.24,1790804459999,475060.0478000,1947,1890.18,172768.4869500,0
1790804460000,91.36600,91.58000,91.34100,91.57900,5548.98,1790804519999,507430.4925100,1335,3058.70,279814.1609300,0
1790804520000,91.57900,91.78300,91.56500,91.74300,14777.27,1790804579999,1354901.4489700,3896,8516.63,780915.2489800,0
1790804580000,91.74600,91.95000,91.51200,91.51300,43958.01,1790804639999,4036227.4104300,6808,28775.35,2643226.5714100,0
1790804640000,91.51300,91.63500,91.36500,91.42600,13782.93,1790804699999,1260615.5782000,3065,4475.22,409311.7700200,0
1790804700000,91.42500,91.42500,91.14100,91.18600,20541.37,1790804759999,1874674.7758500,3851,5518.46,503580.5802300,0
1790804760000,91.18600,91.35500,91.18600,91.22600,9712.27,1790804819999,886232.7358600,2500,6454.66,588971.6126100,0
1790804820000,91.22600,91.29000,91.12100,91.26100,9674.92,1790804879999,882457.3241700,1708,2368.88,216102.1569000,0
1790804880000,91.26000,91.26000,91.09000,91.09200,4096.73,1790804939999,373464.4305500,1208,1091.19,99471.8564100,0
1790804940000,91.09200,91.14800,91.09100,91.12600,2693.02,1790804999999,245394.1913200,1006,1295.91,118080.9448200,0
1790805000000,91.12700,91.32600,91.11500,91.26300,4477.05,1790805059999,408327.2122000,1744,2921.44,266437.0577400,0
1790805060000,91.26300,91.30300,91.18200,91.18300,2376.60,1790805119999,216855.0800800,1342,995.02,90787.7699300,0
1790805120000,91.18300,91.18300,90.91900,91.03400,10637.74,1790805179999,968363.6769100,2739,2729.46,248375.6478800,0
1790805180000,91.03500,91.10200,90.93700,91.10200,2828.34,1790805239999,257413.1312900,1253,1319.07,120068.9854300,0
1790805240000,91.10300,91.10600,91.05700,91.05800,1772.63,1790805299999,161467.5051100,789,536.20,48834.9062800,0
1790805300000,91.05800,91.13200,91.05700,91.13200,2110.53,1790805359999,192248.2741300,818,1836.44,167284.8308900,0
1790805360000,91.13200,91.13800,91.12200,91.12500,1107.12,1790805419999,100889.7561500,615,474.91,43276.7639800,0
1790805420000,91.12500,91.17200,91.12400,91.16700,2360.73,1790805479999,215185.0929300,733,1044.72,95222.6801300,0
1790805480000,91.16600,91.22300,91.15600,91.20500,3364.96,1790805539999,306835.0695500,1340,2520.52,229834.6343100,0
1790805540000,91.20500,91.20500,91.14200,91.14200,3072.68,1790805599999,280120.1430400,693,288.34,26288.3455500,0
1790805600000,91.14200,91.24500,91.13900,91.17000,6593.60,1790805659999,601264.2242400,1650,4563.53,416140.2765600,0
1790805660000,91.16900,91.16900,91.13700,91.14500,2331.84,1790805719999,212544.0581800,1274,1242.27,113228.9005200,0
1790805720000,91.14400,91.15300,91.11700,91.15100,2084.68,1790805779999,189972.3582300,1616,631.13,57515.0075000,0
1790805780000,91.15100,91.16500,91.07200,91.07600,3064.15,1790805839999,279211.2076600,1620,285.65,26035.3168100,0
1790805840000,91.07600,91.07600,90.86200,90.94800,9040.08,1790805899999,822357.0884400,2630,790.55,71906.5159300,0
1790805900000,90.94800,91.01100,90.87100,91.01100,3710.50,1790805959999,337417.2626400,1720,1620.06,147336.2643800,0
1790805960000,91.01100,91.06100,90.99600,90.99700,2347.30,1790806019999,213677.4246400,1248,739.38,67300.7391400,0
1790806020000,90.99700,90.99700,90.82600,90.89700,6115.94,1790806079999,555884.0073900,1876,1450.21,131774.9843200,0
1790806080000,90.89700,90.94500,90.89600,90.91600,2034.62,1790806139999,184998.9786400,926,772.46,70225.9460900,0
1790806140000,90.91600,90.91600,90.87200,90.89700,2321.05,1790806199999,210959.8239900,971,899.41,81742.0233700,0
1790806200000,90.89700,91.00000,90.89600,90.95400,2703.40,1790806259999,245883.4809500,1291,1111.92,101115.0654800,0
1790806260000,90.95400,90.96400,90.91600,90.91700,2218.46,1790806319999,201740.1382600,1037,823.94,74930.8705100,0
1790806320000,90.91700,91.06400,90.91600,91.05200,4725.21,1790806379999,429985.4720200,1309,3845.67,349955.1042400,0
1790806380000,91.05200,91.05200,90.96700,90.96800,1780.83,1790806439999,162056.6734300,950,92.95,8456.7768700,0
1790806440000,90.96800,91.04100,90.95500,91.04100,3075.78,1790806499999,279869.2341700,812,1973.99,179626.0937500,0
1790806500000,91.04100,91.07500,91.02700,91.04600,2428.14,1790806559999,221066.0323500,858,1294.13,117828.5499200,0
1790806560000,91.04600,91.10900,91.04000,91.10000,2907.26,1790806619999,264792.6996800,1182,1833.65,167013.8980300,0
1790806620000,91.09900,91.48500,91.09900,91.48500,13968.54,1790806679999,1275593.6423300,3133,10536.21,962144.1458700,0
1790806680000,91.48600,91.55700,91.44500,91.55700,9395.67,1790806739999,859807.1521500,2407,4236.58,387742.5988600,0
1790806740000,91.55700,91.63900,91.46000,91.46200,6265.57,1790806799999,573684.1904700,2163,1667.13,152698.3715700,0
1790806800000,91.46200,91.53600,91.33800,91.33800,5998.49,1790806859999,548403.0425800,2011,1918.92,175459.0569000,0
1790806860000,91.33900,91.36000,91.30300,91.34500,2826.48,1790806919999,258140.7949500,1394,935.61,85449.8855900,0
1790806920000,91.34500,91.43600,91.34400,91.42100,2678.64,1790806979999,244841.4830600,1286,1216.93,111224.8567500,0
1790806980000,91.42200,91.42200,91.30000,91.30100,2655.81,1790807039999,242578.7798100,1011,463.82,42359.0163900,0
1790807040000,91.30100,91.44100,91.30000,91.44100,2799.48,1790807099999,255793.5710200,1063,2095.22,191429.0370600,0
1790807100000,91.44100,91.53000,91.44000,91.49900,2557.39,1790807159999,234004.5259500,1486,1056.03,96620.0396600,0
1790807160000,91.49900,91.50200,91.38600,91.41100,3027.34,1790807219999,276899.1162100,951,742.76,67907.3330900,0
1790807220000,91.41100,91.41100,91.33100,91.33200,2332.00,1790807279999,213077.7288600,701,118.16,10797.0541300,0
1790807280000,91.33200,91.36500,91.26600,91.26600,4836.91,1790807339999,441662.7163000,1363,1368.98,125030.3287800,0
1790807340000,91.26600,91.32100,91.19700,91.30600,4405.99,1790807399999,401996.7778000,1187,2534.64,231250.2373600,0
1790807400000,91.30600,91.32100,91.26200,91.30100,2474.92,1790807459999,225930.6122300,737,1163.13,106173.4961400,0
1790807460000,91.30100,91.50000,91.30100,91.31300,6800.23,1790807519999,621670.8143700,2031,3236.06,295830.2357100,0
1790807520000,91.31300,91.34400,91.30100,91.34300,1396.39,1790807579999,127523.7721700,701,410.88,37522.4261900,0
1790807580000,91.34400,91.40000,91.34400,91.39300,3130.15,1790807639999,286039.9613500,1100,2052.17,187528.4495900,0
1790807640000,91.39300,91.39300,91.33900,91.33900,1640.65,1790807699999,149903.4140700,453,153.27,14000.7510700,0
1790807700000,91.34000,91.37000,91.29300,91.29400,3705.31,1790807759999,338457.5003200,1119,1753.51,160178.3110600,0
1790807760000,91.29400,91.45700,91.26700,91.45700,3473.89,1790807819999,317306.7384600,1195,1678.80,153337.7867300,0
1790807820000,91.45700,91.48500,91.40000,91.40500,2445.56,1790807879999,223631.1375900,716,1074.34,98237.6398500,0
1790807880000,91.40500,91.48000,91.34000,91.34000,2687.57,1790807939999,245693.8205100,1074,673.96,61632.6858000,0
1790807940000,91.34000,91.40900,91.33300,91.40800,1611.55,1790807999999,147246.7680200,741,771.00,70442.1585000,0
1790808000000,91.40700,91.41800,91.38300,91.39800,2213.59,1790808059999,202328.2365100,767,1385.40,126631.6406100,0
1790808060000,91.39700,91.42500,91.33500,91.40800,2390.80,1790808119999,218491.3693700,990,1443.50,131923.0999700,0
1790808120000,91.40800,91.44600,91.40700,91.41400,1828.43,1790808179999,167161.9528300,632,1004.04,91790.9158200,0
1790808180000,91.41400,91.47700,91.41400,91.45600,1525.60,1790808239999,139516.5446900,579,596.08,54503.1819800,0
1790808240000,91.45600,91.50800,91.45500,91.50800,1787.96,1790808299999,163567.3385500,374,1231.29,112650.6544600,0
1790808300000,91.50800,91.59100,91.50800,91.54500,3462.21,1790808359999,316998.0331500,1258,2335.29,213819.2529500,0
1790808360000,91.54500,91.54500,91.40500,91.45900,5547.19,1790808419999,507445.1409700,1570,2501.62,228788.8597600,0
1790808420000,91.45900,91.45900,91.45700,91.45800,401.06,1790808479999,36679.9849400,202,119.85,10961.2434100,0
1790808480000,91.45800,91.60000,91.39300,91.50600,5610.52,1790808539999,513282.2079600,1843,2499.49,228643.1396800,0
1790808540000,91.51200,91.55900,91.47800,91.48900,4134.31,1790808599999,378364.6722600,1320,1045.22,95663.5075100,0
1790808600000,91.49000,91.53300,91.39800,91.41300,3088.87,1790808659999,282512.2614100,1282,1150.94,105241.5766200,0
1790808660000,91.41200,91.41700,91.33100,91.36400,2591.99,1790808719999,236856.4349200,1263,972.39,88854.8455400,0
1790808720000,91.36500,91.40100,91.33000,91.33500,1541.66,1790808779999,140837.1132000,970,572.91,52336.3053300,0
1790808780000,91.33500,91.33500,91.28100,91.28300,3715.41,1790808839999,339205.7511100,1092,1004.75,91724.0487000,0
1790808840000,91.28300,91.32500,91.16800,91.19900,6045.84,1790808899999,551624.7198700,1570,1027.10,93739.1923800,0
1790808900000,91.19900,91.28200,91.19900,91.25700,1768.06,1790808959999,161306.3640600,1086,1306.41,119186.6568700,0
1790808960000,91.25800,91.37600,91.22800,91.32400,2448.25,1790809019999,223519.5001500,1199,1091.58,99652.6178700,0
1790809020000,91.32500,91.46800,91.32500,91.39900,3969.86,1790809079999,362882.9519600,1490,2367.61,216408.4402500,0
1790809080000,91.39800,91.45000,91.31300,91.39700,4006.10,1790809139999,366050.1009200,1478,1295.83,118409.2644600,0
1790809140000,91.39600,91.44600,91.36000,91.36000,2054.53,1790809199999,187800.9478600,917,763.46,69788.2719700,0
1790809200000,91.36000,91.54600,91.30000,91.53200,5219.20,1790809259999,477180.8838500,2134,3497.60,319866.6186200,0
1790809260000,91.53100,91.57300,91.42000,91.50300,7185.25,1790809319999,657420.6633100,2081,2205.96,201848.4316900,0
1790809320000,91.50400,91.66300,91.49000,91.62400,10337.14,1790809379999,946632.8195600,1952,7831.27,717167.4962700,0
1790809380000,91.62400,91.72400,91.54400,91.72400,6545.55,1790809439999,599821.0845000,1996,3298.22,302280.7255200,0
1790809440000,91.72400,91.72900,91.51600,91.57900,14134.75,1790809499999,1295077.8113000,2452,2618.59,239931.4854400,0
1790809500000,91.57900,91.64600,91.37600,91.41100,8911.50,1790809559999,815353.3965400,2559,3898.87,356841.5943700,0
1790809560000,91.41100,91.45800,91.19800,91.27600,6636.11,1790809619999,605912.6732200,2096,2335.51,213228.3349400,0
1790809620000,91.27600,91.32900,91.20100,91.25100,5231.03,1790809679999,477343.1453300,1685,2496.59,227807.4705700,0
1790809680000,91.25200,91.28100,91.07000,91.15000,6846.26,1790809739999,624235.7379300,2458,2893.64,263905.5177900,0
1790809740000,91.14800,91.29800,91.11700,91.26300,6403.42,1790809799999,584006.0599200,2054,3438.00,313532.9169900,0
1790809800000,91.26300,91.26900,91.19200,91.19300,2678.18,1790809859999,244325.5333200,1101,1111.04,101352.4609200,0
1790809860000,91.19200,91.22400,91.10700,91.12700,3545.95,1790809919999,323266.1152200,1212,1374.02,125268.0384800,0
1790809920000,91.12800,91.15100,91.05900,91.07300,4052.76,1790809979999,369233.3997500,1335,1295.91,118063.4975000,0
1790809980000,91.07300,91.15400,90.99200,91.04200,13695.38,1790810039999,1247010.7237300,2730,5487.47,499708.7196000,0
1790810040000,91.04200,91.10700,90.93100,90.95900,16008.76,1790810099999,1457096.3416000,2642,7107.19,646937.7354800,0
1790810100000,90.96000,91.03100,90.88500,90.88600,8444.06,1790810159999,768078.0038200,2073,3577.95,325479.9659700,0
1790810160000,90.88600,91.01800,90.87200,90.96200,7327.86,1790810219999,666437.7833200,1942,3848.24,349996.4841900,0
1790810220000,90.96200,91.02100,90.90300,90.93900,5108.05,1790810279999,464595.3659200,1637,1651.21,150161.6142700,0
1790810280000,90.93900,91.13000,90.93800,91.07000,7284.11,1790810339999,663193.5759300,1954,5105.21,464808.6890400,0
1790810340000,91.06900,91.34300,91.05700,91.18600,7672.33,1790810399999,699830.8174100,2294,5648.28,515200.5344400,0
1790810400000,91.18600,91.27800,91.17400,91.22400,2946.56,1790810459999,268790.7287900,1293,1194.25,108940.7872900,0
1790810460000,91.22500,91.46100,91.19300,91.28000,9049.15,1790810519999,826570.6413500,2569,4936.70,450911.3216000,0
1790810520000,91.28000,91.32800,91.21800,91.24200,3532.42,1790810579999,322415.7035400,1856,1451.25,132468.7461800,0
1790810580000,91.24300,91.24500,91.19400,91.20600,2730.90,1790810639999,249118.2748800,1082,503.03,45888.2548100,0
1790810640000,91.20600,91.23600,91.18000,91.19700,3468.48,1790810699999,316327.6348900,1192,1204.28,109836.0106300,0
1790810700000,91.19800,91.19800,90.81100,90.88600,16886.48,1790810759999,1536927.6570100,3087,3445.57,313255.1965300,0
1790810760000,90.88600,90.91300,90.70500,90.77200,22352.83,1790810819999,2029285.2462700,3943,6967.72,632584.4267300,0
1790810820000,90.77400,90.81500,90.76700,90.77600,3707.58,1790810879999,336603.1163300,1390,1945.55,176633.5218800,0
1790810880000,90.77700,90.78300,90.63100,90.65900,11246.14,1790810939999,1020349.2492700,1824,2793.09,253364.9768600,0
1790810940000,90.65900,90.68300,90.46600,90.57200,17466.20,1790810999999,1581807.5320800,2605,5670.90,513650.0735300,0
1790811000000,90.57300,90.65200,90.57200,90.60700,9220.28,1790811059999,835572.3001400,1196,4698.80,425756.9056900,0
1790811060000,90.60700,90.68700,90.55700,90.56300,8713.22,1790811119999,789637.5119600,1765,5041.13,456883.3497600,0
1790811120000,90.56300,90.63100,90.56200,90.58300,1609.44,1790811179999,145793.4009700,821,818.44,74131.7715300,0
1790811180000,90.58400,90.60600,90.50600,90.53700,7099.41,1790811239999,642812.7910700,1883,3111.18,281706.5973300,0
1790811240000,90.53700,90.75200,90.53200,90.75200,5900.83,1790811299999,534814.2939700,2003,4654.57,421873.3390900,0
1790811300000,90.75100,90.81400,90.70600,90.78100,6012.04,1790811359999,545680.5928700,1621,3241.76,294273.4852800,0
1790811360000,90.78100,90.91200,90.78100,90.84900,6566.01,1790811419999,596529.4257400,1470,3350.42,304358.0950200,0
1790811420000,90.84900,90.86100,90.71500,90.74800,5715.27,1790811479999,518802.0214400,1511,3302.38,299785.2012600,0
1790811480000,90.74800,90.75500,90.64300,90.65700,5893.81,1790811539999,534451.9550600,1680,3240.97,293869.9583400,0
1790811540000,90.65800,90.69400,90.61300,90.66500,3801.93,1790811599999,344649.9193600,1183,2472.94,224177.7841600,0
1790811600000,90.66400,90.69800,90.64100,90.69200,3690.56,1790811659999,334597.1838400,1183,2105.59,190899.1560100,0
1790811660000,90.69200,90.77900,90.68500,90.77900,5381.74,1790811719999,488330.7150300,1599,3450.14,313057.7836100,0
1790811720000,90.78000,90.82000,90.77600,90.81200,1946.17,1790811779999,176700.5843000,735,1267.88,115119.2076900,0
1790811780000,90.81200,90.81400,90.78000,90.80100,1638.99,1790811839999,148810.9704000,513,709.48,64413.2653600,0
1790811840000,90.80000,90.83400,90.80000,90.81500,2182.43,1790811899999,198204.6574400,778,1048.90,95254.8700300,0
1790811900000,90.81600,90.90400,90.80500,90.90400,3770.39,1790811959999,342485.8414300,853,1584.31,143928.6611600,0
1790811960000,90.90400,90.94200,90.89400,90.93100,3791.61,1790812019999,344714.9504000,639,3191.55,290165.0010600,0
1790812020000,90.93100,90.93200,90.81900,90.87200,6360.00,1790812079999,578054.8765300,1082,1533.23,139309.3363200,0
1790812080000,90.87100,90.95800,90.87100,90.95800,1630.09,1790812139999,148207.8328200,612,1073.73,97617.2120500,0
1790812140000,90.95800,90.99300,90.94300,90.98600,2931.80,1790812199999,266690.6151300,765,1421.36,129287.9692000,0
1790812200000,90.98700,91.09100,90.97100,91.05600,8343.63,1790812259999,759389.0226800,1375,5736.86,522100.4683100,0
1790812260000,91.06100,91.06200,90.96300,90.96300,4256.71,1790812319999,387414.6531800,1298,1437.98,130861.2893600,0
1790812320000,90.96300,90.99800,90.92600,90.97700,1621.25,1790812379999,147464.9635800,885,397.45,36153.2059800,0
1790812380000,90.97700,91.06000,90.97600,91.03000,1709.33,1790812439999,155592.9397000,768,870.96,79271.4690400,0
1790812440000,91.03000,91.13300,90.99300,91.10200,3404.79,1790812499999,310068.9882700,1308,2403.27,218876.9653500,0
1790812500000,91.10300,91.10300,90.92200,90.96200,3761.10,1790812559999,342346.7659200,1000,650.05,59122.6541700,0
1790812560000,90.96200,90.96200,90.87000,90.92500,2381.50,1790812619999,216506.3144100,863,854.59,77683.8511100,0
1790812620000,90.92500,90.97500,90.91400,90.97500,1356.94,1790812679999,123393.0305700,587,902.52,82069.1528700,0
1790812680000,90.97400,90.97800,90.86200,90.90500,3136.34,1790812739999,285147.9534200,950,549.10,49917.9701400,0
1790812740000,90.90400,90.98700,90.90400,90.96500,1493.97,1790812799999,135879.7494400,832,994.79,90474.1707400,0
