1790726400000,0.5017000,0.5019000,0.5010000,0.5015000,223982.2,1790726459999,112327.84756000,796,119991.4,60177.69179000,0
1790726460000,0.5014000,0.5017000,0.5007000,0.5016000,302616.5,1790726519999,151686.98532000,681,92566.9,46403.48142000,0
1790726520000,0.5017000,0.5023000,0.5015000,0.5017000,138452.7,1790726579999,69502.97677000,392,67008.4,33645.20179000,0
1790726580000,0.5018000,0.5024000,0.5011000,0.5020000,133002.4,1790726639999,66753.51339000,398,52515.8,26353.00300000,0
1790726640000,0.5020000,0.5020000,0.4995000,0.5004000,733500.0,1790726699999,366852.98993000,1027,155070.0,77572.90801000,0
1790726700000,0.5004000,0.5017000,0.5001000,0.5009000,353055.1,1790726759999,176882.13703000,756,99012.8,49622.24653000,0
1790726760000,0.5009000,0.5014000,0.5005000,0.5006000,87803.9,1790726819999,43982.94344000,387,45458.5,22771.10489000,0
1790726820000,0.5005000,0.5006000,0.5000000,0.5005000,110188.3,1790726879999,55129.96111000,341,16329.1,8170.26703000,0
1790726880000,0.5005000,0.5005000,0.4991000,0.4994000,198971.0,1790726939999,99403.96844000,577,47907.3,23935.02215000,0
1790726940000,0.4994000,0.4999000,0.4990000,0.4992000,157361.8,1790726999999,78587.65785000,494,26762.3,13370.16295000,0
1790727000000,0.4992000,0.4996000,0.4987000,0.4991000,467958.5,1790727059999,233601.59083000,1032,290570.9,145076.60190000,0
1790727060000,0.4991000,0.4993000,0.4986000,0.4987000,119705.5,1790727119999,59717.55140000,373,51472.8,25682.42439000,0
1790727120000,0.4987000,0.4989000,0.4980000,0.4989000,538319.8,1790727179999,268260.37764000,844,108404.3,54034.25790000,0
1790727180000,0.4988000,0.4993000,0.4985000,0.4992000,201304.0,1790727239999,100455.30605000,510,95637.3,47725.72078000,0
1790727240000,0.4992000,0.4993000,0.4989000,0.4992000,51980.7,1790727299999,25946.31470000,271,11217.8,5599.84437000,0
1790727300000,0.4992000,0.5001000,0.4991000,0.4997000,59539.4,1790727359999,29747.96781000,398,35078.7,17527.61279000,0
1790727360000,0.4997000,0.4999000,0.4992000,0.4993000,65981.4,1790727419999,32961.08613000,360,30449.8,15210.03133000,0
1790727420000,0.4993000,0.5000000,0.4989000,0.4997000,164366.8,1790727479999,82070.98298000,534,70082.6,35002.71634000,0
1790727480000,0.4997000,0.4997000,0.4990000,0.4991000,226266.7,1790727539999,113010.25367000,431,98046.1,48971.83422000,0
1790727540000,0.4991000,0.4994000,0.4990000,0.4991000,55953.3,1790727599999,27935.70023000,205,26376.3,13170.39082000,0
1790727600000,0.4991000,0.4993000,0.4984000,0.4990000,124096.5,1790727659999,61914.89217000,376,72309.3,36073.15106000,0
1790727660000,0.4990000,0.5005000,0.4989000,0.5002000,135621.9,1790727719999,67774.48964000,504,88805.2,44387.12980000,0
1790727720000,0.5003000,0.5005000,0.4994000,0.4996000,59530.4,1790727779999,29762.13700000,406,23266.3,11631.81934000,0
1790727780000,0.4996000,0.5000000,0.4994000,0.4999000,91349.6,1790727839999,45650.83186000,299,62074.2,31021.17756000,0
1790727840000,0.4997000,0.5001000,0.4996000,0.4996000,33993.5,1790727899999,16990.72062000,222,22274.3,11133.44401000,0
1790727900000,0.4996000,0.5004000,0.4994000,0.5002000,71132.4,1790727959999,35555.66551000,282,48629.2,24308.24050000,0
1790727960000,0.5001000,0.5005000,0.4998000,0.5003000,88841.4,1790728019999,44438.48292000,367,48508.0,24265.15953000,0
1790728020000,0.5004000,0.5010000,0.4999000,0.5006000,167862.4,1790728079999,84016.49452000,544,120729.3,60426.50082000,0
1790728080000,0.5005000,0.5025000,0.5005000,0.5023000,195398.7,1790728139999,98006.96145000,501,172623.1,86580.01291000,0
1790728140000,0.5025000,0.5037000,0.5025000,0.5033000,127130.2,1790728199999,63977.69027000,529,85140.2,42842.42150000,0
1790728200000,0.5032000,0.5044000,0.5025000,0.5042000,389395.2,1790728259999,196154.22475000,787,231231.8,116487.14503000,0
1790728260000,0.5041000,0.5051000,0.5037000,0.5047000,273555.4,1790728319999,138006.15450000,787,181508.9,91576.21176000,0
1790728320000,0.5047000,0.5052000,0.5041000,0.5052000,198836.4,1790728379999,100368.42943000,617,76324.5,38536.09793000,0
1790728380000,0.5051000,0.5060000,0.5046000,0.5056000,354050.6,1790728439999,178913.97216000,894,199908.6,101037.94098000,0
1790728440000,0.5055000,0.5065000,0.5053000,0.5059000,274623.2,1790728499999,138916.80721000,634,170772.5,86392.27607000,0
1790728500000,0.5059000,0.5063000,0.5050000,0.5056000,167860.0,1790728559999,84872.94687000,667,91434.9,46237.32237000,0
1790728560000,0.5056000,0.5064000,0.5048000,0.5048000,193850.7,1790728619999,98013.27517000,637,98424.0,49756.81464000,0
1790728620000,0.5048000,0.5049000,0.5042000,0.5045000,242743.1,1790728679999,122456.02106000,618,161623.3,81533.19475000,0
1790728680000,0.5045000,0.5057000,0.5043000,0.5050000,204531.0,1790728739999,103332.03482000,533,151692.6,76640.50450000,0
1790728740000,0.5051000,0.5054000,0.5041000,0.5052000,278025.9,1790728799999,140315.55290000,555,153553.1,77525.74350000,0
1790728800000,0.5053000,0.5062000,0.5048000,0.5060000,242553.4,1790728859999,122595.40425000,582,110546.4,55875.08186000,0
1790728860000,0.5061000,0.5065000,0.5055000,0.5058000,104779.0,1790728919999,53035.28211000,344,61500.3,31125.17562000,0
1790728920000,0.5058000,0.5061000,0.5052000,0.5056000,94661.7,1790728979999,47867.96967000,418,31703.2,16031.92480000,0
1790728980000,0.5056000,0.5056000,0.5045000,0.5047000,78472.9,1790729039999,39644.27948000,390,40726.7,20571.92977000,0
1790729040000,0.5046000,0.5049000,0.5042000,0.5043000,74865.1,1790729099999,37774.95861000,281,27994.8,14128.36594000,0
1790729100000,0.5043000,0.5043000,0.5032000,0.5033000,121103.2,1790729159999,61012.22549000,394,44943.9,22650.54253000,0
1790729160000,0.5033000,0.5039000,0.5030000,0.5037000,71373.5,1790729219999,35938.94076000,375,23639.6,11903.54232000,0
1790729220000,0.5037000,0.5046000,0.5036000,0.5039000,83182.6,1790729279999,41928.72076000,395,35326.4,17809.09284000,0
1790729280000,0.5039000,0.5039000,0.5031000,0.5033000,92975.1,1790729339999,46805.02387000,344,27678.8,13933.47313000,0
1790729340000,0.5032000,0.5039000,0.5029000,0.5039000,75197.3,1790729399999,37857.73813000,392,42041.1,21167.71335000,0
1790729400000,0.5039000,0.5039000,0.5033000,0.5035000,47873.9,1790729459999,24107.41536000,235,21437.5,10794.40297000,0
1790729460000,0.5035000,0.5040000,0.5033000,0.5039000,75257.5,1790729519999,37901.78873000,301,53386.7,26886.85516000,0
1790729520000,0.5040000,0.5042000,0.5030000,0.5033000,172147.0,1790729579999,86667.70766000,444,36545.5,18403.94751000,0
1790729580000,0.5033000,0.5033000,0.5023000,0.5032000,224025.0,1790729639999,112623.01666000,546,48474.5,24380.44498000,0
1790729640000,0.5032000,0.5032000,0.5026000,0.5027000,103071.9,1790729699999,51841.57472000,351,78200.0,39334.08617000,0
1790729700000,0.5026000,0.5042000,0.5024000,0.5042000,108462.8,1790729759999,54619.36773000,366,91567.8,46112.44895000,0
1790729760000,0.5043000,0.5053000,0.5042000,0.5046000,81976.0,1790729819999,41372.70519000,361,57988.6,29265.27142000,0
1790729820000,0.5047000,0.5058000,0.5043000,0.5057000,46825.8,1790729879999,23653.77910000,304,20731.4,10472.89550000,0
1790729880000,0.5058000,0.5066000,0.5055000,0.5066000,125126.3,1790729939999,63324.15637000,429,85653.3,43359.06970000,0
1790729940000,0.5066000,0.5067000,0.5054000,0.5060000,235616.5,1790729999999,119238.87543000,632,72990.6,36934.95971000,0
1790730000000,0.5060000,0.5062000,0.5053000,0.5061000,100009.8,1790730059999,50583.18908000,509,63311.7,32020.57874000,0
1790730060000,0.5062000,0.5076000,0.5062000,0.5075000,282442.8,1790730119999,143238.22026000,702,225588.8,114426.78925000,0
1790730120000,0.5075000,0.5091000,0.5073000,0.5090000,382024.9,1790730179999,194138.57704000,778,256139.5,130210.16088000,0
1790730180000,0.5089000,0.5100000,0.5084000,0.5099000,570460.7,1790730239999,290539.80776000,1077,379454.7,193333.07871000,0
1790730240000,0.5098000,0.5098000,0.5076000,0.5077000,251667.2,1790730299999,128101.38393000,786,59992.2,30546.02941000,0
1790730300000,0.5078000,0.5099000,0.5075000,0.5097000,140307.2,1790730359999,71358.63579000,539,89224.9,45380.00078000,0
1790730360000,0.5096000,0.5096000,0.5079000,0.5080000,156673.1,1790730419999,79732.73773000,564,64864.6,33026.95330000,0
1790730420000,0.5080000,0.5080000,0.5068000,0.5074000,129212.6,1790730479999,65570.27707000,566,44059.0,22351.90302000,0
1790730480000,0.5073000,0.5073000,0.5067000,0.5073000,60229.0,1790730539999,30538.47244000,331,34551.1,17520.11605000,0
1790730540000,0.5073000,0.5083000,0.5073000,0.5081000,100140.2,1790730599999,50863.52612000,435,70941.4,36030.67735000,0
1790730600000,0.5081000,0.5081000,0.5060000,0.5064000,108623.2,1790730659999,55065.08642000,514,38130.4,19321.30038000,0
1790730660000,0.5064000,0.5079000,0.5064000,0.5075000,78002.5,1790730719999,39568.55714000,378,51462.2,26109.74460000,0
1790730720000,0.5075000,0.5082000,0.5070000,0.5070000,45750.4,1790730779999,23232.01060000,397,22235.7,11290.73166000,0
1790730780000,0.5070000,0.5078000,0.5068000,0.5075000,56189.4,1790730839999,28512.68226000,320,32998.1,16741.91264000,0
1790730840000,0.5076000,0.5083000,0.5076000,0.5079000,94466.8,1790730899999,47979.91717000,390,55805.5,28339.35071000,0
1790730900000,0.5079000,0.5081000,0.5074000,0.5080000,55453.8,1790730959999,28157.84477000,364,23096.2,11727.05338000,0
1790730960000,0.5080000,0.5081000,0.5071000,0.5073000,125428.8,1790731019999,63660.97258000,420,52972.3,26880.96820000,0
1790731020000,0.5074000,0.5076000,0.5057000,0.5060000,211762.0,1790731079999,107268.05377000,607,50214.0,25440.11922000,0
1790731080000,0.5060000,0.5065000,0.5056000,0.5056000,163807.1,1790731139999,82889.58448000,519,97718.2,49449.18852000,0
1790731140000,0.5056000,0.5059000,0.5051000,0.5054000,166187.5,1790731199999,83996.76152000,488,55405.4,28013.83814000,0
1790731200000,0.5053000,0.5057000,0.5048000,0.5057000,71324.6,1790731259999,36026.92255000,381,24594.0,12424.67493000,0
1790731260000,0.5057000,0.5064000,0.5053000,0.5055000,58527.6,1790731319999,29608.25381000,470,33020.2,16701.92742000,0
1790731320000,0.5055000,0.5062000,0.5053000,0.5062000,43815.3,1790731379999,22165.94450000,262,17963.8,9088.01392000,0
1790731380000,0.5062000,0.5079000,0.5062000,0.5075000,116562.3,1790731439999,59128.21661000,396,87575.8,44420.12907000,0
1790731440000,0.5074000,0.5085000,0.5072000,0.5085000,93481.0,1790731499999,47451.10593000,405,49306.1,25033.91678000,0
1790731500000,0.5085000,0.5091000,0.5084000,0.5084000,87957.0,1790731559999,44756.04570000,433,56852.3,28930.51015000,0
1790731560000,0.5083000,0.5083000,0.5071000,0.5072000,224256.9,1790731619999,113844.19765000,442,60921.2,30922.08556000,0
1790731620000,0.5071000,0.5071000,0.5062000,0.5065000,139049.0,1790731679999,70445.35255000,406,15789.7,7998.63312000,0
1790731680000,0.5065000,0.5065000,0.5057000,0.5060000,155005.9,1790731739999,78432.49511000,421,11945.3,6047.00393000,0
1790731740000,0.5058000,0.5058000,0.5050000,0.5054000,46523.8,1790731799999,23514.57721000,287,10623.7,5367.64674000,0
1790731800000,0.5055000,0.5066000,0.5041000,0.5061000,265660.5,1790731859999,134254.15741000,1048,128522.4,64951.90660000,0
1790731860000,0.5060000,0.5068000,0.5055000,0.5058000,275569.2,1790731919999,139493.35855000,809,140487.1,71124.19567000,0
1790731920000,0.5058000,0.5058000,0.5047000,0.5056000,251752.0,1790731979999,127196.18332000,654,31497.7,15914.60497000,0
1790731980000,0.5055000,0.5055000,0.5047000,0.5050000,194931.7,1790732039999,98458.83424000,616,56406.3,28487.01413000,0
1790732040000,0.5050000,0.5056000,0.5041000,0.5043000,78603.7,1790732099999,39680.16081000,600,40364.5,20376.69312000,0
1790732100000,0.5042000,0.5047000,0.5034000,0.5044000,269539.0,1790732159999,135819.21171000,1217,109365.8,55114.22038000,0
1790732160000,0.5044000,0.5044000,0.5032000,0.5038000,173197.3,1790732219999,87237.08411000,692,91495.1,46084.38162000,0
1790732220000,0.5038000,0.5047000,0.5030000,0.5038000,280201.9,1790732279999,141248.35009000,852,191053.3,96344.12216000,0
1790732280000,0.5038000,0.5039000,0.5029000,0.5034000,156383.8,1790732339999,78734.11340000,581,49945.6,25145.37625000,0
1790732340000,0.5034000,0.5040000,0.5032000,0.5038000,101491.4,1790732399999,51107.47788000,293,38018.5,19145.71643000,0
1790732400000,0.5038000,0.5042000,0.5029000,0.5034000,171694.1,1790732459999,86430.32195000,541,52837.3,26606.82243000,0
1790732460000,0.5034000,0.5042000,0.5031000,0.5038000,195371.0,1790732519999,98350.92730000,423,61303.6,30869.91044000,0
1790732520000,0.5037000,0.5048000,0.5036000,0.5036000,96285.4,1790732579999,48560.34299000,615,47951.0,24185.05408000,0
1790732580000,0.5037000,0.5044000,0.5036000,0.5044000,21148.8,1790732639999,10657.77510000,204,9601.2,4839.47350000,0
1790732640000,0.5043000,0.5048000,0.5043000,0.5046000,39320.5,1790732699999,19839.53571000,235,23180.9,11696.58673000,0
1790732700000,0.5046000,0.5046000,0.5033000,0.5035000,255665.7,1790732759999,128862.26243000,576,38510.6,19404.45255000,0
1790732760000,0.5035000,0.5048000,0.5034000,0.5047000,59593.4,1790732819999,30048.61477000,328,27718.8,13973.83317000,0
1790732820000,0.5048000,0.5050000,0.5040000,0.5048000,117417.3,1790732879999,59241.16541000,386,76254.1,38468.74456000,0
1790732880000,0.5047000,0.5050000,0.5039000,0.5043000,63165.2,1790732939999,31876.00209000,338,35408.6,17867.85158000,0
1790732940000,0.5043000,0.5050000,0.5040000,0.5049000,101575.0,1790732999999,51242.76303000,248,85284.6,43024.61956000,0
1790733000000,0.5049000,0.5054000,0.5039000,0.5041000,161847.4,1790733059999,81637.50700000,440,39346.3,19874.12356000,0
1790733060000,0.5041000,0.5054000,0.5036000,0.5054000,208132.3,1790733119999,104994.48826000,464,98693.1,49799.44590000,0
1790733120000,0.5055000,0.5059000,0.5053000,0.5053000,64680.3,1790733179999,32702.11882000,280,22554.2,11404.56014000,0
1790733180000,0.5052000,0.5052000,0.5041000,0.5041000,56709.5,1790733239999,28608.00183000,231,19805.3,9992.36576000,0
1790733240000,0.5040000,0.5050000,0.5037000,0.5046000,52395.8,1790733299999,26431.72602000,270,33375.0,16835.38289000,0
1790733300000,0.5045000,0.5045000,0.5036000,0.5041000,44398.5,1790733359999,22375.77543000,267,13909.3,7008.91026000,0
1790733360000,0.5042000,0.5042000,0.5035000,0.5036000,114869.1,1790733419999,57887.65620000,368,24303.3,12248.48682000,0
1790733420000,0.5037000,0.5044000,0.5031000,0.5033000,466257.7,1790733479999,234835.18609000,741,82246.7,41415.01809000,0
1790733480000,0.5032000,0.5039000,0.5032000,0.5033000,102914.6,1790733539999,51818.28627000,353,46706.2,23516.58533000,0
1790733540000,0.5032000,0.5035000,0.5031000,0.5032000,115146.1,1790733599999,57956.47070000,302,87737.9,44161.12405000,0
1790733600000,0.5032000,0.5039000,0.5031000,0.5038000,121324.3,1790733659999,61070.08428000,458,45568.2,22941.80189000,0
1790733660000,0.5038000,0.5040000,0.5027000,0.5034000,343039.9,1790733719999,172654.12468000,723,59422.3,29906.20819000,0
1790733720000,0.5034000,0.5036000,0.5018000,0.5018000,343980.1,1790733779999,172733.02453000,629,48118.9,24178.27233000,0
1790733780000,0.5017000,0.5027000,0.5015000,0.5019000,176228.0,1790733839999,88445.30148000,565,72843.5,36566.62213000,0
1790733840000,0.5020000,0.5032000,0.5020000,0.5028000,61972.7,1790733899999,31159.52916000,354,47496.2,23880.47548000,0
1790733900000,0.5028000,0.5042000,0.5028000,0.5035000,82320.9,1790733959999,41465.33714000,417,35569.2,17913.03502000,0
1790733960000,0.5036000,0.5049000,0.5035000,0.5040000,206538.9,1790734019999,104162.24559000,492,157053.6,79212.59030000,0
1790734020000,0.5041000,0.5063000,0.5041000,0.5056000,258190.1,1790734079999,130603.01136000,718,209358.7,105900.63134000,0
1790734080000,0.5056000,0.5056000,0.5032000,0.5033000,441714.5,1790734139999,222803.89076000,1002,71245.7,35963.40954000,0
1790734140000,0.5033000,0.5035000,0.5027000,0.5031000,161441.3,1790734199999,81202.96785000,636,79890.4,40187.65513000,0
1790734200000,0.5031000,0.5031000,0.5019000,0.5023000,155283.8,1790734259999,78018.11557000,491,53146.8,26699.46464000,0
1790734260000,0.5022000,0.5023000,0.5007000,0.5012000,705119.3,1790734319999,353565.51518000,909,158923.1,79671.55240000,0
1790734320000,0.5012000,0.5015000,0.5009000,0.5011000,209140.1,1790734379999,104828.08212000,332,50043.3,25086.40308000,0
1790734380000,0.5011000,0.5024000,0.5009000,0.5017000,165633.6,1790734439999,83116.81233000,537,110809.0,55614.30374000,0
1790734440000,0.5017000,0.5017000,0.5004000,0.5007000,238730.3,1790734499999,119568.06391000,522,109428.3,54814.75319000,0
1790734500000,0.5008000,0.5009000,0.5003000,0.5004000,93368.5,1790734559999,46730.49463000,419,58460.8,29260.62373000,0
1790734560000,0.5003000,0.5004000,0.4989000,0.4994000,1030380.9,1790734619999,514750.12940000,1154,193208.6,96536.31371000,0
1790734620000,0.4994000,0.5004000,0.4994000,0.4994000,495006.3,1790734679999,247509.95736000,580,179362.1,89667.74455000,0
1790734680000,0.4995000,0.5003000,0.4994000,0.4998000,139819.2,1790734739999,69881.60705000,531,57223.5,28601.89158000,0
1790734740000,0.4999000,0.5000000,0.4991000,0.4993000,228936.3,1790734799999,114342.88852000,531,53921.9,26929.68624000,0
1790734800000,0.4993000,0.4995000,0.4982000,0.4992000,208138.8,1790734859999,103815.01175000,609,113119.0,56420.85178000,0
1790734860000,0.4991000,0.5001000,0.4991000,0.5001000,117763.1,1790734919999,58822.92109000,298,68101.8,34022.90564000,0
1790734920000,0.5002000,0.5009000,0.5000000,0.5007000,82302.5,1790734979999,41183.42725000,356,57330.2,28687.08228000,0
1790734980000,0.5007000,0.5015000,0.4995000,0.4998000,500054.4,1790735039999,250253.71941000,765,248723.7,124458.57133000,0
1790735040000,0.4997000,0.5003000,0.4995000,0.4995000,124922.3,1790735099999,62445.27144000,304,26098.0,13044.72793000,0
1790735100000,0.4996000,0.4998000,0.4990000,0.4992000,72990.4,1790735159999,36447.27536000,262,29034.4,14495.13683000,0
1790735160000,0.4992000,0.4999000,0.4992000,0.4992000,124422.5,1790735219999,62155.34232000,312,40514.7,20235.89913000,0
1790735220000,0.4992000,0.4992000,0.4978000,0.4980000,200743.1,1790735279999,100008.86097000,657,39376.3,19620.48880000,0
1790735280000,0.4981000,0.4981000,0.4963000,0.4970000,1278719.2,1790735339999,635490.41003000,2121,305316.4,151729.36949000,0
1790735340000,0.4970000,0.4972000,0.4955000,0.4968000,602269.3,1790735399999,298872.68267000,1274,191447.9,95049.82785000,0
1790735400000,0.4968000,0.4974000,0.4966000,0.4969000,369075.6,1790735459999,183391.17891000,673,125658.6,62440.51657000,0
1790735460000,0.4969000,0.4983000,0.4967000,0.4981000,337825.1,1790735519999,168116.09573000,740,179188.5,89144.02173000,0
1790735520000,0.4980000,0.4981000,0.4956000,0.4962000,1168473.9,1790735579999,580243.03239000,1208,363221.2,180541.33519000,0
1790735580000,0.4962000,0.4964000,0.4959000,0.4961000,145493.2,1790735639999,72185.55614000,494,45886.2,22767.38855000,0
1790735640000,0.4961000,0.4966000,0.4959000,0.4964000,151334.8,1790735699999,75093.65841000,512,84777.2,42065.88185000,0
1790735700000,0.4965000,0.4968000,0.4961000,0.4964000,216709.9,1790735759999,107585.79830000,481,96034.6,47673.49465000,0
1790735760000,0.4963000,0.4970000,0.4960000,0.4970000,267761.9,1790735819999,132959.87261000,604,150825.2,74901.65319000,0
1790735820000,0.4970000,0.4975000,0.4968000,0.4972000,278369.0,1790735879999,138403.79704000,510,227153.2,112939.43126000,0
1790735880000,0.4972000,0.4977000,0.4970000,0.4976000,74395.8,1790735939999,36995.83376000,347,36893.5,18347.33147000,0
1790735940000,0.4975000,0.4981000,0.4972000,0.4980000,131518.7,1790735999999,65445.28168000,389,76108.4,37885.10640000,0
1790736000000,0.4981000,0.4995000,0.4979000,0.4995000,176747.2,1790736059999,88163.38082000,494,125633.7,62669.15952000,0
1790736060000,0.4994000,0.4996000,0.4986000,0.4993000,212018.7,1790736119999,105841.05039000,543,119138.3,59479.12398000,0
1790736120000,0.4993000,0.4995000,0.4984000,0.4984000,330173.9,1790736179999,164751.15001000,512,234050.1,116781.77416000,0
1790736180000,0.4983000,0.4989000,0.4983000,0.4986000,138261.9,1790736239999,68929.97976000,240,78212.6,38993.23831000,0
1790736240000,0.4986000,0.4991000,0.4985000,0.4988000,106241.5,1790736299999,52995.72433000,190,40829.9,20361.98462000,0
1790736300000,0.4988000,0.4991000,0.4982000,0.4991000,195363.2,1790736359999,97395.96312000,323,56437.6,28139.99823000,0
1790736360000,0.4991000,0.4997000,0.4991000,0.4997000,145192.6,1790736419999,72518.32626000,309,86373.3,43142.82689000,0
1790736420000,0.4996000,0.5001000,0.4994000,0.4998000,212474.2,1790736479999,106194.61449000,467,104455.1,52210.54258000,0
1790736480000,0.4997000,0.5004000,0.4995000,0.4997000,78210.5,1790736539999,39114.30016000,239,37297.1,18653.41718000,0
1790736540000,0.4997000,0.4998000,0.4993000,0.4993000,138999.9,1790736599999,69423.97403000,266,40969.1,20461.34967000,0
1790736600000,0.4993000,0.4998000,0.4990000,0.4997000,117987.8,1790736659999,58923.97117000,267,82411.9,41152.68907000,0
1790736660000,0.4996000,0.5002000,0.4996000,0.5001000,79165.9,1790736719999,39581.45840000,223,41720.4,20860.96494000,0
1790736720000,0.5000000,0.5007000,0.4996000,0.5004000,229351.7,1790736779999,114727.48965000,445,156833.9,78445.14661000,0
1790736780000,0.5004000,0.5007000,0.5003000,0.5004000,90024.6,1790736839999,45051.06569000,197,58837.9,29446.06697000,0
1790736840000,0.5004000,0.5004000,0.5000000,0.5000000,44527.6,1790736899999,22269.86987000,168,24731.0,12368.49646000,0
1790736900000,0.5000000,0.5002000,0.4998000,0.5001000,41370.8,1790736959999,20683.60568000,169,18740.6,9370.02468000,0
1790736960000,0.5001000,0.5001000,0.4992000,0.4995000,104177.9,1790737019999,52060.38497000,266,20467.6,10226.98729000,0
1790737020000,0.4995000,0.4997000,0.4994000,0.4995000,28501.6,1790737079999,14237.74147000,148,16747.9,8366.94968000,0
1790737080000,0.4995000,0.4996000,0.4990000,0.4990000,43926.0,1790737139999,21934.56494000,184,12746.3,6366.36004000,0
1790737140000,0.4990000,0.5001000,0.4990000,0.5001000,33735.5,1790737199999,16858.11158000,184,31786.7,15884.07875000,0
1790737200000,0.5001000,0.5011000,0.5000000,0.5001000,232843.5,1790737259999,116606.78438000,560,194105.9,97217.40063000,0
1790737260000,0.5000000,0.5001000,0.4987000,0.4987000,87792.7,1790737319999,43846.06497000,308,11687.8,5839.84026000,0
1790737320000,0.4986000,0.5002000,0.4986000,0.4994000,87521.3,1790737379999,43720.44596000,408,65757.4,32848.25019000,0
1790737380000,0.4994000,0.4999000,0.4992000,0.4999000,35284.4,1790737439999,17622.16499000,243,20317.8,10147.73128000,0
1790737440000,0.4999000,0.5009000,0.4999000,0.5004000,61193.4,1790737499999,30636.05073000,285,33733.9,16887.75698000,0
1790737500000,0.5003000,0.5014000,0.5002000,0.5013000,65780.6,1790737559999,32945.51249000,304,38868.7,19465.88163000,0
1790737560000,0.5012000,0.5013000,0.5001000,0.5002000,133880.5,1790737619999,67006.01400000,387,74896.9,37479.31979000,0
1790737620000,0.5001000,0.5001000,0.4991000,0.4995000,82180.5,1790737679999,41066.80670000,366,21339.7,10658.94707000,0
1790737680000,0.4994000,0.4998000,0.4992000,0.4996000,72109.3,1790737739999,36016.34117000,256,35006.7,17482.58682000,0
1790737740000,0.4995000,0.5000000,0.4995000,0.4997000,37008.5,1790737799999,18496.22164000,171,21759.8,10875.28245000,0
1790737800000,0.4997000,0.5001000,0.4995000,0.4995000,134935.9,1790737859999,67451.32033000,306,90091.6,45035.33284000,0
1790737860000,0.4994000,0.4998000,0.4994000,0.4994000,45073.8,1790737919999,22516.94547000,170,21618.9,10800.12958000,0
1790737920000,0.4995000,0.5000000,0.4995000,0.4995000,62834.0,1790737979999,31400.91324000,222,32290.9,16136.64111000,0
1790737980000,0.4994000,0.4995000,0.4990000,0.4992000,75100.9,1790738039999,37490.00775000,197,16566.2,8272.93343000,0
1790738040000,0.4991000,0.4994000,0.4988000,0.4988000,50409.6,1790738099999,25162.20294000,166,30490.5,15220.96420000,0
1790738100000,0.4989000,0.4993000,0.4987000,0.4987000,252180.1,1790738159999,125846.76302000,421,80230.5,40042.30926000,0
1790738160000,0.4987000,0.4987000,0.4969000,0.4970000,262717.0,1790738219999,130742.56179000,710,93016.2,46287.98111000,0
1790738220000,0.4971000,0.4974000,0.4953000,0.4970000,853872.8,1790738279999,423706.17170000,1242,254590.3,126411.74493000,0
1790738280000,0.4969000,0.4970000,0.4964000,0.4966000,407445.4,1790738339999,202313.34596000,339,74315.6,36909.36417000,0
1790738340000,0.4965000,0.4969000,0.4957000,0.4960000,348303.9,1790738399999,172861.54945000,650,116862.3,57998.03270000,0
1790738400000,0.4960000,0.4972000,0.4960000,0.4972000,133243.6,1790738459999,66150.79263000,398,81889.7,40653.64864000,0
1790738460000,0.4973000,0.4978000,0.4972000,0.4978000,37581.4,1790738519999,18694.67207000,245,20818.0,10356.91426000,0
1790738520000,0.4979000,0.4995000,0.4979000,0.4995000,76249.8,1790738579999,38029.53933000,463,49250.5,24563.26914000,0
1790738580000,0.4995000,0.4996000,0.4987000,0.4991000,373498.8,1790738639999,186382.42184000,628,112178.4,55982.22483000,0
1790738640000,0.4990000,0.4990000,0.4979000,0.4981000,117948.4,1790738699999,58748.42347000,260,57157.1,28466.03448000,0
1790738700000,0.4981000,0.4981000,0.4975000,0.4976000,72182.8,1790738759999,35929.31703000,276,42090.0,20950.57122000,0
1790738760000,0.4976000,0.4977000,0.4972000,0.4976000,60957.8,1790738819999,30327.02359000,264,32899.5,16365.98805000,0
1790738820000,0.4976000,0.4983000,0.4974000,0.4983000,60089.5,1790738879999,29924.31375000,251,50699.4,25250.00783000,0
1790738880000,0.4984000,0.4991000,0.4984000,0.4989000,52268.0,1790738939999,26075.73977000,200,20577.0,10264.50792000,0
1790738940000,0.4988000,0.4990000,0.4983000,0.4983000,29680.5,1790738999999,14795.46415000,131,15936.3,7944.11807000,0
1790739000000,0.4983000,0.4983000,0.4975000,0.4975000,82742.9,1790739059999,41209.45869000,257,64318.3,32036.78193000,0
1790739060000,0.4974000,0.4979000,0.4969000,0.4977000,68319.1,1790739119999,33984.04822000,287,30740.3,15290.28239000,0
1790739120000,0.4976000,0.4978000,0.4969000,0.4971000,121255.7,1790739179999,60308.68132000,374,46823.7,23291.69134000,0
1790739180000,0.4972000,0.4975000,0.4967000,0.4972000,127058.3,1790739239999,63142.29520000,300,31030.0,15424.56804000,0
1790739240000,0.4972000,0.4977000,0.4972000,0.4976000,47319.4,1790739299999,23536.02879000,211,27298.3,13578.58692000,0
1790739300000,0.4976000,0.4982000,0.4967000,0.4971000,116913.6,1790739359999,58173.43402000,414,55809.0,27769.82095000,0
1790739360000,0.4971000,0.4981000,0.4970000,0.4981000,60820.8,1790739419999,30244.39058000,252,36186.1,17996.41463000,0
1790739420000,0.4981000,0.4985000,0.4978000,0.4982000,76338.2,1790739479999,38016.46007000,266,30791.2,15335.54686000,0
1790739480000,0.4981000,0.4988000,0.4981000,0.4988000,39722.0,1790739539999,19797.44282000,220,28764.5,14335.06048000,0
1790739540000,0.4989000,0.4995000,0.4989000,0.4993000,75659.7,1790739599999,37760.44482000,288,29672.3,14810.67029000,0
1790739600000,0.4993000,0.4993000,0.4989000,0.4991000,131845.4,1790739659999,65800.22900000,313,68026.0,33950.72788000,0
1790739660000,0.4990000,0.4996000,0.4987000,0.4987000,88467.0,1790739719999,44169.27093000,338,48348.4,24137.34640000,0
1790739720000,0.4987000,0.4990000,0.4983000,0.4986000,104144.9,1790739779999,51940.77862000,311,79046.5,39424.86874000,0
1790739780000,0.4985000,0.4989000,0.4983000,0.4985000,28511.3,1790739839999,14215.05249000,153,23868.4,11899.93364000,0
1790739840000,0.4986000,0.4989000,0.4983000,0.4983000,145652.8,1790739899999,72638.44951000,259,120866.6,60280.48226000,0
1790739900000,0.4982000,0.4982000,0.4973000,0.4973000,82431.2,1790739959999,41035.88369000,207,14943.4,7433.08873000,0
1790739960000,0.4974000,0.4975000,0.4970000,0.4972000,75469.4,1790740019999,37530.82985000,249,38651.4,19220.80523000,0
1790740020000,0.4972000,0.4976000,0.4971000,0.4974000,90771.9,1790740079999,45142.55993000,335,43681.9,21723.14875000,0
1790740080000,0.4975000,0.4975000,0.4968000,0.4968000,84372.0,1790740139999,41933.04327000,258,25209.0,12531.99157000,0
1790740140000,0.4968000,0.4970000,0.4965000,0.4965000,59745.2,1790740199999,29679.75370000,239,31236.0,15518.35484000,0
1790740200000,0.4965000,0.4972000,0.4963000,0.4969000,68578.5,1790740259999,34068.26428000,309,43625.2,21670.12088000,0
1790740260000,0.4969000,0.4969000,0.4958000,0.4959000,114606.8,1790740319999,56877.58627000,292,35740.9,17750.92411000,0
1790740320000,0.4958000,0.4959000,0.4953000,0.4956000,137670.4,1790740379999,68227.41631000,374,54283.3,26903.63251000,0
1790740380000,0.4955000,0.4961000,0.4954000,0.4959000,199708.4,1790740439999,99009.58960000,449,114723.2,56880.80842000,0
1790740440000,0.4960000,0.4974000,0.4960000,0.4972000,84471.6,1790740499999,41974.84257000,320,55636.8,27648.05711000,0
1790740500000,0.4972000,0.4972000,0.4961000,0.4963000,134226.0,1790740559999,66653.84732000,337,47725.0,23699.81469000,0
1790740560000,0.4963000,0.4968000,0.4961000,0.4962000,114574.2,1790740619999,56873.29282000,294,54263.2,26937.26083000,0
1790740620000,0.4963000,0.4967000,0.4963000,0.4963000,48903.3,1790740679999,24279.55367000,172,26378.7,13096.79723000,0
1790740680000,0.4964000,0.4972000,0.4964000,0.4967000,56332.2,1790740739999,27979.66396000,220,33103.6,16438.40708000,0
1790740740000,0.4966000,0.4972000,0.4965000,0.4972000,90105.5,1790740799999,44769.12296000,294,56221.3,27933.71188000,0
1790740800000,0.4970000,0.4973000,0.4965000,0.4969000,122899.7,1790740859999,61073.94899000,432,73618.7,36581.92482000,0
1790740860000,0.4968000,0.4972000,0.4966000,0.4968000,87879.1,1790740919999,43668.49692000,294,47438.3,23572.26054000,0
1790740920000,0.4969000,0.4985000,0.4965000,0.4985000,128224.4,1790740979999,63785.73296000,403,105329.6,52397.64941000,0
1790740980000,0.4985000,0.4993000,0.4985000,0.4991000,152393.1,1790741039999,76033.73980000,546,90633.5,45224.89871000,0
1790741040000,0.4992000,0.4999000,0.4991000,0.4997000,161533.9,1790741099999,80692.42388000,523,102017.0,50962.17831000,0
1790741100000,0.4996000,0.5004000,0.4993000,0.4994000,211146.5,1790741159999,105560.60619000,528,127651.4,63833.67645000,0
1790741160000,0.4995000,0.5000000,0.4989000,0.4992000,180211.6,1790741219999,90016.83391000,544,104517.3,52215.85807000,0
1790741220000,0.4993000,0.4995000,0.4987000,0.4988000,89791.3,1790741279999,44807.36843000,407,39456.4,19690.14740000,0
1790741280000,0.4987000,0.4989000,0.4980000,0.4982000,142207.8,1790741339999,70882.88357000,407,82223.2,40986.16291000,0
1790741340000,0.4982000,0.4982000,0.4971000,0.4977000,68835.1,1790741399999,34252.54051000,386,38698.4,19255.77036000,0
1790741400000,0.4977000,0.4982000,0.4975000,0.4982000,143854.1,1790741459999,71607.21556000,329,84394.2,42013.10154000,0
1790741460000,0.4982000,0.4995000,0.4981000,0.4992000,81235.1,1790741519999,40508.67947000,392,57621.2,28736.12771000,0
1790741520000,0.4991000,0.4994000,0.4988000,0.4988000,92054.8,1790741579999,45948.00505000,282,48057.1,23983.87864000,0
1790741580000,0.4988000,0.4994000,0.4988000,0.4989000,64422.5,1790741639999,32149.90316000,218,56796.3,28343.46827000,0
1790741640000,0.4990000,0.4991000,0.4984000,0.4985000,30905.0,1790741699999,15416.80350000,186,14726.1,7345.61458000,0
1790741700000,0.4986000,0.4993000,0.4986000,0.4990000,60385.8,1790741759999,30119.99261000,256,45018.4,22452.86876000,0
1790741760000,0.4990000,0.4994000,0.4989000,0.4991000,53098.6,1790741819999,26503.72909000,271,28339.0,14144.85852000,0
1790741820000,0.4991000,0.4997000,0.4988000,0.4996000,52835.5,1790741879999,26375.22259000,227,32068.6,16007.72258000,0
1790741880000,0.4997000,0.4999000,0.4996000,0.4997000,154834.0,1790741939999,77381.67645000,452,49616.8,24799.46700000,0
1790741940000,0.4997000,0.4998000,0.4987000,0.4990000,152758.5,1790741999999,76247.47572000,401,64889.6,32386.94539000,0
1790742000000,0.4989000,0.4997000,0.4989000,0.4989000,33784.0,1790742059999,16869.67858000,207,22887.8,11428.93876000,0
1790742060000,0.4989000,0.5000000,0.4989000,0.4999000,178912.4,1790742119999,89367.49146000,368,69291.8,34613.93896000,0
1790742120000,0.4998000,0.5001000,0.4997000,0.5000000,53168.0,1790742179999,26579.69692000,184,36749.7,18371.54032000,0
1790742180000,0.5000000,0.5000000,0.4993000,0.4995000,28500.7,1790742239999,14237.80798000,193,9769.1,4880.36607000,0
1790742240000,0.4994000,0.4996000,0.4987000,0.4988000,44914.9,1790742299999,22423.54106000,238,19144.9,9560.28875000,0
1790742300000,0.4987000,0.4995000,0.4985000,0.4992000,324377.7,1790742359999,161895.48243000,550,173705.4,86700.27949000,0
1790742360000,0.4992000,0.5001000,0.4990000,0.5001000,119505.1,1790742419999,59683.18069000,329,75872.9,37889.24902000,0
1790742420000,0.5001000,0.5001000,0.4994000,0.4995000,54526.4,1790742479999,27243.36169000,232,16466.4,8227.97410000,0
1790742480000,0.4994000,0.5001000,0.4992000,0.4995000,71814.2,1790742539999,35881.54873000,267,44813.6,22386.20356000,0
1790742540000,0.4994000,0.4996000,0.4991000,0.4992000,28732.2,1790742599999,14344.42136000,212,21205.4,10586.21592000,0
1790742600000,0.4992000,0.4997000,0.4990000,0.4997000,55171.2,1790742659999,27551.23141000,216,31857.9,15907.26906000,0
1790742660000,0.4996000,0.4996000,0.4988000,0.4996000,75221.1,1790742719999,37554.95389000,352,47724.1,23824.45473000,0
1790742720000,0.4995000,0.4995000,0.4990000,0.4992000,46409.0,1790742779999,23170.09569000,291,23396.0,11680.95663000,0
1790742780000,0.4992000,0.4994000,0.4992000,0.4993000,28625.3,1790742839999,14292.28323000,145,8238.6,4113.58546000,0
1790742840000,0.4993000,0.4994000,0.4985000,0.4986000,77112.7,1790742899999,38491.02462000,225,14090.4,7032.13186000,0
1790742900000,0.4985000,0.4999000,0.4984000,0.4999000,287819.5,1790742959999,143663.78562000,592,220449.8,110056.87881000,0
1790742960000,0.4999000,0.5002000,0.4997000,0.5000000,139054.8,1790743019999,69506.84889000,348,63458.8,31720.42677000,0
1790743020000,0.4999000,0.5000000,0.4992000,0.4998000,70512.1,1790743079999,35228.26005000,280,20812.6,10397.64374000,0
1790743080000,0.4998000,0.5005000,0.4998000,0.5003000,81324.4,1790743139999,40678.61718000,317,35750.7,17880.64927000,0
1790743140000,0.5002000,0.5002000,0.4996000,0.4998000,59277.2,1790743199999,29634.11331000,254,23894.1,11941.98845000,0
1790743200000,0.4998000,0.5000000,0.4996000,0.4997000,67488.2,1790743259999,33736.31181000,267,23597.4,11795.77481000,0
1790743260000,0.4997000,0.5014000,0.4995000,0.5014000,254246.1,1790743319999,127304.82580000,639,180838.6,90554.52347000,0
1790743320000,0.5013000,0.5016000,0.5008000,0.5014000,259022.8,1790743379999,129781.12866000,500,85009.3,42608.38332000,0
1790743380000,0.5015000,0.5032000,0.5013000,0.5027000,1274229.8,1790743439999,640300.63583000,1796,860956.1,432562.66727000,0
1790743440000,0.5027000,0.5032000,0.5025000,0.5030000,246202.0,1790743499999,123778.01476000,427,127234.9,63974.29722000,0
1790743500000,0.5030000,0.5038000,0.5029000,0.5034000,449907.7,1790743559999,226483.74483000,861,218287.8,109880.97366000,0
1790743560000,0.5034000,0.5046000,0.5029000,0.5034000,709720.1,1790743619999,357519.89204000,931,177887.9,89613.69224000,0
1790743620000,0.5034000,0.5037000,0.5030000,0.5036000,198099.0,1790743679999,99717.80782000,459,114351.9,57558.22855000,0
1790743680000,0.5035000,0.5039000,0.5030000,0.5030000,199552.5,1790743739999,100487.30820000,429,78470.0,39517.32085000,0
1790743740000,0.5031000,0.5031000,0.5027000,0.5027000,87343.6,1790743799999,43929.42227000,273,42373.5,21312.73906000,0
1790743800000,0.5026000,0.5029000,0.5023000,0.5028000,105028.7,1790743859999,52787.13255000,308,64297.8,32318.64696000,0
1790743860000,0.5028000,0.5031000,0.5025000,0.5027000,120693.2,1790743919999,60681.40761000,294,50100.3,25189.38532000,0
1790743920000,0.5026000,0.5037000,0.5026000,0.5028000,128241.6,1790743979999,64530.89923000,401,40578.3,20424.67821000,0
1790743980000,0.5028000,0.5036000,0.5028000,0.5031000,132185.4,1790744039999,66527.94417000,287,62057.0,31236.31436000,0
1790744040000,0.5031000,0.5034000,0.5025000,0.5025000,147174.3,1790744099999,74006.98658000,316,98263.9,49410.52720000,0
1790744100000,0.5024000,0.5026000,0.5022000,0.5025000,70939.2,1790744159999,35638.56072000,288,41791.0,20997.26826000,0
1790744160000,0.5026000,0.5026000,0.5014000,0.5019000,270555.2,1790744219999,135747.71580000,398,15410.6,7733.74118000,0
1790744220000,0.5018000,0.5020000,0.5010000,0.5011000,223200.3,1790744279999,111889.61619000,452,55629.6,27889.49959000,0
1790744280000,0.5012000,0.5015000,0.5011000,0.5015000,130116.5,1790744339999,65224.61897000,251,62591.5,31374.25087000,0
1790744340000,0.5015000,0.5015000,0.5010000,0.5013000,47164.3,1790744399999,23643.62234000,184,19255.5,9651.57956000,0
1790744400000,0.5013000,0.5033000,0.5013000,0.5032000,200530.5,1790744459999,100672.90060000,519,131291.7,65920.77062000,0
1790744460000,0.5032000,0.5044000,0.5029000,0.5042000,394516.1,1790744519999,198709.81691000,709,132289.7,66616.77312000,0
1790744520000,0.5043000,0.5045000,0.5029000,0.5030000,260118.6,1790744579999,131077.35867000,573,102017.6,51408.09201000,0
1790744580000,0.5030000,0.5030000,0.5017000,0.5019000,143094.4,1790744639999,71866.63861000,393,82819.6,41585.68544000,0
1790744640000,0.5019000,0.5022000,0.5015000,0.5022000,133431.9,1790744699999,66955.90170000,369,36876.8,18503.81764000,0
1790744700000,0.5022000,0.5022000,0.5012000,0.5016000,64247.4,1790744759999,32223.34919000,316,25533.0,12807.50183000,0
1790744760000,0.5016000,0.5020000,0.5013000,0.5013000,51639.0,1790744819999,25904.17232000,349,23681.1,11879.41228000,0
1790744820000,0.5012000,0.5016000,0.5009000,0.5012000,48402.5,1790744879999,24256.93125000,293,25029.3,12544.40780000,0
1790744880000,0.5011000,0.5014000,0.5008000,0.5009000,79129.0,1790744939999,39649.34780000,340,37461.2,18769.28825000,0
1790744940000,0.5009000,0.5010000,0.4998000,0.5005000,171753.7,1790744999999,85939.28251000,540,53071.6,26550.08270000,0
1790745000000,0.5004000,0.5004000,0.4996000,0.4998000,149109.8,1790745059999,74562.06742000,424,65401.9,32697.73024000,0
1790745060000,0.4998000,0.5006000,0.4998000,0.5005000,64747.7,1790745119999,32381.83111000,247,40487.5,20249.25573000,0
1790745120000,0.5005000,0.5014000,0.5004000,0.5004000,153254.6,1790745179999,76756.10423000,406,77478.4,38805.86658000,0
1790745180000,0.5003000,0.5007000,0.5001000,0.5001000,33200.0,1790745239999,16612.55715000,189,23560.3,11788.60615000,0
1790745240000,0.5001000,0.5001000,0.4996000,0.4996000,42924.5,1790745299999,21455.80477000,148,20063.0,10027.27300000,0
1790745300000,0.4996000,0.4998000,0.4990000,0.4998000,171902.0,1790745359999,85858.11272000,428,109211.5,54556.03448000,0
1790745360000,0.4998000,0.5003000,0.4994000,0.4997000,299442.2,1790745419999,149664.83340000,554,137320.4,68645.83223000,0
1790745420000,0.4997000,0.5011000,0.4997000,0.5006000,115842.3,1790745479999,57966.31856000,447,40621.5,20320.94073000,0
1790745480000,0.5006000,0.5013000,0.5003000,0.5006000,128031.2,1790745539999,64121.44702000,482,43180.0,21628.23470000,0
1790745540000,0.5006000,0.5012000,0.5004000,0.5010000,117679.6,1790745599999,58935.08860000,405,43158.2,21614.10948000,0
1790745600000,0.5010000,0.5014000,0.5004000,0.5010000,147186.9,1790745659999,73712.27111000,495,64216.9,32160.08312000,0
1790745660000,0.5010000,0.5012000,0.5005000,0.5006000,61799.4,1790745719999,30952.43050000,292,25473.7,12757.87676000,0
1790745720000,0.5005000,0.5014000,0.5004000,0.5009000,69915.8,1790745779999,35024.12401000,327,37476.9,18771.00026000,0
1790745780000,0.5009000,0.5015000,0.5008000,0.5013000,48699.5,1790745839999,24406.84241000,258,25723.3,12892.09057000,0
1790745840000,0.5012000,0.5017000,0.5011000,0.5016000,66975.5,1790745899999,33581.92767000,339,23622.5,11845.18659000,0
1790745900000,0.5016000,0.5020000,0.5004000,0.5008000,138398.0,1790745959999,69349.99276000,535,57611.0,28874.24517000,0
1790745960000,0.5007000,0.5008000,0.5001000,0.5001000,68951.9,1790746019999,34517.73219000,244,24141.7,12086.69928000,0
1790746020000,0.5000000,0.5010000,0.4999000,0.5004000,141768.8,1790746079999,70914.26437000,426,63385.0,31703.54040000,0
1790746080000,0.5005000,0.5019000,0.5005000,0.5019000,120434.3,1790746139999,60327.10771000,433,65584.0,32852.88131000,0
1790746140000,0.5019000,0.5030000,0.5018000,0.5028000,92915.2,1790746199999,46699.77150000,368,81257.9,40844.27505000,0
1790746200000,0.5027000,0.5048000,0.5026000,0.5048000,516402.5,1790746259999,260149.56239000,1176,306019.4,154170.68118000,0
1790746260000,0.5047000,0.5062000,0.5045000,0.5060000,292359.0,1790746319999,147731.53203000,813,178793.2,90362.78723000,0
1790746320000,0.5060000,0.5069000,0.5053000,0.5057000,492161.8,1790746379999,249072.64057000,1135,207910.6,105236.45540000,0
1790746380000,0.5056000,0.5056000,0.5038000,0.5047000,294508.1,1790746439999,148522.96147000,684,130570.9,65833.60048000,0
1790746440000,0.5046000,0.5052000,0.5045000,0.5050000,162056.0,1790746499999,81823.38702000,462,56003.4,28271.85980000,0
1790746500000,0.5049000,0.5072000,0.5047000,0.5071000,704764.1,1790746559999,356626.38280000,1305,537248.6,271879.71312000,0
1790746560000,0.5071000,0.5077000,0.5057000,0.5058000,545672.2,1790746619999,276586.24656000,1287,226015.7,114610.99990000,0
1790746620000,0.5057000,0.5061000,0.5052000,0.5061000,388388.5,1790746679999,196374.71925000,582,247132.4,124981.74354000,0
1790746680000,0.5060000,0.5060000,0.5052000,0.5054000,92481.2,1790746739999,46747.33268000,271,44316.7,22395.45579000,0
1790746740000,0.5053000,0.5058000,0.5052000,0.5058000,253472.1,1790746799999,128113.42600000,327,123843.3,62604.23953000,0
1790746800000,0.5057000,0.5057000,0.5051000,0.5053000,140805.9,1790746859999,71161.48115000,261,52853.4,26711.58916000,0
1790746860000,0.5053000,0.5055000,0.5049000,0.5050000,129029.6,1790746919999,65193.25420000,241,65899.4,33298.68902000,0
1790746920000,0.5050000,0.5050000,0.5042000,0.5044000,74962.2,1790746979999,37821.83796000,240,46992.6,23705.73933000,0
1790746980000,0.5044000,0.5057000,0.5044000,0.5056000,112566.0,1790747039999,56827.38817000,295,98488.9,49717.98613000,0
1790747040000,0.5056000,0.5067000,0.5056000,0.5061000,192613.8,1790747099999,97512.18196000,487,114831.4,58128.00291000,0
1790747100000,0.5061000,0.5067000,0.5061000,0.5063000,142445.3,1790747159999,72139.17451000,398,103544.9,52435.29425000,0
1790747160000,0.5064000,0.5072000,0.5063000,0.5065000,120887.6,1790747219999,61262.09007000,449,93345.0,47303.59662000,0
1790747220000,0.5064000,0.5065000,0.5057000,0.5058000,231038.6,1790747279999,116891.47831000,406,52093.1,26366.49614000,0
1790747280000,0.5059000,0.5059000,0.5049000,0.5052000,71729.3,1790747339999,36236.27113000,229,53615.2,27083.54752000,0
1790747340000,0.5052000,0.5071000,0.5051000,0.5070000,724155.9,1790747399999,366511.21813000,862,621968.6,314750.64285000,0
1790747400000,0.5071000,0.5080000,0.5071000,0.5078000,508701.8,1790747459999,258221.24313000,999,355211.3,180322.05752000,0
1790747460000,0.5078000,0.5080000,0.5067000,0.5069000,230807.8,1790747519999,117084.73831000,1348,105947.6,53754.46497000,0
1790747520000,0.5069000,0.5069000,0.5064000,0.5065000,131931.1,1790747579999,66839.93718000,1015,66636.4,33763.99444000,0
1790747580000,0.5064000,0.5066000,0.5057000,0.5060000,1384175.2,1790747639999,700656.04100000,603,117723.4,59595.31578000,0
1790747640000,0.5059000,0.5059000,0.5052000,0.5053000,124921.9,1790747699999,63138.40092000,316,104306.6,52720.20414000,0
1790747700000,0.5052000,0.5052000,0.5041000,0.5042000,160925.9,1790747759999,81195.75425000,433,49921.8,25185.59434000,0
1790747760000,0.5042000,0.5047000,0.5041000,0.5044000,57816.5,1790747819999,29157.16070000,207,39250.4,19795.03209000,0
1790747820000,0.5044000,0.5045000,0.5040000,0.5041000,39782.7,1790747879999,20062.85560000,150,16685.4,8415.06112000,0
1790747880000,0.5042000,0.5057000,0.5040000,0.5057000,197769.2,1790747939999,99823.52439000,591,137383.5,69336.99114000,0
1790747940000,0.5056000,0.5060000,0.5047000,0.5049000,48450.7,1790747999999,24486.56343000,271,16449.9,8310.40183000,0
1790748000000,0.5049000,0.5063000,0.5046000,0.5063000,126169.2,1790748059999,63766.06972000,618,64099.8,32391.98311000,0
1790748060000,0.5063000,0.5068000,0.5054000,0.5055000,198048.5,1790748119999,100185.34084000,572,112669.5,56991.72979000,0
1790748120000,0.5055000,0.5055000,0.5041000,0.5050000,110535.5,1790748179999,55807.62362000,463,64763.4,32698.40428000,0
1790748180000,0.5049000,0.5052000,0.5044000,0.5049000,79607.1,1790748239999,40190.00493000,344,30845.0,15573.01078000,0
1790748240000,0.5048000,0.5060000,0.5045000,0.5059000,45763.1,1790748299999,23110.82144000,292,24460.1,12354.44079000,0
1790748300000,0.5059000,0.5065000,0.5057000,0.5059000,72172.0,1790748359999,36515.18559000,398,38676.1,19568.03541000,0
1790748360000,0.5058000,0.5059000,0.5053000,0.5054000,144331.2,1790748419999,72972.68792000,351,109206.9,55215.45725000,0
1790748420000,0.5054000,0.5055000,0.5050000,0.5055000,141613.2,1790748479999,71540.90443000,386,91995.5,46477.47421000,0
1790748480000,0.5054000,0.5056000,0.5051000,0.5052000,88981.1,1790748539999,44966.97921000,331,60494.3,30569.59534000,0
1790748540000,0.5051000,0.5053000,0.5041000,0.5041000,158063.1,1790748599999,79780.99863000,366,29824.8,15044.35849000,0
1790748600000,0.5041000,0.5055000,0.5041000,0.5055000,106807.9,1790748659999,53913.69889000,449,80008.3,40387.12819000,0
1790748660000,0.5054000,0.5054000,0.5037000,0.5038000,173892.3,1790748719999,87717.39345000,673,26849.1,13551.00892000,0
1790748720000,0.5038000,0.5042000,0.5009000,0.5025000,2448748.4,1790748779999,1230350.30274000,2326,606157.1,304772.10334000,0
1790748780000,0.5025000,0.5030000,0.5023000,0.5030000,98627.7,1790748839999,49569.30823000,376,57397.1,28849.70448000,0
1790748840000,0.5031000,0.5032000,0.5023000,0.5029000,265545.3,1790748899999,133482.36996000,718,132538.4,66620.20039000,0
1790748900000,0.5030000,0.5038000,0.5030000,0.5033000,110759.1,1790748959999,55770.90972000,425,38777.9,19525.44616000,0
1790748960000,0.5033000,0.5039000,0.5022000,0.5026000,296362.1,1790749019999,149105.80537000,728,117226.5,58953.20332000,0
1790749020000,0.5027000,0.5034000,0.5024000,0.5027000,192971.8,1790749079999,97080.66019000,472,107045.8,53854.59993000,0
1790749080000,0.5026000,0.5034000,0.5024000,0.5028000,90138.6,1790749139999,45327.64372000,428,48546.2,24413.29573000,0
1790749140000,0.5029000,0.5030000,0.5026000,0.5028000,91928.9,1790749199999,46225.87876000,291,68247.3,34318.23061000,0
1790749200000,0.5028000,0.5036000,0.5025000,0.5031000,67145.9,1790749259999,33778.32999000,355,30346.5,15263.46295000,0
1790749260000,0.5031000,0.5035000,0.5026000,0.5029000,113638.1,1790749319999,57157.05467000,502,46275.2,23273.16373000,0
1790749320000,0.5029000,0.5032000,0.5022000,0.5030000,69176.3,1790749379999,34778.58901000,388,29378.3,14769.30659000,0
1790749380000,0.5029000,0.5033000,0.5023000,0.5023000,70160.1,1790749439999,35273.67136000,322,27172.6,13658.50509000,0
1790749440000,0.5023000,0.5024000,0.4999000,0.5002000,605202.9,1790749499999,303188.29695000,1019,97083.5,48622.25278000,0
1790749500000,0.5002000,0.5005000,0.4996000,0.5000000,232553.4,1790749559999,116272.57032000,599,114794.5,57401.77674000,0
1790749560000,0.5001000,0.5003000,0.4996000,0.4998000,125994.6,1790749619999,63006.37162000,257,44854.8,22434.31374000,0
1790749620000,0.4998000,0.5001000,0.4996000,0.4999000,160589.4,1790749679999,80262.43657000,357,72004.2,35985.83867000,0
1790749680000,0.5000000,0.5015000,0.5000000,0.5013000,112093.8,1790749739999,56136.55147000,508,82669.6,41399.76275000,0
1790749740000,0.5013000,0.5019000,0.5012000,0.5015000,117348.1,1790749799999,58856.18298000,537,39650.3,19889.00474000,0
1790749800000,0.5015000,0.5017000,0.5004000,0.5005000,79570.0,1790749859999,39860.33042000,521,35196.7,17632.48887000,0
1790749860000,0.5005000,0.5019000,0.5003000,0.5019000,51748.1,1790749919999,25935.05203000,324,32268.3,16173.91895000,0
1790749920000,0.5018000,0.5020000,0.5013000,0.5014000,85887.1,1790749979999,43092.57321000,403,53592.4,26891.63199000,0
1790749980000,0.5014000,0.5019000,0.5003000,0.5003000,275363.7,1790750039999,138051.24090000,514,104896.7,52599.27559000,0
1790750040000,0.5002000,0.5007000,0.5000000,0.5007000,92719.7,1790750099999,46388.85359000,314,53859.4,26943.56706000,0
1790750100000,0.5006000,0.5006000,0.4999000,0.5002000,106108.6,1790750159999,53075.06010000,345,51737.5,25878.08932000,0
1790750160000,0.5001000,0.5012000,0.5000000,0.5009000,241702.8,1790750219999,120939.38608000,375,67730.2,33888.93523000,0
1790750220000,0.5009000,0.5010000,0.5000000,0.5001000,85990.0,1790750279999,43027.78680000,346,20392.6,10208.24278000,0
1790750280000,0.5002000,0.5007000,0.4996000,0.5001000,274306.3,1790750339999,137166.80831000,655,79940.1,39976.25982000,0
1790750340000,0.5000000,0.5000000,0.4991000,0.4993000,146574.8,1790750399999,73199.48233000,521,62967.3,31440.55984000,0
1790750400000,0.4993000,0.5000000,0.4990000,0.4995000,194061.1,1790750459999,96928.08854000,722,68828.9,34378.33436000,0
1790750460000,0.4995000,0.4998000,0.4989000,0.4990000,196505.9,1790750519999,98118.63985000,505,103973.6,51925.58779000,0
1790750520000,0.4991000,0.5003000,0.4991000,0.5003000,242028.8,1790750579999,120874.73471000,375,170269.5,85010.56876000,0
1790750580000,0.5002000,0.5010000,0.5000000,0.5002000,80005.5,1790750639999,40035.26529000,343,52913.4,26476.55521000,0
1790750640000,0.5002000,0.5010000,0.5002000,0.5008000,78156.6,1790750699999,39129.26014000,303,34980.4,17512.69633000,0
1790750700000,0.5008000,0.5008000,0.4994000,0.5000000,157551.2,1790750759999,78753.11998000,450,58145.1,29060.61685000,0
1790750760000,0.5000000,0.5001000,0.4982000,0.4986000,603788.8,1790750819999,301093.99530000,941,106134.4,52922.13000000,0
1790750820000,0.4986000,0.4987000,0.4975000,0.4980000,363178.8,1790750879999,180884.91172000,744,115828.3,57694.21005000,0
1790750880000,0.4981000,0.4984000,0.4976000,0.4979000,147347.0,1790750939999,73377.19811000,508,80494.1,40096.47128000,0
1790750940000,0.4979000,0.4991000,0.4977000,0.4989000,108914.8,1790750999999,54283.99101000,452,76009.5,37889.02861000,0
1790751000000,0.4989000,0.4994000,0.4985000,0.4987000,268311.6,1790751059999,133884.26739000,471,86177.0,43011.58712000,0
1790751060000,0.4987000,0.4997000,0.4985000,0.4996000,103613.5,1790751119999,51699.93022000,312,73962.3,36910.94297000,0
1790751120000,0.4996000,0.5000000,0.4995000,0.4998000,100385.3,1790751179999,50166.80861000,344,70372.6,35167.48342000,0
1790751180000,0.4998000,0.5007000,0.4996000,0.5001000,362445.7,1790751239999,181347.75122000,518,322464.5,161352.69061000,0
1790751240000,0.5001000,0.5004000,0.4998000,0.5004000,169218.5,1790751299999,84622.23619000,366,58681.0,29346.38349000,0
1790751300000,0.5005000,0.5022000,0.5005000,0.5020000,874121.2,1790751359999,438481.69416000,862,140325.3,70356.74181000,0
1790751360000,0.5020000,0.5020000,0.4997000,0.4997000,289372.9,1790751419999,145012.36703000,480,182305.3,91345.80905000,0
1790751420000,0.4997000,0.5000000,0.4995000,0.4999000,79223.5,1790751479999,39591.24045000,268,59385.8,29679.02962000,0
1790751480000,0.4999000,0.5004000,0.4997000,0.4999000,53231.2,1790751539999,26612.92228000,188,13879.2,6939.00841000,0
1790751540000,0.4999000,0.4999000,0.4989000,0.4990000,257191.8,1790751599999,128463.69553000,369,81830.8,40875.27929000,0
1790751600000,0.4990000,0.4991000,0.4982000,0.4982000,315723.0,1790751659999,157411.81151000,535,117232.8,58462.10891000,0
1790751660000,0.4982000,0.4999000,0.4982000,0.4995000,106591.9,1790751719999,53201.01309000,551,63688.9,31779.09556000,0
1790751720000,0.4995000,0.5011000,0.4995000,0.5008000,146186.5,1790751779999,73164.66281000,447,103528.0,51808.72620000,0
1790751780000,0.5008000,0.5013000,0.5003000,0.5003000,63800.5,1790751839999,31952.04338000,323,18958.8,9497.44966000,0
1790751840000,0.5002000,0.5004000,0.4991000,0.4991000,100960.6,1790751899999,50455.00495000,300,15285.0,7640.28130000,0
1790751900000,0.4992000,0.4993000,0.4986000,0.4990000,179999.2,1790751959999,89805.32013000,374,50086.5,24998.06824000,0
1790751960000,0.4990000,0.4990000,0.4978000,0.4983000,127828.9,1790752019999,63692.16932000,375,28268.5,14084.45783000,0
1790752020000,0.4984000,0.4986000,0.4978000,0.4982000,129061.8,1790752079999,64293.41034000,367,74254.3,36991.97574000,0
1790752080000,0.4982000,0.4984000,0.4977000,0.4977000,140079.6,1790752139999,69775.85250000,383,84717.0,42203.52538000,0
1790752140000,0.4978000,0.4980000,0.4973000,0.4977000,192311.2,1790752199999,95690.49048000,352,86491.4,43033.80015000,0
1790752200000,0.4976000,0.4976000,0.4969000,0.4970000,492974.4,1790752259999,245146.86699000,677,122157.2,60734.58737000,0
1790752260000,0.4971000,0.4973000,0.4965000,0.4965000,229118.4,1790752319999,113852.45595000,403,68360.7,33976.71267000,0
1790752320000,0.4965000,0.4968000,0.4954000,0.4961000,1043158.4,1790752379999,517403.39222000,1124,212646.0,105505.61818000,0
1790752380000,0.4961000,0.4966000,0.4961000,0.4966000,292591.0,1790752439999,145232.28452000,400,244636.8,121432.54959000,0
1790752440000,0.4966000,0.4970000,0.4963000,0.4964000,226191.9,1790752499999,112359.22325000,355,158402.5,78693.97080000,0
1790752500000,0.4963000,0.4972000,0.4963000,0.4971000,189190.1,1790752559999,93968.98463000,360,129015.5,64077.20910000,0
1790752560000,0.4972000,0.4978000,0.4972000,0.4978000,127128.9,1790752619999,63235.05355000,371,64776.1,32219.99562000,0
1790752620000,0.4978000,0.4978000,0.4970000,0.4978000,113209.8,1790752679999,56317.31800000,370,58773.8,29238.99254000,0
1790752680000,0.4977000,0.4987000,0.4977000,0.4986000,91567.2,1790752739999,45620.52261000,311,77752.6,38735.62208000,0
1790752740000,0.4986000,0.5007000,0.4986000,0.5005000,349536.5,1790752799999,174605.07888000,858,288039.6,143877.55987000,0
1790752800000,0.5005000,0.5009000,0.4994000,0.4995000,243435.2,1790752859999,121795.21733000,550,65050.0,32557.93902000,0
1790752860000,0.4995000,0.4999000,0.4992000,0.4999000,88701.9,1790752919999,44314.80039000,201,65895.8,32923.99753000,0
1790752920000,0.5000000,0.5010000,0.4996000,0.4998000,148850.5,1790752979999,74479.87462000,680,90941.7,45501.62785000,0
1790752980000,0.4997000,0.5009000,0.4996000,0.5009000,113998.0,1790753039999,57016.79055000,320,94870.2,47451.08284000,0
1790753040000,0.5009000,0.5015000,0.5000000,0.5006000,253414.5,1790753099999,126890.20705000,629,103229.4,51682.75314000,0
1790753100000,0.5005000,0.5013000,0.5003000,0.5010000,269725.0,1790753159999,135069.09665000,588,136318.6,68250.38510000,0
1790753160000,0.5011000,0.5014000,0.5001000,0.5005000,205096.2,1790753219999,102710.01388000,606,59834.3,29962.44265000,0
1790753220000,0.5005000,0.5007000,0.4998000,0.4998000,195706.8,1790753279999,97871.83051000,429,86712.7,43358.26915000,0
1790753280000,0.4999000,0.4999000,0.4990000,0.4992000,82066.7,1790753339999,40984.28329000,366,21197.1,10583.49994000,0
1790753340000,0.4992000,0.4994000,0.4988000,0.4994000,66460.4,1790753399999,33177.60831000,192,54051.7,26984.64007000,0
1790753400000,0.4994000,0.4994000,0.4984000,0.4988000,141179.3,1790753459999,70426.85592000,388,57317.6,28589.83054000,0
1790753460000,0.4987000,0.4990000,0.4980000,0.4986000,250698.2,1790753519999,124964.11109000,471,148846.7,74190.19464000,0
1790753520000,0.4987000,0.4990000,0.4980000,0.4982000,142617.9,1790753579999,71088.05645000,458,66657.4,33221.52959000,0
1790753580000,0.4982000,0.4988000,0.4978000,0.4986000,223702.1,1790753639999,111488.50620000,560,134422.3,66995.73303000,0
1790753640000,0.4985000,0.4986000,0.4977000,0.4979000,216322.1,1790753699999,107726.34232000,329,39673.3,19760.22640000,0
1790753700000,0.4980000,0.4998000,0.4980000,0.4996000,189542.7,1790753759999,94552.45204000,427,138416.3,69043.72088000,0
1790753760000,0.4996000,0.5003000,0.4996000,0.5001000,237762.2,1790753819999,118861.41462000,491,167564.8,83763.95765000,0
1790753820000,0.5001000,0.5001000,0.4989000,0.4989000,136858.7,1790753879999,68391.68002000,378,21168.9,10580.19195000,0
1790753880000,0.4989000,0.4993000,0.4985000,0.4990000,198530.3,1790753939999,99054.97262000,465,124848.2,62293.91462000,0
1790753940000,0.4990000,0.5000000,0.4990000,0.4997000,274509.2,1790753999999,137123.35476000,602,191093.4,95455.55863000,0
1790754000000,0.4997000,0.4998000,0.4991000,0.4991000,106329.4,1790754059999,53105.83280000,364,78619.8,39270.33122000,0
1790754060000,0.4991000,0.4991000,0.4985000,0.4985000,65856.9,1790754119999,32844.87013000,167,17686.8,8821.24644000,0
1790754120000,0.4985000,0.4988000,0.4982000,0.4984000,172944.1,1790754179999,86213.73500000,420,94885.4,47307.79775000,0
1790754180000,0.4984000,0.4989000,0.4983000,0.4988000,160843.5,1790754239999,80201.44107000,385,135214.8,67426.92086000,0
1790754240000,0.4988000,0.4998000,0.4988000,0.4996000,198790.2,1790754299999,99253.17053000,515,168475.4,84114.97912000,0
1790754300000,0.4996000,0.5003000,0.4994000,0.4997000,265303.1,1790754359999,132598.80349000,539,141963.3,70947.19235000,0
1790754360000,0.4997000,0.5000000,0.4991000,0.4991000,95348.9,1790754419999,47629.96830000,421,33993.3,16984.01528000,0
1790754420000,0.4991000,0.4995000,0.4986000,0.4988000,191351.3,1790754479999,95457.75692000,433,78843.2,39327.55695000,0
1790754480000,0.4989000,0.4994000,0.4989000,0.4993000,78005.5,1790754539999,38935.87828000,352,38781.0,19357.54685000,0
1790754540000,0.4993000,0.5001000,0.4988000,0.4999000,95558.4,1790754599999,47717.65027000,378,36195.3,18074.48884000,0
1790754600000,0.4999000,0.5001000,0.4995000,0.4998000,110335.0,1790754659999,55142.19042000,315,45644.2,22811.40025000,0
1790754660000,0.4997000,0.5003000,0.4994000,0.5000000,210415.9,1790754719999,105164.49242000,492,125472.9,62702.44768000,0
1790754720000,0.5000000,0.5000000,0.4994000,0.4994000,195556.0,1790754779999,97723.03013000,396,104117.3,52025.97277000,0
1790754780000,0.4994000,0.5000000,0.4992000,0.4996000,97503.1,1790754839999,48721.09997000,336,65626.1,32793.67197000,0
1790754840000,0.4995000,0.4996000,0.4989000,0.4990000,237047.3,1790754899999,118349.01436000,456,117215.1,58528.46956000,0
1790754900000,0.4989000,0.4993000,0.4983000,0.4984000,89277.5,1790754959999,44539.34564000,299,30230.3,15082.38711000,0
1790754960000,0.4983000,0.4984000,0.4977000,0.4978000,166458.0,1790755019999,82889.65372000,438,39920.0,19883.85576000,0
1790755020000,0.4978000,0.4980000,0.4975000,0.4980000,109716.2,1790755079999,54605.68405000,371,56722.1,28233.71789000,0
1790755080000,0.4980000,0.4985000,0.4980000,0.4982000,104581.6,1790755139999,52097.44158000,447,37778.6,18819.24012000,0
1790755140000,0.4982000,0.4982000,0.4974000,0.4976000,205112.0,1790755199999,102105.25532000,473,53737.6,26751.05422000,0
1790755200000,0.4976000,0.4980000,0.4973000,0.4976000,166980.0,1790755259999,83080.13713000,478,62098.3,30897.81733000,0
1790755260000,0.4977000,0.4985000,0.4976000,0.4979000,212673.1,1790755319999,105907.23417000,655,108111.8,53841.84283000,0
1790755320000,0.4979000,0.4980000,0.4974000,0.4979000,95044.5,1790755379999,47296.86721000,359,36056.4,17947.23877000,0
1790755380000,0.4978000,0.4991000,0.4978000,0.4990000,101516.2,1790755439999,50615.38870000,347,59315.1,29570.84712000,0
1790755440000,0.4989000,0.4990000,0.4978000,0.4989000,125788.4,1790755499999,62705.05987000,447,68128.1,33963.71019000,0
1790755500000,0.4989000,0.4989000,0.4977000,0.4978000,112966.7,1790755559999,56276.15364000,417,44726.9,22285.59172000,0
1790755560000,0.4977000,0.4982000,0.4972000,0.4976000,206789.6,1790755619999,102926.42761000,422,88202.8,43927.35689000,0
1790755620000,0.4975000,0.4977000,0.4973000,0.4975000,118102.4,1790755679999,58755.21058000,370,57162.1,28437.60172000,0
1790755680000,0.4974000,0.4975000,0.4960000,0.4963000,702979.0,1790755739999,349088.48963000,1238,170411.4,84616.24087000,0
1790755740000,0.4963000,0.4970000,0.4962000,0.4967000,262981.7,1790755799999,130623.09433000,629,206722.8,102680.87530000,0
1790755800000,0.4966000,0.4973000,0.4965000,0.4970000,85535.2,1790755859999,42490.22981000,343,55933.2,27784.67707000,0
1790755860000,0.4970000,0.4971000,0.4965000,0.4968000,125440.2,1790755919999,62314.65384000,339,98286.5,48822.99263000,0
1790755920000,0.4968000,0.4976000,0.4968000,0.4976000,79745.1,1790755979999,39648.94878000,322,48891.1,24311.47656000,0
1790755980000,0.4975000,0.4975000,0.4971000,0.4972000,95406.6,1790756039999,47446.65217000,272,79643.3,39606.91173000,0
1790756040000,0.4972000,0.4973000,0.4961000,0.4965000,235786.9,1790756099999,117097.96003000,477,70393.9,34958.82427000,0
1790756100000,0.4965000,0.4966000,0.4957000,0.4963000,208728.9,1790756159999,103543.25429000,475,116920.7,57992.64235000,0
1790756160000,0.4963000,0.4976000,0.4961000,0.4976000,567655.4,1790756219999,281907.70881000,543,533693.7,265031.94910000,0
1790756220000,0.4976000,0.4979000,0.4967000,0.4974000,199980.8,1790756279999,99429.49289000,484,69138.3,34380.73765000,0
1790756280000,0.4974000,0.4988000,0.4973000,0.4987000,88964.7,1790756339999,44291.35210000,385,57321.8,28541.33485000,0
1790756340000,0.4986000,0.4991000,0.4973000,0.4974000,125540.5,1790756399999,62555.20367000,440,93087.5,46391.89530000,0
1790756400000,0.4974000,0.4992000,0.4968000,0.4992000,169593.4,1790756459999,84425.78224000,491,127035.4,63252.92849000,0
1790756460000,0.4992000,0.5001000,0.4988000,0.5000000,122707.9,1790756519999,61273.59295000,466,79975.7,39942.55488000,0
1790756520000,0.5001000,0.5003000,0.4992000,0.4993000,95848.8,1790756579999,47924.75333000,433,38972.1,19487.34902000,0
1790756580000,0.4993000,0.4998000,0.4988000,0.4990000,79517.9,1790756639999,39707.12617000,309,28307.6,14138.34081000,0
1790756640000,0.4990000,0.4991000,0.4980000,0.4987000,209165.4,1790756699999,104265.59683000,583,59541.3,29672.87218000,0
1790756700000,0.4986000,0.4986000,0.4968000,0.4968000,285332.5,1790756759999,141989.20214000,692,64626.5,32143.65110000,0
1790756760000,0.4968000,0.4975000,0.4965000,0.4971000,272731.0,1790756819999,135538.37386000,574,158127.1,78593.13884000,0
1790756820000,0.4971000,0.4976000,0.4967000,0.4976000,65987.7,1790756879999,32806.91970000,237,47190.0,23464.16037000,0
1790756880000,0.4975000,0.4979000,0.4967000,0.4972000,180105.3,1790756939999,89581.33026000,410,67445.1,33547.86905000,0
1790756940000,0.4972000,0.4972000,0.4938000,0.4950000,1650584.5,1790756999999,817015.29407000,1958,557502.4,276069.05586000,0
1790757000000,0.4951000,0.4952000,0.4941000,0.4948000,297703.4,1790757059999,147244.63203000,783,119884.0,59305.07593000,0
1790757060000,0.4947000,0.4949000,0.4939000,0.4945000,243497.3,1790757119999,120375.78139000,551,129380.1,63973.16719000,0
1790757120000,0.4945000,0.4957000,0.4944000,0.4954000,188878.3,1790757179999,93534.84319000,550,128383.0,63575.90652000,0
1790757180000,0.4954000,0.4959000,0.4952000,0.4954000,257535.9,1790757239999,127617.20462000,549,163015.0,80786.80377000,0
1790757240000,0.4954000,0.4960000,0.4953000,0.4957000,159713.9,1790757299999,79167.46295000,413,106135.5,52611.87420000,0
1790757300000,0.4957000,0.4959000,0.4951000,0.4954000,107307.8,1790757359999,53167.75917000,357,48025.8,23793.59270000,0
1790757360000,0.4954000,0.4960000,0.4952000,0.4954000,90332.6,1790757419999,44761.96994000,326,37706.4,18683.24836000,0
1790757420000,0.4954000,0.4956000,0.4950000,0.4954000,113482.2,1790757479999,56203.85101000,326,44995.0,22286.52895000,0
1790757480000,0.4953000,0.4968000,0.4952000,0.4967000,113127.0,1790757539999,56147.34143000,294,107044.6,53131.31292000,0
1790757540000,0.4967000,0.4970000,0.4962000,0.4968000,89715.0,1790757599999,44551.81271000,324,44811.4,22254.06243000,0
1790757600000,0.4968000,0.4972000,0.4967000,0.4970000,93228.4,1790757659999,46322.92616000,330,35815.4,17797.45766000,0
1790757660000,0.4970000,0.4970000,0.4960000,0.4965000,57317.5,1790757719999,28455.00657000,270,27885.2,13841.46018000,0
1790757720000,0.4965000,0.4965000,0.4958000,0.4964000,54356.2,1790757779999,26970.61949000,209,34806.6,17271.75814000,0
1790757780000,0.4963000,0.4966000,0.4960000,0.4961000,82426.9,1790757839999,40900.26383000,269,37958.8,18835.66589000,0
1790757840000,0.4961000,0.4965000,0.4959000,0.4965000,35353.2,1790757899999,17542.90028000,177,16410.1,8142.76105000,0
1790757900000,0.4964000,0.4971000,0.4964000,0.4965000,68972.2,1790757959999,34260.79512000,232,32468.4,16130.35278000,0
1790757960000,0.4965000,0.4981000,0.4965000,0.4981000,69759.3,1790758019999,34681.91899000,298,53545.1,26621.45164000,0
1790758020000,0.4981000,0.4988000,0.4981000,0.4987000,177748.5,1790758079999,88612.65275000,331,82046.6,40904.18348000,0
1790758080000,0.4987000,0.5002000,0.4987000,0.5001000,247144.3,1790758139999,123528.22525000,581,180086.9,90002.57570000,0
1790758140000,0.5001000,0.5005000,0.4993000,0.4996000,191282.6,1790758199999,95639.09470000,399,53666.3,26833.00066000,0
1790758200000,0.4997000,0.5004000,0.4996000,0.5000000,118561.7,1790758259999,59288.95172000,301,26678.2,13339.30437000,0
1790758260000,0.5001000,0.5001000,0.4985000,0.4994000,302821.4,1790758319999,151156.04615000,604,147222.6,73457.46954000,0
1790758320000,0.4994000,0.5001000,0.4990000,0.4991000,224096.2,1790758379999,111986.72140000,350,50919.8,25439.73505000,0
1790758380000,0.4991000,0.4994000,0.4988000,0.4992000,90363.7,1790758439999,45103.90938000,248,28434.4,14195.01620000,0
1790758440000,0.4992000,0.4995000,0.4987000,0.4987000,104533.9,1790758499999,52172.28135000,295,28698.0,14328.58324000,0
1790758500000,0.4987000,0.4995000,0.4986000,0.4995000,113556.4,1790758559999,56657.99591000,272,77837.4,38837.33747000,0
1790758560000,0.4995000,0.4995000,0.4988000,0.4992000,63803.0,1790758619999,31840.15336000,214,49089.6,24497.04158000,0
1790758620000,0.4992000,0.4995000,0.4990000,0.4992000,61311.5,1790758679999,30613.90858000,210,50177.5,25056.31560000,0
1790758680000,0.4991000,0.4999000,0.4989000,0.4998000,167942.0,1790758739999,83889.87865000,388,92072.0,46004.60621000,0
1790758740000,0.4999000,0.5000000,0.4987000,0.4987000,179891.7,1790758799999,89829.55644000,354,38412.2,19188.39170000,0
1790758800000,0.4987000,0.4994000,0.4983000,0.4993000,121623.1,1790758859999,60665.03359000,362,95724.8,47748.97271000,0
1790758860000,0.4993000,0.5003000,0.4993000,0.4998000,558816.6,1790758919999,279396.21828000,509,95201.3,47594.60121000,0
1790758920000,0.4997000,0.5003000,0.4994000,0.5003000,108020.0,1790758979999,53989.99989000,365,66418.4,33197.57679000,0
1790758980000,0.5003000,0.5010000,0.5002000,0.5010000,132068.4,1790759039999,66122.93341000,346,72520.5,36315.59634000,0
1790759040000,0.5009000,0.5014000,0.5009000,0.5011000,154287.8,1790759099999,77322.82889000,302,47828.5,23971.11643000,0
1790759100000,0.5010000,0.5017000,0.5007000,0.5015000,158200.8,1790759159999,79303.79141000,438,109165.6,54723.40485000,0
1790759160000,0.5014000,0.5025000,0.5013000,0.5024000,180012.3,1790759219999,90358.16757000,638,115714.4,58096.06747000,0
1790759220000,0.5023000,0.5027000,0.5011000,0.5018000,342675.6,1790759279999,171975.09316000,634,126389.3,63496.73928000,0
1790759280000,0.5018000,0.5023000,0.5012000,0.5015000,144135.0,1790759339999,72323.19874000,453,73769.1,37014.65834000,0
1790759340000,0.5014000,0.5018000,0.5007000,0.5017000,187685.2,1790759399999,94065.52330000,468,124745.8,62525.70862000,0
1790759400000,0.5017000,0.5022000,0.5013000,0.5018000,220620.4,1790759459999,110740.74772000,365,150817.7,75711.58905000,0
1790759460000,0.5017000,0.5020000,0.5013000,0.5020000,80865.6,1790759519999,40564.20403000,289,14773.3,7412.60133000,0
1790759520000,0.5019000,0.5022000,0.5014000,0.5018000,83562.7,1790759579999,41941.24721000,311,34358.3,17244.98213000,0
1790759580000,0.5018000,0.5030000,0.5018000,0.5027000,436556.6,1790759639999,219380.84790000,646,360012.7,180925.94045000,0
1790759640000,0.5027000,0.5032000,0.5025000,0.5029000,136665.4,1790759699999,68737.40286000,395,76479.0,38469.56542000,0
1790759700000,0.5029000,0.5029000,0.5017000,0.5028000,581919.1,1790759759999,292270.71167000,619,392637.7,197235.98002000,0
1790759760000,0.5027000,0.5040000,0.5027000,0.5034000,1297360.8,1790759819999,652952.39270000,1214,992430.3,499434.07741000,0
1790759820000,0.5034000,0.5043000,0.5027000,0.5036000,2025307.6,1790759879999,1019968.53899000,1147,910712.0,458572.79204000,0
1790759880000,0.5035000,0.5035000,0.5028000,0.5029000,177358.8,1790759939999,89222.42277000,335,87291.8,43910.85243000,0
1790759940000,0.5029000,0.5036000,0.5027000,0.5033000,174224.6,1790759999999,87666.08142000,451,89769.5,45175.57768000,0
1790760000000,0.5033000,0.5033000,0.5028000,0.5031000,113333.0,1790760059999,57014.00988000,246,70633.8,35532.06900000,0
1790760060000,0.5031000,0.5037000,0.5025000,0.5035000,136177.1,1790760119999,68506.62146000,326,100069.2,50337.49782000,0
1790760120000,0.5035000,0.5037000,0.5026000,0.5029000,168176.0,1790760179999,84599.66253000,345,73894.4,37165.57026000,0
1790760180000,0.5028000,0.5040000,0.5028000,0.5036000,122856.0,1790760239999,61850.44566000,301,85458.5,43023.30449000,0
1790760240000,0.5036000,0.5043000,0.5033000,0.5043000,134740.3,1790760299999,67877.43899000,324,109995.0,55414.53196000,0
1790760300000,0.5043000,0.5053000,0.5036000,0.5039000,362742.5,1790760359999,183102.28661000,695,247938.0,125167.92549000,0
1790760360000,0.5039000,0.5042000,0.5033000,0.5035000,112662.5,1790760419999,56760.52811000,307,56224.9,28328.98246000,0
1790760420000,0.5035000,0.5045000,0.5035000,0.5045000,78611.5,1790760479999,39630.33894000,247,54868.1,27665.13157000,0
1790760480000,0.5044000,0.5047000,0.5039000,0.5039000,71745.0,1790760539999,36181.69053000,295,23120.2,11660.73481000,0
1790760540000,0.5038000,0.5044000,0.5033000,0.5044000,174326.9,1790760599999,87830.44122000,377,57775.4,29107.58775000,0
1790760600000,0.5045000,0.5056000,0.5036000,0.5040000,386929.2,1790760659999,195386.47923000,818,102825.3,51915.65231000,0
1790760660000,0.5039000,0.5056000,0.5039000,0.5050000,129176.7,1790760719999,65195.43879000,444,96757.2,48822.85778000,0
1790760720000,0.5051000,0.5082000,0.5051000,0.5079000,478763.2,1790760779999,242836.75485000,1366,299768.3,152033.19997000,0
1790760780000,0.5080000,0.5087000,0.5072000,0.5086000,454211.1,1790760839999,230674.59018000,1008,183668.1,93301.64808000,0
1790760840000,0.5086000,0.5087000,0.5078000,0.5084000,341175.1,1790760899999,173439.56807000,665,189063.0,96102.61720000,0
1790760900000,0.5084000,0.5085000,0.5073000,0.5082000,193635.0,1790760959999,98344.04166000,576,99012.7,50277.03034000,0
1790760960000,0.5083000,0.5083000,0.5077000,0.5080000,150686.4,1790761019999,76553.48308000,471,87834.1,44623.50894000,0
1790761020000,0.5080000,0.5080000,0.5068000,0.5073000,120964.6,1790761079999,61379.23412000,399,62153.2,31532.89584000,0
1790761080000,0.5072000,0.5073000,0.5060000,0.5064000,144788.4,1790761139999,73363.24808000,501,77476.3,39261.90571000,0
1790761140000,0.5064000,0.5071000,0.5060000,0.5060000,243041.5,1790761199999,123087.73769000,553,126061.7,63850.25974000,0
1790761200000,0.5060000,0.5061000,0.5049000,0.5051000,157620.8,1790761259999,79646.13024000,390,57713.9,29155.08556000,0
1790761260000,0.5051000,0.5055000,0.5047000,0.5053000,121514.0,1790761319999,61366.63681000,293,67959.7,34329.88538000,0
1790761320000,0.5053000,0.5059000,0.5052000,0.5054000,52169.7,1790761379999,26369.99942000,257,20939.8,10586.10146000,0
1790761380000,0.5053000,0.5053000,0.5047000,0.5047000,60770.9,1790761439999,30684.61457000,197,36694.3,18528.63885000,0
1790761440000,0.5047000,0.5053000,0.5047000,0.5053000,81744.0,1790761499999,41282.77419000,255,50330.1,25421.08922000,0
1790761500000,0.5052000,0.5052000,0.5046000,0.5049000,215054.3,1790761559999,108581.17182000,417,66783.6,33724.31082000,0
1790761560000,0.5050000,0.5060000,0.5049000,0.5060000,63592.3,1790761619999,32135.03094000,250,55714.3,28156.13438000,0
1790761620000,0.5060000,0.5063000,0.5052000,0.5054000,84555.5,1790761679999,42768.47339000,327,31039.5,15704.96961000,0
1790761680000,0.5054000,0.5058000,0.5054000,0.5056000,72044.2,1790761739999,36424.66237000,255,34071.1,17227.26807000,0
1790761740000,0.5055000,0.5057000,0.5052000,0.5056000,45770.5,1790761799999,23138.95446000,248,27946.3,14127.91967000,0
1790761800000,0.5056000,0.5063000,0.5055000,0.5060000,59719.7,1790761859999,30211.04239000,273,43084.7,21795.05429000,0
1790761860000,0.5060000,0.5069000,0.5058000,0.5068000,122345.1,1790761919999,61960.62047000,386,98486.3,49875.43823000,0
1790761920000,0.5067000,0.5067000,0.5048000,0.5049000,123336.0,1790761979999,62313.88748000,419,46338.9,23406.86782000,0
1790761980000,0.5048000,0.5048000,0.5041000,0.5041000,74779.7,1790762039999,37713.90198000,319,12888.6,6501.31713000,0
1790762040000,0.5040000,0.5052000,0.5037000,0.5048000,247172.2,1790762099999,124655.88788000,497,154803.9,78077.79912000,0
1790762100000,0.5048000,0.5052000,0.5046000,0.5050000,68188.8,1790762159999,34428.15732000,266,28465.7,14373.06264000,0
1790762160000,0.5049000,0.5049000,0.5041000,0.5042000,144935.6,1790762219999,73101.40425000,351,68795.8,34703.44452000,0
1790762220000,0.5042000,0.5043000,0.5040000,0.5041000,20736.2,1790762279999,10455.55406000,130,12158.1,6130.55094000,0
1790762280000,0.5042000,0.5042000,0.5035000,0.5037000,65369.5,1790762339999,32926.79891000,274,43610.3,21966.81382000,0
1790762340000,0.5037000,0.5039000,0.5036000,0.5036000,59935.9,1790762399999,30190.52323000,166,14686.5,7398.85464000,0
1790762400000,0.5037000,0.5052000,0.5035000,0.5046000,212640.9,1790762459999,107270.96891000,587,162621.3,82034.10372000,0
1790762460000,0.5045000,0.5053000,0.5045000,0.5045000,147414.3,1790762519999,74440.02405000,357,59649.0,30118.67347000,0
1790762520000,0.5045000,0.5046000,0.5035000,0.5044000,151135.1,1790762579999,76178.02531000,423,100519.5,50654.79278000,0
1790762580000,0.5044000,0.5047000,0.5041000,0.5047000,78346.1,1790762639999,39512.92132000,261,40255.3,20303.98050000,0
1790762640000,0.5046000,0.5060000,0.5045000,0.5059000,204474.6,1790762699999,103357.44452000,598,135581.6,68513.34763000,0
1790762700000,0.5059000,0.5074000,0.5059000,0.5073000,453350.2,1790762759999,229799.58407000,698,387003.4,196189.73552000,0
1790762760000,0.5072000,0.5077000,0.5068000,0.5068000,88009.5,1790762819999,44634.18309000,389,42615.8,21610.46607000,0
1790762820000,0.5068000,0.5071000,0.5064000,0.5064000,108561.1,1790762879999,55010.60142000,320,52994.3,26859.70184000,0
1790762880000,0.5064000,0.5067000,0.5059000,0.5066000,111264.9,1790762939999,56336.27976000,292,66589.9,33716.03630000,0
1790762940000,0.5065000,0.5065000,0.5060000,0.5061000,161473.8,1790762999999,81738.29304000,345,27546.1,13943.19347000,0
1790763000000,0.5061000,0.5061000,0.5053000,0.5053000,55369.0,1790763059999,28001.35478000,306,23781.5,12025.40225000,0
1790763060000,0.5053000,0.5059000,0.5053000,0.5059000,111412.2,1790763119999,56322.12529000,329,99279.7,50187.82582000,0
1790763120000,0.5058000,0.5058000,0.5050000,0.5053000,96543.9,1790763179999,48780.98946000,322,51774.6,26161.37867000,0
1790763180000,0.5053000,0.5058000,0.5052000,0.5055000,54042.8,1790763239999,27318.52784000,223,38398.2,19409.54031000,0
1790763240000,0.5054000,0.5059000,0.5049000,0.5049000,105878.8,1790763299999,53523.32218000,364,58143.1,29400.23634000,0
1790763300000,0.5048000,0.5054000,0.5041000,0.5044000,120034.6,1790763359999,60550.26502000,466,62675.0,31615.41169000,0
1790763360000,0.5044000,0.5052000,0.5042000,0.5049000,109424.5,1790763419999,55223.54827000,410,57912.9,29225.45611000,0
1790763420000,0.5049000,0.5053000,0.5045000,0.5046000,64065.4,1790763479999,32349.09297000,302,12276.3,6198.78069000,0
1790763480000,0.5045000,0.5051000,0.5042000,0.5043000,62617.9,1790763539999,31595.05924000,281,31320.8,15805.27517000,0
1790763540000,0.5044000,0.5058000,0.5043000,0.5053000,99766.5,1790763599999,50386.53809000,357,65769.9,33211.12388000,0
1790763600000,0.5053000,0.5068000,0.5050000,0.5066000,60024.3,1790763659999,30368.96049000,336,43894.4,22208.52668000,0
1790763660000,0.5066000,0.5078000,0.5066000,0.5074000,87671.1,1790763719999,44471.84852000,441,72386.3,36719.49133000,0
1790763720000,0.5073000,0.5074000,0.5059000,0.5060000,113946.8,1790763779999,57744.89815000,359,88718.7,44959.16009000,0
1790763780000,0.5059000,0.5068000,0.5059000,0.5064000,125073.9,1790763839999,63338.75311000,386,89369.1,45254.70973000,0
1790763840000,0.5063000,0.5064000,0.5056000,0.5062000,140897.4,1790763899999,71269.78878000,390,23712.4,11999.92971000,0
1790763900000,0.5062000,0.5072000,0.5058000,0.5069000,110257.1,1790763959999,55864.44388000,354,87466.7,44322.74525000,0
1790763960000,0.5069000,0.5075000,0.5067000,0.5071000,89940.2,1790764019999,45615.28758000,280,69096.5,35041.98323000,0
1790764020000,0.5070000,0.5076000,0.5063000,0.5064000,345171.9,1790764079999,174924.52715000,557,67859.3,34382.75545000,0
1790764080000,0.5063000,0.5064000,0.5057000,0.5058000,136042.6,1790764139999,68836.46117000,319,77143.2,39033.48676000,0
1790764140000,0.5057000,0.5058000,0.5054000,0.5054000,59965.0,1790764199999,30320.16034000,226,23021.0,11641.30453000,0
1790764200000,0.5054000,0.5062000,0.5050000,0.5060000,463792.5,1790764259999,234467.76566000,764,160455.3,81137.65590000,0
1790764260000,0.5060000,0.5076000,0.5060000,0.5075000,232390.9,1790764319999,117853.04911000,509,220090.7,111617.61243000,0
1790764320000,0.5076000,0.5081000,0.5071000,0.5076000,85268.2,1790764379999,43284.17305000,380,34800.9,17669.73246000,0
1790764380000,0.5076000,0.5080000,0.5076000,0.5076000,117618.0,1790764439999,59717.45209000,251,46854.9,23794.33244000,0
1790764440000,0.5076000,0.5081000,0.5073000,0.5080000,93863.2,1790764499999,47650.40891000,273,29229.2,14841.99867000,0
1790764500000,0.5079000,0.5084000,0.5074000,0.5081000,213055.0,1790764559999,108226.99077000,586,123927.9,62957.62349000,0
1790764560000,0.5081000,0.5081000,0.5075000,0.5078000,90502.4,1790764619999,45966.84064000,353,69041.2,35068.41870000,0
1790764620000,0.5078000,0.5082000,0.5075000,0.5078000,80701.0,1790764679999,40979.99426000,305,56633.1,28761.89242000,0
1790764680000,0.5079000,0.5084000,0.5077000,0.5082000,94033.1,1790764739999,47787.15003000,280,41550.9,21114.00783000,0
1790764740000,0.5082000,0.5082000,0.5070000,0.5073000,193948.8,1790764799999,98433.87196000,482,108328.9,54980.50269000,0
1790764800000,0.5073000,0.5076000,0.5069000,0.5072000,129091.1,1790764859999,65469.88755000,384,37682.6,19115.09532000,0
1790764860000,0.5072000,0.5072000,0.5063000,0.5066000,116533.3,1790764919999,59037.33041000,340,41282.0,20918.21305000,0
1790764920000,0.5065000,0.5068000,0.5060000,0.5060000,41347.1,1790764979999,20941.67765000,241,21006.7,10641.09243000,0
1790764980000,0.5060000,0.5062000,0.5058000,0.5062000,61296.9,1790765039999,31019.04733000,204,31016.0,15696.63436000,0
1790765040000,0.5062000,0.5066000,0.5062000,0.5065000,83369.2,1790765099999,42221.45355000,208,49044.1,24839.05951000,0
1790765100000,0.5064000,0.5064000,0.5056000,0.5056000,102418.1,1790765159999,51815.57216000,390,43736.8,22132.04181000,0
1790765160000,0.5056000,0.5057000,0.5050000,0.5051000,98322.2,1790765219999,49686.01370000,245,16495.4,8338.47667000,0
1790765220000,0.5050000,0.5055000,0.5049000,0.5054000,69008.8,1790765279999,34861.35898000,257,42681.7,21562.49058000,0
1790765280000,0.5054000,0.5055000,0.5051000,0.5055000,59023.1,1790765339999,29831.16023000,166,43394.0,21933.84751000,0
1790765340000,0.5055000,0.5062000,0.5055000,0.5058000,194128.4,1790765399999,98187.28960000,316,160136.4,80987.94569000,0
1790765400000,0.5058000,0.5068000,0.5058000,0.5062000,97386.5,1790765459999,49324.64346000,308,83688.0,42386.88136000,0
1790765460000,0.5062000,0.5064000,0.5059000,0.5063000,45784.4,1790765519999,23169.80841000,205,19319.1,9776.21204000,0
1790765520000,0.5063000,0.5076000,0.5062000,0.5073000,71675.1,1790765579999,36333.18557000,377,47995.9,24334.41090000,0
1790765580000,0.5074000,0.5076000,0.5069000,0.5073000,100242.4,1790765639999,50851.29821000,296,55566.8,28186.91329000,0
1790765640000,0.5073000,0.5077000,0.5070000,0.5075000,41205.4,1790765699999,20905.36333000,199,18654.4,9465.70808000,0
1790765700000,0.5075000,0.5075000,0.5070000,0.5073000,82250.4,1790765759999,41725.79661000,262,58668.4,29763.61957000,0
1790765760000,0.5074000,0.5074000,0.5061000,0.5065000,351487.3,1790765819999,178035.23541000,592,90002.8,45599.58734000,0
1790765820000,0.5065000,0.5069000,0.5063000,0.5064000,101892.4,1790765879999,51612.78367000,225,24069.8,12195.33692000,0
1790765880000,0.5065000,0.5066000,0.5060000,0.5063000,45145.0,1790765939999,22860.04658000,226,34475.5,17458.06243000,0
1790765940000,0.5063000,0.5066000,0.5063000,0.5064000,25012.3,1790765999999,12669.81116000,106,15872.6,8040.38389000,0
1790766000000,0.5064000,0.5064000,0.5051000,0.5051000,365831.6,1790766059999,184949.29518000,728,177275.0,89614.61911000,0
1790766060000,0.5051000,0.5052000,0.5043000,0.5050000,318555.6,1790766119999,160793.88532000,711,118202.5,59669.44354000,0
1790766120000,0.5050000,0.5051000,0.5043000,0.5045000,104233.3,1790766179999,52602.04415000,385,49683.9,25079.74673000,0
1790766180000,0.5046000,0.5059000,0.5046000,0.5059000,275785.2,1790766239999,139399.60840000,591,214219.0,108280.21157000,0
1790766240000,0.5058000,0.5063000,0.5052000,0.5059000,61295.3,1790766299999,31000.49871000,298,21343.1,10796.31702000,0
1790766300000,0.5058000,0.5061000,0.5054000,0.5054000,37033.7,1790766359999,18727.81638000,195,20029.9,10130.26849000,0
1790766360000,0.5053000,0.5053000,0.5037000,0.5038000,163869.1,1790766419999,82641.13608000,414,42533.6,21447.80321000,0
1790766420000,0.5038000,0.5038000,0.5023000,0.5028000,1231947.2,1790766479999,619594.45784000,1392,325645.6,163904.54374000,0
1790766480000,0.5028000,0.5041000,0.5027000,0.5038000,324804.8,1790766539999,163595.29468000,544,225267.1,113447.98571000,0
1790766540000,0.5038000,0.5041000,0.5029000,0.5029000,100190.6,1790766599999,50453.37243000,381,21560.0,10857.98033000,0
1790766600000,0.5029000,0.5034000,0.5027000,0.5031000,132387.6,1790766659999,66599.20298000,333,28919.8,14549.91624000,0
1790766660000,0.5031000,0.5034000,0.5029000,0.5029000,122201.5,1790766719999,61478.23943000,265,53032.4,26688.36832000,0
1790766720000,0.5029000,0.5040000,0.5029000,0.5040000,52228.9,1790766779999,26284.54469000,204,45749.8,23025.23746000,0
1790766780000,0.5041000,0.5047000,0.5041000,0.5042000,60296.3,1790766839999,30404.21429000,295,27215.6,13725.57039000,0
1790766840000,0.5042000,0.5045000,0.5037000,0.5041000,88072.1,1790766899999,44393.54153000,243,39469.1,19900.01521000,0
1790766900000,0.5041000,0.5043000,0.5038000,0.5038000,110212.6,1790766959999,55550.05695000,247,22324.9,11253.75518000,0
1790766960000,0.5038000,0.5038000,0.5034000,0.5036000,69607.9,1790767019999,35055.01860000,277,16949.5,8535.65585000,0
1790767020000,0.5037000,0.5037000,0.5025000,0.5027000,251818.2,1790767079999,126682.98477000,446,16535.6,8317.58810000,0
1790767080000,0.5027000,0.5036000,0.5027000,0.5036000,43895.2,1790767139999,22076.61250000,175,16686.6,8393.59084000,0
1790767140000,0.5036000,0.5042000,0.5028000,0.5028000,96800.3,1790767199999,48757.74334000,371,53405.5,26914.43444000,0
1790767200000,0.5028000,0.5029000,0.5021000,0.5023000,567768.6,1790767259999,285240.91690000,602,89868.7,45150.15093000,0
1790767260000,0.5024000,0.5037000,0.5023000,0.5033000,99804.8,1790767319999,50194.35275000,340,75216.7,37826.89123000,0
1790767320000,0.5033000,0.5043000,0.5033000,0.5043000,77213.1,1790767379999,38890.27774000,277,39846.3,20075.16299000,0
1790767380000,0.5044000,0.5059000,0.5040000,0.5058000,252599.5,1790767439999,127466.09250000,527,136242.1,68748.46502000,0
1790767440000,0.5058000,0.5064000,0.5051000,0.5053000,146944.7,1790767499999,74326.64001000,418,50932.5,25766.59477000,0
1790767500000,0.5052000,0.5052000,0.5047000,0.5048000,83542.9,1790767559999,42183.88703000,268,29160.2,14723.47404000,0
1790767560000,0.5049000,0.5054000,0.5046000,0.5047000,74238.4,1790767619999,37491.67604000,208,43614.8,22024.26513000,0
1790767620000,0.5046000,0.5050000,0.5043000,0.5047000,68276.4,1790767679999,34447.02134000,259,16385.8,8269.18694000,0
1790767680000,0.5046000,0.5052000,0.5046000,0.5052000,117920.7,1790767739999,59533.76140000,263,94072.8,47491.15545000,0
1790767740000,0.5051000,0.5055000,0.5048000,0.5049000,60579.4,1790767799999,30604.92941000,208,33561.6,16957.59061000,0
1790767800000,0.5050000,0.5051000,0.5045000,0.5045000,42271.9,1790767859999,21338.31968000,209,13562.1,6844.94678000,0
1790767860000,0.5044000,0.5045000,0.5036000,0.5039000,140481.5,1790767919999,70804.77134000,448,53474.5,26950.40955000,0
1790767920000,0.5039000,0.5041000,0.5035000,0.5037000,75019.7,1790767979999,37801.51333000,311,36028.9,18153.92502000,0
1790767980000,0.5036000,0.5037000,0.5035000,0.5035000,50378.3,1790768039999,25370.07451000,174,32246.8,16239.98807000,0
1790768040000,0.5035000,0.5044000,0.5035000,0.5039000,129437.8,1790768099999,65251.96274000,252,74824.1,37718.13230000,0
1790768100000,0.5040000,0.5044000,0.5040000,0.5043000,40344.9,1790768159999,20342.41250000,134,29832.1,15042.00400000,0
1790768160000,0.5043000,0.5043000,0.5033000,0.5041000,79692.6,1790768219999,40163.16995000,301,50044.7,25219.54827000,0
1790768220000,0.5042000,0.5048000,0.5038000,0.5041000,181574.1,1790768279999,91558.53684000,484,63906.4,32223.46103000,0
1790768280000,0.5041000,0.5053000,0.5040000,0.5049000,46192.3,1790768339999,23318.42324000,250,28473.2,14370.31365000,0
1790768340000,0.5049000,0.5057000,0.5045000,0.5057000,95578.3,1790768399999,48275.31447000,425,73328.1,37040.59392000,0
1790768400000,0.5058000,0.5059000,0.5052000,0.5058000,113035.6,1790768459999,57149.47173000,347,78155.4,39516.05099000,0
1790768460000,0.5058000,0.5071000,0.5056000,0.5064000,290026.8,1790768519999,146880.22814000,638,158705.0,80380.30226000,0
1790768520000,0.5064000,0.5067000,0.5060000,0.5063000,81128.7,1790768579999,41081.37293000,266,51187.0,25923.42898000,0
1790768580000,0.5063000,0.5073000,0.5061000,0.5073000,158593.5,1790768639999,80363.41064000,316,131000.3,66390.01401000,0
1790768640000,0.5073000,0.5076000,0.5072000,0.5075000,164149.6,1790768699999,83293.67143000,312,90068.1,45704.74935000,0
1790768700000,0.5075000,0.5083000,0.5072000,0.5082000,354185.2,1790768759999,179906.25473000,559,217506.5,110493.55448000,0
1790768760000,0.5081000,0.5083000,0.5073000,0.5073000,318226.0,1790768819999,161606.51331000,854,142071.1,72153.89167000,0
1790768820000,0.5074000,0.5074000,0.5056000,0.5065000,462264.9,1790768879999,234062.20390000,944,154236.8,78078.98426000,0
1790768880000,0.5065000,0.5069000,0.5060000,0.5061000,99026.0,1790768939999,50151.55087000,348,21641.4,10962.65199000,0
1790768940000,0.5060000,0.5068000,0.5058000,0.5067000,114421.5,1790768999999,57924.31216000,372,86233.8,43651.74947000,0
1790769000000,0.5067000,0.5071000,0.5064000,0.5066000,197402.5,1790769059999,100047.71829000,471,147662.5,74840.85006000,0
1790769060000,0.5066000,0.5068000,0.5060000,0.5067000,292231.4,1790769119999,147990.49862000,671,182423.2,92388.83067000,0
1790769120000,0.5066000,0.5073000,0.5064000,0.5065000,134820.9,1790769179999,68312.93674000,352,75776.7,38403.33398000,0
1790769180000,0.5066000,0.5067000,0.5057000,0.5058000,58053.4,1790769239999,29390.37231000,257,16191.4,8196.38611000,0
1790769240000,0.5057000,0.5060000,0.5056000,0.5058000,84793.8,1790769299999,42883.95244000,274,61505.9,31107.22828000,0
1790769300000,0.5058000,0.5060000,0.5050000,0.5050000,129366.1,1790769359999,65381.47218000,390,40064.2,20253.79364000,0
1790769360000,0.5050000,0.5051000,0.5048000,0.5051000,128726.1,1790769419999,64996.94147000,272,95094.7,48015.50365000,0
1790769420000,0.5052000,0.5055000,0.5046000,0.5049000,381312.2,1790769479999,192575.40007000,408,96088.9,48529.23349000,0
1790769480000,0.5049000,0.5052000,0.5047000,0.5051000,93461.4,1790769539999,47187.57911000,234,34931.7,17637.83987000,0
1790769540000,0.5051000,0.5060000,0.5051000,0.5059000,151885.7,1790769599999,76803.25253000,312,111469.5,56364.89915000,0
1790769600000,0.5058000,0.5070000,0.5053000,0.5068000,179517.8,1790769659999,90856.94576000,587,134119.1,67886.09142000,0
1790769660000,0.5067000,0.5069000,0.5059000,0.5061000,261486.2,1790769719999,132431.21009000,544,92589.0,46885.24738000,0
1790769720000,0.5061000,0.5066000,0.5053000,0.5055000,412964.3,1790769779999,208929.00061000,695,78048.8,39484.23982000,0
1790769780000,0.5056000,0.5061000,0.5056000,0.5056000,72475.0,1790769839999,36657.42344000,317,38024.8,19233.53156000,0
1790769840000,0.5056000,0.5066000,0.5056000,0.5062000,124719.3,1790769899999,63136.35716000,441,80011.3,40505.26115000,0
1790769900000,0.5062000,0.5062000,0.5045000,0.5045000,402903.7,1790769959999,203490.50405000,757,180830.6,91356.80605000,0
1790769960000,0.5045000,0.5045000,0.5033000,0.5035000,395511.5,1790770019999,199322.73925000,874,190219.7,95877.93055000,0
1790770020000,0.5036000,0.5045000,0.5034000,0.5043000,136173.5,1790770079999,68602.33398000,514,54718.9,27569.97149000,0
1790770080000,0.5043000,0.5043000,0.5035000,0.5040000,212809.0,1790770139999,107241.10210000,480,90642.7,45678.36511000,0
1790770140000,0.5039000,0.5042000,0.5034000,0.5041000,181199.5,1790770199999,91314.89245000,413,103735.7,52278.14279000,0
1790770200000,0.5041000,0.5047000,0.5040000,0.5043000,209020.5,1790770259999,105412.30983000,453,115623.0,58311.08059000,0
1790770260000,0.5043000,0.5046000,0.5034000,0.5034000,403514.5,1790770319999,203352.23803000,670,64187.5,32356.09323000,0
1790770320000,0.5035000,0.5038000,0.5034000,0.5037000,112161.4,1790770379999,56476.73149000,348,68071.3,34276.88233000,0
1790770380000,0.5038000,0.5044000,0.5036000,0.5037000,62726.2,1790770439999,31608.55914000,288,30125.6,15181.50892000,0
1790770440000,0.5037000,0.5045000,0.5037000,0.5044000,150895.6,1790770499999,76084.09262000,362,82528.4,41611.02357000,0
1790770500000,0.5043000,0.5045000,0.5018000,0.5022000,593240.4,1790770559999,298278.80258000,1340,217792.5,109483.08917000,0
1790770560000,0.5022000,0.5022000,0.5011000,0.5013000,301715.9,1790770619999,151306.49215000,747,90179.3,45219.82065000,0
1790770620000,0.5013000,0.5017000,0.5007000,0.5011000,273705.6,1790770679999,137135.57486000,939,92654.5,46419.03045000,0
1790770680000,0.5012000,0.5021000,0.5011000,0.5019000,170075.5,1790770739999,85316.53210000,504,110788.9,55578.51439000,0
1790770740000,0.5019000,0.5025000,0.5014000,0.5019000,593650.8,1790770799999,297999.91204000,769,207407.9,104127.59812000,0
1790770800000,0.5018000,0.5021000,0.5006000,0.5009000,443511.0,1790770859999,222328.44035000,735,217502.0,109054.86589000,0
1790770860000,0.5008000,0.5020000,0.5008000,0.5015000,158758.5,1790770919999,79598.76612000,472,87996.6,44107.22371000,0
1790770920000,0.5015000,0.5027000,0.5013000,0.5026000,141636.7,1790770979999,71122.30809000,413,78434.8,39389.67335000,0
1790770980000,0.5026000,0.5027000,0.5013000,0.5013000,208316.5,1790771039999,104583.74202000,355,33472.6,16808.65764000,0
1790771040000,0.5013000,0.5023000,0.5012000,0.5022000,90237.4,1790771099999,45276.29373000,373,44208.2,22180.26314000,0
1790771100000,0.5022000,0.5031000,0.5020000,0.5021000,110731.4,1790771159999,55665.68912000,416,79909.5,40177.49225000,0
1790771160000,0.5020000,0.5026000,0.5017000,0.5020000,130965.2,1790771219999,65753.33474000,394,59818.7,30033.20616000,0
1790771220000,0.5020000,0.5021000,0.5013000,0.5018000,106966.8,1790771279999,53660.60159000,290,26454.0,13275.13676000,0
1790771280000,0.5018000,0.5025000,0.5013000,0.5022000,178298.4,1790771339999,89515.96154000,377,126459.2,63505.80331000,0
1790771340000,0.5022000,0.5039000,0.5021000,0.5032000,318694.8,1790771399999,160306.14826000,809,152828.0,76895.28496000,0
1790771400000,0.5032000,0.5097000,0.5019000,0.5089000,2651779.5,1790771459999,1341922.51204000,4725,1621790.1,820742.45665000,0
1790771460000,0.5089000,0.5132000,0.5087000,0.5128000,2164783.6,1790771519999,1106175.96332000,3823,1026736.7,524965.47633000,0
1790771520000,0.5129000,0.5134000,0.5113000,0.5116000,1548988.2,1790771579999,793657.47031000,2910,593787.6,304414.78658000,0
1790771580000,0.5116000,0.5117000,0.5096000,0.5104000,956823.6,1790771639999,488472.09437000,2406,341983.0,174643.19198000,0
1790771640000,0.5104000,0.5137000,0.5100000,0.5132000,802409.2,1790771699999,410935.48290000,2757,463925.6,237572.01707000,0
1790771700000,0.5133000,0.5161000,0.5133000,0.5141000,1989834.8,1790771759999,1024577.15608000,3815,1036190.7,533604.35097000,0
1790771760000,0.5140000,0.5150000,0.5130000,0.5137000,1534511.4,1790771819999,788692.49986000,3208,693771.5,356639.45269000,0
1790771820000,0.5138000,0.5142000,0.5129000,0.5140000,574776.6,1790771879999,295201.52154000,2220,317931.2,163299.89380000,0
1790771880000,0.5140000,0.5154000,0.5137000,0.5144000,1682045.5,1790771939999,865707.81125000,2790,306651.8,157844.66018000,0
1790771940000,0.5144000,0.5149000,0.5138000,0.5145000,1001462.7,1790771999999,515083.46200000,2515,448980.6,230945.38061000,0
1790772000000,0.5146000,0.5153000,0.5142000,0.5152000,973795.5,1790772059999,501209.96324000,1584,409134.1,210620.85040000,0
1790772060000,0.5151000,0.5154000,0.5144000,0.5147000,719737.8,1790772119999,370701.30944000,1391,394075.2,202989.68393000,0
1790772120000,0.5147000,0.5149000,0.5139000,0.5144000,557630.8,1790772179999,286897.50243000,1079,204451.9,105205.57934000,0
1790772180000,0.5144000,0.5153000,0.5143000,0.5153000,361037.6,1790772239999,185847.19032000,1003,236519.4,121764.01989000,0
1790772240000,0.5153000,0.5156000,0.5146000,0.5152000,539046.5,1790772299999,277684.65299000,1244,143906.1,74155.80564000,0
1790772300000,0.5152000,0.5162000,0.5149000,0.5156000,778787.0,1790772359999,401612.69225000,2141,347748.5,179339.57928000,0
1790772360000,0.5156000,0.5158000,0.5133000,0.5137000,808224.1,1790772419999,415813.34557000,1813,360303.3,185358.52850000,0
1790772420000,0.5136000,0.5138000,0.5117000,0.5131000,768383.7,1790772479999,393992.77490000,2811,367437.8,188463.26504000,0
1790772480000,0.5131000,0.5155000,0.5130000,0.5151000,490022.8,1790772539999,252213.96157000,1073,255075.7,131242.98187000,0
1790772540000,0.5151000,0.5161000,0.5151000,0.5153000,520439.8,1790772599999,268355.15631000,891,231811.5,119527.74561000,0
1790772600000,0.5153000,0.5164000,0.5152000,0.5163000,591701.5,1790772659999,305198.78195000,1151,315516.0,162750.91129000,0
1790772660000,0.5163000,0.5164000,0.5152000,0.5161000,511807.6,1790772719999,264011.55515000,1004,157174.4,81083.55381000,0
1790772720000,0.5160000,0.5178000,0.5160000,0.5173000,779824.4,1790772779999,403314.19964000,1761,398537.5,206093.14539000,0
1790772780000,0.5172000,0.5181000,0.5171000,0.5173000,1207467.5,1790772839999,625108.33862000,2092,818462.4,423754.71500000,0
1790772840000,0.5173000,0.5177000,0.5170000,0.5173000,469156.4,1790772899999,242688.88075000,1255,193350.0,100035.79107000,0
1790772900000,0.5173000,0.5191000,0.5170000,0.5190000,734426.1,1790772959999,380448.99514000,1910,374110.8,193920.44000000,0
1790772960000,0.5191000,0.5194000,0.5173000,0.5178000,789113.2,1790773019999,409037.38588000,2336,320045.2,165936.76617000,0
1790773020000,0.5178000,0.5189000,0.5178000,0.5185000,553138.2,1790773079999,286779.78913000,1564,406015.9,210524.46894000,0
1790773080000,0.5185000,0.5186000,0.5174000,0.5185000,730117.2,1790773139999,378115.58946000,1929,300212.6,155498.85820000,0
1790773140000,0.5184000,0.5197000,0.5180000,0.5192000,618871.1,1790773199999,321223.20358000,2049,340139.8,176591.59689000,0
1790773200000,0.5192000,0.5195000,0.5176000,0.5181000,815360.5,1790773259999,422588.44876000,2396,289501.7,150096.66307000,0
1790773260000,0.5181000,0.5186000,0.5168000,0.5177000,526907.8,1790773319999,272668.96062000,1605,154060.4,79742.41445000,0
1790773320000,0.5177000,0.5190000,0.5177000,0.5186000,649998.9,1790773379999,336753.66177000,1933,417140.2,216106.87212000,0
1790773380000,0.5186000,0.5192000,0.5178000,0.5190000,487143.0,1790773439999,252643.02855000,1436,171828.8,89122.94947000,0
1790773440000,0.5191000,0.5198000,0.5182000,0.5197000,569538.7,1790773499999,295717.09342000,1486,251290.8,130490.52610000,0
1790773500000,0.5198000,0.5212000,0.5195000,0.5212000,593414.7,1790773559999,308765.00676000,1957,378420.4,196953.52967000,0
1790773560000,0.5211000,0.5234000,0.5208000,0.5234000,2409257.7,1790773619999,1258050.49708000,4055,906512.2,473317.78688000,0
1790773620000,0.5233000,0.5235000,0.5214000,0.5222000,1158936.5,1790773679999,605517.02260000,2152,341735.2,178523.24856000,0
1790773680000,0.5221000,0.5233000,0.5215000,0.5226000,671552.8,1790773739999,350845.19169000,2133,398211.7,208039.40492000,0
1790773740000,0.5226000,0.5237000,0.5225000,0.5229000,615181.1,1790773799999,321885.34051000,1859,254932.0,133391.95156000,0
1790773800000,0.5228000,0.5231000,0.5215000,0.5224000,882007.7,1790773859999,460614.38892000,1583,536929.6,280425.76730000,0
1790773860000,0.5224000,0.5246000,0.5222000,0.5238000,1037296.2,1790773919999,542919.22915000,2192,655472.6,342922.81633000,0
1790773920000,0.5239000,0.5245000,0.5231000,0.5244000,675568.8,1790773979999,353883.64462000,1802,282906.6,148205.27570000,0
1790773980000,0.5244000,0.5255000,0.5240000,0.5251000,994112.5,1790774039999,521727.35205000,2175,522152.8,274046.80778000,0
1790774040000,0.5250000,0.5250000,0.5242000,0.5246000,769465.4,1790774099999,403639.14260000,2071,352680.5,185016.99769000,0
1790774100000,0.5246000,0.5246000,0.5235000,0.5243000,545559.2,1790774159999,285926.70030000,1758,273821.1,143507.19959000,0
1790774160000,0.5243000,0.5246000,0.5237000,0.5241000,334896.3,1790774219999,175534.06713000,1248,149476.9,78342.86789000,0
1790774220000,0.5241000,0.5245000,0.5224000,0.5230000,1119250.0,1790774279999,586195.88797000,3133,277975.5,145574.39954000,0
1790774280000,0.5230000,0.5232000,0.5213000,0.5222000,984861.1,1790774339999,514058.94236000,3036,238186.5,124301.22073000,0
1790774340000,0.5222000,0.5223000,0.5210000,0.5214000,459701.2,1790774399999,239707.70134000,2422,150550.8,78503.12646000,0
1790774400000,0.5214000,0.5223000,0.5213000,0.5217000,251907.8,1790774459999,131453.18671000,1522,145745.5,76056.50443000,0
1790774460000,0.5217000,0.5218000,0.5205000,0.5207000,611317.5,1790774519999,318591.76649000,1872,176414.4,91977.58210000,0
1790774520000,0.5207000,0.5208000,0.5196000,0.5200000,752856.8,1790774579999,391628.64736000,2454,276902.7,144047.96829000,0
1790774580000,0.5199000,0.5202000,0.5184000,0.5189000,747617.2,1790774639999,388359.30328000,1703,196992.6,102350.69868000,0
1790774640000,0.5190000,0.5199000,0.5188000,0.5197000,362071.3,1790774699999,188041.62352000,1011,228851.7,118854.37405000,0
1790774700000,0.5197000,0.5199000,0.5187000,0.5194000,258752.5,1790774759999,134345.22416000,1156,96193.6,49951.58343000,0
1790774760000,0.5194000,0.5206000,0.5194000,0.5204000,319706.2,1790774819999,166251.97593000,890,181134.0,94203.57463000,0
1790774820000,0.5204000,0.5212000,0.5195000,0.5199000,376006.5,1790774879999,195679.45667000,1088,163231.2,84952.91586000,0
1790774880000,0.5199000,0.5201000,0.5172000,0.5176000,714623.3,1790774939999,370287.38074000,1463,278109.9,144055.82628000,0
1790774940000,0.5176000,0.5195000,0.5175000,0.5192000,363399.4,1790774999999,188453.73389000,880,212817.3,110351.08601000,0
1790775000000,0.5192000,0.5206000,0.5179000,0.5203000,309504.9,1790775059999,160665.95981000,1329,112387.4,58330.42345000,0
1790775060000,0.5204000,0.5230000,0.5204000,0.5229000,444352.8,1790775119999,231750.67287000,1566,286866.1,149589.98596000,0
1790775120000,0.5230000,0.5238000,0.5210000,0.5221000,616658.7,1790775179999,322384.35488000,1670,272879.6,142692.10027000,0
1790775180000,0.5220000,0.5221000,0.5198000,0.5198000,302486.6,1790775239999,157543.49885000,1228,123120.3,64125.99920000,0
1790775240000,0.5199000,0.5203000,0.5185000,0.5188000,769035.6,1790775299999,399413.41285000,1370,446168.3,231745.13921000,0
1790775300000,0.5188000,0.5188000,0.5122000,0.5132000,1960980.3,1790775359999,1010311.83693000,3630,693320.1,357814.17874000,0
1790775360000,0.5131000,0.5131000,0.5093000,0.5122000,2935826.8,1790775419999,1499998.24473000,4306,854572.7,436820.23401000,0
1790775420000,0.5123000,0.5136000,0.5104000,0.5111000,946750.3,1790775479999,484679.32995000,2326,323923.3,165872.21044000,0
1790775480000,0.5112000,0.5118000,0.5093000,0.5112000,1210164.1,1790775539999,617726.30898000,2925,648997.9,331380.01891000,0
1790775540000,0.5111000,0.5122000,0.5095000,0.5108000,1063076.6,1790775599999,543192.23727000,2391,380524.4,194485.18022000,0
1790775600000,0.5108000,0.5121000,0.5071000,0.5077000,1473396.7,1790775659999,750170.00696000,2731,438642.3,223613.01950000,0
1790775660000,0.5075000,0.5111000,0.5067000,0.5106000,1436064.2,1790775719999,730361.65808000,2648,568001.5,289190.40559000,0
1790775720000,0.5107000,0.5132000,0.5105000,0.5127000,973418.0,1790775779999,498152.02475000,1752,472105.1,241667.21282000,0
1790775780000,0.5127000,0.5146000,0.5122000,0.5127000,722038.0,1790775839999,370735.07132000,1400,336799.3,172973.07398000,0
1790775840000,0.5127000,0.5145000,0.5126000,0.5143000,493186.0,1790775899999,253143.87269000,1111,203959.7,104688.79214000,0
1790775900000,0.5143000,0.5146000,0.5120000,0.5120000,871930.4,1790775959999,447698.69671000,1636,398426.5,204596.81123000,0
1790775960000,0.5120000,0.5145000,0.5117000,0.5145000,593074.6,1790776019999,304209.53141000,1536,354867.0,182101.12566000,0
1790776020000,0.5144000,0.5159000,0.5143000,0.5155000,483384.6,1790776079999,249068.18746000,1429,322414.0,166142.97426000,0
1790776080000,0.5154000,0.5155000,0.5123000,0.5127000,601870.4,1790776139999,309422.60998000,1824,275201.7,141536.89385000,0
1790776140000,0.5127000,0.5153000,0.5122000,0.5136000,553048.7,1790776199999,284286.95335000,1482,279447.1,143596.66825000,0
1790776200000,0.5136000,0.5139000,0.5127000,0.5132000,299735.6,1790776259999,153849.35905000,1064,150066.1,77044.74214000,0
1790776260000,0.5132000,0.5150000,0.5129000,0.5146000,524423.2,1790776319999,269673.27481000,1165,214690.5,110412.15405000,0
1790776320000,0.5147000,0.5147000,0.5131000,0.5131000,379381.7,1790776379999,194990.75502000,879,228101.6,117261.01273000,0
1790776380000,0.5131000,0.5148000,0.5124000,0.5148000,261393.2,1790776439999,134102.03658000,833,124684.6,64002.31393000,0
1790776440000,0.5149000,0.5153000,0.5093000,0.5098000,7063177.1,1790776499999,3611328.39122000,5713,3273730.0,1671914.18248000,0
1790776500000,0.5097000,0.5115000,0.5096000,0.5103000,761266.1,1790776559999,388605.97162000,1959,335127.4,171080.30049000,0
1790776560000,0.5101000,0.5118000,0.5099000,0.5106000,339534.9,1790776619999,173350.14829000,1405,167598.7,85590.04246000,0
1790776620000,0.5106000,0.5122000,0.5102000,0.5110000,459715.9,1790776679999,235097.14505000,1305,194974.4,99681.62662000,0
1790776680000,0.5111000,0.5117000,0.5102000,0.5112000,412397.8,1790776739999,210832.25085000,970,298052.3,152397.10234000,0
1790776740000,0.5113000,0.5129000,0.5110000,0.5129000,453652.7,1790776799999,232201.46139000,1341,184896.2,94665.07491000,0
1790776800000,0.5129000,0.5132000,0.5104000,0.5106000,494780.9,1790776859999,253270.12735000,1224,184506.1,94406.62639000,0
1790776860000,0.5107000,0.5119000,0.5095000,0.5095000,511316.2,1790776919999,261141.47883000,1338,328722.4,167893.69888000,0
1790776920000,0.5095000,0.5112000,0.5086000,0.5104000,670516.1,1790776979999,341572.75892000,1939,275594.8,140449.39408000,0
1790776980000,0.5105000,0.5119000,0.5099000,0.5119000,322179.3,1790777039999,164676.24718000,1318,173572.1,88720.51363000,0
1790777040000,0.5119000,0.5141000,0.5119000,0.5136000,447412.4,1790777099999,229570.79283000,1356,281699.3,144520.15454000,0
1790777100000,0.5136000,0.5148000,0.5133000,0.5148000,1037498.6,1790777159999,533393.66480000,1488,862493.7,443462.02434000,0
1790777160000,0.5149000,0.5155000,0.5142000,0.5144000,731200.0,1790777219999,376733.24770000,1037,249071.4,128322.70309000,0
1790777220000,0.5144000,0.5144000,0.5120000,0.5120000,263741.8,1790777279999,135240.66182000,840,123895.7,63541.02051000,0
1790777280000,0.5119000,0.5122000,0.5108000,0.5118000,354602.4,1790777339999,181341.58421000,996,153451.7,78486.49215000,0
1790777340000,0.5118000,0.5119000,0.5111000,0.5115000,189833.6,1790777399999,97093.52488000,697,83313.8,42611.04080000,0
1790777400000,0.5115000,0.5119000,0.5103000,0.5105000,154420.9,1790777459999,78905.11165000,936,76289.1,38982.22856000,0
1790777460000,0.5104000,0.5107000,0.5085000,0.5105000,484289.7,1790777519999,246686.88593000,1563,194573.8,99167.23529000,0
1790777520000,0.5105000,0.5131000,0.5103000,0.5122000,321437.3,1790777579999,164614.77328000,1021,179938.1,92148.67572000,0
1790777580000,0.5122000,0.5130000,0.5098000,0.5100000,340721.9,1790777639999,174314.26308000,938,139306.2,71313.80201000,0
1790777640000,0.5099000,0.5113000,0.5095000,0.5107000,179084.3,1790777699999,91419.96492000,782,104161.8,53164.15394000,0
1790777700000,0.5106000,0.5108000,0.5093000,0.5102000,312990.4,1790777759999,159665.26398000,1189,130520.9,66585.83685000,0
1790777760000,0.5102000,0.5104000,0.5081000,0.5090000,375725.4,1790777819999,191260.23729000,1056,211032.4,107412.53271000,0
1790777820000,0.5089000,0.5091000,0.5066000,0.5067000,676468.0,1790777879999,343543.73769000,1576,275712.5,140123.14134000,0
1790777880000,0.5067000,0.5072000,0.5034000,0.5054000,2164998.9,1790777939999,1093468.69990000,3509,560273.6,283142.28949000,0
1790777940000,0.5053000,0.5061000,0.5043000,0.5060000,468621.0,1790777999999,236717.55625000,1397,218553.1,110427.15361000,0
1790778000000,0.5060000,0.5068000,0.5054000,0.5061000,495120.9,1790778059999,250607.36031000,1417,272852.9,138118.13438000,0
1790778060000,0.5062000,0.5070000,0.5057000,0.5057000,468176.8,1790778119999,237051.40267000,1245,308168.2,156046.63918000,0
1790778120000,0.5057000,0.5058000,0.5025000,0.5025000,1842513.7,1790778179999,928312.57558000,2811,827889.5,417331.94252000,0
1790778180000,0.5025000,0.5028000,0.4979000,0.5009000,4419281.1,1790778239999,2208850.27273000,6370,1178569.8,589373.40558000,0
1790778240000,0.5009000,0.5016000,0.5002000,0.5014000,881279.9,1790778299999,441484.21477000,1948,387387.0,194118.74223000,0
1790778300000,0.5015000,0.5031000,0.5013000,0.5027000,670318.0,1790778359999,336815.01214000,1595,364931.5,183416.76373000,0
1790778360000,0.5027000,0.5029000,0.5016000,0.5020000,670862.0,1790778419999,336814.70900000,1308,219241.9,110077.39530000,0
1790778420000,0.5020000,0.5021000,0.4983000,0.4987000,768942.2,1790778479999,384393.69608000,1800,326059.0,162979.74431000,0
1790778480000,0.4987000,0.4994000,0.4976000,0.4988000,906704.8,1790778539999,452174.97574000,2210,390938.8,194993.47345000,0
1790778540000,0.4988000,0.4991000,0.4977000,0.4989000,622126.0,1790778599999,309998.68385000,1657,281131.2,140081.35986000,0
1790778600000,0.4989000,0.5010000,0.4984000,0.5002000,710349.0,1790778659999,355097.94077000,1998,464461.2,232155.37708000,0
1790778660000,0.5002000,0.5017000,0.4995000,0.5001000,668387.5,1790778719999,334569.94926000,2092,405464.4,202970.94180000,0
1790778720000,0.5002000,0.5009000,0.4958000,0.4978000,1980005.0,1790778779999,985513.85278000,3549,605171.6,301620.38287000,0
1790778780000,0.4977000,0.5008000,0.4964000,0.5007000,934689.6,1790778839999,465748.61801000,2290,461432.1,230059.44383000,0
1790778840000,0.5007000,0.5010000,0.4976000,0.4976000,767433.9,1790778899999,382763.94438000,1991,202761.5,101284.86944000,0
1790778900000,0.4976000,0.4986000,0.4973000,0.4979000,651767.9,1790778959999,324568.97127000,1706,293285.2,146062.74589000,0
1790778960000,0.4980000,0.4987000,0.4956000,0.4970000,1994775.9,1790779019999,991718.28476000,2675,607042.2,301963.26808000,0
1790779020000,0.4969000,0.4999000,0.4966000,0.4982000,398970.4,1790779079999,198740.01938000,1350,227720.4,113445.36476000,0
1790779080000,0.4981000,0.4995000,0.4978000,0.4994000,662808.2,1790779139999,330660.72935000,1566,404409.5,201806.39793000,0
1790779140000,0.4994000,0.4995000,0.4981000,0.4982000,329336.6,1790779199999,164267.80967000,1128,150656.4,75156.22471000,0
1790779200000,0.4981000,0.4983000,0.4962000,0.4981000,508698.2,1790779259999,252868.12504000,1452,255692.5,127105.78914000,0
1790779260000,0.4981000,0.4991000,0.4969000,0.4991000,404134.4,1790779319999,201279.84359000,1124,256958.6,127992.47451000,0
1790779320000,0.4991000,0.5002000,0.4988000,0.4998000,570483.9,1790779379999,284935.67884000,1244,330835.4,165246.89933000,0
1790779380000,0.4997000,0.5004000,0.4984000,0.4989000,400296.6,1790779439999,199968.87369000,1181,146049.2,72995.05904000,0
1790779440000,0.4988000,0.4998000,0.4984000,0.4988000,213878.4,1790779499999,106748.44849000,759,102883.5,51347.52806000,0
1790779500000,0.4988000,0.5001000,0.4984000,0.4996000,268178.9,1790779559999,133907.86423000,1007,168857.3,84318.35669000,0
1790779560000,0.4995000,0.5005000,0.4994000,0.5005000,276160.7,1790779619999,138102.25466000,843,197347.5,98701.44501000,0
1790779620000,0.5006000,0.5015000,0.5003000,0.5013000,229791.4,1790779679999,115118.74338000,918,140398.5,70329.92449000,0
1790779680000,0.5012000,0.5020000,0.5010000,0.5014000,295664.7,1790779739999,148252.91883000,959,111432.1,55879.45409000,0
1790779740000,0.5014000,0.5014000,0.5001000,0.5011000,355175.3,1790779799999,177839.42056000,956,102122.9,51132.57910000,0
1790779800000,0.5010000,0.5015000,0.5005000,0.5008000,166748.7,1790779859999,83525.24250000,889,86561.2,43356.61674000,0
1790779860000,0.5009000,0.5018000,0.5007000,0.5010000,459802.6,1790779919999,230534.56367000,1256,284765.3,142788.75509000,0
1790779920000,0.5011000,0.5022000,0.5005000,0.5007000,724805.3,1790779979999,363277.69449000,1212,336066.6,168496.77113000,0
1790779980000,0.5006000,0.5012000,0.5002000,0.5006000,339667.6,1790780039999,170106.84334000,688,208522.3,104435.83577000,0
1790780040000,0.5007000,0.5012000,0.5002000,0.5010000,262436.1,1790780099999,131404.91585000,743,163030.8,81628.99676000,0
1790780100000,0.5010000,0.5022000,0.5007000,0.5022000,834181.9,1790780159999,418364.71193000,1388,644137.1,323051.52694000,0
1790780160000,0.5022000,0.5023000,0.5008000,0.5009000,163840.7,1790780219999,82222.14066000,753,83524.5,41921.21395000,0
1790780220000,0.5008000,0.5019000,0.5006000,0.5012000,300149.9,1790780279999,150481.94371000,587,189966.9,95264.76398000,0
1790780280000,0.5011000,0.5023000,0.5004000,0.5008000,1203235.2,1790780339999,603382.36152000,1043,913799.2,458381.31190000,0
1790780340000,0.5007000,0.5010000,0.5000000,0.5001000,127865.1,1790780399999,64002.54744000,372,65979.4,33030.16306000,0
1790780400000,0.5001000,0.5020000,0.4998000,0.5016000,419644.4,1790780459999,210050.26671000,944,296419.1,148397.23872000,0
1790780460000,0.5017000,0.5019000,0.4992000,0.5014000,397708.2,1790780519999,198992.56777000,1285,163940.3,82032.00169000,0
1790780520000,0.5014000,0.5017000,0.5000000,0.5003000,411890.8,1790780579999,206374.15336000,996,225610.3,113047.82648000,0
1790780580000,0.5004000,0.5012000,0.4996000,0.5009000,598566.6,1790780639999,299439.20773000,896,201527.1,100856.91169000,0
1790780640000,0.5009000,0.5009000,0.4993000,0.5006000,344417.9,1790780699999,172239.98610000,948,193427.1,96755.90725000,0
1790780700000,0.5006000,0.5007000,0.4999000,0.5000000,165226.0,1790780759999,82679.09709000,527,83953.9,42011.40312000,0
1790780760000,0.5000000,0.5000000,0.4986000,0.5000000,322937.7,1790780819999,161248.35997000,856,157672.7,78742.66282000,0
1790780820000,0.5001000,0.5002000,0.4989000,0.4998000,214378.8,1790780879999,107092.71410000,565,170518.7,85184.17411000,0
1790780880000,0.4998000,0.5001000,0.4992000,0.4996000,208045.7,1790780939999,103961.13366000,604,83736.5,41844.95979000,0
1790780940000,0.4997000,0.5011000,0.4996000,0.5009000,302001.5,1790780999999,151179.58418000,888,205947.7,103098.97763000,0
1790781000000,0.5009000,0.5014000,0.5002000,0.5005000,616461.5,1790781059999,308852.21649000,878,507233.6,254136.52729000,0
1790781060000,0.5005000,0.5014000,0.4999000,0.5000000,166731.8,1790781119999,83493.45790000,588,105759.9,52971.21021000,0
1790781120000,0.5000000,0.5001000,0.4987000,0.5000000,400762.0,1790781179999,200133.72365000,833,134637.7,67241.04332000,0
1790781180000,0.5000000,0.5005000,0.4991000,0.4991000,231129.8,1790781239999,115524.23259000,527,64541.1,32271.58069000,0
1790781240000,0.4990000,0.4998000,0.4986000,0.4993000,193547.4,1790781299999,96587.91148000,684,119179.1,59475.85221000,0
1790781300000,0.4993000,0.4996000,0.4986000,0.4990000,260918.1,1790781359999,130186.78595000,815,91303.2,45553.96266000,0
1790781360000,0.4990000,0.4992000,0.4984000,0.4988000,172499.4,1790781419999,86044.37455000,619,119443.7,59579.26352000,0
1790781420000,0.4988000,0.4989000,0.4976000,0.4977000,280296.8,1790781479999,139623.26211000,745,110103.9,54851.74076000,0
1790781480000,0.4976000,0.4977000,0.4960000,0.4964000,747258.0,1790781539999,371167.36901000,1259,203104.7,100897.20155000,0
1790781540000,0.4964000,0.4976000,0.4959000,0.4965000,864089.3,1790781599999,429311.97876000,1253,254249.2,126247.01310000,0
1790781600000,0.4965000,0.4965000,0.4953000,0.4961000,1290754.8,1790781659999,640032.19085000,2316,387448.5,192178.30863000,0
1790781660000,0.4962000,0.4971000,0.4958000,0.4970000,254374.7,1790781719999,126327.33065000,672,208695.3,103645.26632000,0
1790781720000,0.4971000,0.4990000,0.4971000,0.4974000,286567.9,1790781779999,142740.43061000,968,193455.9,96360.97386000,0
1790781780000,0.4974000,0.4986000,0.4972000,0.4973000,317335.1,1790781839999,157981.25055000,1002,105086.6,52322.46232000,0
1790781840000,0.4973000,0.4974000,0.4952000,0.4954000,229562.6,1790781899999,113913.29207000,827,94362.7,46864.41388000,0
1790781900000,0.4953000,0.4958000,0.4946000,0.4951000,480754.0,1790781959999,238038.16149000,1061,117368.4,58130.94232000,0
1790781960000,0.4951000,0.4958000,0.4943000,0.4946000,460226.6,1790782019999,227739.27743000,940,233768.0,115688.96007000,0
1790782020000,0.4946000,0.4947000,0.4918000,0.4930000,1964717.0,1790782079999,968752.02754000,3268,698336.6,344453.86599000,0
1790782080000,0.4931000,0.4937000,0.4917000,0.4937000,1059428.7,1790782139999,521764.96934000,1816,556691.8,274245.86061000,0
1790782140000,0.4936000,0.4941000,0.4931000,0.4939000,463689.3,1790782199999,228868.97343000,936,215208.0,106223.09387000,0
1790782200000,0.4940000,0.4966000,0.4940000,0.4966000,451904.3,1790782259999,223817.60721000,1094,381952.5,189185.75349000,0
1790782260000,0.4966000,0.5000000,0.4966000,0.4999000,834062.3,1790782319999,415977.74710000,1595,521192.1,259762.58608000,0
1790782320000,0.4999000,0.5001000,0.4975000,0.4980000,422188.1,1790782379999,210583.74595000,1064,271217.9,135277.61168000,0
1790782380000,0.4980000,0.4983000,0.4969000,0.4978000,339984.5,1790782439999,169222.93055000,754,147393.6,73358.27383000,0
1790782440000,0.4978000,0.4984000,0.4974000,0.4978000,525053.2,1790782499999,261451.12051000,958,405328.7,201834.83584000,0
1790782500000,0.4978000,0.4996000,0.4974000,0.4995000,570459.7,1790782559999,284521.52028000,1081,391007.5,194960.97403000,0
1790782560000,0.4996000,0.4997000,0.4983000,0.4985000,428952.4,1790782619999,214096.52568000,732,133342.7,66554.21534000,0
1790782620000,0.4984000,0.4996000,0.4979000,0.4996000,271860.4,1790782679999,135573.38673000,781,193843.5,96671.99710000,0
1790782680000,0.4996000,0.5001000,0.4986000,0.4987000,492278.9,1790782739999,245753.39282000,904,304412.8,151965.38722000,0
1790782740000,0.4987000,0.4993000,0.4986000,0.4990000,341030.7,1790782799999,170193.41898000,671,243963.1,121753.36849000,0
1790782800000,0.4990000,0.4993000,0.4987000,0.4991000,183858.6,1790782859999,91758.42344000,457,84614.8,42228.17494000,0
1790782860000,0.4990000,0.4994000,0.4970000,0.4973000,520504.7,1790782919999,259090.19682000,984,156138.5,77706.10543000,0
1790782920000,0.4973000,0.4985000,0.4971000,0.4983000,275864.0,1790782979999,137372.15188000,699,168510.6,83905.32812000,0
1790782980000,0.4983000,0.4983000,0.4967000,0.4968000,399991.8,1790783039999,198894.66261000,856,156955.8,78054.71252000,0
1790783040000,0.4967000,0.4976000,0.4967000,0.4971000,474301.8,1790783099999,235758.25421000,611,223655.2,111174.38433000,0
1790783100000,0.4971000,0.4981000,0.4966000,0.4980000,177507.2,1790783159999,88267.53569000,764,119140.7,59243.74515000,0
1790783160000,0.4980000,0.4991000,0.4976000,0.4989000,191053.3,1790783219999,95202.92247000,759,127318.2,63449.92696000,0
1790783220000,0.4988000,0.4996000,0.4986000,0.4994000,267676.9,1790783279999,133619.14746000,510,116971.8,58390.84656000,0
1790783280000,0.4993000,0.5010000,0.4992000,0.5009000,791003.6,1790783339999,395653.66357000,1204,494230.5,247201.36123000,0
1790783340000,0.5009000,0.5013000,0.5005000,0.5011000,289476.8,1790783399999,145028.90186000,624,104369.0,52286.54086000,0
1790783400000,0.5010000,0.5017000,0.5010000,0.5015000,217715.6,1790783459999,109150.11691000,595,160737.7,80584.40551000,0
1790783460000,0.5015000,0.5018000,0.5013000,0.5013000,244616.6,1790783519999,122693.82923000,518,80480.6,40369.84768000,0
1790783520000,0.5013000,0.5015000,0.5002000,0.5002000,241868.2,1790783579999,121133.26256000,532,129352.1,64774.65616000,0
1790783580000,0.5002000,0.5010000,0.5001000,0.5007000,100455.7,1790783639999,50279.68816000,417,53301.5,26681.59654000,0
1790783640000,0.5007000,0.5016000,0.5006000,0.5010000,621070.3,1790783699999,311274.63801000,603,114218.1,57245.57813000,0
1790783700000,0.5009000,0.5011000,0.5007000,0.5008000,159034.2,1790783759999,79654.24408000,359,73980.6,37055.62361000,0
1790783760000,0.5009000,0.5015000,0.5007000,0.5007000,178922.8,1790783819999,89654.55261000,423,132878.2,66577.31528000,0
1790783820000,0.5007000,0.5012000,0.5006000,0.5010000,71934.5,1790783879999,36035.50833000,315,45780.1,22933.98481000,0
1790783880000,0.5009000,0.5010000,0.5007000,0.5008000,55516.9,1790783939999,27808.00944000,193,33839.8,16949.55348000,0
1790783940000,0.5008000,0.5011000,0.5005000,0.5011000,75341.3,1790783999999,37731.29281000,263,39799.4,19931.42600000,0
1790784000000,0.5012000,0.5014000,0.5007000,0.5008000,175103.4,1790784059999,87709.02932000,450,88702.4,44427.49750000,0
1790784060000,0.5008000,0.5014000,0.5007000,0.5014000,344064.8,1790784119999,172426.13444000,620,189274.6,94856.05285000,0
1790784120000,0.5015000,0.5023000,0.5012000,0.5018000,351351.5,1790784179999,176318.94286000,742,186260.6,93475.24731000,0
1790784180000,0.5019000,0.5023000,0.5006000,0.5023000,502151.7,1790784239999,251658.36888000,778,156320.4,78371.63056000,0
1790784240000,0.5022000,0.5034000,0.5021000,0.5029000,318416.9,1790784299999,160113.40744000,846,173931.0,87468.22762000,0
1790784300000,0.5029000,0.5035000,0.5022000,0.5031000,500245.6,1790784359999,251527.08373000,684,121227.0,60942.64516000,0
1790784360000,0.5031000,0.5043000,0.5031000,0.5040000,398752.8,1790784419999,200922.91141000,721,279332.0,140730.40223000,0
1790784420000,0.5040000,0.5045000,0.5038000,0.5038000,717269.7,1790784479999,361572.37755000,777,234757.1,118386.41787000,0
1790784480000,0.5038000,0.5041000,0.5033000,0.5039000,204150.8,1790784539999,102825.35040000,609,131261.2,66112.09027000,0
1790784540000,0.5039000,0.5041000,0.5032000,0.5036000,228938.9,1790784599999,115293.20178000,517,92006.2,46335.20624000,0
1790784600000,0.5035000,0.5037000,0.5031000,0.5032000,203642.2,1790784659999,102499.42041000,614,49824.9,25083.05184000,0
1790784660000,0.5033000,0.5038000,0.5032000,0.5034000,180647.4,1790784719999,90950.66202000,450,64921.0,32689.73424000,0
1790784720000,0.5034000,0.5034000,0.5023000,0.5025000,154664.2,1790784779999,77782.92974000,475,58837.5,29595.59888000,0
1790784780000,0.5024000,0.5036000,0.5021000,0.5035000,205245.9,1790784839999,103170.80036000,497,145060.5,72937.50156000,0
1790784840000,0.5034000,0.5041000,0.5029000,0.5031000,268958.8,1790784899999,135425.65627000,506,162824.3,81986.93022000,0
1790784900000,0.5031000,0.5033000,0.5016000,0.5026000,1309929.0,1790784959999,657950.68435000,954,1022069.9,513378.63090000,0
1790784960000,0.5027000,0.5035000,0.5025000,0.5032000,188120.9,1790785019999,94612.53421000,494,110469.3,55558.20400000,0
1790785020000,0.5032000,0.5033000,0.5023000,0.5023000,271200.5,1790785079999,136406.42473000,476,46874.5,23578.96602000,0
1790785080000,0.5022000,0.5030000,0.5018000,0.5030000,165189.2,1790785139999,82997.43538000,456,123480.4,62051.09574000,0
1790785140000,0.5031000,0.5037000,0.5026000,0.5027000,245569.3,1790785199999,123555.46223000,580,75113.3,37789.38407000,0
1790785200000,0.5027000,0.5035000,0.5024000,0.5033000,184374.2,1790785259999,92719.94675000,487,134891.8,67832.96253000,0
1790785260000,0.5032000,0.5034000,0.5026000,0.5027000,207595.1,1790785319999,104398.15652000,663,78637.2,39546.85063000,0
1790785320000,0.5027000,0.5035000,0.5025000,0.5031000,325698.5,1790785379999,163837.30812000,460,285411.4,143578.88261000,0
1790785380000,0.5031000,0.5036000,0.5028000,0.5032000,305076.0,1790785439999,153505.15312000,578,95791.9,48191.91769000,0
1790785440000,0.5033000,0.5044000,0.5031000,0.5043000,228990.8,1790785499999,115337.93035000,496,163385.0,82309.82158000,0
1790785500000,0.5042000,0.5056000,0.5041000,0.5052000,411519.6,1790785559999,207785.63861000,1011,321371.4,162285.17680000,0
1790785560000,0.5052000,0.5056000,0.5043000,0.5049000,245814.7,1790785619999,124112.19690000,678,129594.0,65437.03071000,0
1790785620000,0.5048000,0.5055000,0.5045000,0.5051000,305836.2,1790785679999,154436.88635000,691,208145.4,105113.87768000,0
1790785680000,0.5050000,0.5064000,0.5049000,0.5061000,226008.6,1790785739999,114298.21931000,620,158885.7,80354.22851000,0
1790785740000,0.5060000,0.5060000,0.5043000,0.5056000,413530.9,1790785799999,208850.29144000,800,155581.8,78584.37738000,0
1790785800000,0.5056000,0.5062000,0.5041000,0.5042000,318023.1,1790785859999,160684.61348000,814,134165.6,67837.98714000,0
1790785860000,0.5042000,0.5052000,0.5035000,0.5039000,132096.1,1790785919999,66621.90799000,614,63054.2,31805.10046000,0
1790785920000,0.5038000,0.5044000,0.5032000,0.5038000,220968.1,1790785979999,111316.32423000,647,146024.9,73571.72732000,0
1790785980000,0.5038000,0.5055000,0.5038000,0.5050000,282520.4,1790786039999,142674.19800000,657,152629.6,77058.00870000,0
1790786040000,0.5050000,0.5052000,0.5039000,0.5045000,203349.1,1790786099999,102576.50380000,553,109441.0,55206.56155000,0
1790786100000,0.5045000,0.5045000,0.5035000,0.5038000,244891.8,1790786159999,123429.13498000,512,43560.9,21958.75529000,0
1790786160000,0.5037000,0.5041000,0.5034000,0.5038000,290711.1,1790786219999,146436.90752000,506,195758.5,98607.61413000,0
1790786220000,0.5038000,0.5078000,0.5038000,0.5062000,824584.2,1790786279999,417833.97823000,1218,387236.0,195992.54645000,0
1790786280000,0.5061000,0.5075000,0.5061000,0.5074000,227731.3,1790786339999,115421.79050000,519,160868.2,81529.38312000,0
1790786340000,0.5074000,0.5077000,0.5068000,0.5073000,310480.0,1790786399999,157482.93728000,679,195228.7,99023.68686000,0
1790786400000,0.5073000,0.5084000,0.5073000,0.5084000,279271.9,1790786459999,141841.43309000,581,139896.3,71044.90963000,0
1790786460000,0.5084000,0.5094000,0.5081000,0.5085000,364568.5,1790786519999,185421.72139000,893,120201.7,61164.23428000,0
1790786520000,0.5084000,0.5095000,0.5084000,0.5093000,220303.8,1790786579999,112148.69929000,630,117996.0,60069.13687000,0
1790786580000,0.5094000,0.5100000,0.5093000,0.5099000,216957.8,1790786639999,110549.94541000,495,100350.0,51135.57411000,0
1790786640000,0.5099000,0.5105000,0.5099000,0.5105000,201319.3,1790786699999,102711.20235000,472,100314.2,51179.25401000,0
1790786700000,0.5104000,0.5109000,0.5100000,0.5106000,626705.6,1790786759999,319911.15784000,851,417348.0,213058.10779000,0
1790786760000,0.5107000,0.5116000,0.5097000,0.5115000,423159.5,1790786819999,216040.28649000,854,216857.6,110731.22003000,0
1790786820000,0.5115000,0.5126000,0.5114000,0.5120000,401552.2,1790786879999,205582.25162000,821,210772.5,107899.87436000,0
1790786880000,0.5120000,0.5120000,0.5103000,0.5112000,216807.5,1790786939999,110794.90442000,624,66005.2,33724.86031000,0
1790786940000,0.5112000,0.5115000,0.5108000,0.5113000,262218.2,1790786999999,134002.62752000,557,112131.4,57302.46499000,0
1790787000000,0.5113000,0.5132000,0.5113000,0.5128000,438334.0,1790787059999,224638.78964000,982,247536.6,126815.80205000,0
1790787060000,0.5127000,0.5127000,0.5115000,0.5115000,158601.2,1790787119999,81212.66208000,458,59774.0,30601.48107000,0
1790787120000,0.5115000,0.5125000,0.5115000,0.5121000,210777.5,1790787179999,107917.15202000,416,123578.8,63265.49447000,0
1790787180000,0.5121000,0.5123000,0.5110000,0.5118000,80203.8,1790787239999,41033.77109000,384,38042.6,19462.47663000,0
1790787240000,0.5117000,0.5123000,0.5115000,0.5119000,191220.9,1790787299999,97930.48794000,417,73473.8,37631.18043000,0
1790787300000,0.5120000,0.5126000,0.5111000,0.5113000,148562.6,1790787359999,76068.50187000,579,52151.5,26708.34272000,0
1790787360000,0.5113000,0.5122000,0.5108000,0.5114000,268743.5,1790787419999,137427.17344000,776,129620.8,66308.26596000,0
1790787420000,0.5113000,0.5126000,0.5113000,0.5124000,141658.1,1790787479999,72523.56628000,460,84177.2,43086.54762000,0
1790787480000,0.5123000,0.5129000,0.5121000,0.5127000,192435.1,1790787539999,98619.19644000,476,96163.1,49281.76463000,0
1790787540000,0.5126000,0.5129000,0.5115000,0.5123000,308843.4,1790787599999,158109.66483000,622,93989.3,48105.78505000,0
1790787600000,0.5124000,0.5124000,0.5117000,0.5120000,176546.4,1790787659999,90406.38519000,654,94795.6,48541.56107000,0
1790787660000,0.5120000,0.5125000,0.5116000,0.5122000,131381.5,1790787719999,67272.91280000,521,59176.8,30301.79203000,0
1790787720000,0.5122000,0.5124000,0.5111000,0.5111000,183105.4,1790787779999,93721.53194000,587,84121.6,43059.19592000,0
1790787780000,0.5110000,0.5122000,0.5105000,0.5121000,265975.8,1790787839999,135987.98199000,677,149619.3,76500.60195000,0
1790787840000,0.5121000,0.5122000,0.5102000,0.5104000,218352.1,1790787899999,111651.02653000,571,71586.5,36599.95569000,0
1790787900000,0.5104000,0.5119000,0.5102000,0.5105000,241137.7,1790787959999,123225.42378000,642,129137.4,66015.09877000,0
1790787960000,0.5105000,0.5112000,0.5103000,0.5108000,188638.5,1790788019999,96323.12524000,519,103266.2,52734.00333000,0
1790788020000,0.5109000,0.5114000,0.5108000,0.5111000,74652.9,1790788079999,38156.55084000,333,21427.9,10952.62986000,0
1790788080000,0.5112000,0.5132000,0.5112000,0.5130000,183692.2,1790788139999,94203.29956000,573,127196.3,65223.58429000,0
1790788140000,0.5130000,0.5132000,0.5117000,0.5121000,358401.7,1790788199999,183651.00053000,809,146295.4,74948.26573000,0
1790788200000,0.5121000,0.5133000,0.5121000,0.5130000,135477.1,1790788259999,69472.00432000,525,66964.8,34337.95666000,0
1790788260000,0.5130000,0.5132000,0.5118000,0.5118000,129023.2,1790788319999,66110.97108000,362,45631.0,23381.71862000,0
1790788320000,0.5118000,0.5121000,0.5112000,0.5117000,215453.4,1790788379999,110224.94460000,546,66158.1,33860.25544000,0
1790788380000,0.5117000,0.5122000,0.5113000,0.5113000,189596.9,1790788439999,97042.18090000,449,84763.7,43391.96196000,0
1790788440000,0.5113000,0.5123000,0.5111000,0.5111000,181966.6,1790788499999,93123.99859000,421,47605.1,24365.12860000,0
1790788500000,0.5110000,0.5110000,0.5090000,0.5090000,364306.3,1790788559999,185793.31025000,833,154439.3,78766.30457000,0
1790788560000,0.5090000,0.5102000,0.5089000,0.5098000,265986.8,1790788619999,135546.95035000,703,136118.5,69377.20304000,0
1790788620000,0.5098000,0.5101000,0.5092000,0.5100000,219220.0,1790788679999,111720.53765000,561,96078.6,48955.09276000,0
1790788680000,0.5099000,0.5109000,0.5096000,0.5104000,301527.0,1790788739999,153862.22590000,705,150372.6,76723.80541000,0
1790788740000,0.5105000,0.5111000,0.5093000,0.5094000,202031.9,1790788799999,103116.19969000,506,65335.5,33367.08764000,0
1790788800000,0.5093000,0.5097000,0.5078000,0.5096000,490703.1,1790788859999,249522.89059000,984,140384.1,71405.13319000,0
1790788860000,0.5097000,0.5103000,0.5095000,0.5100000,94178.6,1790788919999,48018.78091000,428,52517.0,26778.02578000,0
1790788920000,0.5101000,0.5102000,0.5082000,0.5082000,129657.0,1790788979999,65991.98819000,530,33771.7,17202.52426000,0
1790788980000,0.5082000,0.5087000,0.5079000,0.5085000,447745.9,1790789039999,227523.00878000,564,306317.4,155649.35476000,0
1790789040000,0.5085000,0.5092000,0.5083000,0.5085000,130332.1,1790789099999,66302.49699000,361,45664.8,23230.33159000,0
1790789100000,0.5085000,0.5087000,0.5078000,0.5079000,147309.4,1790789159999,74874.36169000,444,94911.6,48246.01326000,0
1790789160000,0.5079000,0.5080000,0.5066000,0.5068000,360289.4,1790789219999,182743.79495000,843,111098.4,56361.92606000,0
1790789220000,0.5069000,0.5094000,0.5062000,0.5094000,209467.1,1790789279999,106221.10482000,574,93317.0,47380.36317000,0
1790789280000,0.5094000,0.5094000,0.5082000,0.5083000,192301.9,1790789339999,97812.51187000,588,54476.9,27702.14218000,0
1790789340000,0.5082000,0.5102000,0.5082000,0.5095000,124821.2,1790789399999,63595.85909000,513,71306.6,36328.83159000,0
1790789400000,0.5094000,0.5096000,0.5082000,0.5087000,103525.3,1790789459999,52687.28523000,550,51812.5,26371.96964000,0
1790789460000,0.5087000,0.5090000,0.5076000,0.5084000,180574.2,1790789519999,91774.20143000,564,115218.6,58554.07980000,0
1790789520000,0.5085000,0.5096000,0.5082000,0.5085000,150953.2,1790789579999,76837.46977000,567,94697.8,48195.17686000,0
1790789580000,0.5086000,0.5087000,0.5068000,0.5079000,377916.6,1790789639999,191742.86937000,769,86398.7,43846.26193000,0
1790789640000,0.5079000,0.5082000,0.5072000,0.5074000,428478.8,1790789699999,217496.48849000,937,198126.5,100577.00046000,0
1790789700000,0.5074000,0.5080000,0.5066000,0.5073000,441429.4,1790789759999,223892.01750000,870,130272.8,66081.98575000,0
1790789760000,0.5073000,0.5077000,0.5068000,0.5069000,167333.0,1790789819999,84892.46032000,490,83166.3,42199.43023000,0
1790789820000,0.5069000,0.5072000,0.5053000,0.5058000,737763.7,1790789879999,373352.06089000,1485,188482.8,95348.67008000,0
1790789880000,0.5058000,0.5066000,0.5053000,0.5063000,139949.1,1790789939999,70808.28411000,503,43087.6,21797.52479000,0
1790789940000,0.5064000,0.5074000,0.5064000,0.5064000,129432.6,1790789999999,65611.04850000,463,79055.8,40073.60138000,0
1790790000000,0.5064000,0.5064000,0.5057000,0.5062000,111632.1,1790790059999,56495.48296000,412,48374.5,24478.78969000,0
1790790060000,0.5063000,0.5063000,0.5057000,0.5058000,94556.7,1790790119999,47844.93847000,300,59201.0,29954.60170000,0
1790790120000,0.5057000,0.5057000,0.5047000,0.5052000,422487.7,1790790179999,213346.24278000,680,180515.2,91164.29957000,0
1790790180000,0.5053000,0.5060000,0.5053000,0.5060000,65361.0,1790790239999,33058.98592000,268,28396.6,14363.79969000,0
1790790240000,0.5061000,0.5061000,0.5052000,0.5054000,118546.3,1790790299999,59954.15457000,308,57321.3,28986.70270000,0
1790790300000,0.5055000,0.5065000,0.5047000,0.5061000,109956.0,1790790359999,55579.82283000,521,39274.8,19845.21959000,0
1790790360000,0.5062000,0.5073000,0.5062000,0.5066000,86180.7,1790790419999,43688.11479000,423,55746.7,28260.62508000,0
1790790420000,0.5067000,0.5080000,0.5058000,0.5058000,301902.5,1790790479999,153081.43286000,652,148775.9,75470.86731000,0
1790790480000,0.5059000,0.5077000,0.5056000,0.5077000,127863.4,1790790539999,64787.13183000,493,56614.3,28677.65365000,0
1790790540000,0.5077000,0.5081000,0.5066000,0.5071000,65370.0,1790790599999,33168.02206000,383,18941.9,9608.43212000,0
1790790600000,0.5072000,0.5084000,0.5069000,0.5077000,156484.7,1790790659999,79455.91842000,434,49850.9,25297.14978000,0
1790790660000,0.5076000,0.5082000,0.5068000,0.5068000,106845.2,1790790719999,54234.33712000,364,70320.0,35693.61293000,0
1790790720000,0.5069000,0.5070000,0.5057000,0.5057000,126945.3,1790790779999,64324.60591000,401,74730.6,37871.85162000,0
1790790780000,0.5058000,0.5061000,0.5053000,0.5056000,103540.8,1790790839999,52357.93132000,313,47751.4,24152.75245000,0
1790790840000,0.5056000,0.5056000,0.5044000,0.5045000,337977.9,1790790899999,170646.23765000,544,115827.0,58485.34536000,0
1790790900000,0.5045000,0.5046000,0.5040000,0.5042000,198003.7,1790790959999,99840.84498000,531,98797.8,49817.73037000,0
1790790960000,0.5042000,0.5045000,0.5041000,0.5042000,131130.2,1790791019999,66121.41419000,293,82940.1,41821.36779000,0
1790791020000,0.5042000,0.5044000,0.5040000,0.5044000,70498.3,1790791079999,35544.94811000,297,44620.2,22498.30959000,0
1790791080000,0.5044000,0.5050000,0.5044000,0.5046000,126019.9,1790791139999,63608.36128000,389,80786.7,40778.09556000,0
1790791140000,0.5046000,0.5050000,0.5045000,0.5047000,127263.3,1790791199999,64239.26900000,308,86458.3,43642.17452000,0
1790791200000,0.5048000,0.5058000,0.5043000,0.5044000,230040.3,1790791259999,116141.73869000,663,102166.9,51588.99405000,0
1790791260000,0.5044000,0.5045000,0.5023000,0.5026000,783609.3,1790791319999,394088.91995000,1116,138913.8,69886.62522000,0
1790791320000,0.5027000,0.5028000,0.5021000,0.5022000,270281.0,1790791379999,135817.92999000,880,146239.4,73490.12313000,0
1790791380000,0.5023000,0.5032000,0.5018000,0.5023000,238880.4,1790791439999,119997.04388000,798,152240.3,76480.65845000,0
1790791440000,0.5024000,0.5038000,0.5019000,0.5033000,533883.1,1790791499999,268628.68607000,875,261438.4,131499.33359000,0
1790791500000,0.5032000,0.5035000,0.5023000,0.5023000,114420.0,1790791559999,57557.90337000,462,44796.0,22539.29230000,0
1790791560000,0.5022000,0.5022000,0.5007000,0.5018000,472310.3,1790791619999,236743.04126000,1007,87180.4,43711.29404000,0
1790791620000,0.5018000,0.5026000,0.5016000,0.5024000,64805.3,1790791679999,32531.27329000,491,44356.3,22266.94307000,0
1790791680000,0.5025000,0.5039000,0.5019000,0.5038000,476189.5,1790791739999,239352.49242000,719,139225.2,70017.97500000,0
1790791740000,0.5037000,0.5053000,0.5036000,0.5044000,262101.2,1790791799999,132158.04400000,784,84936.7,42827.83545000,0
1790791800000,0.5043000,0.5045000,0.5029000,0.5033000,232811.4,1790791859999,117295.41572000,720,72842.5,36696.50662000,0
1790791860000,0.5033000,0.5046000,0.5033000,0.5043000,97404.8,1790791919999,49095.28649000,525,51760.7,26084.51941000,0
1790791920000,0.5044000,0.5044000,0.5040000,0.5042000,53049.2,1790791979999,26744.59902000,273,18275.5,9214.29180000,0
1790791980000,0.5042000,0.5043000,0.5033000,0.5036000,89990.4,1790792039999,45321.95060000,328,45806.6,23071.14947000,0
1790792040000,0.5036000,0.5038000,0.5022000,0.5022000,96096.1,1790792099999,48359.98857000,337,28265.8,14220.83986000,0
1790792100000,0.5021000,0.5026000,0.5018000,0.5026000,139664.8,1790792159999,70150.41181000,535,76735.8,38544.90074000,0
1790792160000,0.5026000,0.5029000,0.5022000,0.5023000,80711.1,1790792219999,40562.36847000,356,34488.2,17334.09856000,0
1790792220000,0.5024000,0.5027000,0.5020000,0.5020000,53038.6,1790792279999,26641.30371000,275,25010.7,12562.29760000,0
1790792280000,0.5020000,0.5032000,0.5014000,0.5032000,101306.2,1790792339999,50876.63254000,417,62068.0,31182.05248000,0
1790792340000,0.5031000,0.5033000,0.5027000,0.5033000,121298.0,1790792399999,61011.43445000,368,39483.3,19861.76255000,0
1790792400000,0.5033000,0.5036000,0.5027000,0.5034000,77611.3,1790792459999,39052.93197000,344,37095.7,18667.10631000,0
1790792460000,0.5034000,0.5034000,0.5026000,0.5028000,114972.3,1790792519999,57813.57696000,415,48965.9,24621.59235000,0
1790792520000,0.5029000,0.5031000,0.5027000,0.5030000,84107.3,1790792579999,42292.20007000,312,44283.3,22269.82892000,0
1790792580000,0.5030000,0.5030000,0.5014000,0.5016000,145679.0,1790792639999,73106.24264000,431,38120.5,19131.67802000,0
1790792640000,0.5016000,0.5020000,0.5011000,0.5016000,92272.4,1790792699999,46278.16288000,392,37065.8,18593.90329000,0
1790792700000,0.5017000,0.5019000,0.5010000,0.5013000,147852.7,1790792759999,74129.69822000,341,78333.3,39264.16520000,0
1790792760000,0.5012000,0.5014000,0.5004000,0.5009000,623173.8,1790792819999,312140.59553000,866,174288.5,87298.65351000,0
1790792820000,0.5009000,0.5015000,0.5008000,0.5012000,94268.0,1790792879999,47244.19166000,318,39800.3,19947.34555000,0
1790792880000,0.5012000,0.5019000,0.5010000,0.5013000,135892.8,1790792939999,68162.45144000,343,40237.4,20178.88592000,0
1790792940000,0.5013000,0.5025000,0.5013000,0.5025000,69156.6,1790792999999,34720.28941000,290,54592.5,27406.92165000,0
1790793000000,0.5024000,0.5037000,0.5022000,0.5036000,293688.2,1790793059999,147656.65412000,632,225963.9,113605.42131000,0
1790793060000,0.5036000,0.5043000,0.5020000,0.5024000,742279.7,1790793119999,373214.38275000,1051,250772.0,126073.14644000,0
1790793120000,0.5023000,0.5023000,0.5012000,0.5012000,208853.0,1790793179999,104750.84394000,532,61616.5,30902.29476000,0
1790793180000,0.5012000,0.5014000,0.5006000,0.5009000,186748.8,1790793239999,93558.50505000,518,132262.9,66258.15541000,0
1790793240000,0.5009000,0.5009000,0.4983000,0.4991000,1264492.8,1790793299999,631357.40796000,1773,181572.6,90631.81906000,0
1790793300000,0.4990000,0.4990000,0.4923000,0.4956000,12975823.2,1790793359999,6428432.71926000,9192,2700934.8,1338993.21607000,0
1790793360000,0.4955000,0.4972000,0.4865000,0.4881000,18466437.8,1790793419999,9066125.44746000,15433,6419803.3,3152585.36779000,0
1790793420000,0.4881000,0.4902000,0.4830000,0.4843000,8507967.1,1790793479999,4134615.21627000,13407,3574584.5,1738486.41493000,0
1790793480000,0.4843000,0.4858000,0.4838000,0.4858000,2140357.8,1790793539999,1037800.77394000,2477,1485549.0,720269.95992000,0
1790793540000,0.4858000,0.4865000,0.4769000,0.4817000,15434649.6,1790793599999,7404790.14386000,16830,5846968.7,2802111.17611000,0
1790793600000,0.4817000,0.4828000,0.4811000,0.4811000,1878926.2,1790793659999,905462.37958000,3979,1190435.2,573732.07716000,0
1790793660000,0.4812000,0.4830000,0.4811000,0.4828000,1299136.4,1790793719999,626643.07631000,2551,757555.8,365388.76128000,0
1790793720000,0.4827000,0.4839000,0.4822000,0.4837000,903588.4,1790793779999,436664.69879000,3760,605257.5,292505.71365000,0
1790793780000,0.4837000,0.4847000,0.4830000,0.4846000,1378844.1,1790793839999,667209.58488000,3045,666953.8,322767.66787000,0
1790793840000,0.4846000,0.4851000,0.4842000,0.4851000,899674.9,1790793899999,435989.51950000,2352,499036.4,241855.14796000,0
1790793900000,0.4850000,0.4850000,0.4836000,0.4842000,1293683.2,1790793959999,626731.99706000,4040,557122.5,269904.70530000,0
1790793960000,0.4841000,0.4843000,0.4830000,0.4838000,801531.5,1790794019999,387634.64155000,2753,340392.5,164616.01719000,0
1790794020000,0.4837000,0.4840000,0.4829000,0.4836000,713363.7,1790794079999,344877.12279000,1623,301793.0,145924.01592000,0
1790794080000,0.4837000,0.4842000,0.4835000,0.4842000,379675.6,1790794139999,183729.13623000,1503,200097.7,96835.50889000,0
1790794140000,0.4842000,0.4856000,0.4839000,0.4853000,935387.1,1790794199999,453630.05751000,1883,682282.5,330904.42419000,0
1790794200000,0.4853000,0.4868000,0.4851000,0.4866000,1121718.0,1790794259999,545418.36450000,2132,785154.9,381803.99750000,0
1790794260000,0.4866000,0.4866000,0.4842000,0.4852000,663286.4,1790794319999,321838.71200000,1640,253316.2,122847.82053000,0
1790794320000,0.4851000,0.4856000,0.4844000,0.4850000,368983.5,1790794379999,178992.10544000,1392,105602.9,51220.99734000,0
1790794380000,0.4850000,0.4857000,0.4843000,0.4844000,478511.4,1790794439999,232175.48604000,1393,266121.0,129147.29818000,0
1790794440000,0.4844000,0.4856000,0.4843000,0.4854000,456024.0,1790794499999,221175.09153000,883,219077.1,106242.54934000,0
1790794500000,0.4854000,0.4865000,0.4854000,0.4865000,424877.8,1790794559999,206503.53404000,935,172919.4,84039.71893000,0
1790794560000,0.4864000,0.4874000,0.4859000,0.4873000,618244.7,1790794619999,300826.05234000,988,266715.8,129803.62647000,0
1790794620000,0.4872000,0.4879000,0.4870000,0.4877000,326139.2,1790794679999,158981.55183000,857,170772.0,83244.88737000,0
1790794680000,0.4876000,0.4885000,0.4876000,0.4885000,474904.3,1790794739999,231833.02444000,916,281216.3,137283.40998000,0
1790794740000,0.4884000,0.4885000,0.4878000,0.4880000,415283.9,1790794799999,202742.08792000,706,118109.8,57658.79539000,0
1790794800000,0.4879000,0.4880000,0.4855000,0.4860000,1423198.9,1790794859999,692697.97416000,1975,497274.0,241943.55843000,0
1790794860000,0.4860000,0.4865000,0.4855000,0.4857000,636142.4,1790794919999,309167.34567000,1359,362703.2,176261.24131000,0
1790794920000,0.4857000,0.4866000,0.4855000,0.4865000,386434.2,1790794979999,187781.43165000,916,226020.0,109849.95751000,0
1790794980000,0.4866000,0.4867000,0.4859000,0.4863000,358220.7,1790795039999,174212.74019000,959,166790.8,81123.17260000,0
1790795040000,0.4863000,0.4865000,0.4862000,0.4863000,295843.6,1790795099999,143876.69330000,573,192248.6,93500.04222000,0
1790795100000,0.4863000,0.4870000,0.4855000,0.4859000,568627.6,1790795159999,276464.82980000,935,163237.4,79346.44540000,0
1790795160000,0.4860000,0.4861000,0.4851000,0.4854000,342276.6,1790795219999,166190.06081000,734,145718.6,70753.93804000,0
1790795220000,0.4855000,0.4868000,0.4854000,0.4868000,213879.5,1790795279999,103964.50173000,641,144410.1,70195.44711000,0
1790795280000,0.4868000,0.4868000,0.4856000,0.4856000,378922.9,1790795339999,184203.64035000,720,104458.1,50786.35472000,0
1790795340000,0.4855000,0.4857000,0.4851000,0.4852000,291797.5,1790795399999,141648.47454000,528,148004.8,71849.78803000,0
1790795400000,0.4852000,0.4854000,0.4844000,0.4848000,407462.7,1790795459999,197619.46814000,719,150473.6,72988.86261000,0
1790795460000,0.4847000,0.4849000,0.4833000,0.4835000,1178605.8,1790795519999,570576.86184000,1857,351640.6,170285.10111000,0
1790795520000,0.4835000,0.4842000,0.4828000,0.4842000,473001.1,1790795579999,228547.71941000,887,215370.5,104072.30310000,0
1790795580000,0.4842000,0.4850000,0.4838000,0.4850000,162207.9,1790795639999,78576.08501000,535,95115.5,46083.55824000,0
1790795640000,0.4850000,0.4851000,0.4842000,0.4845000,347810.7,1790795699999,168535.41899000,695,178087.3,86289.80818000,0
1790795700000,0.4844000,0.4846000,0.4838000,0.4846000,198138.9,1790795759999,95933.16361000,677,88908.8,43047.37085000,0
1790795760000,0.4845000,0.4855000,0.4841000,0.4849000,214315.0,1790795819999,103933.57663000,621,139831.0,67827.78172000,0
1790795820000,0.4848000,0.4848000,0.4836000,0.4841000,547731.6,1790795879999,265163.57748000,858,179526.1,86886.40914000,0
1790795880000,0.4840000,0.4854000,0.4835000,0.4851000,438181.0,1790795939999,212292.57445000,821,256245.6,124143.54832000,0
1790795940000,0.4851000,0.4860000,0.4849000,0.4857000,165922.2,1790795999999,80556.79276000,487,99772.4,48432.50950000,0
1790796000000,0.4858000,0.4869000,0.4856000,0.4869000,183023.6,1790796059999,88980.55329000,594,121137.1,58893.64170000,0
1790796060000,0.4868000,0.4877000,0.4866000,0.4868000,256003.0,1790796119999,124731.24185000,659,138330.2,67396.80354000,0
1790796120000,0.4868000,0.4872000,0.4864000,0.4865000,181481.2,1790796179999,88327.42906000,471,87105.7,42393.95715000,0
1790796180000,0.4865000,0.4865000,0.4857000,0.4859000,210621.6,1790796239999,102402.72210000,465,44149.4,21467.20059000,0
1790796240000,0.4858000,0.4860000,0.4855000,0.4858000,459920.6,1790796299999,223390.34217000,556,370135.3,179779.45279000,0
1790796300000,0.4859000,0.4869000,0.4856000,0.4867000,329375.7,1790796359999,160222.71271000,561,272355.0,132484.01904000,0
1790796360000,0.4868000,0.4873000,0.4868000,0.4869000,204429.6,1790796419999,99579.82028000,397,103399.7,50364.00644000,0
1790796420000,0.4869000,0.4874000,0.4867000,0.4874000,90121.5,1790796479999,43897.72910000,402,46638.6,22713.71318000,0
1790796480000,0.4873000,0.4882000,0.4871000,0.4882000,399451.3,1790796539999,194770.86213000,866,270857.6,132073.66816000,0
1790796540000,0.4881000,0.4882000,0.4876000,0.4879000,107484.9,1790796599999,52443.83690000,365,56197.5,27417.72916000,0
1790796600000,0.4879000,0.4886000,0.4876000,0.4885000,136714.9,1790796659999,66729.40981000,661,95494.4,46614.88867000,0
1790796660000,0.4885000,0.4889000,0.4879000,0.4883000,358439.4,1790796719999,175040.36216000,879,153606.1,75014.04619000,0
1790796720000,0.4884000,0.4887000,0.4880000,0.4885000,248278.6,1790796779999,121249.76539000,682,166411.2,81270.87451000,0
1790796780000,0.4886000,0.4888000,0.4884000,0.4887000,123411.5,1790796839999,60302.65921000,437,78223.7,38222.25276000,0
1790796840000,0.4886000,0.4897000,0.4886000,0.4894000,407056.1,1790796899999,199084.96802000,798,162071.8,79274.80103000,0
1790796900000,0.4894000,0.4905000,0.4894000,0.4902000,434382.2,1790796959999,212850.79089000,1063,251947.0,123463.99890000,0
1790796960000,0.4903000,0.4905000,0.4901000,0.4902000,185130.9,1790797019999,90775.32636000,497,69941.4,34295.85805000,0
1790797020000,0.4902000,0.4910000,0.4900000,0.4909000,218205.1,1790797079999,107024.73856000,656,150957.4,74042.99128000,0
1790797080000,0.4909000,0.4914000,0.4908000,0.4913000,115235.6,1790797139999,56598.67755000,512,65737.7,32288.09869000,0
1790797140000,0.4913000,0.4913000,0.4906000,0.4911000,294378.1,1790797199999,144533.06745000,611,166121.6,81558.90767000,0
1790797200000,0.4911000,0.4911000,0.4906000,0.4908000,202073.0,1790797259999,99190.70739000,477,87933.4,43167.90420000,0
1790797260000,0.4907000,0.4910000,0.4900000,0.4902000,507709.6,1790797319999,248979.70436000,598,249825.2,122499.89390000,0
1790797320000,0.4902000,0.4909000,0.4902000,0.4906000,193987.1,1790797379999,95151.97891000,400,115481.7,56639.69181000,0
1790797380000,0.4906000,0.4909000,0.4901000,0.4908000,232768.5,1790797439999,114153.97896000,507,112790.0,55325.82827000,0
1790797440000,0.4907000,0.4910000,0.4906000,0.4909000,84055.6,1790797499999,41254.43669000,291,52180.1,25611.41760000,0
1790797500000,0.4909000,0.4910000,0.4905000,0.4909000,200970.1,1790797559999,98641.68373000,352,78935.3,38737.49824000,0
1790797560000,0.4908000,0.4910000,0.4904000,0.4906000,176508.6,1790797619999,86611.72762000,407,76914.2,37743.44220000,0
1790797620000,0.4906000,0.4912000,0.4900000,0.4902000,287525.6,1790797679999,141037.63426000,560,124723.6,61157.27965000,0
1790797680000,0.4902000,0.4909000,0.4901000,0.4901000,328300.7,1790797739999,161024.11034000,732,199840.1,98011.35536000,0
1790797740000,0.4902000,0.4902000,0.4890000,0.4890000,452527.8,1790797799999,221514.01820000,765,137863.5,67478.55759000,0
1790797800000,0.4889000,0.4895000,0.4881000,0.4882000,466957.5,1790797859999,228315.77444000,857,275717.8,134842.74347000,0
1790797860000,0.4881000,0.4881000,0.4865000,0.4878000,487120.2,1790797919999,237432.28961000,1162,221086.2,107771.51470000,0
1790797920000,0.4877000,0.4886000,0.4875000,0.4880000,220148.1,1790797979999,107409.29080000,622,92030.0,44895.26221000,0
1790797980000,0.4880000,0.4893000,0.4877000,0.4882000,209452.5,1790798039999,102306.28636000,558,118895.1,58062.90235000,0
1790798040000,0.4882000,0.4887000,0.4873000,0.4877000,386104.2,1790798099999,188355.61010000,678,237864.6,116025.98885000,0
1790798100000,0.4877000,0.4902000,0.4875000,0.4901000,194474.4,1790798159999,95029.07713000,638,139903.0,68372.71219000,0
1790798160000,0.4901000,0.4902000,0.4887000,0.4891000,123010.0,1790798219999,60224.93764000,567,41758.3,20442.01150000,0
1790798220000,0.4891000,0.4897000,0.4889000,0.4891000,140102.4,1790798279999,68564.76182000,456,65528.6,32073.97673000,0
1790798280000,0.4890000,0.4893000,0.4877000,0.4890000,633218.2,1790798339999,309306.90821000,1227,285453.0,139457.89369000,0
1790798340000,0.4889000,0.4901000,0.4887000,0.4895000,518199.6,1790798399999,253754.31596000,1023,432214.9,211654.77736000,0
1790798400000,0.4896000,0.4909000,0.4894000,0.4903000,378007.8,1790798459999,185295.00668000,1176,209060.9,102467.08546000,0
1790798460000,0.4902000,0.4903000,0.4883000,0.4899000,233970.1,1790798519999,114511.17164000,1055,91023.7,44554.86051000,0
1790798520000,0.4898000,0.4902000,0.4891000,0.4898000,145585.9,1790798579999,71296.69203000,717,80642.4,39492.87426000,0
1790798580000,0.4898000,0.4900000,0.4890000,0.4896000,165515.0,1790798639999,81011.10935000,612,70864.2,34685.03998000,0
1790798640000,0.4896000,0.4906000,0.4888000,0.4905000,633090.4,1790798699999,309974.41013000,1307,425334.1,208278.91863000,0
1790798700000,0.4904000,0.4920000,0.4903000,0.4912000,548665.0,1790798759999,269451.41044000,1224,306606.1,150589.86110000,0
1790798760000,0.4912000,0.4920000,0.4904000,0.4918000,350207.4,1790798819999,172013.43767000,1088,177389.1,87130.46375000,0
1790798820000,0.4919000,0.4928000,0.4914000,0.4920000,601659.0,1790798879999,296160.49700000,1319,434237.5,213758.25341000,0
1790798880000,0.4920000,0.4923000,0.4916000,0.4920000,176698.8,1790798939999,86934.37020000,632,90100.6,44326.22407000,0
1790798940000,0.4921000,0.4923000,0.4916000,0.4918000,178456.0,1790798999999,87784.79132000,738,49343.3,24273.45507000,0
1790799000000,0.4917000,0.4930000,0.4914000,0.4921000,1031163.8,1790799059999,507642.26164000,2188,534799.8,263344.76815000,0
1790799060000,0.4921000,0.4931000,0.4921000,0.4921000,169861.3,1790799119999,83686.67910000,753,84197.3,41486.18238000,0
1790799120000,0.4921000,0.4928000,0.4920000,0.4926000,127166.8,1790799179999,62619.87699000,495,54302.2,26734.33132000,0
1790799180000,0.4927000,0.4932000,0.4925000,0.4927000,159711.0,1790799239999,78708.72515000,557,52839.8,26040.51849000,0
1790799240000,0.4927000,0.4933000,0.4925000,0.4929000,329151.3,1790799299999,162280.43985000,1051,199514.8,98365.35464000,0
1790799300000,0.4930000,0.4933000,0.4925000,0.4926000,227310.0,1790799359999,112045.77930000,701,116677.6,57510.10353000,0
1790799360000,0.4927000,0.4934000,0.4923000,0.4933000,220297.5,1790799419999,108551.79400000,556,127942.9,63037.95850000,0
1790799420000,0.4932000,0.4937000,0.4930000,0.4934000,166389.8,1790799479999,82089.29312000,476,125254.4,61795.44665000,0
1790799480000,0.4933000,0.4939000,0.4931000,0.4935000,240014.3,1790799539999,118444.47452000,646,41234.4,20353.59792000,0
1790799540000,0.4935000,0.4942000,0.4934000,0.4942000,265041.6,1790799599999,130874.26745000,676,114681.6,56647.29065000,0
1790799600000,0.4941000,0.4953000,0.4941000,0.4951000,347080.5,1790799659999,171721.82974000,670,217388.1,107546.72036000,0
1790799660000,0.4952000,0.4967000,0.4951000,0.4965000,673666.5,1790799719999,334089.13130000,886,560997.9,278217.93027000,0
1790799720000,0.4966000,0.4976000,0.4966000,0.4971000,280229.4,1790799779999,139306.91691000,705,115737.6,57536.67759000,0
1790799780000,0.4972000,0.4974000,0.4966000,0.4971000,164627.6,1790799839999,81834.02816000,437,60777.5,30213.37169000,0
1790799840000,0.4971000,0.4979000,0.4970000,0.4978000,185515.3,1790799899999,92292.13159000,475,82911.8,41253.43069000,0
1790799900000,0.4978000,0.4979000,0.4968000,0.4972000,148878.2,1790799959999,74046.49396000,464,35819.2,17810.99712000,0
1790799960000,0.4972000,0.4975000,0.4970000,0.4972000,150151.1,1790800019999,74664.53275000,448,37741.5,18767.89536000,0
1790800020000,0.4973000,0.4976000,0.4965000,0.4971000,236285.9,1790800079999,117444.14657000,694,69444.2,34520.84437000,0
1790800080000,0.4971000,0.4972000,0.4965000,0.4968000,130446.4,1790800139999,64806.96161000,509,39975.4,19860.11785000,0
1790800140000,0.4968000,0.4971000,0.4966000,0.4966000,171982.5,1790800199999,85448.24865000,520,63367.0,31488.86768000,0
1790800200000,0.4966000,0.4970000,0.4963000,0.4968000,231805.9,1790800259999,115132.75317000,627,90943.6,45173.47990000,0
1790800260000,0.4968000,0.4969000,0.4962000,0.4963000,137475.2,1790800319999,68262.67874000,576,36991.0,18365.15646000,0
1790800320000,0.4963000,0.4963000,0.4952000,0.4956000,294285.0,1790800379999,145891.33584000,667,109799.2,54424.22948000,0
1790800380000,0.4955000,0.4961000,0.4953000,0.4960000,234794.1,1790800439999,116379.43001000,666,102293.1,50704.07848000,0
1790800440000,0.4960000,0.4970000,0.4960000,0.4967000,200674.0,1790800499999,99613.79492000,594,87035.3,43212.02171000,0
1790800500000,0.4967000,0.4974000,0.4957000,0.4962000,578493.8,1790800559999,287206.35938000,1142,131109.5,65147.90492000,0
1790800560000,0.4962000,0.4967000,0.4956000,0.4956000,144004.8,1790800619999,71437.50764000,572,64418.9,31960.00651000,0
1790800620000,0.4956000,0.4971000,0.4955000,0.4970000,329946.7,1790800679999,163626.19112000,457,170032.6,84315.23022000,0
1790800680000,0.4970000,0.4973000,0.4966000,0.4968000,270194.6,1790800739999,134247.27861000,416,51286.3,25484.28832000,0
1790800740000,0.4968000,0.4982000,0.4966000,0.4977000,311728.5,1790800799999,155077.34422000,636,230386.7,114604.22972000,0
1790800800000,0.4977000,0.4977000,0.4973000,0.4976000,222418.0,1790800859999,110665.32395000,318,146261.5,72776.18679000,0
1790800860000,0.4976000,0.4976000,0.4968000,0.4973000,89459.0,1790800919999,44478.32290000,406,30838.9,15330.48305000,0
1790800920000,0.4972000,0.4973000,0.4956000,0.4959000,183679.2,1790800979999,91206.24291000,487,60156.8,29870.09887000,0
1790800980000,0.4960000,0.4966000,0.4954000,0.4963000,588957.7,1790801039999,292129.21510000,734,156129.1,77453.69321000,0
1790801040000,0.4963000,0.4964000,0.4957000,0.4962000,154343.0,1790801099999,76570.64873000,367,67027.8,33250.40288000,0
1790801100000,0.4962000,0.4965000,0.4957000,0.4964000,108401.4,1790801159999,53787.47913000,331,51606.1,25608.46659000,0
1790801160000,0.4965000,0.4965000,0.4960000,0.4960000,67571.1,1790801219999,33538.15246000,248,33542.0,16649.91917000,0
1790801220000,0.4960000,0.4964000,0.4958000,0.4964000,65289.7,1790801279999,32391.27898000,309,31986.0,15866.83453000,0
1790801280000,0.4963000,0.4963000,0.4953000,0.4955000,130649.7,1790801339999,64769.39454000,345,55973.0,27748.25517000,0
1790801340000,0.4954000,0.4959000,0.4950000,0.4956000,54310.2,1790801399999,26902.51934000,289,28622.4,14176.72683000,0
1790801400000,0.4956000,0.4962000,0.4951000,0.4960000,136539.1,1790801459999,67685.06898000,415,87551.4,43402.40485000,0
1790801460000,0.4959000,0.4963000,0.4957000,0.4961000,57682.6,1790801519999,28616.47112000,291,29453.2,14611.82656000,0
1790801520000,0.4961000,0.4971000,0.4961000,0.4969000,111391.9,1790801579999,55320.06286000,454,63181.1,31373.99203000,0
1790801580000,0.4969000,0.4972000,0.4966000,0.4968000,97753.6,1790801639999,48575.69820000,317,40670.7,20208.81498000,0
1790801640000,0.4968000,0.4968000,0.4958000,0.4958000,70903.5,1790801699999,35200.28665000,260,4409.1,2189.50621000,0
1790801700000,0.4958000,0.4958000,0.4949000,0.4950000,194375.7,1790801759999,96271.73905000,478,96172.6,47633.45680000,0
1790801760000,0.4950000,0.4952000,0.4944000,0.4947000,87277.0,1790801819999,43186.53813000,355,49938.0,24709.72151000,0
1790801820000,0.4947000,0.4952000,0.4945000,0.4947000,66314.7,1790801879999,32811.95171000,273,28354.3,14027.46544000,0
1790801880000,0.4947000,0.4953000,0.4945000,0.4948000,133202.9,1790801939999,65924.06363000,360,75868.4,37542.62922000,0
1790801940000,0.4947000,0.4954000,0.4947000,0.4952000,81680.4,1790801999999,40440.03548000,295,52230.0,25855.86752000,0
1790802000000,0.4953000,0.4957000,0.4946000,0.4951000,97029.6,1790802059999,48047.65999000,368,33903.9,16786.90861000,0
1790802060000,0.4951000,0.4956000,0.4949000,0.4953000,61200.1,1790802119999,30309.76012000,374,34085.2,16882.60140000,0
1790802120000,0.4953000,0.4958000,0.4947000,0.4957000,86284.0,1790802179999,42719.95206000,405,50875.4,25188.45659000,0
1790802180000,0.4957000,0.4972000,0.4957000,0.4967000,91580.2,1790802239999,45478.19089000,440,64094.2,31819.99675000,0
1790802240000,0.4967000,0.4971000,0.4966000,0.4968000,77785.8,1790802299999,38648.87954000,322,15767.1,7833.67065000,0
1790802300000,0.4968000,0.4968000,0.4957000,0.4957000,104644.4,1790802359999,51913.64155000,280,27127.3,13461.81187000,0
1790802360000,0.4957000,0.4961000,0.4954000,0.4954000,208726.7,1790802419999,103462.15320000,425,105078.6,52083.93945000,0
1790802420000,0.4954000,0.4954000,0.4943000,0.4945000,186563.7,1790802479999,92311.55204000,480,106577.4,52732.02333000,0
1790802480000,0.4944000,0.4944000,0.4939000,0.4943000,114861.0,1790802539999,56762.89169000,461,43631.7,21562.05567000,0
1790802540000,0.4942000,0.4949000,0.4940000,0.4946000,109011.7,1790802599999,53906.74496000,377,83795.3,41437.15328000,0
1790802600000,0.4947000,0.4954000,0.4945000,0.4949000,133813.6,1790802659999,66219.16441000,475,75995.3,37605.30903000,0
1790802660000,0.4949000,0.4959000,0.4947000,0.4958000,61595.3,1790802719999,30504.52650000,280,38037.1,18839.56318000,0
1790802720000,0.4958000,0.4961000,0.4954000,0.4958000,156068.0,1790802779999,77377.66643000,451,83537.7,41415.58162000,0
1790802780000,0.4958000,0.4958000,0.4940000,0.4944000,332035.9,1790802839999,164299.73346000,556,101285.2,50103.51643000,0
1790802840000,0.4944000,0.4953000,0.4940000,0.4951000,84324.0,1790802899999,41706.19567000,284,38037.8,18811.11656000,0
1790802900000,0.4950000,0.4951000,0.4946000,0.4946000,49341.8,1790802959999,24414.89889000,260,26840.0,13280.21821000,0
1790802960000,0.4946000,0.4951000,0.4943000,0.4950000,166814.0,1790803019999,82522.81013000,426,134377.2,66475.66363000,0
1790803020000,0.4950000,0.4958000,0.4947000,0.4957000,85696.8,1790803079999,42434.25311000,396,46237.2,22893.98569000,0
1790803080000,0.4956000,0.4960000,0.4953000,0.4954000,62364.4,1790803139999,30911.58410000,281,42529.7,21079.13362000,0
1790803140000,0.4954000,0.4955000,0.4950000,0.4951000,59998.0,1790803199999,29711.77969000,235,20679.7,10240.66837000,0
1790803200000,0.4951000,0.4962000,0.4950000,0.4962000,88539.4,1790803259999,43869.41258000,290,46131.4,22859.99607000,0
1790803260000,0.4962000,0.4963000,0.4953000,0.4953000,44440.9,1790803319999,22037.51390000,210,14186.5,7036.31350000,0
1790803320000,0.4953000,0.4961000,0.4953000,0.4960000,37971.1,1790803379999,18817.95859000,166,27542.9,13652.54995000,0
1790803380000,0.4960000,0.4960000,0.4955000,0.4955000,31986.1,1790803439999,15859.51393000,134,5721.0,2836.34316000,0
1790803440000,0.4955000,0.4956000,0.4945000,0.4945000,77801.1,1790803499999,38527.51494000,307,15907.6,7880.15522000,0
1790803500000,0.4944000,0.4946000,0.4937000,0.4940000,104536.6,1790803559999,51649.51880000,349,25283.5,12496.61673000,0
1790803560000,0.4939000,0.4950000,0.4939000,0.4950000,99711.6,1790803619999,49298.96568000,271,74293.3,36731.70967000,0
1790803620000,0.4949000,0.4950000,0.4946000,0.4946000,8528.1,1790803679999,4219.73072000,111,4020.5,1989.34752000,0
1790803680000,0.4946000,0.4950000,0.4946000,0.4950000,65632.5,1790803739999,32472.86985000,195,44486.4,22010.15985000,0
1790803740000,0.4950000,0.4956000,0.4950000,0.4954000,56930.3,1790803799999,28203.48079000,233,28779.2,14258.25343000,0
1790803800000,0.4954000,0.4959000,0.4954000,0.4957000,89111.1,1790803859999,44173.13009000,265,50337.0,24953.98063000,0
1790803860000,0.4957000,0.4958000,0.4946000,0.4951000,93683.7,1790803919999,46375.84343000,309,33407.1,16530.12944000,0
1790803920000,0.4952000,0.4959000,0.4952000,0.4957000,80610.8,1790803979999,39947.02225000,305,44955.4,22276.87207000,0
1790803980000,0.4957000,0.4974000,0.4957000,0.4973000,81628.2,1790804039999,40529.78713000,388,73312.2,36403.43854000,0
1790804040000,0.4973000,0.4980000,0.4973000,0.4978000,139247.8,1790804099999,69298.68803000,309,103178.0,51344.18381000,0
1790804100000,0.4978000,0.4979000,0.4975000,0.4977000,65298.4,1790804159999,32498.37761000,222,28516.4,14191.13398000,0
1790804160000,0.4977000,0.4981000,0.4975000,0.4978000,107791.9,1790804219999,53670.20996000,289,57955.9,28859.56449000,0
1790804220000,0.4978000,0.4982000,0.4977000,0.4977000,107151.6,1790804279999,53368.77012000,223,50654.0,25228.71892000,0
1790804280000,0.4978000,0.4979000,0.4974000,0.4974000,64904.2,1790804339999,32302.80489000,191,27056.5,13466.52171000,0
1790804340000,0.4975000,0.4975000,0.4970000,0.4970000,86845.5,1790804399999,43187.81162000,277,23322.2,11599.17438000,0
1790804400000,0.4970000,0.4970000,0.4965000,0.4966000,185220.3,1790804459999,91990.63606000,274,97062.9,48205.10773000,0
1790804460000,0.4966000,0.4967000,0.4962000,0.4965000,57466.3,1790804519999,28531.15185000,172,34369.8,17065.03270000,0
1790804520000,0.4965000,0.4971000,0.4965000,0.4971000,42062.1,1790804579999,20901.35561000,167,27205.1,13518.99652000,0
1790804580000,0.4970000,0.4977000,0.4970000,0.4974000,92398.4,1790804639999,45958.84306000,291,57290.4,28498.15295000,0
1790804640000,0.4975000,0.4975000,0.4971000,0.4971000,72875.8,1790804699999,36237.53753000,112,19867.8,9881.75010000,0
1790804700000,0.4971000,0.4971000,0.4970000,0.4971000,36262.1,1790804759999,18025.06054000,72,27968.4,13903.09164000,0
1790804760000,0.4970000,0.4970000,0.4967000,0.4968000,77736.1,1790804819999,38627.11970000,204,24210.2,12030.52144000,0
1790804820000,0.4969000,0.4971000,0.4969000,0.4969000,9977.8,1790804879999,4958.83005000,68,6311.1,3136.61940000,0
1790804880000,0.4969000,0.4970000,0.4965000,0.4965000,50286.0,1790804939999,24978.36641000,173,14061.0,6985.73708000,0
1790804940000,0.4965000,0.4965000,0.4956000,0.4959000,90943.6,1790804999999,45105.01657000,260,19140.8,9491.74339000,0
1790805000000,0.4959000,0.4959000,0.4949000,0.4949000,67196.2,1790805059999,33286.43677000,191,12489.6,6188.91132000,0
1790805060000,0.4949000,0.4950000,0.4944000,0.4945000,95345.6,1790805119999,47177.39059000,214,61742.5,30553.51257000,0
1790805120000,0.4944000,0.4946000,0.4942000,0.4946000,70548.9,1790805179999,34881.49687000,193,40656.2,20101.76497000,0
1790805180000,0.4946000,0.4953000,0.4946000,0.4952000,70732.1,1790805239999,35004.43069000,235,56749.4,28084.75938000,0
1790805240000,0.4952000,0.4958000,0.4952000,0.4958000,33324.3,1790805299999,16516.23125000,143,19749.1,9786.18110000,0
1790805300000,0.4957000,0.4957000,0.4949000,0.4954000,58127.9,1790805359999,28796.40134000,204,13556.3,6713.35351000,0
1790805360000,0.4953000,0.4954000,0.4948000,0.4951000,128574.9,1790805419999,63659.35867000,330,87479.8,43313.81739000,0
1790805420000,0.4950000,0.4952000,0.4949000,0.4951000,13958.7,1790805479999,6910.78885000,76,9980.9,4941.50752000,0
1790805480000,0.4951000,0.4951000,0.4945000,0.4945000,12559.0,1790805539999,6214.72737000,82,2294.1,1135.10299000,0
1790805540000,0.4945000,0.4945000,0.4926000,0.4944000,1011850.1,1790805599999,499294.61220000,867,151260.8,74678.02960000,0
1790805600000,0.4944000,0.4946000,0.4944000,0.4944000,72987.7,1790805659999,36089.75955000,144,18750.7,9272.49021000,0
1790805660000,0.4943000,0.4944000,0.4928000,0.4933000,267140.4,1790805719999,131771.52420000,706,76377.6,37678.44328000,0
1790805720000,0.4932000,0.4933000,0.4926000,0.4930000,93862.2,1790805779999,46264.01068000,398,32740.8,16139.79731000,0
1790805780000,0.4930000,0.4930000,0.4920000,0.4920000,90003.1,1790805839999,44320.93674000,390,32460.7,15982.12577000,0
1790805840000,0.4921000,0.4922000,0.4905000,0.4911000,437597.5,1790805899999,214900.56168000,742,105996.8,52068.74507000,0
1790805900000,0.4912000,0.4922000,0.4911000,0.4921000,195678.1,1790805959999,96200.58231000,676,109275.0,53721.39754000,0
1790805960000,0.4922000,0.4922000,0.4913000,0.4916000,73383.3,1790806019999,36083.65934000,313,36154.9,17777.33144000,0
1790806020000,0.4917000,0.4929000,0.4917000,0.4925000,151753.8,1790806079999,74698.23957000,446,127557.3,62780.78362000,0
1790806080000,0.4926000,0.4933000,0.4926000,0.4931000,57631.2,1790806139999,28415.92898000,286,32123.6,15838.22664000,0
1790806140000,0.4930000,0.4932000,0.4929000,0.4930000,31234.9,1790806199999,15400.96286000,173,15847.0,7814.39263000,0
1790806200000,0.4930000,0.4934000,0.4929000,0.4933000,96443.0,1790806259999,47563.94741000,258,34514.6,17022.66177000,0
1790806260000,0.4933000,0.4938000,0.4931000,0.4931000,131399.9,1790806319999,64861.33297000,243,38860.3,19178.22641000,0
1790806320000,0.4931000,0.4938000,0.4931000,0.4938000,31775.8,1790806379999,15680.12884000,139,30385.2,14993.80379000,0
1790806380000,0.4938000,0.4944000,0.4938000,0.4940000,90706.7,1790806439999,44824.52330000,299,65059.7,32151.69966000,0
1790806440000,0.4940000,0.4947000,0.4935000,0.4946000,98447.2,1790806499999,48631.51102000,344,38541.6,19038.78374000,0
1790806500000,0.4946000,0.4950000,0.4946000,0.4950000,21875.0,1790806559999,10823.34891000,214,20990.2,10385.62437000,0
1790806560000,0.4950000,0.4952000,0.4950000,0.4951000,159334.0,1790806619999,78887.15689000,496,25738.6,12744.07435000,0
1790806620000,0.4952000,0.4955000,0.4952000,0.4955000,40324.9,1790806679999,19976.77523000,158,31116.8,15414.84112000,0
1790806680000,0.4955000,0.4966000,0.4955000,0.4961000,203390.7,1790806739999,100931.05522000,524,147495.4,73189.10248000,0
1790806740000,0.4962000,0.4964000,0.4961000,0.4964000,5487.3,1790806799999,2722.99705000,69,4897.7,2430.48677000,0
1790806800000,0.4964000,0.4967000,0.4961000,0.4966000,22919.1,1790806859999,11375.76842000,147,11452.1,5684.38039000,0
1790806860000,0.4967000,0.4975000,0.4967000,0.4974000,104464.7,1790806919999,51924.63864000,439,66340.2,32972.21047000,0
1790806920000,0.4975000,0.4979000,0.4974000,0.4978000,47038.4,1790806979999,23408.52702000,170,27012.4,13444.03405000,0
1790806980000,0.4979000,0.4986000,0.4979000,0.4982000,316552.5,1790807039999,157727.54018000,439,74866.4,37304.24588000,0
1790807040000,0.4982000,0.4989000,0.4981000,0.4982000,118881.8,1790807099999,59267.18421000,289,53690.5,26770.74327000,0
1790807100000,0.4982000,0.4982000,0.4979000,0.4982000,57320.6,1790807159999,28547.40138000,356,29876.0,14879.48257000,0
1790807160000,0.4982000,0.4989000,0.4981000,0.4987000,71851.1,1790807219999,35823.90088000,176,55217.1,27527.08570000,0
1790807220000,0.4987000,0.4989000,0.4985000,0.4988000,43078.6,1790807279999,21483.54722000,235,27712.2,13821.01609000,0
1790807280000,0.4988000,0.4989000,0.4987000,0.4988000,25882.6,1790807339999,12910.33738000,147,13139.4,6554.04538000,0
1790807340000,0.4987000,0.4999000,0.4987000,0.4998000,130834.0,1790807399999,65339.39260000,329,80410.1,40150.89266000,0
1790807400000,0.4998000,0.5005000,0.4997000,0.5005000,134177.2,1790807459999,67090.05084000,293,111704.2,55857.98442000,0
1790807460000,0.5005000,0.5009000,0.5004000,0.5005000,131410.0,1790807519999,65788.49163000,389,42256.6,21156.05270000,0
1790807520000,0.5005000,0.5008000,0.5002000,0.5004000,107637.3,1790807579999,53882.69701000,320,54372.2,27217.06581000,0
1790807580000,0.5004000,0.5009000,0.5003000,0.5007000,152834.7,1790807639999,76504.45832000,332,55328.3,27697.95972000,0
1790807640000,0.5008000,0.5014000,0.5006000,0.5012000,142734.2,1790807699999,71504.87586000,280,82013.6,41094.61439000,0
1790807700000,0.5012000,0.5018000,0.5012000,0.5013000,168279.4,1790807759999,84383.49964000,362,85215.0,42730.48801000,0
1790807760000,0.5013000,0.5018000,0.5012000,0.5014000,120630.3,1790807819999,60498.16732000,244,39499.3,19809.97752000,0
1790807820000,0.5015000,0.5017000,0.5011000,0.5012000,222593.4,1790807879999,111605.76520000,307,37608.0,18862.02008000,0
1790807880000,0.5012000,0.5015000,0.5012000,0.5014000,55590.0,1790807939999,27869.56851000,124,41582.8,20848.85527000,0
1790807940000,0.5014000,0.5017000,0.5013000,0.5016000,61841.8,1790807999999,31013.39617000,175,32087.6,16093.27949000,0
1790808000000,0.5017000,0.5021000,0.5015000,0.5021000,137831.1,1790808059999,69158.84453000,260,76903.0,38590.80482000,0
1790808060000,0.5022000,0.5024000,0.5021000,0.5022000,77628.8,1790808119999,38988.75576000,258,20467.6,10280.71215000,0
1790808120000,0.5021000,0.5023000,0.5018000,0.5018000,86355.2,1790808179999,43360.69137000,136,20318.2,10204.69607000,0
1790808180000,0.5019000,0.5022000,0.5017000,0.5020000,142669.4,1790808239999,71616.64991000,230,117229.8,58846.38188000,0
1790808240000,0.5020000,0.5029000,0.5020000,0.5029000,148012.4,1790808299999,74383.54767000,338,121023.6,60825.86341000,0
1790808300000,0.5029000,0.5030000,0.5026000,0.5026000,105862.0,1790808359999,53221.68979000,266,33501.3,16842.45059000,0
1790808360000,0.5026000,0.5027000,0.5021000,0.5022000,95337.8,1790808419999,47888.06601000,233,30303.3,15220.26899000,0
1790808420000,0.5021000,0.5021000,0.5014000,0.5016000,151189.9,1790808479999,75854.18820000,239,54229.4,27199.62066000,0
1790808480000,0.5017000,0.5020000,0.5009000,0.5014000,184849.8,1790808539999,92688.89514000,442,64708.4,32452.57377000,0
1790808540000,0.5013000,0.5021000,0.5013000,0.5021000,149617.8,1790808599999,75021.47362000,190,42486.4,21314.13294000,0
1790808600000,0.5022000,0.5026000,0.5014000,0.5017000,195655.8,1790808659999,98268.85157000,293,57131.9,28679.89011000,0
1790808660000,0.5018000,0.5018000,0.5008000,0.5008000,114377.4,1790808719999,57335.24496000,230,10333.7,5178.59949000,0
1790808720000,0.5007000,0.5016000,0.5007000,0.5015000,141621.7,1790808779999,70990.63884000,234,111080.4,55681.01726000,0
1790808780000,0.5014000,0.5015000,0.5011000,0.5015000,57049.8,1790808839999,28597.48946000,132,44504.0,22307.51082000,0
1790808840000,0.5015000,0.5018000,0.5010000,0.5013000,91806.3,1790808899999,46024.50434000,239,30257.4,15168.28045000,0
1790808900000,0.5013000,0.5018000,0.5007000,0.5012000,185241.2,1790808959999,92845.62979000,430,98425.1,49338.41731000,0
1790808960000,0.5012000,0.5016000,0.5008000,0.5014000,54591.5,1790809019999,27360.94477000,192,34061.4,17070.02842000,0
1790809020000,0.5015000,0.5015000,0.5003000,0.5003000,75226.9,1790809079999,37686.66904000,260,19155.4,9595.09032000,0
1790809080000,0.5003000,0.5005000,0.5001000,0.5001000,63057.4,1790809139999,31551.31540000,190,25808.5,12914.02412000,0
1790809140000,0.5000000,0.5003000,0.4999000,0.5003000,103002.5,1790809199999,51506.70004000,212,52042.2,26025.01178000,0
1790809200000,0.5002000,0.5008000,0.4998000,0.5008000,165619.0,1790809259999,82845.78440000,382,49768.7,24899.61428000,0
1790809260000,0.5008000,0.5012000,0.5006000,0.5008000,121068.7,1790809319999,60642.38711000,353,53299.3,26696.94029000,0
1790809320000,0.5008000,0.5023000,0.5006000,0.5020000,164527.8,1790809379999,82537.30914000,474,71612.6,35922.55802000,0
1790809380000,0.5019000,0.5029000,0.5015000,0.5024000,159426.1,1790809439999,80087.59754000,411,93842.8,47144.45873000,0
1790809440000,0.5024000,0.5027000,0.5015000,0.5016000,133695.7,1790809499999,67114.44105000,318,58239.0,29237.46415000,0
1790809500000,0.5017000,0.5022000,0.5008000,0.5009000,124064.8,1790809559999,62224.48039000,471,36943.4,18529.58646000,0
1790809560000,0.5010000,0.5019000,0.5009000,0.5015000,110987.4,1790809619999,55653.59060000,462,69486.1,34845.36562000,0
1790809620000,0.5015000,0.5017000,0.5007000,0.5010000,144110.4,1790809679999,72223.30121000,395,44592.3,22353.28411000,0
1790809680000,0.5011000,0.5012000,0.5002000,0.5002000,196293.6,1790809739999,98299.85984000,465,99610.8,49895.46885000,0
1790809740000,0.5002000,0.5007000,0.4998000,0.5007000,84188.7,1790809799999,42106.18837000,266,50990.3,25507.75916000,0
1790809800000,0.5008000,0.5008000,0.4997000,0.4998000,191032.0,1790809859999,95529.43078000,339,43008.8,21507.00606000,0
1790809860000,0.4997000,0.4999000,0.4995000,0.4995000,89435.6,1790809919999,44687.11095000,261,26278.4,13130.96609000,0
1790809920000,0.4995000,0.5005000,0.4994000,0.5002000,80999.7,1790809979999,40501.58329000,302,56457.6,28230.69581000,0
1790809980000,0.5003000,0.5011000,0.5003000,0.5010000,147544.1,1790810039999,73900.42956000,395,87533.4,43844.38285000,0
1790810040000,0.5010000,0.5011000,0.4999000,0.5004000,149975.2,1790810099999,75057.35532000,316,58424.4,29233.43604000,0
1790810100000,0.5004000,0.5007000,0.4999000,0.5003000,55435.0,1790810159999,27734.68073000,248,15777.3,7893.20649000,0
1790810160000,0.5004000,0.5016000,0.5002000,0.5009000,159878.9,1790810219999,80106.56803000,429,109277.7,54756.78101000,0
1790810220000,0.5009000,0.5011000,0.5003000,0.5003000,230194.2,1790810279999,115280.03863000,274,50450.9,25264.93567000,0
1790810280000,0.5002000,0.5007000,0.5001000,0.5006000,74171.2,1790810339999,37116.15520000,234,35726.3,17878.23043000,0
1790810340000,0.5006000,0.5008000,0.5002000,0.5006000,94748.6,1790810399999,47421.72079000,280,54851.1,27452.06209000,0
1790810400000,0.5005000,0.5006000,0.5001000,0.5006000,102225.2,1790810459999,51149.65973000,231,30722.8,15373.94797000,0
1790810460000,0.5006000,0.5024000,0.5006000,0.5010000,164774.3,1790810519999,82664.85983000,474,56554.7,28354.25853000,0
1790810520000,0.5010000,0.5011000,0.5006000,0.5010000,64613.1,1790810579999,32367.05632000,183,40466.0,20270.85903000,0
1790810580000,0.5011000,0.5014000,0.5008000,0.5012000,43715.8,1790810639999,21909.94938000,194,19207.4,9626.51268000,0
1790810640000,0.5012000,0.5014000,0.5009000,0.5012000,78531.0,1790810699999,39352.78644000,164,35529.5,17804.47878000,0
1790810700000,0.5012000,0.5014000,0.5005000,0.5005000,88715.1,1790810759999,44450.43648000,160,19965.5,10003.44252000,0
1790810760000,0.5004000,0.5011000,0.5004000,0.5010000,51659.7,1790810819999,25861.08931000,140,39402.8,19723.57708000,0
1790810820000,0.5009000,0.5009000,0.5003000,0.5007000,222878.9,1790810879999,111561.71181000,174,156979.5,78570.92421000,0
1790810880000,0.5007000,0.5008000,0.5003000,0.5003000,40362.8,1790810939999,20202.39662000,173,10758.4,5385.87471000,0
1790810940000,0.5003000,0.5004000,0.4999000,0.5001000,101849.6,1790810999999,50934.13461000,196,24479.4,12242.36370000,0
1790811000000,0.5001000,0.5004000,0.4998000,0.5003000,57624.6,1790811059999,28816.97463000,195,17917.7,8961.37574000,0
1790811060000,0.5002000,0.5003000,0.4994000,0.4995000,123655.6,1790811119999,61808.94853000,219,24748.8,12369.95713000,0
1790811120000,0.4996000,0.4998000,0.4991000,0.4991000,151194.2,1790811179999,75509.02682000,307,32532.9,16255.32631000,0
1790811180000,0.4991000,0.4994000,0.4986000,0.4993000,199915.0,1790811239999,99734.62680000,462,81771.6,40802.34753000,0
1790811240000,0.4994000,0.5006000,0.4993000,0.5004000,79929.3,1790811299999,39958.77921000,210,67040.2,33514.42188000,0
1790811300000,0.5003000,0.5006000,0.4997000,0.5001000,105333.4,1790811359999,52665.90861000,209,23516.7,11759.33585000,0
1790811360000,0.5002000,0.5016000,0.5001000,0.5009000,204998.4,1790811419999,102664.24187000,322,124229.9,62218.44449000,0
1790811420000,0.5008000,0.5016000,0.5007000,0.5013000,195053.4,1790811479999,97789.27567000,264,142937.0,71658.11254000,0
1790811480000,0.5013000,0.5017000,0.5011000,0.5015000,70572.6,1790811539999,35389.54356000,295,32186.3,16139.03375000,0
1790811540000,0.5015000,0.5015000,0.5012000,0.5014000,25097.9,1790811599999,12583.76224000,180,2867.1,1437.45846000,0
1790811600000,0.5014000,0.5017000,0.5012000,0.5016000,45065.0,1790811659999,22594.77217000,311,9323.8,4675.56391000,0
1790811660000,0.5016000,0.5021000,0.5016000,0.5019000,93546.4,1790811719999,46946.52065000,242,65281.7,32762.54207000,0
1790811720000,0.5019000,0.5019000,0.5014000,0.5016000,109465.5,1790811779999,54913.12558000,179,12186.1,6111.84405000,0
1790811780000,0.5016000,0.5023000,0.5016000,0.5020000,79157.6,1790811839999,39736.40545000,211,55409.0,27814.90325000,0
1790811840000,0.5021000,0.5024000,0.5020000,0.5021000,101141.7,1790811899999,50798.43468000,154,65445.7,32871.10083000,0
1790811900000,0.5021000,0.5022000,0.5011000,0.5011000,113814.2,1790811959999,57075.11960000,313,11000.9,5516.50805000,0
1790811960000,0.5011000,0.5011000,0.5003000,0.5003000,36810.4,1790812019999,18438.89793000,190,7616.9,3815.77082000,0
1790812020000,0.5003000,0.5004000,0.4999000,0.4999000,37467.6,1790812079999,18739.03719000,173,13483.3,6743.91290000,0
1790812080000,0.4999000,0.5001000,0.4999000,0.5000000,39677.3,1790812139999,19838.74063000,108,17298.5,8649.61638000,0
1790812140000,0.5000000,0.5006000,0.5000000,0.5006000,123808.7,1790812199999,61957.05896000,141,110555.1,55327.77505000,0
1790812200000,0.5005000,0.5005000,0.4996000,0.5001000,240313.3,1790812259999,120151.16472000,406,40170.3,20090.79438000,0
1790812260000,0.5002000,0.5003000,0.4997000,0.4998000,179182.7,1790812319999,89579.42813000,439,84955.3,42477.40650000,0
1790812320000,0.4998000,0.4999000,0.4988000,0.4994000,328523.6,1790812379999,164031.58706000,652,97729.0,48800.75058000,0
1790812380000,0.4993000,0.4998000,0.4993000,0.4996000,65082.6,1790812439999,32515.56425000,184,47968.6,23965.89908000,0
1790812440000,0.4995000,0.4995000,0.4990000,0.4991000,36941.3,1790812499999,18444.95074000,188,12966.7,6474.34705000,0
1790812500000,0.4990000,0.4992000,0.4987000,0.4989000,58626.2,1790812559999,29254.38375000,187,15233.8,7601.93321000,0
1790812560000,0.4989000,0.4999000,0.4988000,0.4996000,221232.5,1790812619999,110499.49124000,360,162183.3,80999.68375000,0
1790812620000,0.4996000,0.5000000,0.4992000,0.5000000,105870.5,1790812679999,52891.59347000,267,60836.2,30400.97554000,0
1790812680000,0.4998000,0.4998000,0.4993000,0.4996000,53264.3,1790812739999,26606.95301000,140,12436.3,6211.80666000,0
1790812740000,0.4995000,0.4999000,0.4994000,0.4995000,51667.1,1790812799999,25812.77620000,174,15075.3,7532.74014000,0
