1790726400000,2.3230000,2.3236000,2.3192000,2.3199000,4335,1790726459999,10059.8386000,178,1354,3141.4919000,0
1790726460000,2.3198000,2.3227000,2.3194000,2.3227000,2727,1790726519999,6328.7887000,177,1517,3521.0558000,0
1790726520000,2.3226000,2.3277000,2.3226000,2.3262000,8478,1790726579999,19720.6414000,297,2192,5097.6506000,0
1790726580000,2.3260000,2.3279000,2.3236000,2.3279000,3695,1790726639999,8595.6739000,175,2662,6193.5320000,0
1790726640000,2.3277000,2.3277000,2.3230000,2.3252000,2556,1790726699999,5944.0157000,151,864,2008.5327000,0
1790726700000,2.3251000,2.3272000,2.3238000,2.3264000,3201,1790726759999,7445.3709000,170,1806,4201.0967000,0
1790726760000,2.3264000,2.3287000,2.3260000,2.3268000,3077,1790726819999,7161.4363000,145,1679,3907.7782000,0
1790726820000,2.3268000,2.3273000,2.3229000,2.3241000,2461,1790726879999,5723.0169000,140,596,1385.8283000,0
1790726880000,2.3243000,2.3244000,2.3220000,2.3229000,3485,1790726939999,8095.5639000,138,2191,5089.8836000,0
1790726940000,2.3228000,2.3230000,2.3204000,2.3204000,2742,1790726999999,6366.6361000,103,549,1274.8153000,0
1790727000000,2.3204000,2.3204000,2.3170000,2.3181000,2338,1790727059999,5419.8151000,168,565,1309.9238000,0
1790727060000,2.3181000,2.3197000,2.3149000,2.3184000,10158,1790727119999,23546.6304000,332,5910,13703.5928000,0
1790727120000,2.3178000,2.3187000,2.3172000,2.3187000,1311,1790727179999,3038.7563000,82,1025,2375.8951000,0
1790727180000,2.3188000,2.3195000,2.3175000,2.3175000,371,1790727239999,860.2992000,47,135,313.0727000,0
1790727240000,2.3175000,2.3183000,2.3171000,2.3183000,303,1790727299999,702.2296000,46,161,373.1567000,0
1790727300000,2.3173000,2.3195000,2.3154000,2.3170000,4462,1790727359999,10337.8034000,206,999,2315.4270000,0
1790727360000,2.3172000,2.3183000,2.3162000,2.3171000,848,1790727419999,1964.8550000,103,546,1265.1989000,0
1790727420000,2.3169000,2.3175000,2.3150000,2.3151000,13620,1790727479999,31532.6306000,123,542,1255.4535000,0
1790727480000,2.3152000,2.3158000,2.3151000,2.3151000,4219,1790727539999,9767.7887000,115,1164,2695.1301000,0
1790727540000,2.3153000,2.3161000,2.3131000,2.3142000,34282,1790727599999,79361.5149000,146,1711,3959.6727000,0
1790727600000,2.3142000,2.3151000,2.3130000,2.3136000,2113,1790727659999,4890.1334000,127,1578,3652.3079000,0
1790727660000,2.3140000,2.3177000,2.3135000,2.3159000,4425,1790727719999,10246.2215000,172,3186,7377.0332000,0
1790727720000,2.3158000,2.3187000,2.3146000,2.3146000,6941,1790727779999,16083.8497000,165,5860,13580.0434000,0
1790727780000,2.3156000,2.3156000,2.3131000,2.3149000,2299,1790727839999,5320.3987000,119,722,1670.9359000,0
1790727840000,2.3151000,2.3160000,2.3141000,2.3141000,1017,1790727899999,2354.5311000,73,535,1238.6272000,0
1790727900000,2.3140000,2.3152000,2.3121000,2.3146000,1278,1790727959999,2956.7221000,144,626,1448.4510000,0
1790727960000,2.3151000,2.3160000,2.3135000,2.3160000,3216,1790728019999,7442.8778000,131,375,868.1672000,0
1790728020000,2.3160000,2.3177000,2.3133000,2.3144000,2901,1790728079999,6717.9412000,206,2161,5005.0532000,0
1790728080000,2.3147000,2.3204000,2.3147000,2.3204000,2847,1790728139999,6595.9005000,107,2521,5841.0242000,0
1790728140000,2.3204000,2.3224000,2.3199000,2.3203000,2073,1790728199999,4812.5562000,123,1314,3050.7970000,0
1790728200000,2.3203000,2.3232000,2.3174000,2.3214000,3569,1790728259999,8280.6870000,200,1338,3103.5829000,0
1790728260000,2.3221000,2.3233000,2.3195000,2.3223000,2458,1790728319999,5706.9692000,139,1311,3044.2778000,0
1790728320000,2.3221000,2.3266000,2.3215000,2.3263000,5782,1790728379999,13435.2365000,188,3862,8971.9498000,0
1790728380000,2.3265000,2.3294000,2.3253000,2.3288000,3466,1790728439999,8065.4410000,159,834,1941.1513000,0
1790728440000,2.3288000,2.3293000,2.3252000,2.3277000,4812,1790728499999,11200.2271000,161,1929,4489.7295000,0
1790728500000,2.3279000,2.3302000,2.3249000,2.3287000,5134,1790728559999,11949.4022000,231,4010,9332.7558000,0
1790728560000,2.3287000,2.3287000,2.3225000,2.3225000,1516,1790728619999,3526.0864000,107,90,209.5736000,0
1790728620000,2.3225000,2.3234000,2.3222000,2.3224000,1754,1790728679999,4073.8872000,76,1107,2571.2113000,0
1790728680000,2.3228000,2.3235000,2.3219000,2.3224000,1098,1790728739999,2550.1762000,88,637,1479.4048000,0
1790728740000,2.3225000,2.3229000,2.3213000,2.3227000,1235,1790728799999,2868.1019000,77,936,2173.8533000,0
1790728800000,2.3226000,2.3258000,2.3218000,2.3258000,978,1790728859999,2272.5984000,88,788,1831.2716000,0
1790728860000,2.3252000,2.3305000,2.3252000,2.3302000,7111,1790728919999,16560.9237000,265,6026,14033.8434000,0
1790728920000,2.3302000,2.3305000,2.3244000,2.3250000,2400,1790728979999,5585.2223000,164,681,1584.3396000,0
1790728980000,2.3250000,2.3250000,2.3216000,2.3220000,700,1790729039999,1626.1583000,76,120,278.7415000,0
1790729040000,2.3219000,2.3238000,2.3214000,2.3235000,1209,1790729099999,2808.6880000,72,417,968.5824000,0
1790729100000,2.3232000,2.3233000,2.3217000,2.3218000,454,1790729159999,1054.4994000,61,141,327.5019000,0
1790729160000,2.3216000,2.3219000,2.3196000,2.3213000,1368,1790729219999,3174.7044000,158,837,1942.3537000,0
1790729220000,2.3218000,2.3243000,2.3210000,2.3210000,1109,1790729279999,2576.0670000,107,661,1535.6035000,0
1790729280000,2.3211000,2.3211000,2.3195000,2.3201000,1457,1790729339999,3381.1510000,86,964,2237.1899000,0
1790729340000,2.3202000,2.3223000,2.3195000,2.3213000,1106,1790729399999,2566.8892000,85,593,1376.1451000,0
1790729400000,2.3216000,2.3216000,2.3199000,2.3210000,3208,1790729459999,7445.8643000,75,239,554.6358000,0
1790729460000,2.3210000,2.3232000,2.3210000,2.3232000,2300,1790729519999,5340.4400000,109,1483,3443.3294000,0
1790729520000,2.3230000,2.3243000,2.3230000,2.3234000,2904,1790729579999,6747.9818000,102,554,1287.3634000,0
1790729580000,2.3234000,2.3247000,2.3225000,2.3247000,3002,1790729639999,6974.9817000,64,340,790.0235000,0
1790729640000,2.3248000,2.3255000,2.3244000,2.3251000,2542,1790729699999,5909.9440000,102,860,1999.4071000,0
1790729700000,2.3249000,2.3271000,2.3245000,2.3271000,2895,1790729759999,6731.2584000,126,1622,3771.8973000,0
1790729760000,2.3271000,2.3292000,2.3271000,2.3292000,1611,1790729819999,3750.5370000,122,1277,2972.9393000,0
1790729820000,2.3289000,2.3332000,2.3282000,2.3313000,4722,1790729879999,11001.4606000,178,3313,7719.1014000,0
1790729880000,2.3321000,2.3325000,2.3301000,2.3313000,3290,1790729939999,7667.9413000,97,1868,4353.3197000,0
1790729940000,2.3314000,2.3329000,2.3300000,2.3311000,5051,1790729999999,11774.7289000,217,2278,5311.4174000,0
1790730000000,2.3312000,2.3316000,2.3295000,2.3316000,3024,1790730059999,7047.4388000,124,1225,2855.1030000,0
1790730060000,2.3320000,2.3328000,2.3301000,2.3309000,1613,1790730119999,3760.5034000,128,838,1953.6633000,0
1790730120000,2.3308000,2.3362000,2.3308000,2.3362000,4818,1790730179999,11242.9292000,222,3239,7556.9850000,0
1790730180000,2.3360000,2.3362000,2.3311000,2.3337000,12863,1790730239999,30013.2748000,308,3514,8202.7802000,0
1790730240000,2.3338000,2.3338000,2.3295000,2.3298000,1905,1790730299999,4441.4265000,125,518,1207.9733000,0
1790730300000,2.3298000,2.3356000,2.3295000,2.3356000,2507,1790730359999,5846.0228000,155,2473,5766.7448000,0
1790730360000,2.3353000,2.3353000,2.3315000,2.3315000,838,1790730419999,1955.9008000,68,289,674.3970000,0
1790730420000,2.3316000,2.3316000,2.3285000,2.3302000,3298,1790730479999,7683.6548000,129,1993,4642.9843000,0
1790730480000,2.3301000,2.3301000,2.3274000,2.3289000,2676,1790730539999,6231.0250000,163,1507,3508.8043000,0
1790730540000,2.3288000,2.3319000,2.3283000,2.3309000,2425,1790730599999,5649.7669000,166,2005,4670.8786000,0
1790730600000,2.3307000,2.3326000,2.3295000,2.3297000,1667,1790730659999,3887.1636000,91,935,2180.2329000,0
1790730660000,2.3298000,2.3357000,2.3298000,2.3345000,2853,1790730719999,6658.5822000,173,1913,4464.3243000,0
1790730720000,2.3345000,2.3358000,2.3305000,2.3305000,1875,1790730779999,4376.5191000,136,1190,2777.8769000,0
1790730780000,2.3304000,2.3323000,2.3297000,2.3319000,3441,1790730839999,8018.7097000,74,668,1557.0778000,0
1790730840000,2.3317000,2.3338000,2.3317000,2.3329000,1053,1790730899999,2456.5934000,67,1004,2342.3070000,0
1790730900000,2.3333000,2.3359000,2.3329000,2.3342000,1631,1790730959999,3807.7189000,104,647,1510.4494000,0
1790730960000,2.3341000,2.3358000,2.3340000,2.3347000,1573,1790731019999,3672.0979000,83,528,1232.9426000,0
1790731020000,2.3349000,2.3364000,2.3333000,2.3347000,1682,1790731079999,3926.8365000,125,935,2183.0932000,0
1790731080000,2.3348000,2.3386000,2.3348000,2.3352000,7300,1790731139999,17061.6615000,228,6232,14566.7239000,0
1790731140000,2.3351000,2.3354000,2.3346000,2.3350000,679,1790731199999,1585.4315000,36,174,406.3088000,0
1790731200000,2.3346000,2.3364000,2.3341000,2.3364000,356,1790731259999,831.2801000,48,294,686.5316000,0
1790731260000,2.3364000,2.3385000,2.3325000,2.3358000,9198,1790731319999,21473.7385000,183,1963,4586.8020000,0
1790731320000,2.3359000,2.3368000,2.3331000,2.3355000,7425,1790731379999,17333.8309000,141,1741,4065.1501000,0
1790731380000,2.3350000,2.3385000,2.3343000,2.3380000,3040,1790731439999,7101.5105000,87,2872,6709.1777000,0
1790731440000,2.3381000,2.3411000,2.3370000,2.3411000,7734,1790731499999,18088.4579000,200,3345,7823.9232000,0
1790731500000,2.3411000,2.3440000,2.3398000,2.3440000,19756,1790731559999,46268.2273000,209,2980,6975.7540000,0
1790731560000,2.3436000,2.3455000,2.3416000,2.3439000,13480,1790731619999,31595.5267000,275,10015,23475.8185000,0
1790731620000,2.3430000,2.3434000,2.3413000,2.3419000,2061,1790731679999,4827.7281000,87,519,1215.7241000,0
1790731680000,2.3418000,2.3419000,2.3400000,2.3400000,6847,1790731739999,16030.0287000,86,546,1278.0305000,0
1790731740000,2.3398000,2.3406000,2.3362000,2.3362000,3711,1790731799999,8678.2588000,138,856,2002.7973000,0
1790731800000,2.3372000,2.3392000,2.3350000,2.3381000,6336,1790731859999,14806.9873000,243,3354,7838.6784000,0
1790731860000,2.3375000,2.3380000,2.3313000,2.3322000,1739,1790731919999,4060.2349000,148,623,1455.2383000,0
1790731920000,2.3320000,2.3339000,2.3317000,2.3326000,2440,1790731979999,5692.2822000,118,712,1660.9003000,0
1790731980000,2.3324000,2.3324000,2.3306000,2.3322000,973,1790732039999,2268.2394000,61,615,1433.6565000,0
1790732040000,2.3324000,2.3341000,2.3312000,2.3312000,1354,1790732099999,3158.8807000,85,1139,2657.3749000,0
1790732100000,2.3312000,2.3340000,2.3303000,2.3328000,1415,1790732159999,3299.5866000,99,719,1676.7174000,0
1790732160000,2.3332000,2.3348000,2.3312000,2.3334000,3285,1790732219999,7662.3174000,134,1616,3770.1675000,0
1790732220000,2.3336000,2.3355000,2.3323000,2.3338000,1570,1790732279999,3664.7997000,114,1342,3132.7299000,0
1790732280000,2.3340000,2.3354000,2.3324000,2.3324000,1551,1790732339999,3620.2017000,85,945,2205.6585000,0
1790732340000,2.3329000,2.3363000,2.3329000,2.3354000,899,1790732399999,2098.7346000,87,848,1979.7054000,0
1790732400000,2.3353000,2.3380000,2.3353000,2.3375000,584,1790732459999,1364.8825000,44,508,1187.2583000,0
1790732460000,2.3375000,2.3377000,2.3354000,2.3370000,2367,1790732519999,5530.5646000,91,649,1516.3173000,0
1790732520000,2.3370000,2.3392000,2.3364000,2.3384000,2091,1790732579999,4889.3226000,88,772,1805.0286000,0
1790732580000,2.3380000,2.3405000,2.3376000,2.3405000,1635,1790732639999,3823.7679000,86,1472,3442.5359000,0
1790732640000,2.3404000,2.3424000,2.3404000,2.3408000,605,1790732699999,1416.6077000,64,409,957.6814000,0
1790732700000,2.3407000,2.3408000,2.3383000,2.3383000,1242,1790732759999,2906.4925000,61,603,1411.1247000,0
1790732760000,2.3386000,2.3424000,2.3364000,2.3412000,6367,1790732819999,14897.9115000,204,3808,8916.1239000,0
1790732820000,2.3411000,2.3413000,2.3376000,2.3393000,897,1790732879999,2098.2217000,73,476,1113.3926000,0
1790732880000,2.3393000,2.3393000,2.3356000,2.3363000,3187,1790732939999,7445.8261000,80,2372,5541.0197000,0
1790732940000,2.3359000,2.3399000,2.3355000,2.3396000,8825,1790732999999,20624.3887000,108,8080,18881.6457000,0
1790733000000,2.3397000,2.3404000,2.3376000,2.3392000,5794,1790733059999,13549.1781000,168,536,1253.8326000,0
1790733060000,2.3388000,2.3413000,2.3376000,2.3408000,3063,1790733119999,7166.7332000,131,2067,4836.6211000,0
1790733120000,2.3403000,2.3413000,2.3381000,2.3381000,1378,1790733179999,3223.5596000,53,665,1555.2140000,0
1790733180000,2.3380000,2.3380000,2.3346000,2.3347000,7310,1790733239999,17072.4555000,157,5530,12914.3661000,0
1790733240000,2.3346000,2.3353000,2.3333000,2.3351000,6929,1790733299999,16176.8082000,125,4992,11655.2542000,0
1790733300000,2.3353000,2.3357000,2.3340000,2.3340000,1532,1790733359999,3577.3444000,85,332,775.2107000,0
1790733360000,2.3342000,2.3345000,2.3322000,2.3329000,1534,1790733419999,3579.3454000,107,1180,2753.3674000,0
1790733420000,2.3332000,2.3347000,2.3330000,2.3343000,2947,1790733479999,6878.5970000,118,2664,6218.0315000,0
1790733480000,2.3342000,2.3342000,2.3308000,2.3313000,3677,1790733539999,8577.6430000,117,1313,3063.1358000,0
1790733540000,2.3310000,2.3318000,2.3310000,2.3314000,2869,1790733599999,6689.0581000,60,2698,6290.3546000,0
1790733600000,2.3316000,2.3365000,2.3316000,2.3365000,3234,1790733659999,7544.5385000,145,2987,6968.4224000,0
1790733660000,2.3360000,2.3365000,2.3348000,2.3358000,1976,1790733719999,4615.0662000,107,827,1931.6310000,0
1790733720000,2.3358000,2.3376000,2.3346000,2.3346000,3794,1790733779999,8863.3348000,190,1279,2988.2697000,0
1790733780000,2.3345000,2.3368000,2.3330000,2.3343000,4012,1790733839999,9366.8298000,205,1961,4577.7537000,0
1790733840000,2.3345000,2.3373000,2.3345000,2.3370000,1589,1790733899999,3712.7148000,109,1200,2803.7484000,0
1790733900000,2.3371000,2.3429000,2.3368000,2.3398000,17652,1790733959999,41336.0004000,328,16068,37628.9765000,0
1790733960000,2.3403000,2.3416000,2.3380000,2.3382000,1910,1790734019999,4470.1979000,94,883,2066.9117000,0
1790734020000,2.3381000,2.3440000,2.3381000,2.3426000,5805,1790734079999,13589.2711000,226,5106,11952.1999000,0
1790734080000,2.3425000,2.3425000,2.3356000,2.3356000,6451,1790734139999,15098.3931000,152,519,1214.4307000,0
1790734140000,2.3355000,2.3355000,2.3319000,2.3322000,3742,1790734199999,8729.9108000,168,1812,4226.5696000,0
1790734200000,2.3322000,2.3343000,2.3305000,2.3324000,2480,1790734259999,5783.4476000,185,1306,3046.5423000,0
1790734260000,2.3319000,2.3319000,2.3289000,2.3301000,4553,1790734319999,10609.3742000,218,2276,5303.8503000,0
1790734320000,2.3298000,2.3299000,2.3275000,2.3283000,1975,1790734379999,4600.3384000,104,1222,2846.9113000,0
1790734380000,2.3279000,2.3309000,2.3279000,2.3290000,1297,1790734439999,3021.1861000,114,770,1793.5687000,0
1790734440000,2.3286000,2.3286000,2.3273000,2.3279000,821,1790734499999,1911.1105000,73,462,1075.4205000,0
1790734500000,2.3280000,2.3295000,2.3266000,2.3295000,1981,1790734559999,4610.6884000,132,588,1368.8032000,0
1790734560000,2.3293000,2.3293000,2.3234000,2.3235000,2471,1790734619999,5746.9138000,150,307,714.2193000,0
1790734620000,2.3233000,2.3254000,2.3226000,2.3236000,2651,1790734679999,6160.5168000,126,1132,2630.6290000,0
1790734680000,2.3243000,2.3275000,2.3241000,2.3243000,1390,1790734739999,3232.5373000,146,791,1839.6519000,0
1790734740000,2.3245000,2.3250000,2.3231000,2.3231000,2515,1790734799999,5845.2772000,101,2117,4920.4026000,0
1790734800000,2.3234000,2.3298000,2.3230000,2.3243000,27918,1790734859999,64974.7274000,349,24772,57657.1757000,0
1790734860000,2.3240000,2.3272000,2.3232000,2.3272000,1239,1790734919999,2879.8160000,94,1071,2489.3882000,0
1790734920000,2.3271000,2.3283000,2.3271000,2.3281000,405,1790734979999,942.8102000,50,260,605.2406000,0
1790734980000,2.3283000,2.3330000,2.3227000,2.3236000,26688,1790735039999,62048.5163000,413,2428,5649.8631000,0
1790735040000,2.3237000,2.3289000,2.3218000,2.3236000,25909,1790735099999,60238.1798000,325,12621,29368.4414000,0
1790735100000,2.3236000,2.3244000,2.3224000,2.3233000,1864,1790735159999,4330.9430000,66,1170,2718.4746000,0
1790735160000,2.3229000,2.3240000,2.3222000,2.3232000,521,1790735219999,1210.3437000,48,260,604.0467000,0
1790735220000,2.3226000,2.3232000,2.3209000,2.3212000,855,1790735279999,1985.6257000,64,450,1045.3158000,0
1790735280000,2.3209000,2.3209000,2.3140000,2.3199000,46899,1790735339999,108652.3148000,458,7142,16553.2569000,0
1790735340000,2.3202000,2.3231000,2.3194000,2.3231000,4110,1790735399999,9538.3336000,102,2541,5898.3666000,0
1790735400000,2.3230000,2.3244000,2.3205000,2.3209000,2691,1790735459999,6249.8854000,143,547,1270.9445000,0
1790735460000,2.3207000,2.3256000,2.3207000,2.3251000,8438,1790735519999,19608.4466000,191,7463,17342.7097000,0
1790735520000,2.3249000,2.3262000,2.3217000,2.3217000,6288,1790735579999,14617.6232000,193,2781,6466.1418000,0
1790735580000,2.3215000,2.3238000,2.3210000,2.3224000,7426,1790735639999,17247.3560000,147,5839,13562.8530000,0
1790735640000,2.3224000,2.3244000,2.3208000,2.3227000,8544,1790735699999,19850.8172000,176,7758,18025.1941000,0
1790735700000,2.3224000,2.3244000,2.3195000,2.3238000,33872,1790735759999,78612.9265000,334,12477,28975.0993000,0
1790735760000,2.3229000,2.3234000,2.3205000,2.3210000,1697,1790735819999,3940.7340000,95,1002,2326.9958000,0
1790735820000,2.3229000,2.3243000,2.3208000,2.3213000,927,1790735879999,2153.0480000,73,375,871.0531000,0
1790735880000,2.3206000,2.3234000,2.3204000,2.3231000,395,1790735939999,917.2334000,49,311,722.1920000,0
1790735940000,2.3233000,2.3244000,2.3218000,2.3244000,2686,1790735999999,6240.5580000,111,1123,2609.6487000,0
1790736000000,2.3245000,2.3302000,2.3245000,2.3296000,3796,1790736059999,8834.4205000,168,2108,4903.4316000,0
1790736060000,2.3302000,2.3304000,2.3265000,2.3280000,2913,1790736119999,6783.5075000,215,1155,2689.4240000,0
1790736120000,2.3280000,2.3307000,2.3262000,2.3294000,5214,1790736179999,12140.4031000,192,1808,4209.9621000,0
1790736180000,2.3293000,2.3296000,2.3282000,2.3282000,1543,1790736239999,3593.1458000,67,519,1208.6858000,0
1790736240000,2.3282000,2.3302000,2.3281000,2.3284000,1016,1790736299999,2366.3769000,77,597,1390.6106000,0
1790736300000,2.3284000,2.3284000,2.3260000,2.3270000,1450,1790736359999,3374.9928000,78,630,1466.0449000,0
1790736360000,2.3274000,2.3306000,2.3274000,2.3292000,2941,1790736419999,6847.6446000,93,2461,5729.6005000,0
1790736420000,2.3289000,2.3332000,2.3286000,2.3329000,1716,1790736479999,4000.9897000,113,1416,3301.5485000,0
1790736480000,2.3329000,2.3344000,2.3318000,2.3319000,1346,1790736539999,3140.7288000,83,537,1253.1595000,0
1790736540000,2.3321000,2.3325000,2.3298000,2.3304000,1586,1790736599999,3696.7769000,89,694,1617.8532000,0
1790736600000,2.3302000,2.3307000,2.3296000,2.3305000,154,1790736659999,358.8902000,30,105,244.7086000,0
1790736660000,2.3305000,2.3320000,2.3298000,2.3298000,2275,1790736719999,5302.2740000,90,1600,3729.0189000,0
1790736720000,2.3298000,2.3341000,2.3288000,2.3323000,5633,1790736779999,13130.5026000,200,4810,11210.5299000,0
1790736780000,2.3323000,2.3323000,2.3312000,2.3314000,1131,1790736839999,2637.1675000,53,675,1573.9769000,0
1790736840000,2.3312000,2.3313000,2.3296000,2.3296000,978,1790736899999,2278.6805000,51,596,1388.5585000,0
1790736900000,2.3295000,2.3297000,2.3286000,2.3292000,252,1790736959999,586.9172000,27,46,107.1395000,0
1790736960000,2.3292000,2.3296000,2.3274000,2.3274000,1407,1790737019999,3275.5874000,56,473,1101.4024000,0
1790737020000,2.3273000,2.3273000,2.3261000,2.3273000,1468,1790737079999,3415.9964000,64,1170,2722.5521000,0
1790737080000,2.3271000,2.3279000,2.3260000,2.3260000,3489,1790737139999,8118.9930000,74,463,1077.5280000,0
1790737140000,2.3263000,2.3304000,2.3260000,2.3304000,2005,1790737199999,4667.5517000,96,1638,3813.7854000,0
1790737200000,2.3305000,2.3315000,2.3300000,2.3301000,4157,1790737259999,9688.8820000,103,820,1911.2917000,0
1790737260000,2.3300000,2.3300000,2.3258000,2.3258000,4965,1790737319999,11558.2199000,120,366,852.1201000,0
1790737320000,2.3258000,2.3282000,2.3230000,2.3235000,23929,1790737379999,55633.5776000,390,4196,9757.1528000,0
1790737380000,2.3235000,2.3277000,2.3235000,2.3277000,2324,1790737439999,5404.7390000,162,2076,4827.9307000,0
1790737440000,2.3274000,2.3335000,2.3274000,2.3330000,4733,1790737499999,11034.3826000,209,2905,6771.4130000,0
1790737500000,2.3328000,2.3358000,2.3313000,2.3358000,8560,1790737559999,19979.7017000,294,4616,10774.1614000,0
1790737560000,2.3357000,2.3357000,2.3292000,2.3302000,3807,1790737619999,8878.1770000,165,1557,3630.0230000,0
1790737620000,2.3302000,2.3305000,2.3284000,2.3295000,1934,1790737679999,4505.3592000,83,1671,3892.6716000,0
1790737680000,2.3298000,2.3305000,2.3291000,2.3301000,1197,1790737739999,2788.8391000,87,931,2169.1513000,0
1790737740000,2.3300000,2.3340000,2.3300000,2.3330000,1353,1790737799999,3156.0419000,101,758,1767.8680000,0
1790737800000,2.3328000,2.3361000,2.3323000,2.3341000,6455,1790737859999,15066.6516000,211,2164,5052.6818000,0
1790737860000,2.3335000,2.3355000,2.3335000,2.3343000,2280,1790737919999,5323.3029000,97,2044,4772.3068000,0
1790737920000,2.3343000,2.3378000,2.3343000,2.3378000,3431,1790737979999,8016.1532000,221,3049,7123.4500000,0
1790737980000,2.3380000,2.3381000,2.3347000,2.3365000,3771,1790738039999,8812.4602000,121,558,1303.3998000,0
1790738040000,2.3360000,2.3400000,2.3360000,2.3387000,3204,1790738099999,7493.1800000,230,2438,5701.5657000,0
1790738100000,2.3386000,2.3395000,2.3366000,2.3369000,1888,1790738159999,4415.2668000,113,517,1208.8986000,0
1790738160000,2.3366000,2.3366000,2.3275000,2.3282000,6440,1790738219999,15007.9336000,329,2642,6155.5670000,0
1790738220000,2.3282000,2.3299000,2.3236000,2.3265000,7349,1790738279999,17099.9860000,294,2208,5135.7454000,0
1790738280000,2.3260000,2.3260000,2.3219000,2.3223000,983,1790738339999,2283.5896000,108,412,957.1985000,0
1790738340000,2.3223000,2.3229000,2.3195000,2.3195000,4841,1790738399999,11235.7519000,209,1163,2700.2054000,0
1790738400000,2.3196000,2.3224000,2.3191000,2.3223000,8201,1790738459999,19025.0705000,166,2271,5269.8861000,0
1790738460000,2.3224000,2.3258000,2.3180000,2.3258000,17678,1790738519999,41021.1605000,382,5698,13230.8361000,0
1790738520000,2.3256000,2.3271000,2.3237000,2.3268000,4188,1790738579999,9738.6447000,168,2709,6300.3618000,0
1790738580000,2.3272000,2.3293000,2.3271000,2.3293000,1911,1790738639999,4449.9552000,86,1010,2352.0027000,0
1790738640000,2.3289000,2.3292000,2.3263000,2.3285000,3112,1790738699999,7243.2008000,117,1217,2832.2413000,0
1790738700000,2.3287000,2.3332000,2.3274000,2.3292000,11364,1790738759999,26484.8234000,323,9315,21708.7914000,0
1790738760000,2.3290000,2.3291000,2.3261000,2.3271000,1641,1790738819999,3820.0127000,89,1192,2775.0783000,0
1790738820000,2.3268000,2.3291000,2.3263000,2.3282000,983,1790738879999,2288.2244000,82,619,1440.9257000,0
1790738880000,2.3291000,2.3304000,2.3280000,2.3288000,1976,1790738939999,4602.6823000,101,1472,3428.8115000,0
1790738940000,2.3288000,2.3294000,2.3280000,2.3294000,619,1790738999999,1441.3492000,44,101,235.2310000,0
1790739000000,2.3292000,2.3292000,2.3239000,2.3247000,1400,1790739059999,3256.1211000,92,457,1062.5205000,0
1790739060000,2.3248000,2.3248000,2.3218000,2.3224000,3357,1790739119999,7798.0740000,152,1237,2873.3057000,0
1790739120000,2.3225000,2.3240000,2.3218000,2.3220000,2744,1790739179999,6375.1723000,124,852,1979.0736000,0
1790739180000,2.3226000,2.3261000,2.3197000,2.3238000,6719,1790739239999,15597.4949000,195,2567,5963.1986000,0
1790739240000,2.3238000,2.3260000,2.3235000,2.3260000,713,1790739299999,1657.1676000,63,390,906.6345000,0
1790739300000,2.3260000,2.3266000,2.3197000,2.3207000,1766,1790739359999,4101.7041000,151,433,1005.3210000,0
1790739360000,2.3205000,2.3226000,2.3200000,2.3217000,2405,1790739419999,5582.2876000,107,1597,3707.1652000,0
1790739420000,2.3226000,2.3256000,2.3226000,2.3241000,2974,1790739479999,6911.7368000,110,2477,5756.4402000,0
1790739480000,2.3241000,2.3260000,2.3240000,2.3260000,3048,1790739539999,7085.1637000,125,1748,4063.3439000,0
1790739540000,2.3258000,2.3277000,2.3258000,2.3277000,1074,1790739599999,2499.1044000,68,769,1789.3278000,0
1790739600000,2.3276000,2.3278000,2.3259000,2.3259000,790,1790739659999,1838.2864000,52,119,276.9880000,0
1790739660000,2.3260000,2.3294000,2.3260000,2.3276000,862,1790739719999,2006.7092000,80,515,1198.8291000,0
1790739720000,2.3279000,2.3284000,2.3257000,2.3261000,1373,1790739779999,3194.7562000,87,450,1047.0911000,0
1790739780000,2.3264000,2.3272000,2.3252000,2.3252000,307,1790739839999,714.1774000,52,123,286.1633000,0
1790739840000,2.3261000,2.3264000,2.3243000,2.3243000,346,1790739899999,804.6152000,46,72,167.4758000,0
1790739900000,2.3240000,2.3240000,2.3220000,2.3223000,926,1790739959999,2151.2434000,78,312,724.8836000,0
1790739960000,2.3223000,2.3232000,2.3218000,2.3224000,601,1790740019999,1395.6798000,46,436,1012.5277000,0
1790740020000,2.3226000,2.3258000,2.3225000,2.3242000,1840,1790740079999,4276.4550000,107,1532,3560.7488000,0
1790740080000,2.3243000,2.3250000,2.3213000,2.3213000,1735,1790740139999,4029.2320000,102,478,1110.1530000,0
1790740140000,2.3213000,2.3230000,2.3211000,2.3218000,1593,1790740199999,3699.3365000,70,1459,3388.1851000,0
1790740200000,2.3215000,2.3216000,2.3198000,2.3211000,2321,1790740259999,5386.3753000,99,1674,3884.8940000,0
1790740260000,2.3205000,2.3206000,2.3170000,2.3174000,3385,1790740319999,7847.6719000,120,384,890.8072000,0
1790740320000,2.3172000,2.3186000,2.3171000,2.3180000,1517,1790740379999,3515.9485000,70,1320,3059.3733000,0
1790740380000,2.3176000,2.3218000,2.3154000,2.3199000,14884,1790740439999,34530.5030000,254,12961,30075.4023000,0
1790740440000,2.3215000,2.3228000,2.3192000,2.3215000,11281,1790740499999,26174.4413000,187,1077,2500.0015000,0
1790740500000,2.3214000,2.3226000,2.3196000,2.3200000,2354,1790740559999,5462.5544000,104,228,529.4064000,0
1790740560000,2.3196000,2.3219000,2.3189000,2.3197000,806,1790740619999,1869.8314000,107,566,1313.1097000,0
1790740620000,2.3196000,2.3210000,2.3193000,2.3193000,1987,1790740679999,4609.7489000,60,1811,4201.3727000,0
1790740680000,2.3193000,2.3211000,2.3187000,2.3205000,1348,1790740739999,3127.7727000,53,1022,2371.3090000,0
1790740740000,2.3208000,2.3215000,2.3196000,2.3212000,442,1790740799999,1025.6888000,46,187,434.0549000,0
1790740800000,2.3212000,2.3212000,2.3166000,2.3185000,17645,1790740859999,40898.1754000,201,1344,3116.6589000,0
1790740860000,2.3189000,2.3209000,2.3184000,2.3200000,3898,1790740919999,9043.3520000,141,3568,8278.0500000,0
1790740920000,2.3202000,2.3288000,2.3200000,2.3280000,8317,1790740979999,19336.3043000,253,6643,15440.1869000,0
1790740980000,2.3287000,2.3324000,2.3286000,2.3320000,3535,1790741039999,8237.8930000,174,1670,3892.3999000,0
1790741040000,2.3320000,2.3353000,2.3316000,2.3331000,2452,1790741099999,5721.1758000,149,1755,4094.3836000,0
1790741100000,2.3334000,2.3353000,2.3328000,2.3328000,2002,1790741159999,4673.1465000,129,550,1284.1122000,0
1790741160000,2.3332000,2.3345000,2.3304000,2.3319000,1687,1790741219999,3933.9006000,101,1028,2396.8568000,0
1790741220000,2.3315000,2.3321000,2.3262000,2.3289000,5949,1790741279999,13853.8970000,195,1774,4134.1915000,0
1790741280000,2.3289000,2.3290000,2.3258000,2.3258000,2046,1790741339999,4762.0883000,108,804,1871.4557000,0
1790741340000,2.3258000,2.3258000,2.3236000,2.3249000,3219,1790741399999,7481.6905000,131,2071,4812.8572000,0
1790741400000,2.3250000,2.3325000,2.3244000,2.3305000,33177,1790741459999,77265.8768000,459,31894,74277.7468000,0
1790741460000,2.3306000,2.3310000,2.3295000,2.3310000,2478,1790741519999,5774.8617000,169,1210,2820.1281000,0
1790741520000,2.3309000,2.3318000,2.3285000,2.3295000,1420,1790741579999,3309.2924000,140,667,1554.4601000,0
1790741580000,2.3294000,2.3302000,2.3280000,2.3283000,2251,1790741639999,5242.3068000,117,347,808.2597000,0
1790741640000,2.3283000,2.3345000,2.3283000,2.3322000,5085,1790741699999,11859.0487000,216,3852,8984.7206000,0
1790741700000,2.3321000,2.3341000,2.3297000,2.3297000,16706,1790741759999,38932.5210000,203,354,825.7601000,0
1790741760000,2.3311000,2.3313000,2.3298000,2.3301000,2882,1790741819999,6717.2712000,92,2206,5141.7002000,0
1790741820000,2.3309000,2.3348000,2.3308000,2.3342000,6560,1790741879999,15309.6774000,136,6307,14719.8664000,0
1790741880000,2.3350000,2.3387000,2.3342000,2.3381000,3624,1790741939999,8469.2180000,165,1481,3461.4239000,0
1790741940000,2.3386000,2.3388000,2.3342000,2.3347000,6701,1790741999999,15651.8568000,149,271,633.2566000,0
1790742000000,2.3342000,2.3355000,2.3334000,2.3334000,2075,1790742059999,4844.2887000,92,1403,3275.3403000,0
1790742060000,2.3330000,2.3380000,2.3330000,2.3360000,1911,1790742119999,4463.5786000,105,1590,3713.5420000,0
1790742120000,2.3359000,2.3369000,2.3351000,2.3353000,2206,1790742179999,5152.7485000,97,141,329.3863000,0
1790742180000,2.3353000,2.3378000,2.3326000,2.3340000,3676,1790742239999,8584.8559000,196,440,1027.8138000,0
1790742240000,2.3342000,2.3345000,2.3315000,2.3320000,2327,1790742299999,5429.9305000,114,939,2191.3295000,0
1790742300000,2.3325000,2.3380000,2.3323000,2.3375000,6363,1790742359999,14860.6130000,169,5089,11883.7277000,0
1790742360000,2.3372000,2.3374000,2.3356000,2.3365000,1524,1790742419999,3561.2501000,92,1051,2456.0310000,0
1790742420000,2.3365000,2.3367000,2.3339000,2.3339000,994,1790742479999,2321.4030000,79,134,312.9817000,0
1790742480000,2.3342000,2.3342000,2.3315000,2.3315000,1572,1790742539999,3667.4400000,68,432,1008.2175000,0
1790742540000,2.3316000,2.3318000,2.3297000,2.3311000,2006,1790742599999,4675.5969000,103,1122,2615.3363000,0
1790742600000,2.3311000,2.3313000,2.3304000,2.3313000,1423,1790742659999,3316.6781000,60,925,2155.9907000,0
1790742660000,2.3313000,2.3313000,2.3294000,2.3297000,1947,1790742719999,4536.2282000,68,1107,2579.0711000,0
1790742720000,2.3302000,2.3303000,2.3288000,2.3288000,2713,1790742779999,6319.4259000,112,1279,2979.3012000,0
1790742780000,2.3288000,2.3288000,2.3268000,2.3275000,2453,1790742839999,5710.2555000,131,918,2137.0987000,0
1790742840000,2.3276000,2.3285000,2.3260000,2.3264000,1613,1790742899999,3754.0436000,76,892,2076.3279000,0
1790742900000,2.3259000,2.3290000,2.3255000,2.3290000,3729,1790742959999,8677.6499000,140,3353,7803.2172000,0
1790742960000,2.3290000,2.3316000,2.3290000,2.3309000,956,1790743019999,2227.4466000,81,556,1295.2907000,0
1790743020000,2.3310000,2.3310000,2.3282000,2.3299000,1688,1790743079999,3931.4755000,114,468,1090.2614000,0
1790743080000,2.3300000,2.3330000,2.3299000,2.3304000,2603,1790743139999,6069.2733000,121,2267,5285.8781000,0
1790743140000,2.3304000,2.3304000,2.3289000,2.3293000,1137,1790743199999,2649.3166000,47,191,444.9359000,0
1790743200000,2.3303000,2.3308000,2.3289000,2.3289000,640,1790743259999,1491.1631000,55,304,708.3286000,0
1790743260000,2.3286000,2.3314000,2.3277000,2.3314000,712,1790743319999,1658.4995000,50,92,214.3484000,0
1790743320000,2.3314000,2.3321000,2.3305000,2.3321000,830,1790743379999,1934.8080000,54,419,976.7955000,0
1790743380000,2.3319000,2.3355000,2.3317000,2.3355000,982,1790743439999,2291.2362000,82,869,2027.6402000,0
1790743440000,2.3353000,2.3353000,2.3328000,2.3328000,3057,1790743499999,7136.1372000,112,1159,2705.5250000,0
1790743500000,2.3331000,2.3342000,2.3328000,2.3342000,204,1790743559999,476.0069000,27,153,356.9875000,0
1790743560000,2.3337000,2.3344000,2.3317000,2.3322000,2629,1790743619999,6135.5580000,73,206,480.7024000,0
1790743620000,2.3327000,2.3330000,2.3315000,2.3328000,457,1790743679999,1065.9515000,44,249,580.7937000,0
1790743680000,2.3328000,2.3328000,2.3306000,2.3313000,1569,1790743739999,3657.3681000,64,220,512.8645000,0
1790743740000,2.3313000,2.3320000,2.3283000,2.3283000,2552,1790743799999,5946.0832000,136,767,1787.9250000,0
1790743800000,2.3282000,2.3295000,2.3277000,2.3279000,1199,1790743859999,2791.9528000,53,805,1874.4215000,0
1790743860000,2.3280000,2.3280000,2.3240000,2.3248000,1831,1790743919999,4258.1253000,116,373,867.2070000,0
1790743920000,2.3254000,2.3256000,2.3240000,2.3252000,1908,1790743979999,4435.6232000,75,1497,3480.1807000,0
1790743980000,2.3254000,2.3254000,2.3232000,2.3234000,3107,1790744039999,7220.3327000,96,2125,4938.3426000,0
1790744040000,2.3234000,2.3244000,2.3218000,2.3230000,4621,1790744099999,10732.3301000,149,1336,3103.3195000,0
1790744100000,2.3227000,2.3235000,2.3220000,2.3222000,1271,1790744159999,2952.0938000,64,539,1252.0535000,0
1790744160000,2.3223000,2.3228000,2.3215000,2.3223000,1532,1790744219999,3557.4981000,78,1247,2895.7701000,0
1790744220000,2.3223000,2.3223000,2.3200000,2.3206000,2124,1790744279999,4928.7715000,97,705,1635.8941000,0
1790744280000,2.3214000,2.3216000,2.3201000,2.3210000,2268,1790744339999,5263.7208000,59,1776,4121.7779000,0
1790744340000,2.3214000,2.3214000,2.3197000,2.3204000,1620,1790744399999,3758.6647000,64,881,2044.0260000,0
1790744400000,2.3207000,2.3300000,2.3207000,2.3300000,2567,1790744459999,5969.9764000,175,1711,3979.6808000,0
1790744460000,2.3298000,2.3316000,2.3289000,2.3316000,2252,1790744519999,5247.4190000,151,1334,3108.3438000,0
1790744520000,2.3317000,2.3325000,2.3256000,2.3261000,3744,1790744579999,8718.1033000,284,1313,3057.4404000,0
1790744580000,2.3260000,2.3272000,2.3241000,2.3241000,1895,1790744639999,4407.2583000,113,1531,3560.7649000,0
1790744640000,2.3240000,2.3245000,2.3227000,2.3245000,1960,1790744699999,4554.6362000,79,1461,3395.2110000,0
1790744700000,2.3246000,2.3253000,2.3230000,2.3246000,641,1790744759999,1489.9013000,75,170,395.0954000,0
1790744760000,2.3248000,2.3270000,2.3246000,2.3254000,1427,1790744819999,3319.0771000,62,516,1200.1608000,0
1790744820000,2.3254000,2.3255000,2.3230000,2.3231000,844,1790744879999,1961.6849000,64,415,964.6077000,0
1790744880000,2.3230000,2.3230000,2.3199000,2.3204000,3005,1790744939999,6976.1503000,146,643,1492.6342000,0
1790744940000,2.3201000,2.3244000,2.3200000,2.3226000,3051,1790744999999,7084.7730000,185,2700,6269.6691000,0
1790745000000,2.3222000,2.3222000,2.3178000,2.3186000,3993,1790745059999,9264.4372000,139,631,1463.6197000,0
1790745060000,2.3186000,2.3202000,2.3186000,2.3201000,1264,1790745119999,2931.7567000,72,808,1873.8781000,0
1790745120000,2.3201000,2.3234000,2.3195000,2.3195000,3364,1790745179999,7811.0135000,114,1693,3931.0544000,0
1790745180000,2.3194000,2.3201000,2.3188000,2.3188000,498,1790745239999,1154.9757000,42,173,401.2454000,0
1790745240000,2.3186000,2.3187000,2.3182000,2.3182000,639,1790745299999,1481.4656000,34,484,1122.1064000,0
1790745300000,2.3182000,2.3182000,2.3128000,2.3135000,7330,1790745359999,16966.5957000,203,2211,5119.5860000,0
1790745360000,2.3132000,2.3148000,2.3132000,2.3133000,836,1790745419999,1934.3858000,70,67,155.0510000,0
1790745420000,2.3137000,2.3162000,2.3137000,2.3159000,5377,1790745479999,12446.8609000,157,2155,4988.6473000,0
1790745480000,2.3157000,2.3184000,2.3150000,2.3157000,3023,1790745539999,7004.0717000,143,780,1807.6254000,0
1790745540000,2.3156000,2.3178000,2.3156000,2.3175000,1433,1790745599999,3320.2891000,72,739,1712.0729000,0
1790745600000,2.3173000,2.3190000,2.3152000,2.3187000,5006,1790745659999,11600.0793000,308,1651,3826.7229000,0
1790745660000,2.3178000,2.3180000,2.3150000,2.3157000,2202,1790745719999,5101.1775000,138,696,1612.5396000,0
1790745720000,2.3157000,2.3165000,2.3140000,2.3155000,3161,1790745779999,7318.2094000,232,1128,2611.8628000,0
1790745780000,2.3152000,2.3183000,2.3150000,2.3156000,3170,1790745839999,7342.2355000,169,1251,2897.7322000,0
1790745840000,2.3157000,2.3198000,2.3157000,2.3192000,5875,1790745899999,13618.1190000,435,3071,7118.8881000,0
1790745900000,2.3197000,2.3206000,2.3131000,2.3144000,8461,1790745959999,19598.9004000,707,4378,10139.1263000,0
1790745960000,2.3142000,2.3143000,2.3120000,2.3127000,4445,1790746019999,10281.2044000,292,1487,3440.0717000,0
1790746020000,2.3125000,2.3151000,2.3123000,2.3134000,6930,1790746079999,16032.9895000,806,2766,6399.8917000,0
1790746080000,2.3134000,2.3165000,2.3121000,2.3165000,4312,1790746139999,9976.3170000,641,2843,6578.2781000,0
1790746140000,2.3158000,2.3181000,2.3146000,2.3177000,4281,1790746199999,9917.6703000,331,2932,6792.5784000,0
1790746200000,2.3178000,2.3219000,2.3162000,2.3215000,10793,1790746259999,25027.8574000,830,6761,15678.7458000,0
1790746260000,2.3211000,2.3251000,2.3211000,2.3248000,5398,1790746319999,12541.2212000,492,3842,8927.4809000,0
1790746320000,2.3245000,2.3263000,2.3210000,2.3214000,11927,1790746379999,27710.6190000,801,4580,10643.0096000,0
1790746380000,2.3215000,2.3215000,2.3156000,2.3178000,4221,1790746439999,9785.4571000,303,1462,3388.6681000,0
1790746440000,2.3176000,2.3206000,2.3174000,2.3196000,3927,1790746499999,9108.0888000,203,3031,7030.4128000,0
1790746500000,2.3195000,2.3255000,2.3184000,2.3230000,13394,1790746559999,31114.3030000,323,10671,24789.0448000,0
1790746560000,2.3230000,2.3232000,2.3208000,2.3224000,2869,1790746619999,6660.9932000,131,525,1218.9152000,0
1790746620000,2.3220000,2.3230000,2.3207000,2.3211000,2376,1790746679999,5517.1329000,113,1628,3780.5366000,0
1790746680000,2.3207000,2.3238000,2.3207000,2.3238000,1831,1790746739999,4253.0698000,108,560,1300.2847000,0
1790746740000,2.3239000,2.3263000,2.3239000,2.3250000,2803,1790746799999,6517.5742000,136,831,1932.2016000,0
1790746800000,2.3246000,2.3246000,2.3206000,2.3210000,1797,1790746859999,4174.7870000,112,112,260.0791000,0
1790746860000,2.3212000,2.3231000,2.3203000,2.3211000,1368,1790746919999,3175.9849000,103,829,1924.9137000,0
1790746920000,2.3210000,2.3223000,2.3206000,2.3223000,1228,1790746979999,2850.9161000,37,1059,2458.7164000,0
1790746980000,2.3221000,2.3260000,2.3221000,2.3260000,1059,1790747039999,2461.1995000,75,877,2038.4886000,0
1790747040000,2.3260000,2.3293000,2.3260000,2.3276000,2734,1790747099999,6365.5799000,126,833,1938.8782000,0
1790747100000,2.3275000,2.3317000,2.3267000,2.3305000,2957,1790747159999,6889.6875000,152,2096,4884.2937000,0
1790747160000,2.3308000,2.3340000,2.3298000,2.3298000,6189,1790747219999,14435.4447000,219,2450,5716.0233000,0
1790747220000,2.3299000,2.3303000,2.3278000,2.3282000,3148,1790747279999,7329.8502000,111,712,1658.1893000,0
1790747280000,2.3281000,2.3283000,2.3263000,2.3278000,4302,1790747339999,10011.6248000,129,755,1756.9916000,0
1790747340000,2.3274000,2.3305000,2.3274000,2.3305000,1281,1790747399999,2983.6927000,127,912,2124.3460000,0
1790747400000,2.3300000,2.3320000,2.3292000,2.3315000,2739,1790747459999,6383.4641000,144,1655,3857.8195000,0
1790747460000,2.3311000,2.3320000,2.3295000,2.3299000,5511,1790747519999,12845.6517000,220,2223,5182.5042000,0
1790747520000,2.3296000,2.3301000,2.3293000,2.3294000,1340,1790747579999,3121.6740000,71,602,1402.4590000,0
1790747580000,2.3294000,2.3316000,2.3293000,2.3305000,2999,1790747639999,6989.1204000,167,2590,6036.2423000,0
1790747640000,2.3296000,2.3318000,2.3294000,2.3308000,2374,1790747699999,5532.8578000,108,1908,4447.0624000,0
1790747700000,2.3308000,2.3312000,2.3283000,2.3304000,5042,1790747759999,11748.1168000,179,1528,3559.8893000,0
1790747760000,2.3303000,2.3338000,2.3300000,2.3325000,6034,1790747819999,14073.4438000,281,4738,11052.3748000,0
1790747820000,2.3326000,2.3370000,2.3325000,2.3343000,9712,1790747879999,22679.3644000,355,5614,13109.0293000,0
1790747880000,2.3343000,2.3406000,2.3330000,2.3406000,11132,1790747939999,26010.9840000,312,6061,14165.1317000,0
1790747940000,2.3407000,2.3415000,2.3366000,2.3397000,4527,1790747999999,10587.8810000,169,2450,5729.7487000,0
1790748000000,2.3392000,2.3427000,2.3365000,2.3418000,5449,1790748059999,12744.7885000,217,3598,8416.1386000,0
1790748060000,2.3419000,2.3445000,2.3359000,2.3418000,40905,1790748119999,95753.8184000,514,22709,53146.3021000,0
1790748120000,2.3418000,2.3418000,2.3358000,2.3391000,8105,1790748179999,18960.8057000,290,2616,6117.6286000,0
1790748180000,2.3387000,2.3430000,2.3366000,2.3404000,5261,1790748239999,12312.7795000,247,4081,9553.1198000,0
1790748240000,2.3402000,2.3407000,2.3386000,2.3400000,2275,1790748299999,5322.5761000,86,1730,4047.5830000,0
1790748300000,2.3401000,2.3453000,2.3401000,2.3446000,5997,1790748359999,14057.7595000,208,5222,12242.2894000,0
1790748360000,2.3441000,2.3441000,2.3360000,2.3368000,6745,1790748419999,15783.7790000,166,425,994.7108000,0
1790748420000,2.3368000,2.3368000,2.3330000,2.3348000,3678,1790748479999,8585.4675000,146,1933,4512.0119000,0
1790748480000,2.3345000,2.3346000,2.3300000,2.3301000,3588,1790748539999,8367.3777000,171,1727,4028.0133000,0
1790748540000,2.3300000,2.3309000,2.3261000,2.3264000,3899,1790748599999,9079.3307000,204,1222,2847.3011000,0
1790748600000,2.3264000,2.3270000,2.3226000,2.3250000,8817,1790748659999,20499.2164000,275,5417,12596.2692000,0
1790748660000,2.3249000,2.3251000,2.3218000,2.3241000,3036,1790748719999,7053.6127000,133,1309,3041.7529000,0
1790748720000,2.3243000,2.3244000,2.3213000,2.3213000,1130,1790748779999,2625.2741000,85,433,1005.9515000,0
1790748780000,2.3213000,2.3229000,2.3213000,2.3221000,977,1790748839999,2268.2775000,56,810,1880.4438000,0
1790748840000,2.3221000,2.3233000,2.3208000,2.3231000,2082,1790748899999,4835.3731000,109,1723,4001.7942000,0
1790748900000,2.3233000,2.3263000,2.3233000,2.3245000,3029,1790748959999,7043.4123000,171,2218,5157.6009000,0
1790748960000,2.3247000,2.3247000,2.3223000,2.3243000,1441,1790749019999,3348.0098000,123,994,2309.5333000,0
1790749020000,2.3244000,2.3272000,2.3243000,2.3257000,1599,1790749079999,3719.3870000,132,1012,2354.0012000,0
1790749080000,2.3255000,2.3276000,2.3246000,2.3261000,1454,1790749139999,3381.9349000,120,917,2132.9724000,0
1790749140000,2.3261000,2.3270000,2.3230000,2.3230000,598,1790749199999,1390.4946000,76,285,662.7567000,0
1790749200000,2.3237000,2.3260000,2.3235000,2.3258000,1660,1790749259999,3858.7320000,92,1544,3589.0017000,0
1790749260000,2.3259000,2.3265000,2.3245000,2.3259000,1273,1790749319999,2960.1959000,90,326,758.1583000,0
1790749320000,2.3258000,2.3260000,2.3242000,2.3248000,508,1790749379999,1181.1071000,50,236,548.6197000,0
1790749380000,2.3249000,2.3271000,2.3232000,2.3232000,686,1790749439999,1595.2533000,73,380,883.7391000,0
1790749440000,2.3230000,2.3231000,2.3189000,2.3189000,2741,1790749499999,6363.3151000,185,1169,2714.3553000,0
1790749500000,2.3189000,2.3189000,2.3133000,2.3151000,5809,1790749559999,13449.9403000,238,1412,3268.6934000,0
1790749560000,2.3151000,2.3155000,2.3140000,2.3151000,1164,1790749619999,2694.5976000,55,952,2203.9372000,0
1790749620000,2.3151000,2.3157000,2.3126000,2.3136000,1509,1790749679999,3491.7371000,98,832,1925.1159000,0
1790749680000,2.3141000,2.3182000,2.3140000,2.3173000,1902,1790749739999,4405.2363000,97,1613,3735.5141000,0
1790749740000,2.3175000,2.3210000,2.3175000,2.3198000,2626,1790749799999,6091.1774000,180,2338,5423.1779000,0
1790749800000,2.3192000,2.3200000,2.3165000,2.3179000,4022,1790749859999,9323.5617000,154,998,2312.9461000,0
1790749860000,2.3175000,2.3194000,2.3171000,2.3185000,996,1790749919999,2309.0500000,59,823,1907.9440000,0
1790749920000,2.3185000,2.3194000,2.3169000,2.3170000,4149,1790749979999,9619.1339000,168,1405,3257.6952000,0
1790749980000,2.3168000,2.3194000,2.3126000,2.3127000,14890,1790750039999,34490.6011000,264,1467,3399.7942000,0
1790750040000,2.3126000,2.3155000,2.3120000,2.3150000,2907,1790750099999,6726.2724000,161,2142,4956.6758000,0
1790750100000,2.3151000,2.3151000,2.3121000,2.3129000,3182,1790750159999,7360.7017000,133,1678,3881.5372000,0
1790750160000,2.3125000,2.3162000,2.3122000,2.3136000,3525,1790750219999,8159.0456000,140,1533,3548.0626000,0
1790750220000,2.3139000,2.3139000,2.3037000,2.3073000,39913,1790750279999,92106.1357000,844,12909,29779.2549000,0
1790750280000,2.3075000,2.3109000,2.3069000,2.3109000,8392,1790750339999,19372.8266000,160,7098,16386.6815000,0
1790750340000,2.3104000,2.3104000,2.3071000,2.3095000,3201,1790750399999,7391.3102000,117,383,884.3007000,0
1790750400000,2.3095000,2.3124000,2.3062000,2.3106000,5948,1790750459999,13735.8284000,308,1364,3151.3594000,0
1790750460000,2.3107000,2.3126000,2.3066000,2.3080000,2715,1790750519999,6271.9426000,140,978,2259.5651000,0
1790750520000,2.3079000,2.3133000,2.3076000,2.3133000,2363,1790750579999,5459.9420000,139,2093,4836.1643000,0
1790750580000,2.3133000,2.3155000,2.3130000,2.3154000,2126,1790750639999,4920.2565000,114,1251,2895.3153000,0
1790750640000,2.3149000,2.3168000,2.3142000,2.3165000,1091,1790750699999,2526.8043000,81,887,2054.3523000,0
1790750700000,2.3166000,2.3166000,2.3101000,2.3125000,4652,1790750759999,10762.9440000,168,1116,2580.3087000,0
1790750760000,2.3125000,2.3134000,2.3103000,2.3111000,1026,1790750819999,2372.3407000,72,446,1031.1794000,0
1790750820000,2.3106000,2.3111000,2.3069000,2.3069000,3354,1790750879999,7744.4878000,127,363,837.8957000,0
1790750880000,2.3076000,2.3087000,2.3063000,2.3072000,1214,1790750939999,2801.3696000,70,559,1289.7258000,0
1790750940000,2.3076000,2.3112000,2.3076000,2.3109000,1034,1790750999999,2387.5590000,56,820,1893.4091000,0
1790751000000,2.3108000,2.3127000,2.3096000,2.3105000,2947,1790751059999,6811.7317000,137,976,2256.3553000,0
1790751060000,2.3106000,2.3128000,2.3104000,2.3128000,823,1790751119999,1902.0555000,49,771,1781.8909000,0
1790751120000,2.3130000,2.3142000,2.3088000,2.3112000,6813,1790751179999,15743.9668000,205,2938,6787.3325000,0
1790751180000,2.3105000,2.3110000,2.3078000,2.3100000,2396,1790751239999,5533.0129000,110,958,2212.5724000,0
1790751240000,2.3099000,2.3110000,2.3098000,2.3110000,812,1790751299999,1876.0775000,45,631,1457.9213000,0
1790751300000,2.3106000,2.3172000,2.3106000,2.3172000,4822,1790751359999,11154.2744000,141,3278,7584.2222000,0
1790751360000,2.3173000,2.3177000,2.3098000,2.3110000,12574,1790751419999,29112.4522000,181,688,1591.9972000,0
1790751420000,2.3106000,2.3135000,2.3101000,2.3135000,1204,1790751479999,2783.6889000,75,1054,2437.0161000,0
1790751480000,2.3126000,2.3140000,2.3124000,2.3128000,1293,1790751539999,2991.2023000,49,641,1482.7888000,0
1790751540000,2.3130000,2.3137000,2.3075000,2.3088000,2316,1790751599999,5349.1315000,147,887,2048.4831000,0
1790751600000,2.3083000,2.3086000,2.3064000,2.3082000,3004,1790751659999,6931.0150000,104,529,1220.7879000,0
1790751660000,2.3077000,2.3134000,2.3075000,2.3126000,3989,1790751719999,9213.8751000,164,3370,7783.6432000,0
1790751720000,2.3128000,2.3153000,2.3109000,2.3144000,13816,1790751779999,31950.2780000,272,2676,6192.8378000,0
1790751780000,2.3144000,2.3162000,2.3130000,2.3130000,5591,1790751839999,12942.5580000,147,1248,2889.1681000,0
1790751840000,2.3129000,2.3140000,2.3115000,2.3117000,1999,1790751899999,4622.7705000,102,1208,2793.7839000,0
1790751900000,2.3115000,2.3116000,2.3087000,2.3091000,1816,1790751959999,4194.7717000,122,752,1737.1517000,0
1790751960000,2.3091000,2.3092000,2.3041000,2.3080000,6504,1790752019999,14994.4487000,245,1203,2774.9776000,0
1790752020000,2.3080000,2.3102000,2.3070000,2.3086000,1155,1790752079999,2666.1776000,92,511,1179.6562000,0
1790752080000,2.3088000,2.3101000,2.3077000,2.3088000,2434,1790752139999,5620.2331000,118,1376,3177.3984000,0
1790752140000,2.3085000,2.3088000,2.3055000,2.3087000,2965,1790752199999,6841.5122000,151,2069,4774.2201000,0
1790752200000,2.3085000,2.3105000,2.3070000,2.3100000,1882,1790752259999,4344.2109000,87,1193,2754.3137000,0
1790752260000,2.3102000,2.3109000,2.3079000,2.3079000,766,1790752319999,1769.5729000,51,177,408.9400000,0
1790752320000,2.3079000,2.3087000,2.3064000,2.3074000,3539,1790752379999,8166.7725000,99,765,1765.4634000,0
1790752380000,2.3076000,2.3089000,2.3062000,2.3087000,1761,1790752439999,4064.2059000,127,1452,3351.3403000,0
1790752440000,2.3086000,2.3089000,2.3070000,2.3078000,871,1790752499999,2010.0551000,55,771,1779.2924000,0
1790752500000,2.3080000,2.3097000,2.3070000,2.3089000,1638,1790752559999,3781.7555000,91,1353,3123.8981000,0
1790752560000,2.3094000,2.3119000,2.3089000,2.3101000,2150,1790752619999,4968.7247000,108,1392,3217.4218000,0
1790752620000,2.3105000,2.3108000,2.3067000,2.3107000,2743,1790752679999,6333.4332000,155,1315,3036.7739000,0
1790752680000,2.3105000,2.3158000,2.3103000,2.3154000,3652,1790752739999,8446.3477000,141,3437,7948.6556000,0
1790752740000,2.3158000,2.3213000,2.3158000,2.3206000,21759,1790752799999,50476.3588000,237,20125,46687.5946000,0
1790752800000,2.3213000,2.3255000,2.3213000,2.3227000,3236,1790752859999,7519.0501000,207,1846,4289.3366000,0
1790752860000,2.3224000,2.3224000,2.3187000,2.3203000,4413,1790752919999,10240.6339000,188,1259,2921.8670000,0
1790752920000,2.3200000,2.3230000,2.3176000,2.3181000,3193,1790752979999,7409.7917000,203,1562,3625.8394000,0
1790752980000,2.3181000,2.3219000,2.3177000,2.3218000,3600,1790753039999,8354.2917000,119,2918,6772.3056000,0
1790753040000,2.3219000,2.3234000,2.3190000,2.3206000,12115,1790753099999,28118.1986000,183,6156,14282.3514000,0
1790753100000,2.3206000,2.3224000,2.3191000,2.3207000,1734,1790753159999,4024.0840000,109,624,1448.1506000,0
1790753160000,2.3220000,2.3248000,2.3196000,2.3199000,8243,1790753219999,19143.5603000,165,7198,16716.7154000,0
1790753220000,2.3199000,2.3201000,2.3170000,2.3170000,2373,1790753279999,5501.3717000,110,322,746.3303000,0
1790753280000,2.3170000,2.3170000,2.3147000,2.3147000,1149,1790753339999,2660.4193000,81,200,463.1084000,0
1790753340000,2.3146000,2.3150000,2.3126000,2.3150000,2207,1790753399999,5105.5565000,94,1297,3000.4973000,0
1790753400000,2.3148000,2.3182000,2.3135000,2.3182000,1640,1790753459999,3797.8255000,133,598,1385.1226000,0
1790753460000,2.3177000,2.3194000,2.3170000,2.3187000,1650,1790753519999,3825.3501000,83,588,1363.4422000,0
1790753520000,2.3188000,2.3204000,2.3154000,2.3158000,3702,1790753579999,8578.0754000,180,1620,3752.7930000,0
1790753580000,2.3159000,2.3170000,2.3148000,2.3157000,4632,1790753639999,10727.4016000,180,2550,5905.7093000,0
1790753640000,2.3155000,2.3161000,2.3144000,2.3160000,2453,1790753699999,5679.7480000,102,2095,4850.9159000,0
1790753700000,2.3160000,2.3205000,2.3160000,2.3204000,1629,1790753759999,3777.0306000,110,429,994.5218000,0
1790753760000,2.3204000,2.3244000,2.3204000,2.3244000,1334,1790753819999,3099.0055000,117,516,1198.4585000,0
1790753820000,2.3244000,2.3249000,2.3161000,2.3174000,30830,1790753879999,71498.1024000,409,7211,16710.3459000,0
1790753880000,2.3178000,2.3194000,2.3168000,2.3169000,4218,1790753939999,9779.9387000,85,3333,7728.1685000,0
1790753940000,2.3168000,2.3195000,2.3168000,2.3192000,4427,1790753999999,10261.1482000,128,3792,8788.8621000,0
1790754000000,2.3192000,2.3198000,2.3189000,2.3195000,652,1790754059999,1512.2560000,53,188,436.0474000,0
1790754060000,2.3193000,2.3197000,2.3170000,2.3193000,761,1790754119999,1764.4089000,81,471,1092.1631000,0
1790754120000,2.3193000,2.3193000,2.3172000,2.3177000,765,1790754179999,1773.4191000,54,327,758.0101000,0
1790754180000,2.3175000,2.3175000,2.3166000,2.3172000,1843,1790754239999,4270.1658000,76,1524,3530.9483000,0
1790754240000,2.3171000,2.3193000,2.3171000,2.3186000,1570,1790754299999,3639.5451000,80,1285,2978.8453000,0
1790754300000,2.3186000,2.3201000,2.3186000,2.3201000,555,1790754359999,1287.2439000,42,357,827.9158000,0
1790754360000,2.3201000,2.3204000,2.3156000,2.3156000,2735,1790754419999,6341.5917000,151,449,1041.5576000,0
1790754420000,2.3158000,2.3160000,2.3115000,2.3140000,7847,1790754479999,18153.3392000,265,1752,4052.3478000,0
1790754480000,2.3140000,2.3166000,2.3140000,2.3166000,948,1790754539999,2195.2106000,64,284,657.7023000,0
1790754540000,2.3166000,2.3203000,2.3161000,2.3203000,739,1790754599999,1713.0179000,72,428,992.3082000,0
1790754600000,2.3198000,2.3220000,2.3184000,2.3220000,1189,1790754659999,2758.6988000,88,844,1958.5173000,0
1790754660000,2.3219000,2.3236000,2.3207000,2.3221000,3320,1790754719999,7709.1798000,119,497,1154.2227000,0
1790754720000,2.3223000,2.3237000,2.3219000,2.3227000,2840,1790754779999,6597.2071000,73,603,1400.8940000,0
1790754780000,2.3226000,2.3250000,2.3223000,2.3225000,10188,1790754839999,23679.6179000,125,8743,20322.0139000,0
1790754840000,2.3224000,2.3224000,2.3202000,2.3202000,2655,1790754899999,6162.1337000,77,73,169.4067000,0
1790754900000,2.3201000,2.3201000,2.3176000,2.3178000,732,1790754959999,1697.7630000,45,70,162.3561000,0
1790754960000,2.3175000,2.3175000,2.3150000,2.3152000,896,1790755019999,2075.2080000,61,561,1299.3326000,0
1790755020000,2.3152000,2.3156000,2.3127000,2.3145000,2785,1790755079999,6445.4491000,122,1014,2346.9058000,0
1790755080000,2.3140000,2.3155000,2.3140000,2.3155000,533,1790755139999,1233.7870000,32,458,1060.1939000,0
1790755140000,2.3156000,2.3174000,2.3146000,2.3164000,1862,1790755199999,4312.2956000,105,425,984.3621000,0
1790755200000,2.3161000,2.3180000,2.3159000,2.3159000,1665,1790755259999,3857.5555000,99,538,1246.6026000,0
1790755260000,2.3161000,2.3175000,2.3145000,2.3158000,2864,1790755319999,6632.9016000,183,760,1760.3171000,0
1790755320000,2.3156000,2.3156000,2.3100000,2.3131000,7856,1790755379999,18166.2334000,304,2588,5982.9460000,0
1790755380000,2.3133000,2.3183000,2.3118000,2.3183000,3974,1790755439999,9196.7943000,181,1980,4584.5885000,0
1790755440000,2.3179000,2.3180000,2.3124000,2.3147000,3802,1790755499999,8800.9347000,188,1126,2605.9889000,0
1790755500000,2.3150000,2.3157000,2.3106000,2.3120000,4449,1790755559999,10295.2668000,196,2258,5226.5870000,0
1790755560000,2.3122000,2.3140000,2.3116000,2.3140000,1941,1790755619999,4489.8399000,106,749,1732.4542000,0
1790755620000,2.3139000,2.3139000,2.3094000,2.3094000,1517,1790755679999,3507.0048000,116,602,1391.8616000,0
1790755680000,2.3093000,2.3109000,2.3082000,2.3090000,2925,1790755739999,6755.2071000,135,2334,5390.6045000,0
1790755740000,2.3086000,2.3089000,2.3060000,2.3060000,2472,1790755799999,5705.3527000,135,1382,3190.1278000,0
1790755800000,2.3063000,2.3086000,2.3048000,2.3081000,5666,1790755859999,13070.2925000,214,3216,7419.3390000,0
1790755860000,2.3079000,2.3079000,2.3034000,2.3060000,4123,1790755919999,9502.2330000,186,1333,3071.8466000,0
1790755920000,2.3064000,2.3088000,2.3059000,2.3072000,4233,1790755979999,9768.7475000,132,2597,5994.0077000,0
1790755980000,2.3072000,2.3072000,2.3057000,2.3058000,2101,1790756039999,4844.6963000,58,168,387.4568000,0
1790756040000,2.3057000,2.3068000,2.3049000,2.3057000,655,1790756099999,1510.2520000,53,258,594.8596000,0
1790756100000,2.3064000,2.3084000,2.3035000,2.3084000,2952,1790756159999,6806.5530000,133,1157,2669.3143000,0
1790756160000,2.3082000,2.3109000,2.3082000,2.3102000,1676,1790756219999,3870.7738000,96,651,1503.6930000,0
1790756220000,2.3099000,2.3128000,2.3087000,2.3103000,4596,1790756279999,10621.2135000,219,3116,7201.3303000,0
1790756280000,2.3110000,2.3147000,2.3110000,2.3147000,2660,1790756339999,6151.9145000,79,2345,5423.6981000,0
1790756340000,2.3147000,2.3176000,2.3109000,2.3113000,4695,1790756399999,10866.2183000,199,1425,3300.2333000,0
1790756400000,2.3111000,2.3176000,2.3100000,2.3176000,4165,1790756459999,9633.2180000,147,3088,7141.0757000,0
1790756460000,2.3174000,2.3206000,2.3165000,2.3195000,21406,1790756519999,49617.2087000,225,2315,5366.4077000,0
1790756520000,2.3195000,2.3208000,2.3161000,2.3161000,2169,1790756579999,5030.6580000,111,274,635.7527000,0
1790756580000,2.3162000,2.3178000,2.3147000,2.3147000,668,1790756639999,1547.5024000,54,366,848.0532000,0
1790756640000,2.3145000,2.3145000,2.3096000,2.3141000,7925,1790756699999,18326.8483000,256,3601,8329.4858000,0
1790756700000,2.3144000,2.3149000,2.3129000,2.3131000,2257,1790756759999,5222.9164000,88,1429,3306.9873000,0
1790756760000,2.3131000,2.3140000,2.3117000,2.3139000,702,1790756819999,1623.0440000,63,295,682.0557000,0
1790756820000,2.3141000,2.3146000,2.3129000,2.3146000,696,1790756879999,1610.5084000,58,132,305.4591000,0
1790756880000,2.3145000,2.3145000,2.3114000,2.3136000,1607,1790756939999,3717.4861000,104,818,1892.0161000,0
1790756940000,2.3135000,2.3135000,2.3095000,2.3099000,5577,1790756999999,12883.5255000,116,491,1134.7183000,0
1790757000000,2.3097000,2.3097000,2.3075000,2.3075000,1505,1790757059999,3474.8184000,73,433,999.6824000,0
1790757060000,2.3074000,2.3075000,2.3045000,2.3055000,2274,1790757119999,5245.6138000,107,1354,3123.8942000,0
1790757120000,2.3053000,2.3066000,2.3031000,2.3050000,2328,1790757179999,5366.3449000,138,937,2160.2075000,0
1790757180000,2.3047000,2.3057000,2.3013000,2.3039000,5338,1790757239999,12296.4179000,272,1606,3701.9207000,0
1790757240000,2.3036000,2.3081000,2.3035000,2.3053000,2608,1790757299999,6013.8392000,128,1798,4145.5818000,0
1790757300000,2.3054000,2.3066000,2.3025000,2.3049000,1996,1790757359999,4599.5198000,139,511,1177.8808000,0
1790757360000,2.3047000,2.3056000,2.3037000,2.3051000,381,1790757419999,878.1658000,48,154,354.9970000,0
1790757420000,2.3047000,2.3082000,2.3046000,2.3071000,1447,1790757479999,3338.0355000,93,743,1713.8044000,0
1790757480000,2.3070000,2.3109000,2.3067000,2.3108000,2085,1790757539999,4816.0322000,87,1113,2570.0534000,0
1790757540000,2.3107000,2.3107000,2.3088000,2.3091000,793,1790757599999,1831.6369000,62,187,431.8354000,0
1790757600000,2.3091000,2.3092000,2.3080000,2.3087000,412,1790757659999,951.1252000,49,182,420.1499000,0
1790757660000,2.3088000,2.3088000,2.3055000,2.3070000,1383,1790757719999,3190.8796000,98,456,1051.8229000,0
1790757720000,2.3072000,2.3154000,2.3042000,2.3092000,61270,1790757779999,141614.7708000,447,48821,112846.5867000,0
1790757780000,2.3090000,2.3101000,2.3086000,2.3091000,1748,1790757839999,4036.3891000,60,720,1662.7277000,0
1790757840000,2.3090000,2.3103000,2.3086000,2.3097000,631,1790757899999,1457.4138000,33,164,378.7168000,0
1790757900000,2.3094000,2.3116000,2.3090000,2.3098000,1200,1790757959999,2773.0162000,65,636,1469.6723000,0
1790757960000,2.3097000,2.3160000,2.3094000,2.3160000,2426,1790758019999,5609.6099000,143,1834,4240.6708000,0
1790758020000,2.3158000,2.3204000,2.3153000,2.3192000,3540,1790758079999,8206.7368000,136,2581,5983.2754000,0
1790758080000,2.3194000,2.3254000,2.3192000,2.3244000,7377,1790758139999,17138.4366000,297,5438,12632.7607000,0
1790758140000,2.3245000,2.3293000,2.3244000,2.3266000,6660,1790758199999,15501.0053000,240,3907,9094.4231000,0
1790758200000,2.3270000,2.3307000,2.3270000,2.3304000,7459,1790758259999,17375.5402000,319,5439,12671.1788000,0
1790758260000,2.3300000,2.3305000,2.3237000,2.3282000,15627,1790758319999,36359.4070000,330,6798,15811.2821000,0
1790758320000,2.3285000,2.3312000,2.3256000,2.3256000,10917,1790758379999,25435.8479000,288,1904,4436.4282000,0
1790758380000,2.3258000,2.3272000,2.3250000,2.3262000,2094,1790758439999,4870.2210000,86,898,2088.8594000,0
1790758440000,2.3262000,2.3297000,2.3262000,2.3277000,4249,1790758499999,9892.6389000,200,1901,4426.9679000,0
1790758500000,2.3275000,2.3295000,2.3271000,2.3295000,2062,1790758559999,4800.5200000,122,1267,2949.8793000,0
1790758560000,2.3295000,2.3295000,2.3264000,2.3279000,1350,1790758619999,3142.1532000,97,748,1740.6453000,0
1790758620000,2.3274000,2.3278000,2.3257000,2.3271000,3734,1790758679999,8685.6651000,86,1225,2850.1393000,0
1790758680000,2.3269000,2.3300000,2.3267000,2.3283000,2579,1790758739999,6005.3798000,99,386,898.8537000,0
1790758740000,2.3289000,2.3289000,2.3218000,2.3234000,5381,1790758799999,12511.9860000,176,367,852.9716000,0
1790758800000,2.3231000,2.3251000,2.3199000,2.3227000,6601,1790758859999,15325.7539000,201,1499,3483.0060000,0
1790758860000,2.3226000,2.3310000,2.3221000,2.3288000,15425,1790758919999,35864.5119000,255,13829,32147.4787000,0
1790758920000,2.3288000,2.3288000,2.3242000,2.3274000,5590,1790758979999,13007.7959000,226,2964,6896.1213000,0
1790758980000,2.3274000,2.3285000,2.3258000,2.3263000,6276,1790759039999,14607.6529000,130,2499,5815.0398000,0
1790759040000,2.3269000,2.3315000,2.3265000,2.3315000,2944,1790759099999,6857.0791000,97,2745,6393.4800000,0
1790759100000,2.3316000,2.3323000,2.3293000,2.3293000,3554,1790759159999,8284.6368000,136,896,2088.1525000,0
1790759160000,2.3297000,2.3319000,2.3268000,2.3309000,2785,1790759219999,6486.8565000,187,1813,4223.3107000,0
1790759220000,2.3309000,2.3309000,2.3265000,2.3270000,1599,1790759279999,3723.0719000,92,139,323.6229000,0
1790759280000,2.3272000,2.3316000,2.3270000,2.3274000,6299,1790759339999,14668.0674000,208,5153,11998.2419000,0
1790759340000,2.3273000,2.3275000,2.3233000,2.3249000,4220,1790759399999,9812.9301000,204,3199,7439.1445000,0
1790759400000,2.3246000,2.3264000,2.3246000,2.3255000,3460,1790759459999,8046.7769000,131,2832,6586.3853000,0
1790759460000,2.3255000,2.3271000,2.3255000,2.3271000,1970,1790759519999,4582.6541000,89,1295,3012.2420000,0
1790759520000,2.3270000,2.3294000,2.3269000,2.3281000,2198,1790759579999,5118.1111000,86,557,1296.5427000,0
1790759580000,2.3282000,2.3310000,2.3282000,2.3309000,818,1790759639999,1906.0119000,67,363,845.8393000,0
1790759640000,2.3307000,2.3340000,2.3293000,2.3329000,6251,1790759699999,14582.8968000,165,5443,12700.0943000,0
1790759700000,2.3324000,2.3324000,2.3297000,2.3311000,2179,1790759759999,5079.5177000,89,92,214.4566000,0
1790759760000,2.3314000,2.3331000,2.3307000,2.3314000,3526,1790759819999,8222.2542000,182,2392,5577.9655000,0
1790759820000,2.3316000,2.3339000,2.3310000,2.3317000,3622,1790759879999,8448.4750000,130,654,1525.7233000,0
1790759880000,2.3316000,2.3317000,2.3306000,2.3307000,574,1790759939999,1338.0550000,55,275,641.0272000,0
1790759940000,2.3310000,2.3315000,2.3299000,2.3299000,1321,1790759999999,3078.5901000,61,148,345.0093000,0
1790760000000,2.3300000,2.3334000,2.3291000,2.3318000,3145,1790760059999,7333.7839000,131,2437,5683.7038000,0
1790760060000,2.3317000,2.3338000,2.3309000,2.3320000,684,1790760119999,1595.2104000,74,229,534.1136000,0
1790760120000,2.3320000,2.3327000,2.3298000,2.3299000,5036,1790760179999,11738.5026000,164,1035,2413.6676000,0
1790760180000,2.3298000,2.3337000,2.3297000,2.3322000,4920,1790760239999,11477.0242000,138,3741,8727.0905000,0
1790760240000,2.3324000,2.3353000,2.3309000,2.3350000,1931,1790760299999,4506.3683000,93,809,1888.4621000,0
1790760300000,2.3350000,2.3398000,2.3329000,2.3344000,4697,1790760359999,10977.3661000,282,2903,6785.6985000,0
1790760360000,2.3345000,2.3351000,2.3334000,2.3338000,183,1790760419999,427.1606000,38,75,175.0735000,0
1790760420000,2.3345000,2.3397000,2.3334000,2.3373000,11772,1790760479999,27518.6633000,209,11556,27014.4928000,0
1790760480000,2.3369000,2.3372000,2.3342000,2.3342000,4672,1790760539999,10913.8205000,160,2708,6326.6180000,0
1790760540000,2.3342000,2.3344000,2.3327000,2.3337000,1752,1790760599999,4088.4839000,46,126,293.9800000,0
1790760600000,2.3337000,2.3385000,2.3317000,2.3322000,7331,1790760659999,17121.1650000,302,2793,6520.1467000,0
1790760660000,2.3328000,2.3391000,2.3328000,2.3381000,4605,1790760719999,10755.0408000,219,3795,8862.9177000,0
1790760720000,2.3376000,2.3528000,2.3375000,2.3510000,28192,1790760779999,66169.9131000,726,23344,54799.2518000,0
1790760780000,2.3514000,2.3514000,2.3428000,2.3459000,12774,1790760839999,29968.9939000,421,3840,9009.4112000,0
1790760840000,2.3458000,2.3495000,2.3442000,2.3495000,22399,1790760899999,52585.9255000,406,20092,47173.1887000,0
1790760900000,2.3480000,2.3523000,2.3442000,2.3512000,12897,1790760959999,30297.6664000,304,10804,25388.8364000,0
1790760960000,2.3510000,2.3518000,2.3474000,2.3478000,4834,1790761019999,11358.1681000,208,1726,4056.6315000,0
1790761020000,2.3478000,2.3478000,2.3433000,2.3439000,3855,1790761079999,9042.0702000,134,1270,2977.5322000,0
1790761080000,2.3438000,2.3463000,2.3416000,2.3444000,11164,1790761139999,26165.6832000,332,10123,23726.7191000,0
1790761140000,2.3442000,2.3461000,2.3428000,2.3442000,6755,1790761199999,15836.1029000,240,4528,10615.9003000,0
1790761200000,2.3440000,2.3652000,2.3436000,2.3556000,44175,1790761259999,104029.9776000,1290,26742,62952.7700000,0
1790761260000,2.3542000,2.3581000,2.3535000,2.3553000,5986,1790761319999,14103.5426000,224,2511,5915.7742000,0
1790761320000,2.3553000,2.3621000,2.3541000,2.3593000,12396,1790761379999,29235.8114000,411,6594,15552.7367000,0
1790761380000,2.3593000,2.3605000,2.3557000,2.3579000,18288,1790761439999,43108.8511000,304,15105,35602.5234000,0
1790761440000,2.3577000,2.3577000,2.3548000,2.3553000,2805,1790761499999,6610.2339000,104,286,673.8547000,0
1790761500000,2.3548000,2.3548000,2.3511000,2.3514000,3686,1790761559999,8672.4497000,201,2033,4783.5673000,0
1790761560000,2.3511000,2.3633000,2.3510000,2.3618000,10368,1790761619999,24426.5326000,286,9912,23350.3057000,0
1790761620000,2.3620000,2.3627000,2.3554000,2.3564000,9201,1790761679999,21711.7051000,261,1410,3327.9356000,0
1790761680000,2.3564000,2.3574000,2.3527000,2.3555000,9877,1790761739999,23267.2234000,172,4293,10110.0929000,0
1790761740000,2.3553000,2.3579000,2.3530000,2.3559000,5774,1790761799999,13601.2853000,182,2998,7061.2267000,0
1790761800000,2.3556000,2.3556000,2.3534000,2.3543000,1214,1790761859999,2858.1596000,92,417,981.7443000,0
1790761860000,2.3543000,2.3568000,2.3540000,2.3548000,7422,1790761919999,17479.0984000,127,5538,13041.1783000,0
1790761920000,2.3547000,2.3551000,2.3518000,2.3520000,5738,1790761979999,13506.7810000,109,901,2120.1067000,0
1790761980000,2.3518000,2.3525000,2.3484000,2.3493000,5543,1790762039999,13024.4216000,132,1874,4402.5842000,0
1790762040000,2.3490000,2.3497000,2.3483000,2.3492000,7716,1790762099999,18123.0162000,70,6893,16189.7983000,0
1790762100000,2.3489000,2.3513000,2.3483000,2.3483000,4041,1790762159999,9496.2030000,115,1901,4467.7948000,0
1790762160000,2.3485000,2.3494000,2.3467000,2.3482000,3860,1790762219999,9063.7183000,133,2157,5065.2884000,0
1790762220000,2.3483000,2.3483000,2.3462000,2.3478000,3823,1790762279999,8973.2398000,86,2592,6083.6393000,0
1790762280000,2.3478000,2.3481000,2.3447000,2.3463000,3259,1790762339999,7644.5540000,93,119,279.2164000,0
1790762340000,2.3462000,2.3477000,2.3462000,2.3469000,1960,1790762399999,4599.5100000,57,1524,3576.2753000,0
1790762400000,2.3470000,2.3501000,2.3467000,2.3485000,3757,1790762459999,8822.4893000,159,1082,2540.5456000,0
1790762460000,2.3482000,2.3506000,2.3468000,2.3477000,5067,1790762519999,11900.8421000,187,2422,5689.0695000,0
1790762520000,2.3477000,2.3477000,2.3437000,2.3448000,4327,1790762579999,10148.9473000,197,1568,3677.4125000,0
1790762580000,2.3452000,2.3452000,2.3429000,2.3447000,6354,1790762639999,14895.2953000,164,2352,5514.1679000,0
1790762640000,2.3445000,2.3475000,2.3445000,2.3459000,2911,1790762699999,6827.9680000,112,2083,4885.0621000,0
1790762700000,2.3458000,2.3506000,2.3457000,2.3506000,3012,1790762759999,7072.7872000,171,2706,6353.9314000,0
1790762760000,2.3506000,2.3512000,2.3485000,2.3492000,1062,1790762819999,2495.5234000,61,281,660.2193000,0
1790762820000,2.3489000,2.3494000,2.3470000,2.3478000,4189,1790762879999,9834.7746000,90,3557,8350.6671000,0
1790762880000,2.3479000,2.3481000,2.3473000,2.3476000,2007,1790762939999,4711.6237000,64,1283,3011.9680000,0
1790762940000,2.3476000,2.3478000,2.3458000,2.3458000,2554,1790762999999,5994.9615000,102,1577,3701.7477000,0
1790763000000,2.3458000,2.3458000,2.3438000,2.3445000,1917,1790763059999,4494.3736000,93,1310,3071.2372000,0
1790763060000,2.3439000,2.3457000,2.3427000,2.3457000,3425,1790763119999,8027.6650000,133,1551,3636.3595000,0
1790763120000,2.3456000,2.3461000,2.3455000,2.3455000,486,1790763179999,1140.0241000,36,287,673.2263000,0
1790763180000,2.3451000,2.3459000,2.3436000,2.3440000,1670,1790763239999,3916.1364000,65,901,2112.4838000,0
1790763240000,2.3440000,2.3455000,2.3423000,2.3435000,2350,1790763299999,5509.9710000,94,1664,3902.1124000,0
1790763300000,2.3430000,2.3437000,2.3407000,2.3426000,2469,1790763359999,5783.2982000,152,914,2141.3623000,0
1790763360000,2.3427000,2.3427000,2.3402000,2.3427000,1638,1790763419999,3834.8429000,94,261,611.4082000,0
1790763420000,2.3430000,2.3437000,2.3420000,2.3427000,611,1790763479999,1431.4678000,52,314,735.5816000,0
1790763480000,2.3421000,2.3425000,2.3408000,2.3408000,1581,1790763539999,3702.8223000,54,831,1946.2518000,0
1790763540000,2.3412000,2.3443000,2.3412000,2.3439000,1456,1790763599999,3412.3305000,64,1050,2460.7202000,0
1790763600000,2.3439000,2.3479000,2.3437000,2.3474000,768,1790763659999,1802.1542000,77,409,959.4211000,0
1790763660000,2.3479000,2.3520000,2.3479000,2.3492000,2422,1790763719999,5692.8056000,131,1439,3382.5479000,0
1790763720000,2.3492000,2.3493000,2.3436000,2.3445000,1810,1790763779999,4247.9224000,108,314,736.5000000,0
1790763780000,2.3444000,2.3479000,2.3444000,2.3454000,3333,1790763839999,7819.7964000,160,2317,5436.3378000,0
1790763840000,2.3450000,2.3450000,2.3435000,2.3447000,4119,1790763899999,9656.5033000,99,1016,2382.0586000,0
1790763900000,2.3446000,2.3471000,2.3443000,2.3463000,973,1790763959999,2281.6773000,54,615,1442.3021000,0
1790763960000,2.3461000,2.3476000,2.3461000,2.3476000,360,1790764019999,844.8931000,29,73,171.3362000,0
1790764020000,2.3474000,2.3480000,2.3438000,2.3453000,4921,1790764079999,11545.2681000,153,689,1615.9710000,0
1790764080000,2.3452000,2.3461000,2.3444000,2.3460000,339,1790764139999,794.9073000,50,245,574.4919000,0
1790764140000,2.3461000,2.3464000,2.3460000,2.3460000,327,1790764199999,767.1693000,27,97,227.5808000,0
1790764200000,2.3452000,2.3473000,2.3452000,2.3471000,1235,1790764259999,2897.4682000,65,1189,2789.5460000,0
1790764260000,2.3471000,2.3512000,2.3471000,2.3512000,3454,1790764319999,8117.0440000,164,2497,5868.3807000,0
1790764320000,2.3511000,2.3538000,2.3511000,2.3530000,4267,1790764379999,10039.5359000,185,2708,6371.2650000,0
1790764380000,2.3525000,2.3526000,2.3505000,2.3511000,2348,1790764439999,5520.6398000,95,1648,3874.6915000,0
1790764440000,2.3513000,2.3521000,2.3501000,2.3521000,1254,1790764499999,2947.8311000,78,1134,2665.7652000,0
1790764500000,2.3523000,2.3561000,2.3522000,2.3559000,3624,1790764559999,8531.6117000,188,3075,7239.7482000,0
1790764560000,2.3555000,2.3555000,2.3523000,2.3524000,1162,1790764619999,2735.1199000,90,651,1532.4011000,0
1790764620000,2.3527000,2.3537000,2.3505000,2.3527000,2155,1790764679999,5068.2091000,102,1757,4132.1187000,0
1790764680000,2.3524000,2.3525000,2.3509000,2.3513000,2452,1790764739999,5767.1197000,112,2261,5318.0002000,0
1790764740000,2.3510000,2.3516000,2.3493000,2.3494000,4266,1790764799999,10025.9764000,157,1923,4519.8303000,0
1790764800000,2.3496000,2.3500000,2.3478000,2.3485000,2583,1790764859999,6067.6150000,100,481,1129.9702000,0
1790764860000,2.3484000,2.3499000,2.3484000,2.3489000,712,1790764919999,1672.3546000,45,645,1514.9544000,0
1790764920000,2.3489000,2.3505000,2.3482000,2.3489000,2217,1790764979999,5208.7286000,138,1578,3707.7762000,0
1790764980000,2.3488000,2.3489000,2.3480000,2.3489000,776,1790765039999,1822.4938000,37,164,385.1413000,0
1790765040000,2.3489000,2.3501000,2.3489000,2.3497000,2073,1790765099999,4870.9429000,41,1269,2981.5519000,0
1790765100000,2.3495000,2.3495000,2.3472000,2.3480000,1131,1790765159999,2655.8832000,63,152,356.8886000,0
1790765160000,2.3475000,2.3475000,2.3467000,2.3469000,244,1790765219999,572.6852000,31,51,119.6985000,0
1790765220000,2.3465000,2.3465000,2.3418000,2.3445000,14295,1790765279999,33491.4439000,239,747,1751.4506000,0
1790765280000,2.3444000,2.3472000,2.3443000,2.3465000,1105,1790765339999,2592.5072000,67,411,964.2089000,0
1790765340000,2.3467000,2.3494000,2.3467000,2.3478000,2124,1790765399999,4987.3648000,122,1149,2698.3189000,0
1790765400000,2.3477000,2.3525000,2.3473000,2.3510000,7546,1790765459999,17740.3572000,204,4032,9479.6895000,0
1790765460000,2.3514000,2.3525000,2.3503000,2.3518000,1102,1790765519999,2591.4297000,85,668,1570.9921000,0
1790765520000,2.3518000,2.3535000,2.3518000,2.3529000,684,1790765579999,1609.0414000,58,492,1157.4422000,0
1790765580000,2.3529000,2.3571000,2.3518000,2.3553000,8468,1790765639999,19938.1502000,180,7357,17322.7653000,0
1790765640000,2.3549000,2.3597000,2.3549000,2.3569000,4927,1790765699999,11617.2704000,201,3958,9333.1462000,0
1790765700000,2.3566000,2.3566000,2.3506000,2.3514000,4821,1790765759999,11346.2548000,209,2240,5271.0734000,0
1790765760000,2.3516000,2.3520000,2.3491000,2.3518000,5304,1790765819999,12464.7687000,155,1169,2747.7140000,0
1790765820000,2.3505000,2.3535000,2.3500000,2.3524000,2063,1790765879999,4853.6889000,60,777,1828.1317000,0
1790765880000,2.3523000,2.3525000,2.3509000,2.3510000,624,1790765939999,1467.2983000,49,278,653.7001000,0
1790765940000,2.3509000,2.3511000,2.3503000,2.3511000,1472,1790765999999,3460.6287000,34,255,599.5004000,0
1790766000000,2.3509000,2.3511000,2.3437000,2.3437000,8698,1790766059999,20410.9567000,243,989,2321.0968000,0
1790766060000,2.3435000,2.3441000,2.3390000,2.3432000,8551,1790766119999,20016.4430000,348,3631,8504.2123000,0
1790766120000,2.3416000,2.3449000,2.3407000,2.3429000,2605,1790766179999,6103.3534000,160,1087,2546.1873000,0
1790766180000,2.3431000,2.3490000,2.3431000,2.3489000,3750,1790766239999,8797.0493000,146,3340,7835.7850000,0
1790766240000,2.3489000,2.3515000,2.3473000,2.3499000,3414,1790766299999,8023.1841000,139,2367,5563.6912000,0
1790766300000,2.3495000,2.3514000,2.3479000,2.3479000,2170,1790766359999,5097.0397000,104,169,397.2249000,0
1790766360000,2.3476000,2.3476000,2.3434000,2.3443000,2783,1790766419999,6524.0906000,102,36,84.4861000,0
1790766420000,2.3445000,2.3447000,2.3432000,2.3445000,2860,1790766479999,6703.1194000,90,1915,4488.0320000,0
1790766480000,2.3445000,2.3514000,2.3444000,2.3499000,7199,1790766539999,16909.7895000,242,6662,15648.0044000,0
1790766540000,2.3496000,2.3514000,2.3474000,2.3481000,3578,1790766599999,8404.7032000,143,1054,2476.8429000,0
1790766600000,2.3481000,2.3481000,2.3460000,2.3462000,2081,1790766659999,4882.9940000,61,34,79.7999000,0
1790766660000,2.3465000,2.3489000,2.3465000,2.3488000,1447,1790766719999,3396.9376000,98,1229,2885.1404000,0
1790766720000,2.3488000,2.3542000,2.3488000,2.3542000,2345,1790766779999,5513.0810000,162,2200,5172.3922000,0
1790766780000,2.3542000,2.3567000,2.3542000,2.3561000,1400,1790766839999,3298.3767000,110,468,1102.3429000,0
1790766840000,2.3561000,2.3566000,2.3533000,2.3551000,2671,1790766899999,6289.5152000,161,1760,4144.0017000,0
1790766900000,2.3547000,2.3547000,2.3530000,2.3530000,1315,1790766959999,3095.7525000,72,644,1516.1276000,0
1790766960000,2.3526000,2.3526000,2.3488000,2.3508000,3358,1790767019999,7893.4003000,127,686,1612.5130000,0
1790767020000,2.3508000,2.3508000,2.3458000,2.3467000,5178,1790767079999,12157.6023000,130,717,1682.6702000,0
1790767080000,2.3465000,2.3488000,2.3456000,2.3488000,3611,1790767139999,8472.5536000,99,3382,7935.2330000,0
1790767140000,2.3487000,2.3505000,2.3457000,2.3463000,1834,1790767199999,4306.2034000,117,590,1385.3549000,0
1790767200000,2.3455000,2.3461000,2.3431000,2.3435000,2987,1790767259999,7003.0582000,123,1154,2705.8486000,0
1790767260000,2.3437000,2.3462000,2.3420000,2.3456000,2747,1790767319999,6438.1405000,160,792,1857.3784000,0
1790767320000,2.3456000,2.3479000,2.3443000,2.3479000,601,1790767379999,1409.8159000,94,359,842.3518000,0
1790767380000,2.3480000,2.3573000,2.3480000,2.3565000,5492,1790767439999,12917.8353000,222,4903,11531.7023000,0
1790767440000,2.3564000,2.3570000,2.3540000,2.3540000,2304,1790767499999,5429.2080000,83,1530,3605.4105000,0
1790767500000,2.3541000,2.3546000,2.3527000,2.3533000,2131,1790767559999,5015.6817000,112,798,1878.3848000,0
1790767560000,2.3536000,2.3536000,2.3506000,2.3518000,1489,1790767619999,3502.4092000,92,775,1823.2718000,0
1790767620000,2.3514000,2.3524000,2.3504000,2.3518000,506,1790767679999,1189.8001000,44,379,891.2390000,0
1790767680000,2.3515000,2.3551000,2.3514000,2.3550000,880,1790767739999,2071.5678000,97,481,1131.9646000,0
1790767740000,2.3550000,2.3578000,2.3550000,2.3554000,2274,1790767799999,5358.7637000,125,2156,5080.7853000,0
1790767800000,2.3556000,2.3556000,2.3526000,2.3544000,3602,1790767859999,8477.2914000,99,1421,3344.1736000,0
1790767860000,2.3540000,2.3543000,2.3506000,2.3506000,2063,1790767919999,4854.2756000,121,867,2040.5186000,0
1790767920000,2.3505000,2.3533000,2.3495000,2.3514000,6572,1790767979999,15451.7841000,234,3322,7813.0041000,0
1790767980000,2.3514000,2.3514000,2.3484000,2.3497000,3080,1790768039999,7236.1272000,123,971,2281.3614000,0
1790768040000,2.3498000,2.3521000,2.3496000,2.3514000,671,1790768099999,1577.4232000,53,424,996.7036000,0
1790768100000,2.3514000,2.3544000,2.3511000,2.3544000,1495,1790768159999,3518.1754000,55,957,2252.1450000,0
1790768160000,2.3540000,2.3541000,2.3516000,2.3540000,1923,1790768219999,4524.1790000,83,1232,2898.2749000,0
1790768220000,2.3540000,2.3575000,2.3536000,2.3546000,3710,1790768279999,8739.8021000,129,2451,5773.9314000,0
1790768280000,2.3548000,2.3563000,2.3539000,2.3550000,1535,1790768339999,3614.2676000,63,358,843.0665000,0
1790768340000,2.3548000,2.3548000,2.3520000,2.3537000,4969,1790768399999,11691.5553000,154,3155,7423.9728000,0
1790768400000,2.3538000,2.3592000,2.3534000,2.3592000,2953,1790768459999,6956.6007000,108,1929,4546.0730000,0
1790768460000,2.3592000,2.3610000,2.3577000,2.3582000,2957,1790768519999,6978.1896000,81,2207,5208.6400000,0
1790768520000,2.3582000,2.3588000,2.3557000,2.3567000,3986,1790768579999,9394.1889000,93,1708,4024.3672000,0
1790768580000,2.3568000,2.3592000,2.3557000,2.3592000,1244,1790768639999,2932.5743000,70,1036,2442.4652000,0
1790768640000,2.3590000,2.3617000,2.3577000,2.3588000,3926,1790768699999,9266.3651000,164,1950,4602.3103000,0
1790768700000,2.3594000,2.3611000,2.3586000,2.3604000,753,1790768759999,1777.1293000,63,609,1437.3179000,0
1790768760000,2.3598000,2.3625000,2.3586000,2.3586000,3643,1790768819999,8598.6199000,160,1694,3999.1456000,0
1790768820000,2.3584000,2.3590000,2.3512000,2.3572000,15928,1790768879999,37509.5474000,385,3664,8631.6082000,0
1790768880000,2.3567000,2.3572000,2.3549000,2.3549000,2673,1790768939999,6298.3934000,105,1042,2455.6314000,0
1790768940000,2.3544000,2.3560000,2.3528000,2.3549000,2951,1790768999999,6947.3838000,113,2079,4894.8166000,0
1790769000000,2.3545000,2.3575000,2.3545000,2.3556000,1288,1790769059999,3034.5802000,78,527,1241.4348000,0
1790769060000,2.3549000,2.3567000,2.3549000,2.3567000,4433,1790769119999,10444.8338000,70,3067,7226.3742000,0
1790769120000,2.3563000,2.3576000,2.3544000,2.3548000,9728,1790769179999,22924.1003000,125,5731,13507.9632000,0
1790769180000,2.3549000,2.3567000,2.3546000,2.3566000,1421,1790769239999,3348.2153000,53,667,1571.3631000,0
1790769240000,2.3560000,2.3562000,2.3549000,2.3559000,1804,1790769299999,4249.6679000,89,1647,3879.8526000,0
1790769300000,2.3561000,2.3562000,2.3548000,2.3548000,645,1790769359999,1519.3656000,29,209,492.4161000,0
1790769360000,2.3544000,2.3551000,2.3530000,2.3534000,718,1790769419999,1689.9139000,40,96,225.9489000,0
1790769420000,2.3532000,2.3557000,2.3531000,2.3536000,1585,1790769479999,3731.6667000,62,928,2185.1088000,0
1790769480000,2.3535000,2.3541000,2.3515000,2.3533000,4249,1790769539999,9995.8177000,94,721,1696.7033000,0
1790769540000,2.3537000,2.3576000,2.3535000,2.3576000,1256,1790769599999,2958.6631000,74,991,2334.6615000,0
1790769600000,2.3576000,2.3587000,2.3559000,2.3587000,854,1790769659999,2013.0809000,68,567,1336.5840000,0
1790769660000,2.3588000,2.3596000,2.3564000,2.3575000,2244,1790769719999,5292.0069000,149,1039,2450.2142000,0
1790769720000,2.3572000,2.3605000,2.3560000,2.3582000,8796,1790769779999,20742.8671000,175,7781,18348.4725000,0
1790769780000,2.3581000,2.3588000,2.3558000,2.3577000,3252,1790769839999,7666.0711000,162,2035,4797.3794000,0
1790769840000,2.3574000,2.3607000,2.3574000,2.3589000,2818,1790769899999,6646.9453000,132,1897,4474.7280000,0
1790769900000,2.3590000,2.3593000,2.3554000,2.3554000,3313,1790769959999,7809.2968000,109,207,488.0710000,0
1790769960000,2.3558000,2.3560000,2.3551000,2.3555000,9847,1790770019999,23191.2385000,132,572,1347.4726000,0
1790770020000,2.3554000,2.3565000,2.3550000,2.3563000,8400,1790770079999,19783.4721000,103,1622,3820.5947000,0
1790770080000,2.3557000,2.3562000,2.3501000,2.3520000,60285,1790770139999,141932.5438000,284,7258,17065.1479000,0
1790770140000,2.3519000,2.3560000,2.3508000,2.3545000,7977,1790770199999,18769.8693000,259,5887,13850.9648000,0
1790770200000,2.3546000,2.3560000,2.3539000,2.3545000,1207,1790770259999,2841.9755000,96,761,1791.8628000,0
1790770260000,2.3548000,2.3562000,2.3548000,2.3550000,1018,1790770319999,2398.2129000,50,285,671.3506000,0
1790770320000,2.3545000,2.3576000,2.3527000,2.3547000,19230,1790770379999,45295.4157000,478,10626,25033.4237000,0
1790770380000,2.3552000,2.3575000,2.3551000,2.3551000,2052,1790770439999,4835.3230000,88,695,1637.7556000,0
1790770440000,2.3552000,2.3564000,2.3543000,2.3557000,1915,1790770499999,4510.0457000,87,346,815.0535000,0
1790770500000,2.3557000,2.3557000,2.3481000,2.3494000,3674,1790770559999,8638.7214000,239,604,1419.0629000,0
1790770560000,2.3495000,2.3495000,2.3451000,2.3490000,10058,1790770619999,23601.0186000,269,4628,10858.9126000,0
1790770620000,2.3493000,2.3510000,2.3475000,2.3510000,3160,1790770679999,7425.4229000,152,1945,4571.1288000,0
1790770680000,2.3510000,2.3510000,2.3490000,2.3494000,976,1790770739999,2293.8906000,45,265,622.5644000,0
1790770740000,2.3493000,2.3510000,2.3492000,2.3499000,683,1790770799999,1605.0813000,74,353,829.5398000,0
1790770800000,2.3496000,2.3496000,2.3449000,2.3449000,2821,1790770859999,6624.0864000,131,484,1136.0825000,0
1790770860000,2.3452000,2.3477000,2.3452000,2.3473000,1260,1790770919999,2956.2918000,93,631,1480.5307000,0
1790770920000,2.3471000,2.3519000,2.3471000,2.3519000,2555,1790770979999,6005.1771000,149,1872,4399.7434000,0
1790770980000,2.3518000,2.3526000,2.3462000,2.3464000,1733,1790771039999,4072.7899000,109,514,1208.6454000,0
1790771040000,2.3462000,2.3517000,2.3450000,2.3512000,3208,1790771099999,7534.5616000,175,1863,4376.3294000,0
1790771100000,2.3512000,2.3529000,2.3482000,2.3485000,2283,1790771159999,5367.6573000,156,774,1820.5731000,0
1790771160000,2.3486000,2.3498000,2.3475000,2.3493000,836,1790771219999,1963.5032000,95,359,843.3730000,0
1790771220000,2.3490000,2.3513000,2.3484000,2.3513000,1997,1790771279999,4693.3702000,150,890,2091.7152000,0
1790771280000,2.3512000,2.3524000,2.3500000,2.3521000,971,1790771339999,2282.7613000,56,330,775.9642000,0
1790771340000,2.3519000,2.3583000,2.3504000,2.3563000,6732,1790771399999,15851.3604000,292,3624,8536.4176000,0
1790771400000,2.3562000,2.3738000,2.3523000,2.3732000,46191,1790771459999,109192.5368000,1333,23738,56102.5408000,0
1790771460000,2.3734000,2.3882000,2.3733000,2.3859000,28273,1790771519999,67294.9137000,942,20609,49052.1909000,0
1790771520000,2.3860000,2.3909000,2.3826000,2.3864000,32399,1790771579999,77320.3238000,739,15752,37590.5785000,0
1790771580000,2.3869000,2.3929000,2.3801000,2.3907000,68674,1790771639999,163963.0096000,1142,43527,103916.4522000,0
1790771640000,2.3910000,2.4013000,2.3904000,2.3986000,38614,1790771699999,92522.3258000,979,17790,42634.9554000,0
1790771700000,2.3992000,2.4061000,2.3980000,2.4052000,42393,1790771759999,101866.6969000,658,12596,30268.8716000,0
1790771760000,2.4047000,2.4047000,2.3948000,2.3969000,30504,1790771819999,73198.8927000,588,7869,18875.8494000,0
1790771820000,2.3961000,2.3967000,2.3902000,2.3932000,27807,1790771879999,66521.2721000,481,17257,41284.3133000,0
1790771880000,2.3927000,2.3955000,2.3909000,2.3933000,13911,1790771939999,33287.5626000,325,9477,22673.2387000,0
1790771940000,2.3932000,2.3979000,2.3927000,2.3955000,6399,1790771999999,15323.8664000,319,4525,10836.1434000,0
1790772000000,2.3956000,2.4033000,2.3956000,2.4015000,16112,1790772059999,38665.7510000,537,7476,17943.2677000,0
1790772060000,2.4014000,2.4024000,2.3987000,2.3995000,6328,1790772119999,15193.0610000,277,2116,5081.3274000,0
1790772120000,2.3995000,2.4005000,2.3908000,2.3919000,28225,1790772179999,67583.6177000,539,9749,23349.0203000,0
1790772180000,2.3922000,2.3943000,2.3858000,2.3871000,17601,1790772239999,42057.2478000,477,8822,21084.9582000,0
1790772240000,2.3866000,2.3883000,2.3780000,2.3816000,51469,1790772299999,122645.3732000,709,16541,39401.0436000,0
1790772300000,2.3816000,2.3904000,2.3808000,2.3886000,11637,1790772359999,27761.1737000,363,9562,22809.6596000,0
1790772360000,2.3887000,2.3899000,2.3827000,2.3835000,16358,1790772419999,39030.5286000,699,5873,14016.0363000,0
1790772420000,2.3836000,2.3840000,2.3704000,2.3782000,23981,1790772479999,56946.6427000,801,7151,16997.7356000,0
1790772480000,2.3785000,2.3859000,2.3756000,2.3838000,21465,1790772539999,51137.7940000,501,11114,26479.7058000,0
1790772540000,2.3838000,2.3880000,2.3806000,2.3862000,16012,1790772599999,38192.7672000,579,11470,27356.7396000,0
1790772600000,2.3859000,2.3912000,2.3851000,2.3910000,5702,1790772659999,13624.1490000,275,3006,7182.6636000,0
1790772660000,2.3908000,2.3953000,2.3889000,2.3937000,11254,1790772719999,26917.3554000,269,2736,6545.6477000,0
1790772720000,2.3937000,2.4012000,2.3933000,2.3956000,21317,1790772779999,51103.7683000,466,13047,31283.6287000,0
1790772780000,2.3952000,2.3961000,2.3928000,2.3945000,9234,1790772839999,22113.6748000,237,7937,19007.5912000,0
1790772840000,2.3941000,2.3983000,2.3936000,2.3983000,3212,1790772899999,7696.4613000,153,1259,3017.1719000,0
1790772900000,2.3985000,2.4017000,2.3985000,2.4006000,8078,1790772959999,19383.8399000,224,3489,8375.0661000,0
1790772960000,2.4015000,2.4017000,2.3959000,2.3976000,6780,1790773019999,16263.7622000,387,1615,3872.6743000,0
1790773020000,2.3979000,2.4012000,2.3970000,2.4010000,9317,1790773079999,22360.5735000,277,3947,9472.3762000,0
1790773080000,2.4011000,2.4014000,2.3975000,2.3998000,13443,1790773139999,32261.5386000,527,5238,12571.0569000,0
1790773140000,2.4000000,2.4007000,2.3976000,2.4006000,9576,1790773199999,22977.5247000,321,2751,6600.7882000,0
1790773200000,2.4006000,2.4029000,2.3976000,2.3983000,17279,1790773259999,41470.0497000,609,5025,12061.7917000,0
1790773260000,2.3983000,2.3985000,2.3959000,2.3966000,19444,1790773319999,46615.9368000,268,12710,30474.4733000,0
1790773320000,2.3961000,2.3984000,2.3942000,2.3976000,13336,1790773379999,31954.7751000,374,5627,13485.0862000,0
1790773380000,2.3977000,2.4012000,2.3947000,2.4009000,9114,1790773439999,21851.7914000,354,5043,12092.7427000,0
1790773440000,2.4012000,2.4065000,2.4011000,2.4059000,6626,1790773499999,15930.2583000,325,2967,7132.9351000,0
1790773500000,2.4059000,2.4098000,2.4058000,2.4092000,17107,1790773559999,41191.4398000,567,10675,25705.9177000,0
1790773560000,2.4092000,2.4187000,2.4079000,2.4146000,23272,1790773619999,56217.4027000,534,18974,45841.4482000,0
1790773620000,2.4150000,2.4159000,2.4074000,2.4074000,11484,1790773679999,27692.2341000,355,1322,3189.1656000,0
1790773680000,2.4078000,2.4156000,2.4050000,2.4144000,35031,1790773739999,84434.5084000,936,15367,37069.6009000,0
1790773740000,2.4147000,2.4260000,2.4141000,2.4223000,47595,1790773799999,115176.3681000,822,30051,72731.6629000,0
1790773800000,2.4227000,2.4229000,2.4156000,2.4165000,12574,1790773859999,30409.4980000,323,2293,5544.9579000,0
1790773860000,2.4162000,2.4222000,2.4142000,2.4210000,8424,1790773919999,20375.4966000,313,3452,8347.4206000,0
1790773920000,2.4207000,2.4211000,2.4147000,2.4185000,11259,1790773979999,27235.5859000,303,2887,6982.3386000,0
1790773980000,2.4176000,2.4177000,2.4093000,2.4104000,14127,1790774039999,34079.9688000,417,4049,9766.0375000,0
1790774040000,2.4102000,2.4107000,2.4055000,2.4071000,10351,1790774099999,24920.0978000,388,4687,11285.0997000,0
1790774100000,2.4073000,2.4099000,2.4071000,2.4089000,1577,1790774159999,3797.8426000,145,1167,2810.3665000,0
1790774160000,2.4089000,2.4115000,2.4085000,2.4107000,5299,1790774219999,12771.8893000,250,3831,9234.1290000,0
1790774220000,2.4104000,2.4105000,2.4029000,2.4057000,10723,1790774279999,25778.8035000,317,2240,5386.1398000,0
1790774280000,2.4059000,2.4061000,2.3985000,2.4033000,44930,1790774339999,107909.1836000,621,14336,34431.1315000,0
1790774340000,2.4031000,2.4034000,2.3985000,2.4000000,9469,1790774399999,22731.0066000,366,2199,5279.6816000,0
1790774400000,2.4000000,2.4054000,2.3996000,2.4030000,10766,1790774459999,25854.5663000,230,8519,20454.1409000,0
1790774460000,2.4034000,2.4038000,2.4000000,2.4025000,3974,1790774519999,9544.1658000,166,965,2318.0643000,0
1790774520000,2.4021000,2.4069000,2.4020000,2.4029000,4039,1790774579999,9715.1441000,195,2876,6918.7487000,0
1790774580000,2.4029000,2.4043000,2.4017000,2.4026000,11575,1790774639999,27814.6536000,146,5093,12238.1961000,0
1790774640000,2.4026000,2.4044000,2.4021000,2.4044000,2299,1790774699999,5525.2289000,94,1278,3071.0892000,0
1790774700000,2.4046000,2.4048000,2.3967000,2.4006000,28278,1790774759999,67865.2463000,489,2957,7098.4334000,0
1790774760000,2.4008000,2.4040000,2.3994000,2.4040000,4291,1790774819999,10304.2899000,199,2141,5143.0028000,0
1790774820000,2.4041000,2.4046000,2.3933000,2.3954000,25943,1790774879999,62250.0891000,1353,5465,13117.2044000,0
1790774880000,2.3954000,2.3963000,2.3882000,2.3902000,9869,1790774939999,23597.7776000,404,2985,7137.8528000,0
1790774940000,2.3904000,2.3938000,2.3898000,2.3924000,7183,1790774999999,17179.5005000,252,2150,5143.9632000,0
1790775000000,2.3927000,2.3990000,2.3918000,2.3980000,7053,1790775059999,16891.3111000,449,5272,12624.4627000,0
1790775060000,2.3985000,2.4043000,2.3985000,2.4042000,5440,1790775119999,13060.3675000,337,2945,7071.0543000,0
1790775120000,2.4043000,2.4066000,2.3989000,2.3998000,12725,1790775179999,30563.7376000,385,3595,8639.2033000,0
1790775180000,2.3995000,2.3995000,2.3901000,2.3938000,22650,1790775239999,54195.3858000,576,5427,12990.6582000,0
1790775240000,2.3937000,2.3958000,2.3900000,2.3906000,5468,1790775299999,13083.8636000,262,4512,10797.2863000,0
1790775300000,2.3904000,2.3904000,2.3671000,2.3678000,46791,1790775359999,111199.9746000,1292,19873,47254.0793000,0
1790775360000,2.3678000,2.3678000,2.3501000,2.3653000,127407,1790775419999,300474.3155000,1681,41343,97565.1998000,0
1790775420000,2.3659000,2.3688000,2.3592000,2.3611000,18184,1790775479999,43018.7077000,779,5347,12652.1407000,0
1790775480000,2.3611000,2.3616000,2.3542000,2.3604000,17537,1790775539999,41359.1925000,584,7539,17778.2895000,0
1790775540000,2.3602000,2.3618000,2.3525000,2.3557000,14597,1790775599999,34406.4989000,423,5170,12189.8599000,0
1790775600000,2.3560000,2.3618000,2.3421000,2.3446000,35829,1790775659999,84178.2473000,875,6352,14950.5980000,0
1790775660000,2.3437000,2.3574000,2.3401000,2.3574000,36247,1790775719999,85119.0337000,840,23767,55849.2326000,0
1790775720000,2.3564000,2.3644000,2.3554000,2.3614000,22184,1790775779999,52367.3996000,485,11864,28004.4322000,0
1790775780000,2.3613000,2.3657000,2.3591000,2.3591000,18790,1790775839999,44398.2289000,482,9621,22734.6165000,0
1790775840000,2.3591000,2.3629000,2.3579000,2.3625000,7489,1790775899999,17676.2272000,260,4917,11606.9353000,0
1790775900000,2.3625000,2.3663000,2.3549000,2.3561000,11331,1790775959999,26756.6145000,362,4689,11071.7917000,0
1790775960000,2.3563000,2.3635000,2.3547000,2.3629000,8415,1790776019999,19850.3083000,410,4567,10769.9280000,0
1790776020000,2.3632000,2.3696000,2.3615000,2.3685000,18202,1790776079999,43084.3630000,430,14535,34405.3767000,0
1790776080000,2.3684000,2.3692000,2.3591000,2.3610000,8082,1790776139999,19116.1871000,393,1480,3499.6765000,0
1790776140000,2.3610000,2.3677000,2.3593000,2.3638000,6555,1790776199999,15501.4155000,260,2768,6543.4810000,0
1790776200000,2.3637000,2.3676000,2.3607000,2.3618000,8254,1790776259999,19517.8112000,359,6105,14438.7300000,0
1790776260000,2.3615000,2.3690000,2.3615000,2.3643000,14115,1790776319999,33416.0299000,326,4195,9930.5523000,0
1790776320000,2.3641000,2.3641000,2.3594000,2.3594000,8717,1790776379999,20582.4080000,218,1139,2690.5463000,0
1790776380000,2.3603000,2.3674000,2.3584000,2.3674000,13681,1790776439999,32313.9745000,335,4537,10718.7472000,0
1790776440000,2.3674000,2.3674000,2.3634000,2.3634000,10897,1790776499999,25782.2113000,281,2849,6739.1576000,0
1790776500000,2.3643000,2.3668000,2.3627000,2.3637000,7574,1790776559999,17910.7966000,310,6841,16177.7939000,0
1790776560000,2.3635000,2.3654000,2.3595000,2.3611000,6272,1790776619999,14814.7062000,355,2068,4887.8006000,0
1790776620000,2.3612000,2.3652000,2.3581000,2.3624000,3946,1790776679999,9318.8183000,219,1486,3510.9764000,0
1790776680000,2.3625000,2.3631000,2.3605000,2.3624000,6627,1790776739999,15654.9199000,152,1333,3148.0512000,0
1790776740000,2.3624000,2.3678000,2.3621000,2.3678000,10200,1790776799999,24128.7911000,357,9246,21873.5594000,0
1790776800000,2.3682000,2.3709000,2.3614000,2.3628000,20059,1790776859999,47496.5141000,512,8187,19385.3351000,0
1790776860000,2.3628000,2.3693000,2.3577000,2.3580000,11388,1790776919999,26926.2635000,550,7591,17952.4760000,0
1790776920000,2.3578000,2.3667000,2.3578000,2.3649000,9831,1790776979999,23219.6698000,520,4082,9642.5080000,0
1790776980000,2.3647000,2.3707000,2.3646000,2.3697000,12134,1790777039999,28738.9002000,356,10562,25017.0611000,0
1790777040000,2.3706000,2.3752000,2.3685000,2.3721000,8082,1790777099999,19169.1365000,395,2857,6776.5373000,0
1790777100000,2.3719000,2.3766000,2.3702000,2.3764000,6199,1790777159999,14710.5158000,283,5030,11937.8856000,0
1790777160000,2.3764000,2.3811000,2.3747000,2.3758000,6800,1790777219999,16172.1244000,376,4784,11377.7116000,0
1790777220000,2.3755000,2.3755000,2.3705000,2.3730000,7030,1790777279999,16681.0240000,258,1220,2894.4471000,0
1790777280000,2.3727000,2.3731000,2.3675000,2.3731000,17520,1790777339999,41548.2634000,349,5908,14012.9966000,0
1790777340000,2.3729000,2.3729000,2.3650000,2.3667000,5979,1790777399999,14160.6055000,321,2670,6320.7592000,0
1790777400000,2.3665000,2.3669000,2.3610000,2.3611000,3541,1790777459999,8369.0874000,277,1227,2900.6433000,0
1790777460000,2.3610000,2.3614000,2.3526000,2.3574000,15272,1790777519999,35989.5278000,528,10385,24476.3684000,0
1790777520000,2.3578000,2.3692000,2.3578000,2.3644000,13134,1790777579999,31046.7492000,517,3143,7433.2461000,0
1790777580000,2.3645000,2.3700000,2.3588000,2.3602000,4277,1790777639999,10109.8433000,393,1932,4569.4075000,0
1790777640000,2.3598000,2.3648000,2.3588000,2.3616000,1879,1790777699999,4436.7112000,198,1173,2769.5014000,0
1790777700000,2.3616000,2.3640000,2.3566000,2.3607000,7799,1790777759999,18406.6793000,423,5765,13606.3727000,0
1790777760000,2.3606000,2.3606000,2.3528000,2.3562000,3509,1790777819999,8265.1146000,320,1615,3803.0229000,0
1790777820000,2.3561000,2.3570000,2.3509000,2.3511000,4591,1790777879999,10801.4385000,329,1417,3334.7182000,0
1790777880000,2.3509000,2.3521000,2.3455000,2.3481000,14268,1790777939999,33513.6080000,592,4982,11709.0335000,0
1790777940000,2.3478000,2.3490000,2.3453000,2.3483000,7984,1790777999999,18735.5975000,376,2680,6290.2040000,0
1790778000000,2.3479000,2.3512000,2.3461000,2.3509000,5670,1790778059999,13320.0261000,256,4100,9633.6261000,0
1790778060000,2.3507000,2.3550000,2.3453000,2.3458000,16197,1790778119999,38058.4637000,454,6265,14739.0096000,0
1790778120000,2.3458000,2.3462000,2.3367000,2.3367000,117749,1790778179999,275735.9060000,830,15968,37380.9366000,0
1790778180000,2.3366000,2.3380000,2.3257000,2.3380000,33614,1790778239999,78369.2542000,919,11452,26711.2960000,0
1790778240000,2.3380000,2.3420000,2.3346000,2.3376000,18591,1790778299999,43474.1054000,605,11091,25935.4929000,0
1790778300000,2.3383000,2.3454000,2.3376000,2.3443000,19711,1790778359999,46170.7248000,449,13088,30657.3112000,0
1790778360000,2.3444000,2.3462000,2.3409000,2.3436000,11875,1790778419999,27830.6737000,424,4340,10169.6217000,0
1790778420000,2.3434000,2.3434000,2.3315000,2.3337000,12785,1790778479999,29879.9145000,543,3129,7307.2299000,0
1790778480000,2.3339000,2.3362000,2.3321000,2.3334000,8647,1790778539999,20183.4826000,512,5723,13358.9917000,0
1790778540000,2.3334000,2.3369000,2.3319000,2.3362000,4973,1790778599999,11608.0803000,312,2052,4789.5692000,0
1790778600000,2.3363000,2.3461000,2.3343000,2.3440000,10696,1790778659999,25053.9980000,608,7746,18144.6951000,0
1790778660000,2.3440000,2.3482000,2.3404000,2.3466000,6076,1790778719999,14251.2430000,448,2974,6976.7353000,0
1790778720000,2.3462000,2.3466000,2.3310000,2.3340000,21627,1790778779999,50566.1221000,767,8701,20354.8108000,0
1790778780000,2.3340000,2.3439000,2.3278000,2.3439000,20366,1790778839999,47599.3374000,768,11359,26556.3321000,0
1790778840000,2.3437000,2.3468000,2.3342000,2.3343000,22091,1790778899999,51763.3615000,600,13076,30661.0556000,0
1790778900000,2.3340000,2.3369000,2.3311000,2.3328000,11045,1790778959999,25772.0432000,400,3149,7349.7208000,0
1790778960000,2.3329000,2.3419000,2.3326000,2.3346000,6590,1790779019999,15402.0685000,349,3325,7773.5973000,0
1790779020000,2.3349000,2.3460000,2.3340000,2.3395000,7629,1790779079999,17865.9096000,367,3075,7197.8959000,0
1790779080000,2.3392000,2.3436000,2.3374000,2.3431000,16879,1790779139999,39520.3708000,459,11336,26545.4502000,0
1790779140000,2.3430000,2.3438000,2.3391000,2.3399000,4012,1790779199999,9393.8203000,250,657,1538.5505000,0
1790779200000,2.3391000,2.3391000,2.3269000,2.3333000,24794,1790779259999,57821.3714000,549,5132,11963.2407000,0
1790779260000,2.3333000,2.3394000,2.3292000,2.3368000,14680,1790779319999,34284.6286000,514,9910,23154.3169000,0
1790779320000,2.3365000,2.3396000,2.3361000,2.3385000,3262,1790779379999,7628.3718000,156,1266,2960.8271000,0
1790779380000,2.3388000,2.3399000,2.3317000,2.3338000,5514,1790779439999,12886.9116000,294,1403,3277.3491000,0
1790779440000,2.3329000,2.3346000,2.3313000,2.3316000,3457,1790779499999,8065.4446000,225,1951,4551.8345000,0
1790779500000,2.3315000,2.3336000,2.3273000,2.3313000,9132,1790779559999,21277.2369000,471,3014,7024.1170000,0
1790779560000,2.3313000,2.3335000,2.3289000,2.3324000,4764,1790779619999,11103.3765000,350,1948,4540.2243000,0
1790779620000,2.3326000,2.3370000,2.3313000,2.3366000,4582,1790779679999,10697.4451000,331,3321,7753.7467000,0
1790779680000,2.3364000,2.3398000,2.3348000,2.3348000,5945,1790779739999,13892.7847000,296,2199,5140.7295000,0
1790779740000,2.3350000,2.3356000,2.3324000,2.3356000,3111,1790779799999,7261.5521000,193,1358,3169.0550000,0
1790779800000,2.3353000,2.3366000,2.3321000,2.3338000,5596,1790779859999,13062.9035000,299,2710,6326.5242000,0
1790779860000,2.3339000,2.3370000,2.3336000,2.3351000,6477,1790779919999,15129.1545000,199,3053,7132.5434000,0
1790779920000,2.3351000,2.3391000,2.3333000,2.3346000,5576,1790779979999,13024.4921000,265,1031,2408.2166000,0
1790779980000,2.3334000,2.3347000,2.3310000,2.3310000,7063,1790780039999,16477.3095000,344,3078,7181.7864000,0
1790780040000,2.3309000,2.3327000,2.3276000,2.3308000,6371,1790780099999,14840.8404000,331,3000,6988.9863000,0
1790780100000,2.3305000,2.3332000,2.3298000,2.3324000,7450,1790780159999,17367.5864000,310,2908,6780.2917000,0
1790780160000,2.3326000,2.3338000,2.3274000,2.3285000,3749,1790780219999,8737.2611000,255,1392,3244.0737000,0
1790780220000,2.3278000,2.3297000,2.3270000,2.3282000,2800,1790780279999,6519.8820000,145,1254,2919.9840000,0
1790780280000,2.3282000,2.3304000,2.3269000,2.3270000,3990,1790780339999,9291.0938000,144,2090,4867.4773000,0
1790780340000,2.3272000,2.3298000,2.3272000,2.3280000,2315,1790780399999,5391.7572000,127,2002,4662.7736000,0
1790780400000,2.3281000,2.3342000,2.3271000,2.3337000,8253,1790780459999,19232.3240000,252,5764,13432.0564000,0
1790780460000,2.3336000,2.3381000,2.3278000,2.3375000,18246,1790780519999,42569.7511000,431,5668,13226.3010000,0
1790780520000,2.3374000,2.3385000,2.3311000,2.3311000,3269,1790780579999,7629.7846000,227,1635,3815.6716000,0
1790780580000,2.3313000,2.3362000,2.3307000,2.3362000,4531,1790780639999,10572.3122000,203,2059,4804.9418000,0
1790780640000,2.3357000,2.3361000,2.3299000,2.3331000,5346,1790780699999,12472.0818000,285,2503,5839.5975000,0
1790780700000,2.3332000,2.3367000,2.3309000,2.3344000,3019,1790780759999,7048.7749000,169,2433,5681.4284000,0
1790780760000,2.3341000,2.3341000,2.3289000,2.3315000,10104,1790780819999,23551.8757000,232,2296,5351.3386000,0
1790780820000,2.3316000,2.3333000,2.3301000,2.3333000,1537,1790780879999,3582.8132000,112,604,1408.3744000,0
1790780880000,2.3333000,2.3333000,2.3290000,2.3323000,7120,1790780939999,16601.9581000,226,1445,3368.5777000,0
1790780940000,2.3324000,2.3343000,2.3296000,2.3330000,6671,1790780999999,15551.8933000,243,1775,4141.4657000,0
1790781000000,2.3331000,2.3374000,2.3331000,2.3342000,2154,1790781059999,5029.8328000,160,1354,3162.3437000,0
1790781060000,2.3342000,2.3391000,2.3329000,2.3329000,5193,1790781119999,12138.8588000,260,2661,6217.8290000,0
1790781120000,2.3332000,2.3346000,2.3299000,2.3338000,3857,1790781179999,8996.3933000,261,2240,5225.8343000,0
1790781180000,2.3339000,2.3364000,2.3307000,2.3307000,4048,1790781239999,9446.9266000,246,1696,3959.6001000,0
1790781240000,2.3311000,2.3332000,2.3295000,2.3326000,1622,1790781299999,3781.3957000,192,848,1977.0636000,0
1790781300000,2.3316000,2.3352000,2.3309000,2.3329000,1731,1790781359999,4037.9295000,182,1217,2838.8651000,0
1790781360000,2.3329000,2.3345000,2.3312000,2.3332000,2724,1790781419999,6355.8411000,164,880,2052.7568000,0
1790781420000,2.3331000,2.3343000,2.3308000,2.3313000,2446,1790781479999,5707.4136000,138,677,1579.3961000,0
1790781480000,2.3311000,2.3311000,2.3229000,2.3231000,3606,1790781539999,8389.8889000,317,1098,2553.5614000,0
1790781540000,2.3228000,2.3252000,2.3173000,2.3200000,38448,1790781599999,89273.2404000,637,20339,47258.5147000,0
1790781600000,2.3200000,2.3213000,2.3179000,2.3213000,4704,1790781659999,10910.4591000,269,2754,6387.9761000,0
1790781660000,2.3210000,2.3244000,2.3203000,2.3239000,2049,1790781719999,4759.6128000,194,1378,3200.8193000,0
1790781720000,2.3243000,2.3346000,2.3243000,2.3303000,15801,1790781779999,36794.2413000,377,10249,23849.3329000,0
1790781780000,2.3309000,2.3348000,2.3282000,2.3311000,9379,1790781839999,21868.3491000,371,3017,7033.0110000,0
1790781840000,2.3308000,2.3308000,2.3209000,2.3209000,5780,1790781899999,13452.9128000,335,3128,7283.9459000,0
1790781900000,2.3208000,2.3237000,2.3203000,2.3204000,2841,1790781959999,6596.7513000,196,1642,3812.5289000,0
1790781960000,2.3205000,2.3241000,2.3189000,2.3228000,2268,1790782019999,5265.2164000,224,1438,3339.1019000,0
1790782020000,2.3227000,2.3238000,2.3185000,2.3233000,4265,1790782079999,9899.4711000,292,2803,6506.8861000,0
1790782080000,2.3231000,2.3274000,2.3226000,2.3274000,2206,1790782139999,5128.5259000,198,1721,4001.3272000,0
1790782140000,2.3273000,2.3317000,2.3272000,2.3315000,1971,1790782199999,4591.2783000,191,1319,3072.8545000,0
1790782200000,2.3315000,2.3427000,2.3315000,2.3427000,7260,1790782259999,16968.4549000,386,5541,12951.8653000,0
1790782260000,2.3419000,2.3517000,2.3410000,2.3512000,7507,1790782319999,17615.9790000,472,5030,11806.3582000,0
1790782320000,2.3514000,2.3522000,2.3411000,2.3436000,14142,1790782379999,33196.7223000,456,6629,15556.1307000,0
1790782380000,2.3438000,2.3448000,2.3391000,2.3436000,5318,1790782439999,12458.6330000,332,2887,6762.9436000,0
1790782440000,2.3436000,2.3469000,2.3411000,2.3411000,7194,1790782499999,16866.1185000,231,1319,3093.6223000,0
1790782500000,2.3411000,2.3432000,2.3394000,2.3394000,1901,1790782559999,4451.7322000,178,1168,2735.2800000,0
1790782560000,2.3393000,2.3426000,2.3379000,2.3391000,4663,1790782619999,10915.2872000,199,3056,7155.7437000,0
1790782620000,2.3391000,2.3472000,2.3381000,2.3472000,3997,1790782679999,9364.0112000,267,2222,5205.3563000,0
1790782680000,2.3473000,2.3518000,2.3468000,2.3471000,12951,1790782739999,30425.9792000,502,9050,21263.7792000,0
1790782740000,2.3473000,2.3490000,2.3449000,2.3450000,3320,1790782799999,7793.1807000,225,2382,5592.2752000,0
1790782800000,2.3458000,2.3467000,2.3439000,2.3441000,2690,1790782859999,6308.5969000,161,1046,2453.9323000,0
1790782860000,2.3441000,2.3455000,2.3410000,2.3415000,2873,1790782919999,6731.1583000,183,1748,4095.8011000,0
1790782920000,2.3415000,2.3436000,2.3400000,2.3423000,2630,1790782979999,6159.0100000,196,1510,3536.0888000,0
1790782980000,2.3430000,2.3430000,2.3372000,2.3399000,2983,1790783039999,6981.6800000,232,464,1085.6198000,0
1790783040000,2.3398000,2.3398000,2.3360000,2.3373000,2045,1790783099999,4780.0629000,153,497,1161.6068000,0
1790783100000,2.3374000,2.3392000,2.3359000,2.3386000,875,1790783159999,2045.0957000,107,428,1000.4837000,0
1790783160000,2.3389000,2.3425000,2.3374000,2.3424000,1148,1790783219999,2685.7147000,121,611,1430.0338000,0
1790783220000,2.3425000,2.3460000,2.3425000,2.3457000,2479,1790783279999,5811.3801000,133,1352,3169.6815000,0
1790783280000,2.3460000,2.3513000,2.3460000,2.3508000,2159,1790783339999,5072.1682000,216,1208,2837.4645000,0
1790783340000,2.3512000,2.3520000,2.3479000,2.3506000,2274,1790783399999,5343.1713000,167,728,1711.0709000,0
1790783400000,2.3512000,2.3535000,2.3462000,2.3503000,18990,1790783459999,44616.4286000,452,4997,11747.5317000,0
1790783460000,2.3508000,2.3535000,2.3480000,2.3491000,3444,1790783519999,8097.0762000,153,1080,2538.3394000,0
1790783520000,2.3491000,2.3504000,2.3472000,2.3487000,4451,1790783579999,10453.7345000,208,1157,2718.1883000,0
1790783580000,2.3491000,2.3496000,2.3481000,2.3496000,2627,1790783639999,6171.0635000,109,486,1141.6752000,0
1790783640000,2.3498000,2.3511000,2.3474000,2.3488000,8420,1790783699999,19786.2936000,223,4011,9424.3144000,0
1790783700000,2.3480000,2.3492000,2.3478000,2.3482000,1625,1790783759999,3816.2030000,75,324,761.0019000,0
1790783760000,2.3482000,2.3517000,2.3482000,2.3515000,1702,1790783819999,4000.2187000,118,1205,2832.1158000,0
1790783820000,2.3514000,2.3516000,2.3492000,2.3495000,3570,1790783879999,8391.4890000,149,830,1951.1879000,0
1790783880000,2.3499000,2.3515000,2.3494000,2.3494000,4841,1790783939999,11379.1824000,125,2019,4746.5967000,0
1790783940000,2.3499000,2.3509000,2.3497000,2.3506000,899,1790783999999,2112.8893000,77,319,749.7937000,0
1790784000000,2.3507000,2.3546000,2.3500000,2.3531000,8098,1790784059999,19052.2349000,332,5914,13915.2051000,0
1790784060000,2.3536000,2.3563000,2.3532000,2.3557000,15562,1790784119999,36645.1101000,398,7237,17044.8866000,0
1790784120000,2.3560000,2.3628000,2.3557000,2.3607000,17721,1790784179999,41789.3537000,618,9233,21780.0026000,0
1790784180000,2.3611000,2.3627000,2.3585000,2.3624000,17379,1790784239999,41020.8508000,571,10497,24780.1553000,0
1790784240000,2.3625000,2.3671000,2.3625000,2.3647000,14167,1790784299999,33512.6465000,534,7108,16815.1931000,0
1790784300000,2.3648000,2.3671000,2.3622000,2.3622000,8089,1790784359999,19131.6247000,339,3226,7631.8030000,0
1790784360000,2.3628000,2.3664000,2.3617000,2.3660000,2142,1790784419999,5064.1406000,181,710,1678.4749000,0
1790784420000,2.3651000,2.3665000,2.3640000,2.3665000,964,1790784479999,2280.3588000,110,505,1194.6443000,0
1790784480000,2.3662000,2.3663000,2.3636000,2.3639000,8918,1790784539999,21094.2717000,254,2045,4836.9834000,0
1790784540000,2.3641000,2.3664000,2.3637000,2.3662000,5423,1790784599999,12824.9476000,300,4102,9700.5046000,0
1790784600000,2.3661000,2.3682000,2.3647000,2.3656000,5970,1790784659999,14128.9409000,286,3373,7982.8494000,0
1790784660000,2.3650000,2.3679000,2.3648000,2.3672000,3749,1790784719999,8871.0202000,188,2410,5702.6219000,0
1790784720000,2.3671000,2.3672000,2.3639000,2.3649000,3373,1790784779999,7980.1232000,126,863,2042.0549000,0
1790784780000,2.3640000,2.3663000,2.3588000,2.3663000,13987,1790784839999,33028.9155000,378,3442,8133.5362000,0
1790784840000,2.3663000,2.3675000,2.3653000,2.3669000,1159,1790784899999,2742.5190000,112,398,941.9591000,0
1790784900000,2.3667000,2.3685000,2.3638000,2.3672000,4991,1790784959999,11807.0889000,204,1457,3447.7620000,0
1790784960000,2.3671000,2.3708000,2.3670000,2.3695000,13535,1790785019999,32074.4856000,304,11820,28012.1860000,0
1790785020000,2.3683000,2.3688000,2.3651000,2.3651000,2812,1790785079999,6655.5906000,128,953,2254.8692000,0
1790785080000,2.3649000,2.3681000,2.3632000,2.3676000,6305,1790785139999,14919.4815000,192,3307,7827.5370000,0
1790785140000,2.3675000,2.3699000,2.3673000,2.3673000,1489,1790785199999,3527.0499000,109,808,1913.8517000,0
1790785200000,2.3672000,2.3692000,2.3645000,2.3692000,7599,1790785259999,17984.5481000,227,2418,5724.2800000,0
1790785260000,2.3690000,2.3713000,2.3673000,2.3686000,4437,1790785319999,10513.0359000,226,3128,7412.1462000,0
1790785320000,2.3686000,2.3700000,2.3678000,2.3697000,1520,1790785379999,3600.7857000,113,849,2011.4528000,0
1790785380000,2.3695000,2.3702000,2.3687000,2.3695000,3586,1790785439999,8496.4640000,119,2738,6487.3349000,0
1790785440000,2.3691000,2.3693000,2.3670000,2.3681000,4370,1790785499999,10349.4011000,177,3237,7666.5850000,0
1790785500000,2.3680000,2.3692000,2.3675000,2.3682000,1434,1790785559999,3396.3248000,116,1010,2392.0276000,0
1790785560000,2.3684000,2.3687000,2.3635000,2.3649000,3033,1790785619999,7172.4446000,175,221,522.9206000,0
1790785620000,2.3647000,2.3655000,2.3615000,2.3636000,8234,1790785679999,19453.4535000,208,1252,2958.6829000,0
1790785680000,2.3635000,2.3648000,2.3628000,2.3628000,2840,1790785739999,6713.6269000,140,898,2122.8842000,0
1790785740000,2.3625000,2.3627000,2.3605000,2.3612000,3930,1790785799999,9281.9172000,170,661,1560.9253000,0
1790785800000,2.3613000,2.3615000,2.3590000,2.3590000,2273,1790785859999,5364.7619000,150,498,1175.4750000,0
1790785860000,2.3589000,2.3609000,2.3575000,2.3588000,2370,1790785919999,5590.1142000,165,1632,3849.5404000,0
1790785920000,2.3586000,2.3591000,2.3551000,2.3561000,3951,1790785979999,9310.1649000,260,1899,4475.2846000,0
1790785980000,2.3561000,2.3609000,2.3561000,2.3583000,3329,1790786039999,7853.2475000,223,2256,5322.0001000,0
1790786040000,2.3582000,2.3597000,2.3567000,2.3575000,2493,1790786099999,5878.2102000,109,913,2152.8087000,0
1790786100000,2.3572000,2.3572000,2.3536000,2.3550000,2689,1790786159999,6333.2577000,159,636,1497.5430000,0
1790786160000,2.3544000,2.3548000,2.3524000,2.3537000,3205,1790786219999,7543.2141000,154,1252,2946.6931000,0
1790786220000,2.3533000,2.3572000,2.3529000,2.3560000,1757,1790786279999,4139.2527000,126,1073,2527.4804000,0
1790786280000,2.3558000,2.3585000,2.3558000,2.3582000,2196,1790786339999,5177.6513000,133,2088,4923.1054000,0
1790786340000,2.3582000,2.3594000,2.3566000,2.3578000,1968,1790786399999,4640.6915000,130,1130,2664.6469000,0
1790786400000,2.3585000,2.3621000,2.3585000,2.3611000,1887,1790786459999,4454.9178000,150,1406,3319.5145000,0
1790786460000,2.3612000,2.3681000,2.3612000,2.3652000,3818,1790786519999,9027.6224000,221,2427,5738.6625000,0
1790786520000,2.3653000,2.3675000,2.3636000,2.3675000,4606,1790786579999,10897.8061000,188,3038,7189.1300000,0
1790786580000,2.3672000,2.3727000,2.3668000,2.3726000,4511,1790786639999,10695.7176000,186,1520,3603.1325000,0
1790786640000,2.3723000,2.3733000,2.3714000,2.3733000,2435,1790786699999,5776.7811000,103,701,1663.0170000,0
1790786700000,2.3733000,2.3748000,2.3701000,2.3740000,2516,1790786759999,5970.7105000,186,1975,4687.3804000,0
1790786760000,2.3747000,2.3806000,2.3745000,2.3801000,6312,1790786819999,15006.8669000,322,5768,13714.0474000,0
1790786820000,2.3801000,2.3854000,2.3801000,2.3828000,13035,1790786879999,31058.2496000,459,8194,19526.2318000,0
1790786880000,2.3826000,2.3838000,2.3807000,2.3829000,3049,1790786939999,7264.1633000,158,1865,4443.5298000,0
1790786940000,2.3828000,2.3843000,2.3807000,2.3830000,5453,1790786999999,12990.7327000,210,1508,3593.2610000,0
1790787000000,2.3831000,2.3858000,2.3827000,2.3852000,1855,1790787059999,4423.0429000,114,1085,2586.9174000,0
1790787060000,2.3853000,2.3871000,2.3838000,2.3838000,4293,1790787119999,10241.8969000,238,2861,6825.8086000,0
1790787120000,2.3847000,2.3881000,2.3834000,2.3864000,5314,1790787179999,12679.9021000,286,3678,8775.4690000,0
1790787180000,2.3865000,2.3876000,2.3864000,2.3871000,2014,1790787239999,4807.5299000,109,1462,3489.9482000,0
1790787240000,2.3871000,2.3887000,2.3869000,2.3871000,3623,1790787299999,8650.0756000,174,1433,3421.5382000,0
1790787300000,2.3874000,2.3912000,2.3871000,2.3882000,6297,1790787359999,15042.7822000,311,5221,12472.4476000,0
1790787360000,2.3887000,2.3899000,2.3864000,2.3880000,3244,1790787419999,7748.7588000,138,1582,3778.7379000,0
1790787420000,2.3879000,2.3902000,2.3879000,2.3889000,5706,1790787479999,13632.0723000,134,1569,3747.9618000,0
1790787480000,2.3888000,2.3893000,2.3876000,2.3879000,4458,1790787539999,10646.3349000,97,512,1222.8112000,0
1790787540000,2.3879000,2.3879000,2.3855000,2.3855000,2035,1790787599999,4857.3979000,142,627,1496.6044000,0
1790787600000,2.3860000,2.3868000,2.3844000,2.3844000,3794,1790787659999,9051.7496000,143,942,2247.6123000,0
1790787660000,2.3846000,2.3864000,2.3844000,2.3855000,5043,1790787719999,12029.6405000,151,2039,4864.1429000,0
1790787720000,2.3854000,2.3866000,2.3845000,2.3845000,3928,1790787779999,9370.3381000,174,2691,6419.7896000,0
1790787780000,2.3845000,2.3876000,2.3833000,2.3876000,4261,1790787839999,10164.1531000,179,3450,8230.5908000,0
1790787840000,2.3875000,2.3907000,2.3845000,2.3845000,7273,1790787899999,17364.2683000,291,2119,5060.7767000,0
1790787900000,2.3846000,2.3921000,2.3833000,2.3882000,3868,1790787959999,9238.4120000,267,2874,6863.6715000,0
1790787960000,2.3882000,2.3897000,2.3870000,2.3888000,3512,1790788019999,8387.0160000,182,1621,3871.3778000,0
1790788020000,2.3885000,2.3902000,2.3875000,2.3890000,6955,1790788079999,16615.3501000,153,1619,3867.3736000,0
1790788080000,2.3891000,2.3972000,2.3890000,2.3961000,7483,1790788139999,17912.5136000,394,6408,15339.0239000,0
1790788140000,2.3961000,2.3981000,2.3930000,2.3975000,9950,1790788199999,23830.6362000,352,6587,15777.4260000,0
1790788200000,2.3975000,2.3988000,2.3936000,2.3980000,5796,1790788259999,13889.4081000,269,4241,10163.5977000,0
1790788260000,2.3979000,2.3989000,2.3930000,2.3972000,6580,1790788319999,15769.6414000,276,4686,11231.5099000,0
1790788320000,2.3972000,2.4002000,2.3968000,2.3992000,6169,1790788379999,14799.6972000,328,4875,11696.2557000,0
1790788380000,2.3994000,2.3997000,2.3935000,2.3944000,4198,1790788439999,10059.9805000,220,790,1894.3418000,0
1790788440000,2.3942000,2.3963000,2.3920000,2.3939000,6703,1790788499999,16041.4885000,201,733,1755.5491000,0
1790788500000,2.3938000,2.3960000,2.3904000,2.3904000,5680,1790788559999,13591.8726000,248,2857,6837.9673000,0
1790788560000,2.3905000,2.3912000,2.3857000,2.3866000,11777,1790788619999,28134.8148000,252,1119,2673.0597000,0
1790788620000,2.3866000,2.3898000,2.3850000,2.3892000,9197,1790788679999,21949.3249000,312,6351,15158.7192000,0
1790788680000,2.3887000,2.3914000,2.3857000,2.3869000,5258,1790788739999,12560.4576000,220,3230,7717.9217000,0
1790788740000,2.3870000,2.3880000,2.3862000,2.3862000,1719,1790788799999,4103.8751000,83,544,1298.7565000,0
1790788800000,2.3862000,2.3864000,2.3832000,2.3858000,10986,1790788859999,26194.7732000,273,2906,6928.7162000,0
1790788860000,2.3859000,2.3889000,2.3843000,2.3852000,8065,1790788919999,19249.2360000,205,1928,4601.9649000,0
1790788920000,2.3854000,2.3866000,2.3816000,2.3825000,4029,1790788979999,9605.1029000,195,1357,3235.2221000,0
1790788980000,2.3817000,2.3842000,2.3784000,2.3841000,6949,1790789039999,16540.8403000,262,3798,9042.5900000,0
1790789040000,2.3836000,2.3854000,2.3828000,2.3846000,5236,1790789099999,12481.4631000,162,2113,5036.9784000,0
1790789100000,2.3846000,2.3853000,2.3824000,2.3824000,3338,1790789159999,7958.8282000,109,2885,6878.9747000,0
1790789160000,2.3824000,2.3838000,2.3793000,2.3807000,2816,1790789219999,6707.1890000,165,1211,2884.3732000,0
1790789220000,2.3804000,2.3877000,2.3794000,2.3870000,4682,1790789279999,11165.1709000,243,2349,5600.2431000,0
1790789280000,2.3869000,2.3870000,2.3800000,2.3802000,3894,1790789339999,9278.5367000,163,360,858.0081000,0
1790789340000,2.3806000,2.3866000,2.3806000,2.3848000,2100,1790789399999,5010.0337000,107,1267,3022.6296000,0
1790789400000,2.3852000,2.3853000,2.3826000,2.3835000,1358,1790789459999,3237.7773000,111,594,1416.3171000,0
1790789460000,2.3835000,2.3835000,2.3765000,2.3768000,5408,1790789519999,12861.3476000,204,1242,2955.5785000,0
1790789520000,2.3773000,2.3828000,2.3773000,2.3801000,5525,1790789579999,13149.9049000,216,3418,8133.1052000,0
1790789580000,2.3800000,2.3806000,2.3762000,2.3762000,3602,1790789639999,8566.9916000,173,2122,5048.1799000,0
1790789640000,2.3765000,2.3765000,2.3690000,2.3690000,7006,1790789699999,16626.1252000,285,2313,5486.8832000,0
1790789700000,2.3698000,2.3710000,2.3671000,2.3682000,3557,1790789759999,8425.2776000,172,2143,5075.5135000,0
1790789760000,2.3680000,2.3707000,2.3656000,2.3677000,5149,1790789819999,12192.6269000,232,2014,4771.4481000,0
1790789820000,2.3676000,2.3676000,2.3612000,2.3620000,3752,1790789879999,8866.9047000,227,2119,5007.3175000,0
1790789880000,2.3622000,2.3674000,2.3622000,2.3674000,6413,1790789939999,15168.6865000,183,3953,9351.4489000,0
1790789940000,2.3671000,2.3718000,2.3639000,2.3639000,2815,1790789999999,6665.6299000,163,1930,4569.2932000,0
1790790000000,2.3641000,2.3641000,2.3598000,2.3622000,8296,1790790059999,19583.6984000,180,1395,3294.3379000,0
1790790060000,2.3622000,2.3624000,2.3579000,2.3579000,3951,1790790119999,9323.7144000,152,605,1427.7329000,0
1790790120000,2.3583000,2.3584000,2.3530000,2.3584000,11327,1790790179999,26677.0667000,314,5330,12553.5900000,0
1790790180000,2.3586000,2.3606000,2.3569000,2.3590000,4064,1790790239999,9586.4528000,199,1028,2425.1226000,0
1790790240000,2.3582000,2.3589000,2.3563000,2.3582000,2059,1790790299999,4853.8006000,121,1331,3137.5374000,0
1790790300000,2.3582000,2.3584000,2.3546000,2.3580000,7132,1790790359999,16804.0283000,242,1485,3500.2787000,0
1790790360000,2.3580000,2.3612000,2.3570000,2.3583000,2122,1790790419999,5007.1011000,217,1117,2635.6748000,0
1790790420000,2.3582000,2.3649000,2.3582000,2.3584000,9163,1790790479999,21633.1286000,395,6960,16432.0236000,0
1790790480000,2.3584000,2.3660000,2.3577000,2.3649000,5991,1790790539999,14148.5047000,219,4547,10736.9077000,0
1790790540000,2.3649000,2.3653000,2.3624000,2.3635000,4464,1790790599999,10550.2117000,152,2677,6326.4943000,0
1790790600000,2.3635000,2.3647000,2.3605000,2.3605000,2850,1790790659999,6734.5122000,188,992,2344.4989000,0
1790790660000,2.3606000,2.3616000,2.3593000,2.3597000,3465,1790790719999,8180.0585000,193,788,1860.2553000,0
1790790720000,2.3597000,2.3608000,2.3563000,2.3563000,3622,1790790779999,8546.3765000,174,676,1595.1217000,0
1790790780000,2.3566000,2.3574000,2.3561000,2.3570000,2216,1790790839999,5223.0552000,82,1849,4358.0842000,0
1790790840000,2.3571000,2.3582000,2.3551000,2.3556000,3791,1790790899999,8934.6294000,129,964,2271.7103000,0
1790790900000,2.3553000,2.3553000,2.3515000,2.3525000,1481,1790790959999,3485.2386000,123,867,2040.5099000,0
1790790960000,2.3526000,2.3538000,2.3526000,2.3532000,1206,1790791019999,2837.7535000,41,1122,2640.0923000,0
1790791020000,2.3530000,2.3535000,2.3526000,2.3535000,517,1790791079999,1216.6032000,32,101,237.6826000,0
1790791080000,2.3536000,2.3562000,2.3536000,2.3562000,2908,1790791139999,6848.1687000,113,1792,4221.0534000,0
1790791140000,2.3563000,2.3573000,2.3554000,2.3556000,866,1790791199999,2041.0645000,58,285,671.7435000,0
1790791200000,2.3556000,2.3600000,2.3549000,2.3563000,4980,1790791259999,11741.3489000,225,1067,2515.9100000,0
1790791260000,2.3568000,2.3573000,2.3514000,2.3514000,8441,1790791319999,19888.5411000,184,1016,2391.8310000,0
1790791320000,2.3522000,2.3561000,2.3514000,2.3561000,4936,1790791379999,11619.0193000,284,2717,6395.3523000,0
1790791380000,2.3559000,2.3609000,2.3553000,2.3577000,5958,1790791439999,14050.7140000,280,3281,7735.7122000,0
1790791440000,2.3577000,2.3603000,2.3545000,2.3596000,7382,1790791499999,17405.6184000,317,4797,11308.4223000,0
1790791500000,2.3596000,2.3600000,2.3536000,2.3536000,1936,1790791559999,4565.4063000,148,201,473.9555000,0
1790791560000,2.3533000,2.3535000,2.3464000,2.3506000,9306,1790791619999,21861.0889000,494,3024,7105.2481000,0
1790791620000,2.3503000,2.3562000,2.3501000,2.3562000,2756,1790791679999,6483.9915000,158,2520,5928.7638000,0
1790791680000,2.3561000,2.3617000,2.3546000,2.3611000,7267,1790791739999,17135.1246000,278,5112,12055.5946000,0
1790791740000,2.3616000,2.3639000,2.3588000,2.3606000,3779,1790791799999,8925.7165000,267,1660,3921.8282000,0
1790791800000,2.3599000,2.3613000,2.3572000,2.3581000,1759,1790791859999,4149.0319000,140,546,1288.3295000,0
1790791860000,2.3581000,2.3639000,2.3581000,2.3631000,2755,1790791919999,6508.7943000,183,1615,3815.5329000,0
1790791920000,2.3619000,2.3632000,2.3598000,2.3626000,2387,1790791979999,5637.5421000,161,2045,4829.9950000,0
1790791980000,2.3627000,2.3632000,2.3563000,2.3574000,3787,1790792039999,8937.7568000,245,693,1635.5086000,0
1790792040000,2.3575000,2.3589000,2.3507000,2.3507000,2357,1790792099999,5549.5801000,366,572,1348.0037000,0
1790792100000,2.3510000,2.3531000,2.3460000,2.3484000,25732,1790792159999,60430.4240000,637,4589,10787.4307000,0
1790792160000,2.3485000,2.3548000,2.3485000,2.3523000,7279,1790792219999,17122.2266000,330,5694,13394.1940000,0
1790792220000,2.3522000,2.3524000,2.3487000,2.3491000,1571,1790792279999,3693.0863000,194,410,963.7102000,0
1790792280000,2.3496000,2.3582000,2.3494000,2.3570000,20911,1790792339999,49248.3735000,382,19782,46590.1127000,0
1790792340000,2.3571000,2.3595000,2.3564000,2.3582000,4423,1790792399999,10430.9182000,193,3057,7210.2873000,0
1790792400000,2.3586000,2.3590000,2.3563000,2.3576000,1371,1790792459999,3232.0921000,146,694,1636.1064000,0
1790792460000,2.3574000,2.3574000,2.3536000,2.3537000,2107,1790792519999,4961.4813000,166,1312,3089.1476000,0
1790792520000,2.3539000,2.3565000,2.3533000,2.3560000,1366,1790792579999,3216.8921000,137,940,2214.0224000,0
1790792580000,2.3556000,2.3556000,2.3541000,2.3550000,2797,1790792639999,6587.3341000,92,372,876.0457000,0
1790792640000,2.3547000,2.3548000,2.3527000,2.3546000,2630,1790792699999,6191.2807000,128,1139,2681.1067000,0
1790792700000,2.3544000,2.3544000,2.3513000,2.3519000,1679,1790792759999,3950.3355000,99,312,734.2048000,0
1790792760000,2.3517000,2.3519000,2.3495000,2.3508000,1447,1790792819999,3401.5505000,148,548,1288.4879000,0
1790792820000,2.3505000,2.3535000,2.3505000,2.3522000,2381,1790792879999,5601.0635000,134,2198,5170.5972000,0
1790792880000,2.3521000,2.3550000,2.3495000,2.3533000,4042,1790792939999,9511.2465000,236,3175,7471.7365000,0
1790792940000,2.3532000,2.3550000,2.3524000,2.3546000,2630,1790792999999,6190.2350000,109,2164,5093.4841000,0
1790793000000,2.3547000,2.3602000,2.3537000,2.3601000,6462,1790793059999,15228.8388000,239,5578,13145.2002000,0
1790793060000,2.3604000,2.3632000,2.3544000,2.3555000,8423,1790793119999,19876.6507000,423,3848,9085.1949000,0
1790793120000,2.3556000,2.3566000,2.3527000,2.3540000,4477,1790793179999,10540.8619000,248,1296,3051.3511000,0
1790793180000,2.3539000,2.3568000,2.3532000,2.3536000,6207,1790793239999,14616.2032000,267,4054,9547.0444000,0
1790793240000,2.3533000,2.3533000,2.3495000,2.3509000,3700,1790793299999,8697.6047000,281,1185,2785.4172000,0
1790793300000,2.3511000,2.3512000,2.3476000,2.3484000,4001,1790793359999,9396.9193000,158,983,2310.2169000,0
1790793360000,2.3483000,2.3506000,2.3465000,2.3469000,3105,1790793419999,7290.3076000,195,1877,4406.8423000,0
1790793420000,2.3468000,2.3471000,2.3438000,2.3461000,6072,1790793479999,14239.1448000,195,741,1738.5005000,0
1790793480000,2.3461000,2.3475000,2.3444000,2.3474000,2923,1790793539999,6858.7369000,148,1482,3478.0958000,0
1790793540000,2.3471000,2.3471000,2.3428000,2.3436000,1497,1790793599999,3509.5444000,135,589,1380.6623000,0
1790793600000,2.3439000,2.3475000,2.3411000,2.3440000,15380,1790793659999,36041.6246000,445,6667,15629.1828000,0
1790793660000,2.3441000,2.3456000,2.3437000,2.3441000,1174,1790793719999,2752.1615000,105,469,1099.5821000,0
1790793720000,2.3441000,2.3446000,2.3425000,2.3446000,1980,1790793779999,4639.4211000,87,1405,3292.2262000,0
1790793780000,2.3448000,2.3488000,2.3442000,2.3455000,2986,1790793839999,7008.9522000,154,1224,2873.0156000,0
1790793840000,2.3455000,2.3464000,2.3434000,2.3448000,1567,1790793899999,3674.1043000,108,914,2142.8584000,0
1790793900000,2.3449000,2.3449000,2.3428000,2.3428000,1075,1790793959999,2519.7490000,44,96,225.0652000,0
1790793960000,2.3425000,2.3436000,2.3410000,2.3433000,3076,1790794019999,7205.2284000,143,1067,2499.8860000,0
1790794020000,2.3427000,2.3440000,2.3424000,2.3424000,580,1790794079999,1359.0732000,61,390,913.8392000,0
1790794080000,2.3422000,2.3427000,2.3409000,2.3415000,832,1790794139999,1948.3420000,79,257,601.9113000,0
1790794140000,2.3410000,2.3433000,2.3409000,2.3429000,1478,1790794199999,3461.6595000,138,1213,2840.9876000,0
1790794200000,2.3429000,2.3506000,2.3429000,2.3490000,4100,1790794259999,9623.0386000,245,2921,6855.1852000,0
1790794260000,2.3486000,2.3493000,2.3470000,2.3490000,2149,1790794319999,5045.9622000,107,921,2162.6063000,0
1790794320000,2.3492000,2.3525000,2.3470000,2.3521000,2898,1790794379999,6810.5956000,169,1482,3482.7970000,0
1790794380000,2.3520000,2.3533000,2.3459000,2.3459000,7067,1790794439999,16598.1163000,304,957,2250.1750000,0
1790794440000,2.3457000,2.3492000,2.3457000,2.3490000,3462,1790794499999,8126.6654000,140,3125,7335.5310000,0
1790794500000,2.3493000,2.3512000,2.3493000,2.3504000,833,1790794559999,1957.7654000,79,642,1508.8990000,0
1790794560000,2.3504000,2.3516000,2.3493000,2.3513000,1821,1790794619999,4280.6449000,102,1580,3714.2161000,0
1790794620000,2.3517000,2.3535000,2.3500000,2.3514000,4687,1790794679999,11023.1701000,148,3293,7745.2005000,0
1790794680000,2.3525000,2.3560000,2.3523000,2.3557000,2293,1790794739999,5399.3183000,113,1591,3745.9631000,0
1790794740000,2.3557000,2.3562000,2.3531000,2.3547000,2562,1790794799999,6033.8305000,140,976,2298.8933000,0
1790794800000,2.3547000,2.3553000,2.3510000,2.3519000,1452,1790794859999,3416.7751000,116,437,1028.0209000,0
1790794860000,2.3515000,2.3549000,2.3495000,2.3511000,6899,1790794919999,16221.0239000,233,4287,10078.6307000,0
1790794920000,2.3511000,2.3570000,2.3511000,2.3570000,14109,1790794979999,33197.5556000,236,4064,9567.3759000,0
1790794980000,2.3570000,2.3617000,2.3556000,2.3612000,10279,1790795039999,24250.0122000,525,6261,14773.3212000,0
1790795040000,2.3612000,2.3617000,2.3602000,2.3604000,3397,1790795099999,8019.5988000,146,1244,2937.0047000,0
1790795100000,2.3603000,2.3654000,2.3551000,2.3551000,7924,1790795159999,18711.9289000,428,4405,10407.0225000,0
1790795160000,2.3553000,2.3563000,2.3538000,2.3551000,1282,1790795219999,3019.0028000,125,1011,2380.8051000,0
1790795220000,2.3547000,2.3574000,2.3543000,2.3574000,2960,1790795279999,6973.3358000,119,2383,5613.7307000,0
1790795280000,2.3572000,2.3572000,2.3527000,2.3527000,4755,1790795339999,11196.3682000,201,1668,3928.3374000,0
1790795340000,2.3528000,2.3532000,2.3476000,2.3509000,10899,1790795399999,25605.3727000,367,2684,6309.6427000,0
1790795400000,2.3511000,2.3511000,2.3463000,2.3463000,5958,1790795459999,13995.3999000,180,1383,3249.0562000,0
1790795460000,2.3468000,2.3469000,2.3452000,2.3455000,1864,1790795519999,4373.5764000,78,526,1234.2043000,0
1790795520000,2.3450000,2.3466000,2.3419000,2.3466000,2417,1790795579999,5664.6658000,167,1374,3220.4460000,0
1790795580000,2.3466000,2.3479000,2.3445000,2.3471000,2417,1790795639999,5672.4701000,216,1187,2785.4630000,0
1790795640000,2.3472000,2.3472000,2.3447000,2.3449000,463,1790795699999,1086.2166000,67,282,661.6387000,0
1790795700000,2.3452000,2.3452000,2.3418000,2.3418000,1316,1790795759999,3083.8641000,83,256,600.1101000,0
1790795760000,2.3428000,2.3445000,2.3418000,2.3439000,1975,1790795819999,4627.4515000,106,1752,4104.9437000,0
1790795820000,2.3429000,2.3429000,2.3352000,2.3400000,11503,1790795879999,26895.7497000,474,2697,6306.9704000,0
1790795880000,2.3390000,2.3437000,2.3384000,2.3436000,5763,1790795939999,13492.9218000,290,1782,4171.6548000,0
1790795940000,2.3436000,2.3454000,2.3421000,2.3453000,1412,1790795999999,3309.7746000,103,797,1868.0928000,0
1790796000000,2.3453000,2.3462000,2.3414000,2.3435000,2104,1790796059999,4931.3159000,190,631,1478.8277000,0
1790796060000,2.3435000,2.3492000,2.3435000,2.3460000,4373,1790796119999,10266.4822000,286,3018,7084.6116000,0
1790796120000,2.3459000,2.3460000,2.3439000,2.3460000,1076,1790796179999,2523.1242000,80,804,1885.3921000,0
1790796180000,2.3462000,2.3462000,2.3425000,2.3427000,6953,1790796239999,16304.0572000,136,335,785.2416000,0
1790796240000,2.3432000,2.3432000,2.3412000,2.3416000,1427,1790796299999,3342.5064000,98,496,1161.4991000,0
1790796300000,2.3415000,2.3472000,2.3415000,2.3470000,3638,1790796359999,8527.6324000,180,3334,7815.0889000,0
1790796360000,2.3472000,2.3497000,2.3448000,2.3452000,1570,1790796419999,3686.5339000,162,648,1521.7059000,0
1790796420000,2.3454000,2.3467000,2.3444000,2.3461000,1675,1790796479999,3929.2029000,114,1503,3525.7743000,0
1790796480000,2.3460000,2.3476000,2.3449000,2.3451000,1334,1790796539999,3130.7551000,66,1175,2757.6768000,0
1790796540000,2.3453000,2.3453000,2.3424000,2.3425000,1803,1790796599999,4225.5596000,80,353,827.0313000,0
1790796600000,2.3421000,2.3498000,2.3420000,2.3498000,2141,1790796659999,5023.0681000,153,1661,3896.7037000,0
1790796660000,2.3498000,2.3530000,2.3498000,2.3519000,7096,1790796719999,16691.2913000,215,6187,14554.1873000,0
1790796720000,2.3519000,2.3527000,2.3465000,2.3487000,3709,1790796779999,8711.5933000,195,2386,5603.6706000,0
1790796780000,2.3484000,2.3514000,2.3482000,2.3494000,2188,1790796839999,5140.4156000,124,2026,4759.8574000,0
1790796840000,2.3494000,2.3502000,2.3463000,2.3470000,3839,1790796899999,9015.6294000,154,1802,4232.6986000,0
1790796900000,2.3470000,2.3493000,2.3464000,2.3474000,4959,1790796959999,11643.2259000,176,3829,8990.3703000,0
1790796960000,2.3476000,2.3491000,2.3462000,2.3465000,4193,1790797019999,9844.7690000,141,2311,5426.0669000,0
1790797020000,2.3463000,2.3478000,2.3456000,2.3478000,3341,1790797079999,7840.0619000,151,2795,6558.9368000,0
1790797080000,2.3480000,2.3519000,2.3474000,2.3502000,2824,1790797139999,6636.8763000,137,2327,5468.4447000,0
1790797140000,2.3501000,2.3501000,2.3456000,2.3497000,2038,1790797199999,4785.8774000,127,1049,2463.6129000,0
1790797200000,2.3497000,2.3497000,2.3467000,2.3477000,982,1790797259999,2306.0353000,73,796,1869.2134000,0
1790797260000,2.3468000,2.3475000,2.3456000,2.3461000,1429,1790797319999,3352.5552000,64,829,1944.9990000,0
1790797320000,2.3461000,2.3485000,2.3446000,2.3454000,3269,1790797379999,7668.5159000,106,2006,4706.3347000,0
1790797380000,2.3459000,2.3463000,2.3446000,2.3446000,1071,1790797439999,2512.3210000,64,306,717.8545000,0
1790797440000,2.3456000,2.3483000,2.3450000,2.3451000,1237,1790797499999,2902.7245000,101,610,1431.5296000,0
1790797500000,2.3451000,2.3457000,2.3441000,2.3453000,13059,1790797559999,30616.1905000,77,12406,29084.8758000,0
1790797560000,2.3448000,2.3450000,2.3438000,2.3443000,715,1790797619999,1676.1319000,65,435,1019.7398000,0
1790797620000,2.3441000,2.3472000,2.3409000,2.3416000,3486,1790797679999,8171.7911000,181,938,2199.8188000,0
1790797680000,2.3417000,2.3462000,2.3417000,2.3448000,2072,1790797739999,4857.4982000,187,1225,2871.4143000,0
1790797740000,2.3447000,2.3453000,2.3402000,2.3420000,2573,1790797799999,6026.4052000,172,1167,2733.7138000,0
1790797800000,2.3410000,2.3410000,2.3364000,2.3365000,3033,1790797859999,7093.9635000,207,400,935.5237000,0
1790797860000,2.3362000,2.3362000,2.3310000,2.3323000,5517,1790797919999,12873.1674000,309,1706,3979.5515000,0
1790797920000,2.3323000,2.3365000,2.3319000,2.3337000,4108,1790797979999,9588.7572000,223,1862,4346.0447000,0
1790797980000,2.3332000,2.3381000,2.3332000,2.3341000,4300,1790798039999,10045.3214000,162,1349,3152.0689000,0
1790798040000,2.3342000,2.3351000,2.3305000,2.3310000,2361,1790798099999,5508.6502000,145,641,1495.6362000,0
1790798100000,2.3305000,2.3382000,2.3291000,2.3382000,3185,1790798159999,7428.3945000,200,1698,3961.1369000,0
1790798160000,2.3381000,2.3381000,2.3348000,2.3367000,1436,1790798219999,3355.9467000,93,891,2082.4263000,0
1790798220000,2.3366000,2.3376000,2.3354000,2.3367000,1957,1790798279999,4573.9930000,61,382,892.7641000,0
1790798280000,2.3364000,2.3372000,2.3342000,2.3364000,873,1790798339999,2038.8058000,98,478,1116.4378000,0
1790798340000,2.3368000,2.3379000,2.3359000,2.3373000,1218,1790798399999,2845.8142000,71,456,1065.4237000,0
1790798400000,2.3371000,2.3438000,2.3368000,2.3403000,5718,1790798459999,13386.1555000,315,3204,7499.7264000,0
1790798460000,2.3401000,2.3411000,2.3342000,2.3383000,3695,1790798519999,8637.8985000,258,1902,4446.4926000,0
1790798520000,2.3380000,2.3397000,2.3354000,2.3392000,5260,1790798579999,12297.2906000,255,2491,5823.4749000,0
1790798580000,2.3391000,2.3395000,2.3380000,2.3393000,2953,1790798639999,6906.0444000,139,1193,2789.8878000,0
1790798640000,2.3394000,2.3409000,2.3368000,2.3409000,2112,1790798699999,4939.7577000,153,1124,2629.1333000,0
1790798700000,2.3406000,2.3445000,2.3400000,2.3411000,3739,1790798759999,8756.3756000,202,1917,4490.4695000,0
1790798760000,2.3412000,2.3419000,2.3363000,2.3401000,5605,1790798819999,13107.8580000,246,1801,4212.9145000,0
1790798820000,2.3399000,2.3418000,2.3387000,2.3416000,1760,1790798879999,4119.4360000,136,908,2125.3357000,0
1790798880000,2.3413000,2.3413000,2.3400000,2.3406000,693,1790798939999,1621.9238000,53,175,409.5923000,0
1790798940000,2.3406000,2.3420000,2.3404000,2.3409000,918,1790798999999,2149.0952000,84,364,852.2080000,0
1790799000000,2.3407000,2.3423000,2.3394000,2.3423000,974,1790799059999,2279.5720000,88,466,1090.8813000,0
1790799060000,2.3422000,2.3443000,2.3394000,2.3394000,6578,1790799119999,15413.3848000,138,5574,13062.4938000,0
1790799120000,2.3393000,2.3432000,2.3389000,2.3413000,4771,1790799179999,11174.5027000,153,4514,10573.1349000,0
1790799180000,2.3409000,2.3430000,2.3404000,2.3430000,771,1790799239999,1805.4033000,67,439,1027.9671000,0
1790799240000,2.3429000,2.3464000,2.3416000,2.3453000,28171,1790799299999,66029.1467000,271,26491,62091.9698000,0
1790799300000,2.3454000,2.3460000,2.3417000,2.3454000,5500,1790799359999,12885.8888000,155,516,1210.1790000,0
1790799360000,2.3453000,2.3459000,2.3424000,2.3450000,8531,1790799419999,20000.3789000,129,575,1347.6704000,0
1790799420000,2.3446000,2.3467000,2.3432000,2.3466000,1863,1790799479999,4368.2989000,113,464,1088.2699000,0
1790799480000,2.3466000,2.3473000,2.3453000,2.3472000,1755,1790799539999,4118.7760000,96,1235,2898.4178000,0
1790799540000,2.3469000,2.3514000,2.3464000,2.3514000,2305,1790799599999,5413.6982000,145,1752,4115.7673000,0
1790799600000,2.3515000,2.3520000,2.3488000,2.3502000,1904,1790799659999,4476.3839000,151,751,1765.8491000,0
1790799660000,2.3503000,2.3540000,2.3503000,2.3540000,2067,1790799719999,4861.3746000,134,964,2267.8469000,0
1790799720000,2.3541000,2.3580000,2.3541000,2.3567000,4243,1790799779999,9996.4318000,198,2763,6509.6943000,0
1790799780000,2.3567000,2.3584000,2.3548000,2.3581000,4518,1790799839999,10645.2633000,151,1991,4693.3793000,0
1790799840000,2.3581000,2.3587000,2.3547000,2.3548000,3102,1790799899999,7310.5828000,99,800,1885.0087000,0
1790799900000,2.3551000,2.3560000,2.3551000,2.3559000,646,1790799959999,1521.7607000,40,570,1342.7324000,0
1790799960000,2.3559000,2.3586000,2.3557000,2.3580000,1000,1790800019999,2356.8233000,91,845,1991.4852000,0
1790800020000,2.3583000,2.3612000,2.3553000,2.3560000,14487,1790800079999,34158.3497000,391,3258,7687.1065000,0
1790800080000,2.3562000,2.3562000,2.3542000,2.3547000,3293,1790800139999,7755.5945000,136,1572,3702.1949000,0
1790800140000,2.3556000,2.3557000,2.3521000,2.3521000,3344,1790800199999,7870.4946000,146,698,1642.6112000,0
1790800200000,2.3523000,2.3535000,2.3490000,2.3505000,5544,1790800259999,13036.7941000,227,4025,9466.1037000,0
1790800260000,2.3502000,2.3502000,2.3468000,2.3472000,5194,1790800319999,12196.4551000,160,705,1655.0250000,0
1790800320000,2.3473000,2.3478000,2.3432000,2.3447000,2552,1790800379999,5984.6626000,179,1317,3088.5462000,0
1790800380000,2.3449000,2.3470000,2.3429000,2.3470000,6029,1790800439999,14138.0914000,239,3261,7647.1576000,0
1790800440000,2.3465000,2.3500000,2.3446000,2.3465000,2944,1790800499999,6909.2854000,164,1085,2546.8939000,0
1790800500000,2.3465000,2.3491000,2.3456000,2.3483000,2746,1790800559999,6446.1403000,105,2251,5284.1098000,0
1790800560000,2.3483000,2.3494000,2.3456000,2.3464000,3398,1790800619999,7975.5342000,126,975,2288.5738000,0
1790800620000,2.3464000,2.3486000,2.3452000,2.3486000,1259,1790800679999,2954.6798000,88,1098,2576.7408000,0
1790800680000,2.3487000,2.3489000,2.3460000,2.3460000,2368,1790800739999,5560.1695000,81,699,1641.2635000,0
1790800740000,2.3458000,2.3503000,2.3457000,2.3500000,3194,1790800799999,7499.2021000,170,2630,6174.6095000,0
1790800800000,2.3504000,2.3504000,2.3466000,2.3471000,1264,1790800859999,2967.5499000,65,384,901.3091000,0
1790800860000,2.3469000,2.3469000,2.3444000,2.3457000,1672,1790800919999,3922.3761000,97,840,1970.8315000,0
1790800920000,2.3453000,2.3453000,2.3416000,2.3416000,1186,1790800979999,2779.2842000,97,296,693.4594000,0
1790800980000,2.3422000,2.3435000,2.3418000,2.3435000,1292,1790801039999,3026.3953000,61,1079,2527.4516000,0
1790801040000,2.3434000,2.3444000,2.3408000,2.3436000,17699,1790801099999,41458.2068000,172,16152,37834.4130000,0
1790801100000,2.3432000,2.3461000,2.3406000,2.3461000,5919,1790801159999,13861.4088000,157,5493,12863.7010000,0
1790801160000,2.3461000,2.3462000,2.3446000,2.3449000,692,1790801219999,1623.0926000,63,73,171.2604000,0
1790801220000,2.3447000,2.3472000,2.3432000,2.3458000,3750,1790801279999,8792.4215000,135,1119,2624.1536000,0
1790801280000,2.3460000,2.3460000,2.3437000,2.3455000,3859,1790801339999,9048.2428000,106,718,1683.6013000,0
1790801340000,2.3456000,2.3461000,2.3433000,2.3450000,1169,1790801399999,2740.4131000,90,702,1645.7019000,0
1790801400000,2.3450000,2.3450000,2.3424000,2.3431000,2190,1790801459999,5132.6528000,90,1171,2744.0693000,0
1790801460000,2.3430000,2.3452000,2.3425000,2.3441000,1383,1790801519999,3241.7490000,69,1125,2637.1829000,0
1790801520000,2.3440000,2.3467000,2.3440000,2.3465000,1542,1790801579999,3616.4600000,97,1011,2371.4750000,0
1790801580000,2.3456000,2.3469000,2.3450000,2.3463000,765,1790801639999,1794.5715000,53,445,1043.9023000,0
1790801640000,2.3464000,2.3469000,2.3445000,2.3461000,3724,1790801699999,8735.9946000,120,1715,4023.2267000,0
1790801700000,2.3460000,2.3460000,2.3440000,2.3453000,2983,1790801759999,6994.8051000,122,848,1988.3392000,0
1790801760000,2.3453000,2.3467000,2.3442000,2.3462000,1917,1790801819999,4496.9943000,98,1751,4107.6350000,0
1790801820000,2.3460000,2.3469000,2.3460000,2.3465000,2558,1790801879999,6002.5090000,64,493,1156.7929000,0
1790801880000,2.3464000,2.3519000,2.3460000,2.3519000,10699,1790801939999,25134.7895000,227,7576,17798.1540000,0
1790801940000,2.3516000,2.3533000,2.3513000,2.3528000,1058,1790801999999,2488.7639000,63,802,1886.4563000,0
1790802000000,2.3527000,2.3545000,2.3525000,2.3537000,3196,1790802059999,7522.8928000,122,1738,4090.6780000,0
1790802060000,2.3541000,2.3580000,2.3531000,2.3578000,7715,1790802119999,18167.0327000,189,7304,17198.9413000,0
1790802120000,2.3579000,2.3581000,2.3514000,2.3573000,4285,1790802179999,10089.7342000,245,2808,6612.2603000,0
1790802180000,2.3576000,2.3640000,2.3576000,2.3634000,4075,1790802239999,9623.7310000,218,3328,7858.5880000,0
1790802240000,2.3634000,2.3640000,2.3614000,2.3614000,3200,1790802299999,7561.1738000,147,778,1838.7211000,0
1790802300000,2.3615000,2.3616000,2.3581000,2.3582000,1113,1790802359999,2626.8233000,104,514,1213.2122000,0
1790802360000,2.3581000,2.3605000,2.3564000,2.3605000,1953,1790802419999,4606.2864000,99,1433,3380.5138000,0
1790802420000,2.3604000,2.3604000,2.3573000,2.3576000,3980,1790802479999,9387.2086000,103,573,1351.5930000,0
1790802480000,2.3576000,2.3576000,2.3527000,2.3527000,2288,1790802539999,5385.9049000,148,1660,3906.7096000,0
1790802540000,2.3527000,2.3527000,2.3506000,2.3525000,3371,1790802599999,7927.8024000,156,1792,4214.9367000,0
1790802600000,2.3527000,2.3562000,2.3513000,2.3552000,3074,1790802659999,7234.6125000,194,2292,5394.3387000,0
1790802660000,2.3553000,2.3588000,2.3542000,2.3579000,3507,1790802719999,8266.3882000,198,2262,5331.8009000,0
1790802720000,2.3578000,2.3584000,2.3536000,2.3561000,2357,1790802779999,5551.7976000,135,1536,3617.8078000,0
1790802780000,2.3557000,2.3565000,2.3521000,2.3535000,2728,1790802839999,6422.4369000,104,1311,3087.3875000,0
1790802840000,2.3536000,2.3537000,2.3513000,2.3521000,2400,1790802899999,5645.2250000,110,789,1855.8560000,0
1790802900000,2.3518000,2.3524000,2.3508000,2.3514000,471,1790802959999,1107.6363000,52,301,707.8705000,0
1790802960000,2.3506000,2.3537000,2.3504000,2.3526000,1875,1790803019999,4410.4334000,130,1381,3248.2973000,0
1790803020000,2.3522000,2.3562000,2.3515000,2.3562000,1567,1790803079999,3688.5394000,140,1241,2921.3331000,0
1790803080000,2.3565000,2.3580000,2.3557000,2.3580000,2284,1790803139999,5383.6061000,129,1560,3677.2293000,0
1790803140000,2.3580000,2.3583000,2.3566000,2.3566000,972,1790803199999,2291.8297000,49,411,969.1703000,0
1790803200000,2.3566000,2.3608000,2.3566000,2.3608000,1971,1790803259999,4648.9932000,106,1581,3728.6848000,0
1790803260000,2.3605000,2.3615000,2.3578000,2.3583000,2109,1790803319999,4976.1577000,146,999,2357.5496000,0
1790803320000,2.3576000,2.3626000,2.3569000,2.3615000,6222,1790803379999,14690.4012000,168,4833,11410.4923000,0
1790803380000,2.3615000,2.3618000,2.3592000,2.3593000,1261,1790803439999,2977.0733000,91,721,1702.1564000,0
1790803440000,2.3596000,2.3597000,2.3554000,2.3554000,1697,1790803499999,4001.1609000,97,517,1219.8488000,0
1790803500000,2.3552000,2.3554000,2.3533000,2.3533000,615,1790803559999,1448.0241000,71,265,624.1048000,0
1790803560000,2.3533000,2.3563000,2.3531000,2.3563000,2790,1790803619999,6568.1775000,106,1013,2385.2396000,0
1790803620000,2.3565000,2.3576000,2.3548000,2.3548000,765,1790803679999,1802.6967000,69,475,1119.4843000,0
1790803680000,2.3548000,2.3557000,2.3544000,2.3555000,934,1790803739999,2199.4229000,57,715,1683.7074000,0
1790803740000,2.3557000,2.3583000,2.3555000,2.3567000,1375,1790803799999,3240.9500000,73,925,2180.5914000,0
1790803800000,2.3566000,2.3578000,2.3561000,2.3572000,1624,1790803859999,3827.2248000,62,1047,2467.4669000,0
1790803860000,2.3578000,2.3607000,2.3571000,2.3576000,2432,1790803919999,5737.5877000,140,1594,3760.7956000,0
1790803920000,2.3577000,2.3630000,2.3575000,2.3630000,3144,1790803979999,7423.1699000,145,2210,5217.9645000,0
1790803980000,2.3630000,2.3647000,2.3629000,2.3644000,2593,1790804039999,6129.8754000,110,1570,3711.5311000,0
1790804040000,2.3646000,2.3671000,2.3646000,2.3658000,2917,1790804099999,6900.0609000,139,1848,4371.3082000,0
1790804100000,2.3659000,2.3668000,2.3654000,2.3668000,2713,1790804159999,6420.1277000,86,1608,3805.0455000,0
1790804160000,2.3668000,2.3668000,2.3634000,2.3639000,3625,1790804219999,8571.0681000,135,943,2229.9501000,0
1790804220000,2.3644000,2.3665000,2.3640000,2.3665000,1110,1790804279999,2625.8449000,85,796,1882.9434000,0
1790804280000,2.3665000,2.3671000,2.3663000,2.3667000,1173,1790804339999,2776.0976000,63,982,2324.0650000,0
1790804340000,2.3667000,2.3701000,2.3666000,2.3679000,4561,1790804399999,10806.2758000,153,4052,9600.6964000,0
1790804400000,2.3677000,2.3686000,2.3672000,2.3683000,1740,1790804459999,4120.7511000,83,839,1987.0092000,0
1790804460000,2.3677000,2.3709000,2.3665000,2.3694000,15768,1790804519999,37364.0314000,217,14639,34690.5350000,0
1790804520000,2.3692000,2.3716000,2.3692000,2.3716000,2869,1790804579999,6801.9960000,140,2131,5052.3596000,0
1790804580000,2.3716000,2.3730000,2.3716000,2.3727000,1891,1790804639999,4486.4020000,144,1053,2498.2011000,0
1790804640000,2.3726000,2.3728000,2.3704000,2.3705000,2384,1790804699999,5653.7485000,116,1466,3476.7358000,0
1790804700000,2.3705000,2.3706000,2.3677000,2.3686000,4962,1790804759999,11750.3013000,94,4339,10274.8787000,0
1790804760000,2.3686000,2.3692000,2.3675000,2.3691000,974,1790804819999,2306.9543000,83,737,1745.7504000,0
1790804820000,2.3687000,2.3711000,2.3687000,2.3711000,1453,1790804879999,3443.0547000,93,1317,3120.8192000,0
1790804880000,2.3712000,2.3724000,2.3697000,2.3698000,2967,1790804939999,7035.6234000,165,826,1958.6926000,0
1790804940000,2.3698000,2.3698000,2.3598000,2.3598000,8248,1790804999999,19500.9225000,243,256,605.9453000,0
1790805000000,2.3597000,2.3597000,2.3579000,2.3591000,6195,1790805059999,14608.8272000,139,1472,3471.4247000,0
1790805060000,2.3591000,2.3593000,2.3572000,2.3590000,1521,1790805119999,3587.4780000,128,560,1320.7852000,0
1790805120000,2.3588000,2.3589000,2.3567000,2.3575000,2624,1790805179999,6186.0937000,124,433,1020.8722000,0
1790805180000,2.3575000,2.3617000,2.3575000,2.3617000,1410,1790805239999,3327.9712000,150,867,2046.0770000,0
1790805240000,2.3613000,2.3634000,2.3604000,2.3631000,1178,1790805299999,2782.9284000,110,566,1337.2041000,0
1790805300000,2.3630000,2.3630000,2.3616000,2.3616000,714,1790805359999,1686.7090000,32,26,61.4368000,0
1790805360000,2.3616000,2.3621000,2.3602000,2.3620000,812,1790805419999,1917.4949000,85,308,727.3086000,0
1790805420000,2.3621000,2.3627000,2.3613000,2.3621000,2173,1790805479999,5133.3956000,78,848,2003.3528000,0
1790805480000,2.3622000,2.3626000,2.3613000,2.3621000,599,1790805539999,1414.8662000,53,301,711.0464000,0
1790805540000,2.3621000,2.3632000,2.3617000,2.3631000,1531,1790805599999,3616.5451000,80,637,1504.8107000,0
1790805600000,2.3631000,2.3651000,2.3623000,2.3649000,1224,1790805659999,2893.8396000,117,700,1654.8377000,0
1790805660000,2.3650000,2.3650000,2.3630000,2.3635000,1843,1790805719999,4356.8736000,109,911,2153.4946000,0
1790805720000,2.3634000,2.3634000,2.3609000,2.3610000,2359,1790805779999,5572.8249000,124,521,1230.8963000,0
1790805780000,2.3608000,2.3608000,2.3563000,2.3563000,1768,1790805839999,4167.5709000,114,1272,2998.3184000,0
1790805840000,2.3570000,2.3573000,2.3460000,2.3470000,30943,1790805899999,72670.2485000,323,3489,8196.3438000,0
1790805900000,2.3470000,2.3484000,2.3462000,2.3484000,2445,1790805959999,5738.3532000,110,1903,4466.4137000,0
1790805960000,2.3481000,2.3483000,2.3449000,2.3454000,2266,1790806019999,5318.2595000,89,782,1835.6076000,0
1790806020000,2.3454000,2.3511000,2.3454000,2.3507000,2579,1790806079999,6057.3109000,172,1924,4518.6109000,0
1790806080000,2.3509000,2.3509000,2.3499000,2.3499000,1423,1790806139999,3344.6414000,74,355,834.4561000,0
1790806140000,2.3499000,2.3505000,2.3498000,2.3500000,1118,1790806199999,2627.2940000,64,787,1849.3892000,0
1790806200000,2.3499000,2.3522000,2.3491000,2.3522000,1871,1790806259999,4398.6600000,119,1256,2953.1901000,0
1790806260000,2.3522000,2.3525000,2.3498000,2.3498000,716,1790806319999,1683.3018000,55,140,329.2455000,0
1790806320000,2.3506000,2.3543000,2.3506000,2.3536000,3387,1790806379999,7967.8137000,110,3212,7556.2240000,0
1790806380000,2.3536000,2.3566000,2.3536000,2.3553000,2276,1790806439999,5360.8815000,113,1321,3111.5546000,0
1790806440000,2.3555000,2.3599000,2.3555000,2.3597000,2016,1790806499999,4752.3163000,110,1873,4415.3323000,0
1790806500000,2.3600000,2.3630000,2.3591000,2.3623000,4080,1790806559999,9632.9227000,136,1706,4028.1157000,0
1790806560000,2.3623000,2.3643000,2.3623000,2.3625000,1929,1790806619999,4559.1943000,134,772,1824.5662000,0
1790806620000,2.3625000,2.3644000,2.3613000,2.3635000,604,1790806679999,1427.0697000,63,219,517.5290000,0
1790806680000,2.3633000,2.3669000,2.3633000,2.3666000,1557,1790806739999,3683.4925000,95,972,2299.5900000,0
1790806740000,2.3666000,2.3672000,2.3644000,2.3658000,1769,1790806799999,4185.0151000,75,554,1311.0060000,0
1790806800000,2.3662000,2.3677000,2.3654000,2.3654000,2535,1790806859999,5999.2401000,120,1424,3370.5645000,0
1790806860000,2.3659000,2.3669000,2.3659000,2.3669000,1102,1790806919999,2607.5666000,44,923,2183.9980000,0
1790806920000,2.3668000,2.3704000,2.3668000,2.3694000,1526,1790806979999,3614.8460000,96,862,2041.6968000,0
1790806980000,2.3694000,2.3694000,2.3675000,2.3676000,2099,1790807039999,4970.6487000,88,682,1615.4657000,0
1790807040000,2.3676000,2.3691000,2.3676000,2.3681000,2347,1790807099999,5558.4908000,78,1666,3945.5356000,0
1790807100000,2.3682000,2.3686000,2.3679000,2.3686000,1325,1790807159999,3137.7878000,79,1098,2600.2307000,0
1790807160000,2.3690000,2.3711000,2.3690000,2.3711000,780,1790807219999,1848.6742000,59,531,1258.4773000,0
1790807220000,2.3711000,2.3726000,2.3711000,2.3725000,1163,1790807279999,2758.4615000,75,637,1510.9143000,0
1790807280000,2.3726000,2.3767000,2.3722000,2.3767000,2196,1790807339999,5215.8429000,119,1533,3641.0355000,0
1790807340000,2.3768000,2.3868000,2.3758000,2.3868000,20595,1790807399999,49037.2675000,480,13084,31156.2001000,0
1790807400000,2.3871000,2.3889000,2.3868000,2.3869000,6580,1790807459999,15712.2299000,188,4566,10903.1948000,0
1790807460000,2.3869000,2.3877000,2.3855000,2.3860000,4762,1790807519999,11365.3850000,173,2290,5465.8412000,0
1790807520000,2.3861000,2.3867000,2.3838000,2.3860000,5455,1790807579999,13012.0710000,199,2351,5609.1734000,0
1790807580000,2.3860000,2.3870000,2.3858000,2.3867000,3254,1790807639999,7765.3991000,134,2590,6180.7206000,0
1790807640000,2.3870000,2.3890000,2.3858000,2.3876000,4643,1790807699999,11085.9631000,147,3299,7878.3754000,0
1790807700000,2.3876000,2.3907000,2.3876000,2.3896000,3304,1790807759999,7895.2368000,204,1269,3032.7669000,0
1790807760000,2.3896000,2.3900000,2.3881000,2.3881000,2378,1790807819999,5682.0460000,161,548,1309.5590000,0
1790807820000,2.3882000,2.3892000,2.3881000,2.3885000,3086,1790807879999,7371.7256000,136,2554,6100.8421000,0
1790807880000,2.3882000,2.3904000,2.3882000,2.3904000,2821,1790807939999,6741.4324000,138,2325,5555.9604000,0
1790807940000,2.3904000,2.3905000,2.3894000,2.3903000,3342,1790807999999,7987.4865000,172,2473,5910.4450000,0
1790808000000,2.3903000,2.3912000,2.3903000,2.3912000,2239,1790808059999,5352.8845000,101,1553,3712.6111000,0
1790808060000,2.3912000,2.3928000,2.3911000,2.3913000,7822,1790808119999,18711.7439000,249,3576,8553.3222000,0
1790808120000,2.3914000,2.3922000,2.3902000,2.3902000,1495,1790808179999,3575.5437000,134,470,1124.0463000,0
1790808180000,2.3902000,2.3902000,2.3874000,2.3883000,1709,1790808239999,4081.8197000,115,340,811.9842000,0
1790808240000,2.3883000,2.3927000,2.3883000,2.3927000,5072,1790808299999,12120.4342000,144,3817,9120.1009000,0
1790808300000,2.3928000,2.3947000,2.3928000,2.3945000,6621,1790808359999,15852.2117000,205,1178,2820.2262000,0
1790808360000,2.3945000,2.3964000,2.3945000,2.3963000,2186,1790808419999,5236.6891000,155,1828,4379.0066000,0
1790808420000,2.3963000,2.3964000,2.3951000,2.3952000,933,1790808479999,2235.4330000,98,223,534.3608000,0
1790808480000,2.3951000,2.3951000,2.3903000,2.3928000,3896,1790808539999,9323.8695000,204,897,2146.3582000,0
1790808540000,2.3928000,2.3979000,2.3928000,2.3978000,1175,1790808599999,2815.5330000,132,1044,2501.6581000,0
1790808600000,2.3979000,2.3992000,2.3959000,2.3963000,4930,1790808659999,11820.9960000,251,1737,4165.7820000,0
1790808660000,2.3963000,2.3964000,2.3927000,2.3936000,2244,1790808719999,5372.5406000,169,742,1775.8061000,0
1790808720000,2.3936000,2.3955000,2.3936000,2.3953000,1626,1790808779999,3893.8473000,84,778,1863.1408000,0
1790808780000,2.3953000,2.3954000,2.3906000,2.3915000,3552,1790808839999,8500.3090000,160,1786,4272.8135000,0
1790808840000,2.3914000,2.3927000,2.3910000,2.3923000,2819,1790808899999,6742.2073000,87,1990,4759.1318000,0
1790808900000,2.3925000,2.3933000,2.3894000,2.3919000,5768,1790808959999,13795.0258000,259,3430,8204.7312000,0
1790808960000,2.3918000,2.3955000,2.3907000,2.3952000,3261,1790809019999,7802.5998000,122,2290,5480.5889000,0
1790809020000,2.3952000,2.3960000,2.3902000,2.3921000,3922,1790809079999,9388.2059000,167,1182,2827.8311000,0
1790809080000,2.3922000,2.3929000,2.3909000,2.3909000,2220,1790809139999,5311.1037000,85,449,1073.9809000,0
1790809140000,2.3908000,2.3908000,2.3885000,2.3887000,1844,1790809199999,4406.1598000,114,411,981.9375000,0
1790809200000,2.3886000,2.3937000,2.3858000,2.3893000,23463,1790809259999,56046.3550000,566,3334,7969.0332000,0
1790809260000,2.3891000,2.3904000,2.3874000,2.3879000,7881,1790809319999,18826.0732000,365,2807,6706.4851000,0
1790809320000,2.3878000,2.3941000,2.3867000,2.3930000,3877,1790809379999,9267.6019000,233,2452,5862.1875000,0
1790809380000,2.3933000,2.3951000,2.3918000,2.3942000,3461,1790809439999,8283.6708000,198,2118,5069.6580000,0
1790809440000,2.3943000,2.3977000,2.3943000,2.3949000,3778,1790809499999,9051.1408000,168,1721,4123.0449000,0
1790809500000,2.3945000,2.3949000,2.3895000,2.3916000,5804,1790809559999,13883.6576000,206,4349,10402.7614000,0
1790809560000,2.3915000,2.3970000,2.3915000,2.3932000,3079,1790809619999,7373.2855000,211,1794,4296.0044000,0
1790809620000,2.3931000,2.3934000,2.3908000,2.3909000,5124,1790809679999,12259.9269000,168,1638,3919.4535000,0
1790809680000,2.3908000,2.3911000,2.3882000,2.3882000,2841,1790809739999,6788.9503000,191,1869,4465.8832000,0
1790809740000,2.3884000,2.3884000,2.3868000,2.3883000,2441,1790809799999,5828.3388000,180,1696,4049.3770000,0
1790809800000,2.3880000,2.3880000,2.3846000,2.3849000,3943,1790809859999,9406.0341000,118,2809,6700.0127000,0
1790809860000,2.3848000,2.3860000,2.3837000,2.3837000,1827,1790809919999,4357.5327000,181,1002,2389.9377000,0
1790809920000,2.3838000,2.3838000,2.3802000,2.3824000,5803,1790809979999,13819.8662000,220,1040,2476.8706000,0
1790809980000,2.3824000,2.3873000,2.3824000,2.3846000,5106,1790810039999,12179.4009000,211,3479,8298.5146000,0
1790810040000,2.3846000,2.3847000,2.3803000,2.3835000,4283,1790810099999,10203.9279000,175,1568,3735.2613000,0
1790810100000,2.3834000,2.3854000,2.3821000,2.3839000,1316,1790810159999,3137.1900000,111,953,2272.1281000,0
1790810160000,2.3840000,2.3925000,2.3827000,2.3900000,5756,1790810219999,13752.6101000,313,4894,11693.1536000,0
1790810220000,2.3899000,2.3910000,2.3879000,2.3879000,1455,1790810279999,3477.3501000,118,1039,2483.3859000,0
1790810280000,2.3876000,2.3894000,2.3862000,2.3886000,1386,1790810339999,3309.4865000,118,718,1714.1892000,0
1790810340000,2.3885000,2.3894000,2.3875000,2.3884000,1624,1790810399999,3878.3351000,107,1110,2650.9225000,0
1790810400000,2.3879000,2.3886000,2.3874000,2.3882000,1092,1790810459999,2607.7541000,106,561,1339.7366000,0
1790810460000,2.3881000,2.3957000,2.3879000,2.3921000,5802,1790810519999,13882.4647000,309,2525,6038.1341000,0
1790810520000,2.3919000,2.3919000,2.3894000,2.3898000,1257,1790810579999,3004.9045000,94,383,915.6577000,0
1790810580000,2.3899000,2.3907000,2.3897000,2.3904000,1350,1790810639999,3226.7497000,70,956,2285.0505000,0
1790810640000,2.3900000,2.3917000,2.3890000,2.3908000,2253,1790810699999,5386.4384000,120,1433,3426.2095000,0
1790810700000,2.3907000,2.3916000,2.3877000,2.3885000,2733,1790810759999,6529.3512000,150,932,2227.0815000,0
1790810760000,2.3884000,2.3915000,2.3874000,2.3902000,2675,1790810819999,6391.7583000,148,2356,5629.6075000,0
1790810820000,2.3902000,2.3918000,2.3895000,2.3903000,1390,1790810879999,3322.5234000,124,761,1818.9275000,0
1790810880000,2.3906000,2.3911000,2.3893000,2.3893000,1066,1790810939999,2547.9099000,86,514,1228.5853000,0
1790810940000,2.3892000,2.3896000,2.3872000,2.3890000,1272,1790810999999,3038.0224000,89,792,1891.6382000,0
1790811000000,2.3890000,2.3908000,2.3882000,2.3905000,684,1790811059999,1634.2322000,73,444,1060.9657000,0
1790811060000,2.3908000,2.3912000,2.3870000,2.3877000,1198,1790811119999,2862.0529000,125,296,706.9599000,0
1790811120000,2.3873000,2.3874000,2.3849000,2.3869000,6017,1790811179999,14355.2449000,201,754,1798.9624000,0
1790811180000,2.3868000,2.3868000,2.3813000,2.3842000,2962,1790811239999,7061.2979000,188,813,1937.1283000,0
1790811240000,2.3841000,2.3882000,2.3830000,2.3868000,1553,1790811299999,3704.5712000,109,1161,2769.4765000,0
1790811300000,2.3866000,2.3883000,2.3859000,2.3880000,1202,1790811359999,2869.4240000,123,653,1558.9526000,0
1790811360000,2.3880000,2.3921000,2.3877000,2.3902000,6592,1790811419999,15750.3652000,295,4358,10412.9762000,0
1790811420000,2.3893000,2.3904000,2.3874000,2.3901000,1466,1790811479999,3502.6765000,119,925,2210.1942000,0
1790811480000,2.3897000,2.3920000,2.3890000,2.3918000,777,1790811539999,1857.4570000,89,398,951.4878000,0
1790811540000,2.3917000,2.3926000,2.3909000,2.3925000,1909,1790811599999,4566.3030000,97,342,818.1447000,0
1790811600000,2.3925000,2.3925000,2.3897000,2.3910000,1847,1790811659999,4417.0832000,112,645,1541.9353000,0
1790811660000,2.3910000,2.3927000,2.3902000,2.3913000,1115,1790811719999,2666.1480000,92,380,908.7841000,0
1790811720000,2.3913000,2.3913000,2.3894000,2.3901000,1058,1790811779999,2528.4492000,61,704,1682.4134000,0
1790811780000,2.3897000,2.3909000,2.3888000,2.3895000,1674,1790811839999,3999.8394000,103,1134,2709.5004000,0
1790811840000,2.3892000,2.3909000,2.3890000,2.3908000,2622,1790811899999,6268.1478000,65,568,1357.5631000,0
1790811900000,2.3906000,2.3906000,2.3876000,2.3876000,758,1790811959999,1810.7130000,75,217,518.3634000,0
1790811960000,2.3878000,2.3878000,2.3860000,2.3860000,2025,1790812019999,4833.2366000,115,865,2064.6700000,0
1790812020000,2.3861000,2.3873000,2.3843000,2.3843000,1425,1790812079999,3399.1924000,56,278,663.4843000,0
1790812080000,2.3843000,2.3855000,2.3828000,2.3855000,1848,1790812139999,4405.5923000,128,819,1952.9678000,0
1790812140000,2.3848000,2.3865000,2.3824000,2.3864000,3442,1790812199999,8204.3142000,144,575,1371.4350000,0
1790812200000,2.3858000,2.3858000,2.3818000,2.3818000,2055,1790812259999,4897.4519000,120,1193,2842.9005000,0
1790812260000,2.3818000,2.3859000,2.3814000,2.3834000,1933,1790812319999,4606.6425000,150,1108,2640.5534000,0
1790812320000,2.3836000,2.3839000,2.3817000,2.3833000,1421,1790812379999,3385.7584000,112,429,1022.3674000,0
1790812380000,2.3830000,2.3838000,2.3823000,2.3830000,633,1790812439999,1508.4743000,67,393,936.5495000,0
1790812440000,2.3828000,2.3830000,2.3803000,2.3804000,1536,1790812499999,3657.7460000,114,840,2000.3263000,0
1790812500000,2.3810000,2.3810000,2.3798000,2.3803000,887,1790812559999,2111.3851000,88,285,678.4170000,0
1790812560000,2.3803000,2.3812000,2.3798000,2.3812000,1215,1790812619999,2892.3180000,70,1000,2380.5173000,0
1790812620000,2.3811000,2.3844000,2.3810000,2.3839000,1020,1790812679999,2430.4556000,96,415,988.8230000,0
1790812680000,2.3840000,2.3844000,2.3818000,2.3834000,4145,1790812739999,9878.1616000,108,656,1563.2336000,0
1790812740000,2.3833000,2.3846000,2.3832000,2.3846000,2086,1790812799999,4973.6078000,75,489,1165.7787000,0
