1790726400000,300.52,300.84,300.45,300.55,223.217,1790726459999,67103.55703,1061,113.181,34025.86659,0
1790726460000,300.54,300.71,300.42,300.59,139.470,1790726519999,41921.75512,672,60.386,18150.69947,0
1790726520000,300.63,301.02,300.59,300.82,156.502,1790726579999,47080.85311,595,98.061,29500.12928,0
1790726580000,300.83,301.08,300.56,300.86,620.379,1790726639999,186621.06044,874,171.727,51662.76347,0
1790726640000,300.85,300.85,299.76,300.32,460.206,1790726699999,138235.76595,1038,245.575,73757.22714,0
1790726700000,300.33,300.53,300.04,300.20,378.891,1790726759999,113790.28655,1145,242.372,72791.68413,0
1790726760000,300.20,300.59,299.86,299.90,256.087,1790726819999,76850.39219,1028,121.095,36341.99146,0
1790726820000,299.89,300.01,299.65,299.74,242.084,1790726879999,72579.29214,830,136.645,40970.79649,0
1790726880000,299.75,299.76,299.31,299.38,330.372,1790726939999,98938.34554,943,93.160,27898.70211,0
1790726940000,299.39,299.55,299.26,299.26,351.705,1790726999999,105287.36031,592,90.432,27072.01287,0
1790727000000,299.26,299.26,298.67,298.85,363.305,1790727059999,108624.57287,975,85.866,25667.31825,0
1790727060000,298.83,298.89,298.25,298.51,937.133,1790727119999,279719.76954,1691,200.102,59729.98238,0
1790727120000,298.45,298.72,298.36,298.71,366.470,1790727179999,109407.27104,1194,177.962,53137.17084,0
1790727180000,298.71,298.87,298.44,298.67,323.822,1790727239999,96720.12005,1011,213.320,63718.82674,0
1790727240000,298.67,298.88,298.59,298.72,150.477,1790727299999,44949.91449,576,63.904,19087.71057,0
1790727300000,298.73,299.13,298.61,298.83,182.934,1790727359999,54670.92797,987,98.786,29522.61351,0
1790727360000,298.83,299.03,298.71,298.74,163.261,1790727419999,48793.94340,634,78.009,23312.40753,0
1790727420000,298.75,298.93,298.35,298.35,178.606,1790727479999,53343.19539,938,41.881,12508.68862,0
1790727480000,298.35,298.49,298.21,298.36,309.252,1790727539999,92257.22365,851,65.010,19396.17712,0
1790727540000,298.35,298.49,298.13,298.28,260.078,1790727599999,77585.09625,905,89.132,26588.46197,0
1790727600000,298.26,298.43,297.83,298.07,810.572,1790727659999,241595.56518,1523,119.171,35531.49561,0
1790727660000,298.06,298.38,298.06,298.24,316.116,1790727719999,94261.04992,1002,73.493,21913.85275,0
1790727720000,298.25,298.40,297.84,297.95,233.970,1790727779999,69739.69449,1071,57.100,17017.80685,0
1790727780000,297.94,297.99,297.71,297.81,268.952,1790727839999,80097.38135,1005,92.553,27563.75299,0
1790727840000,297.81,297.88,297.16,297.38,1480.731,1790727899999,440334.42559,2271,280.860,83559.89838,0
1790727900000,297.39,297.90,297.18,297.83,1069.237,1790727959999,318143.28515,1888,733.441,218243.84104,0
1790727960000,297.79,298.41,297.48,298.30,354.426,1790728019999,105590.38146,1306,230.164,68573.36429,0
1790728020000,298.30,298.35,297.36,297.96,1080.736,1790728079999,321950.36046,1941,366.014,109054.29051,0
1790728080000,297.94,298.89,297.94,298.83,381.168,1790728139999,113728.35126,1250,204.846,61116.52671,0
1790728140000,298.86,299.09,298.55,298.66,368.295,1790728199999,110060.60026,930,155.464,46460.16364,0
1790728200000,298.65,299.26,298.27,299.05,400.165,1790728259999,119620.96828,1518,201.979,60382.51276,0
1790728260000,299.04,299.31,298.51,299.08,352.212,1790728319999,105289.85739,1159,178.492,53375.51058,0
1790728320000,299.07,299.43,298.62,299.43,660.956,1790728379999,197642.70359,1799,223.597,66867.60799,0
1790728380000,299.44,299.66,299.17,299.37,299.102,1790728439999,89558.50184,1119,184.274,55176.11499,0
1790728440000,299.37,299.70,299.17,299.68,508.131,1790728499999,152179.30711,1238,336.405,100755.07998,0
1790728500000,299.68,299.92,299.34,299.77,440.109,1790728559999,131879.37263,1593,192.393,57659.54910,0
1790728560000,299.77,300.06,299.22,299.29,237.945,1790728619999,71313.27377,1246,146.444,43895.62227,0
1790728620000,299.28,299.35,298.67,299.25,303.526,1790728679999,90761.24706,1533,203.723,60916.02643,0
1790728680000,299.25,299.50,299.15,299.44,328.405,1790728739999,98314.59409,1363,164.194,49155.45466,0
1790728740000,299.45,299.55,299.18,299.52,181.788,1790728799999,54428.05448,879,69.547,20823.28055,0
1790728800000,299.53,300.05,299.44,299.82,247.460,1790728859999,74178.97596,1174,202.530,60709.94795,0
1790728860000,299.83,300.18,299.82,300.09,218.261,1790728919999,65481.59545,920,115.445,34634.83171,0
1790728920000,300.03,300.07,299.32,299.59,1081.682,1790728979999,323981.78120,1395,138.916,41616.32879,0
1790728980000,299.59,299.61,298.87,298.91,178.262,1790729039999,53348.93386,703,60.906,18226.93367,0
1790729040000,298.92,299.28,298.92,299.18,445.279,1790729099999,133181.03480,645,361.481,108111.86246,0
1790729100000,299.18,299.21,298.61,298.74,227.272,1790729159999,67918.46165,730,78.358,23418.54910,0
1790729160000,298.75,299.32,298.66,299.22,321.316,1790729219999,96034.44917,958,77.503,23173.57088,0
1790729220000,299.24,299.82,299.13,299.28,169.213,1790729279999,50664.35384,1483,80.966,24238.63126,0
1790729280000,299.28,299.33,298.84,298.97,95.401,1790729339999,28526.58235,539,48.664,14550.37936,0
1790729340000,298.96,299.24,298.83,299.11,177.986,1790729399999,53206.39696,486,27.153,8119.42216,0
1790729400000,299.11,299.14,298.89,299.02,94.218,1790729459999,28173.93538,581,40.178,12014.42451,0
1790729460000,299.02,299.30,298.93,299.23,79.584,1790729519999,23807.82486,640,42.029,12572.57263,0
1790729520000,299.22,299.38,298.93,299.02,139.005,1790729579999,41579.23042,706,47.756,14284.54615,0
1790729580000,299.02,299.24,298.77,299.22,97.830,1790729639999,29255.59190,631,62.568,18709.14020,0
1790729640000,299.22,299.23,298.92,298.92,90.376,1790729699999,27033.60597,532,47.053,14074.03530,0
1790729700000,298.92,299.60,298.91,299.60,97.836,1790729759999,29279.63083,894,61.908,18525.70161,0
1790729760000,299.60,300.06,299.57,299.92,203.403,1790729819999,61003.42511,1153,150.293,45076.84543,0
1790729820000,299.95,300.20,299.78,300.07,316.908,1790729879999,95103.05796,1191,217.805,65368.81278,0
1790729880000,300.07,300.39,299.89,300.34,124.892,1790729939999,37476.13529,665,83.094,24935.68794,0
1790729940000,300.34,300.70,300.31,300.60,303.655,1790729999999,91255.50642,960,223.008,67021.57068,0
1790730000000,300.59,300.83,300.10,300.83,344.365,1790730059999,103460.67601,1444,187.943,56470.73982,0
1790730060000,300.83,301.21,300.67,301.19,494.277,1790730119999,148776.33363,1412,326.671,98322.05878,0
1790730120000,301.18,302.16,301.01,302.15,763.347,1790730179999,230329.61371,1689,599.182,180840.70476,0
1790730180000,302.16,302.30,301.92,302.18,389.051,1790730239999,117549.33760,1284,169.681,51264.71668,0
1790730240000,302.17,302.32,301.59,301.81,437.841,1790730299999,132244.79034,1247,325.423,98299.38830,0
1790730300000,301.79,302.43,301.70,302.43,362.713,1790730359999,109557.06505,1097,271.094,81878.77657,0
1790730360000,302.43,302.44,301.75,301.84,486.947,1790730419999,147108.96349,1209,218.381,65973.98654,0
1790730420000,301.84,302.09,301.49,302.03,276.594,1790730479999,83458.75628,1149,180.171,54368.11978,0
1790730480000,302.02,302.47,301.45,302.36,508.557,1790730539999,153660.33076,1384,367.532,111049.41588,0
1790730540000,302.36,303.14,302.36,303.11,524.727,1790730599999,158923.67145,1249,278.442,84311.16518,0
1790730600000,303.06,303.11,302.47,302.74,470.993,1790730659999,142608.18179,1357,362.284,109695.16698,0
1790730660000,302.74,304.27,302.68,303.51,1431.200,1790730719999,434575.90580,2568,912.255,277040.28820,0
1790730720000,303.51,303.93,303.25,303.25,322.413,1790730779999,97894.12272,1219,177.003,53742.90983,0
1790730780000,303.25,303.53,303.03,303.29,273.817,1790730839999,83041.19677,1193,158.566,48091.26733,0
1790730840000,303.28,303.71,303.27,303.37,305.233,1790730899999,92632.59088,866,203.628,61791.93167,0
1790730900000,303.38,303.88,303.25,303.82,595.465,1790730959999,180818.81836,1275,386.489,117368.77405,0
1790730960000,303.82,303.89,303.39,303.39,205.612,1790731019999,62433.98195,924,91.314,27728.73713,0
1790731020000,303.38,303.63,302.81,303.03,767.730,1790731079999,232834.91862,1225,592.713,179775.18255,0
1790731080000,303.02,303.28,302.87,302.95,309.818,1790731139999,93904.77467,804,80.746,24471.15965,0
1790731140000,302.94,303.00,302.73,302.78,106.228,1790731199999,32177.01622,464,63.386,19200.96953,0
1790731200000,302.77,302.91,302.68,302.91,145.852,1790731259999,44160.79606,681,63.046,19089.90075,0
1790731260000,302.91,303.41,302.86,303.39,330.291,1790731319999,100146.40751,1575,229.488,69591.38824,0
1790731320000,303.39,303.57,303.09,303.38,188.818,1790731379999,57283.15883,919,87.834,26644.13705,0
1790731380000,303.41,303.92,303.35,303.75,214.066,1790731439999,64998.23292,990,108.501,32941.23165,0
1790731440000,303.74,304.00,303.53,303.98,288.638,1790731499999,87665.86869,837,209.048,63489.84800,0
1790731500000,303.97,304.24,303.88,304.14,321.656,1790731559999,97799.91917,841,209.527,63702.31584,0
1790731560000,304.12,304.44,304.04,304.15,368.791,1790731619999,112209.94276,1204,279.887,85162.18376,0
1790731620000,304.14,304.16,303.64,303.92,212.054,1790731679999,64426.26781,763,158.436,48133.13054,0
1790731680000,303.92,303.92,303.38,303.45,455.745,1790731739999,138353.36189,770,82.430,25028.57445,0
1790731740000,303.44,303.60,303.07,303.29,220.350,1790731799999,66860.83876,646,171.148,51938.30261,0
1790731800000,303.27,304.00,302.57,303.58,687.128,1790731859999,208372.20488,2472,308.124,93487.60716,0
1790731860000,303.57,304.00,302.91,303.09,408.696,1790731919999,124052.68445,1881,169.075,51344.73507,0
1790731920000,303.10,303.22,302.44,302.77,615.057,1790731979999,186274.33423,1554,310.649,94057.02488,0
1790731980000,302.76,303.03,302.45,303.01,252.438,1790732039999,76437.24940,1379,123.970,37546.20030,0
1790732040000,303.02,303.24,302.38,302.45,286.844,1790732099999,86834.58247,1154,149.026,45122.61653,0
1790732100000,302.44,302.90,302.13,302.57,338.127,1790732159999,102249.42626,1570,130.566,39484.84379,0
1790732160000,302.56,302.77,302.20,302.48,330.271,1790732219999,99900.04390,1536,204.631,61891.76037,0
1790732220000,302.46,303.07,302.34,302.80,151.654,1790732279999,45903.29040,1102,88.546,26804.28178,0
1790732280000,302.81,303.01,302.39,302.51,153.871,1790732339999,46560.85044,877,41.688,12618.88734,0
1790732340000,302.52,302.91,302.46,302.81,92.583,1790732399999,28021.42954,747,52.172,15788.70485,0
1790732400000,302.82,302.93,302.50,302.59,93.146,1790732459999,28197.63525,544,45.328,13721.85114,0
1790732460000,302.60,302.82,302.36,302.73,135.476,1790732519999,40993.45250,728,87.915,26602.66261,0
1790732520000,302.72,303.16,302.60,302.82,195.910,1790732579999,59344.72205,707,121.800,36896.67216,0
1790732580000,302.81,303.57,302.79,303.56,193.434,1790732639999,58664.83333,686,125.705,38127.35593,0
1790732640000,303.55,303.80,303.47,303.78,287.019,1790732699999,87148.16857,731,146.233,44401.86683,0
1790732700000,303.75,303.75,303.15,303.29,156.274,1790732759999,47427.01433,701,71.762,21774.87648,0
1790732760000,303.30,303.94,303.30,303.75,330.423,1790732819999,100359.90228,765,121.353,36858.30879,0
1790732820000,303.76,304.11,303.49,303.87,170.436,1790732879999,51773.44477,798,124.171,37718.78662,0
1790732880000,303.86,303.89,303.19,303.50,137.603,1790732939999,41767.22966,814,59.575,18086.68912,0
1790732940000,303.51,304.24,303.35,303.92,542.838,1790732999999,164900.65378,1170,382.467,116151.15871,0
1790733000000,303.91,304.30,303.81,304.07,542.334,1790733059999,164895.60851,1288,362.908,110334.82742,0
1790733060000,304.07,304.36,303.81,304.36,300.379,1790733119999,91359.71691,898,247.482,75278.73516,0
1790733120000,304.35,305.08,304.20,304.42,879.640,1790733179999,267913.06782,1847,634.727,193325.17388,0
1790733180000,304.41,304.43,303.88,304.20,244.382,1790733239999,74311.54020,868,119.834,36441.27668,0
1790733240000,304.19,304.29,303.80,303.99,252.759,1790733299999,76847.68923,867,111.573,33930.58914,0
1790733300000,303.99,303.99,303.53,303.60,288.899,1790733359999,87741.17223,1001,92.282,28026.16067,0
1790733360000,303.58,303.92,303.52,303.69,183.118,1790733419999,55619.70029,570,92.135,27982.51416,0
1790733420000,303.69,304.19,303.52,304.06,125.409,1790733479999,38115.78244,869,74.972,22785.80373,0
1790733480000,304.05,304.05,303.53,303.55,116.165,1790733539999,35283.03814,617,55.906,16978.60133,0
1790733540000,303.55,304.04,303.55,304.03,142.576,1790733599999,43329.02080,595,90.663,27550.52819,0
1790733600000,304.04,304.42,303.64,304.33,288.763,1790733659999,87805.32064,1211,118.819,36129.82557,0
1790733660000,304.32,304.53,304.07,304.32,348.007,1790733719999,105896.20311,950,141.192,42970.29880,0
1790733720000,304.32,304.40,303.26,303.26,393.895,1790733779999,119753.87575,1051,105.253,32005.72386,0
1790733780000,303.25,303.71,303.13,303.43,232.652,1790733839999,70586.02995,983,170.663,51781.26431,0
1790733840000,303.43,303.79,303.41,303.49,194.155,1790733899999,58957.19694,607,66.750,20265.78781,0
1790733900000,303.49,303.72,303.28,303.42,191.023,1790733959999,57980.48948,732,70.899,21518.82471,0
1790733960000,303.42,303.77,303.38,303.54,230.877,1790734019999,70077.70989,629,82.217,24954.46206,0
1790734020000,303.54,304.21,303.54,304.17,266.088,1790734079999,80894.82466,856,129.052,39228.17331,0
1790734080000,304.16,304.16,303.46,303.46,350.424,1790734139999,106451.79823,1174,117.314,35639.08202,0
1790734140000,303.45,303.45,303.05,303.16,203.409,1790734199999,61675.52958,918,106.720,32357.26598,0
1790734200000,303.17,303.19,302.60,302.87,198.403,1790734259999,60100.56144,949,57.947,17551.06159,0
1790734260000,302.87,302.97,302.50,302.68,407.888,1790734319999,123465.68884,695,99.141,30005.54814,0
1790734320000,302.69,302.71,302.22,302.28,863.300,1790734379999,261095.57428,740,53.143,16075.24043,0
1790734380000,302.28,302.89,302.24,302.46,199.208,1790734439999,60287.71971,842,103.804,31410.30680,0
1790734440000,302.47,302.81,302.21,302.65,409.553,1790734499999,123898.74754,1029,176.761,53466.58922,0
1790734500000,302.66,302.72,302.26,302.66,183.886,1790734559999,55618.58279,923,90.402,27342.67925,0
1790734560000,302.65,302.65,301.76,301.76,567.515,1790734619999,171412.55514,943,89.967,27202.34052,0
1790734620000,301.77,302.31,301.77,302.06,124.102,1790734679999,37487.14407,695,82.847,25022.66888,0
1790734680000,302.09,302.63,302.01,302.25,195.001,1790734739999,58949.96764,849,141.641,42821.75412,0
1790734740000,302.24,302.33,301.67,301.82,230.550,1790734799999,69611.52235,914,48.559,14668.42966,0
1790734800000,301.83,301.97,301.71,301.95,149.675,1790734859999,45177.85847,595,68.003,20527.86186,0
1790734860000,301.94,302.70,301.69,302.70,225.940,1790734919999,68235.59753,817,114.590,34629.54028,0
1790734920000,302.70,303.01,302.64,303.01,99.996,1790734979999,30282.97292,686,70.601,21381.71972,0
1790734980000,303.02,303.53,302.54,302.54,262.929,1790735039999,79719.58513,975,165.291,50131.78769,0
1790735040000,302.53,302.63,302.14,302.16,120.973,1790735099999,36583.80476,502,54.120,16367.48431,0
1790735100000,302.16,302.40,302.04,302.24,194.404,1790735159999,58753.34689,602,143.949,43503.70728,0
1790735160000,302.26,302.46,302.09,302.09,118.131,1790735219999,35705.65554,668,57.162,17278.57787,0
1790735220000,302.09,302.12,301.67,301.68,124.703,1790735279999,37638.07761,556,40.572,12246.69124,0
1790735280000,301.67,301.75,301.23,301.59,510.160,1790735339999,153777.79340,865,116.975,35280.12063,0
1790735340000,301.63,301.68,301.35,301.65,134.303,1790735399999,40493.29309,453,57.374,17301.50760,0
1790735400000,301.67,301.81,301.29,301.37,164.117,1790735459999,49485.92898,699,37.162,11207.86329,0
1790735460000,301.36,302.35,301.36,302.26,167.402,1790735519999,50547.44753,1020,101.809,30736.52722,0
1790735520000,302.25,302.25,301.45,301.48,148.500,1790735579999,44843.48107,697,40.640,12271.02917,0
1790735580000,301.48,301.59,301.25,301.45,216.570,1790735639999,65280.13622,664,111.662,33660.34908,0
1790735640000,301.45,301.63,301.32,301.32,164.906,1790735699999,49716.92312,760,47.754,14398.43348,0
1790735700000,301.31,301.42,300.68,300.68,639.295,1790735759999,192463.30996,1276,112.724,33942.11712,0
1790735760000,300.75,301.04,300.59,301.03,518.398,1790735819999,155885.98095,1153,404.016,121490.13810,0
1790735820000,301.04,301.37,300.73,301.04,135.200,1790735879999,40708.10745,788,71.553,21546.67454,0
1790735880000,301.03,301.19,300.77,301.13,180.544,1790735939999,54338.48184,726,81.734,24602.60374,0
1790735940000,301.14,301.77,301.08,301.77,145.058,1790735999999,43718.29807,584,81.610,24596.76641,0
1790736000000,301.78,302.69,301.78,302.68,190.669,1790736059999,57632.05482,783,133.515,40358.06722,0
1790736060000,302.69,302.82,302.09,302.39,172.705,1790736119999,52242.70737,743,85.870,25974.66530,0
1790736120000,302.40,302.76,301.94,301.94,727.689,1790736179999,220160.40581,1137,512.190,154975.62140,0
1790736180000,301.94,302.11,301.80,302.06,93.377,1790736239999,28195.24852,434,35.529,10729.35678,0
1790736240000,302.06,302.54,302.02,302.20,90.213,1790736299999,27273.69652,460,40.770,12325.63030,0
1790736300000,302.19,302.29,301.77,302.26,125.044,1790736359999,37760.23725,704,68.984,20833.90638,0
1790736360000,302.28,302.61,302.21,302.55,133.758,1790736419999,40453.44686,660,90.958,27512.53693,0
1790736420000,302.55,303.06,302.49,302.98,101.597,1790736479999,30770.73730,636,48.283,14623.54905,0
1790736480000,302.97,303.35,302.76,302.85,125.562,1790736539999,38056.69398,724,75.335,22834.93805,0
1790736540000,302.86,302.96,302.61,302.61,85.410,1790736599999,25861.35696,498,42.154,12763.33683,0
1790736600000,302.60,302.87,302.58,302.87,110.714,1790736659999,33512.46566,342,105.719,32000.44896,0
1790736660000,302.87,303.01,302.76,302.79,122.767,1790736719999,37190.75628,513,67.358,20404.48587,0
1790736720000,302.79,303.24,302.54,303.12,404.890,1790736779999,122673.43850,888,307.594,93181.12432,0
1790736780000,303.11,303.11,302.70,302.70,67.844,1790736839999,20548.46726,385,25.465,7713.06525,0
1790736840000,302.70,302.78,302.38,302.48,110.990,1790736899999,33577.21429,590,44.081,13334.70964,0
1790736900000,302.49,302.55,302.26,302.43,93.809,1790736959999,28365.68094,380,40.007,12096.70783,0
1790736960000,302.44,302.66,302.24,302.33,288.984,1790737019999,87409.32851,749,68.554,20737.67005,0
1790737020000,302.33,302.70,302.32,302.48,226.479,1790737079999,68511.03538,480,155.224,46951.84162,0
1790737080000,302.48,302.48,302.09,302.09,240.689,1790737139999,72745.45234,447,45.226,13669.49798,0
1790737140000,302.10,303.39,301.92,303.39,1560.779,1790737199999,472437.61454,2235,926.499,280522.67117,0
1790737200000,303.39,303.46,302.64,302.64,214.222,1790737259999,64938.72285,895,58.371,17693.68473,0
1790737260000,302.64,302.64,301.42,301.47,475.649,1790737319999,143561.44985,1191,193.352,58334.01625,0
1790737320000,301.47,302.14,301.46,301.78,168.683,1790737379999,50896.11084,858,85.606,25826.57562,0
1790737380000,301.78,302.02,301.59,302.02,131.862,1790737439999,39791.10731,675,78.764,23769.93743,0
1790737440000,302.02,302.52,301.91,302.24,303.830,1790737499999,91861.09541,687,142.640,43128.78184,0
1790737500000,302.23,302.84,302.12,302.76,191.106,1790737559999,57803.70787,774,130.390,39437.76355,0
1790737560000,302.75,302.76,302.14,302.15,87.054,1790737619999,26324.79910,459,35.369,10693.44273,0
1790737620000,302.15,302.15,301.72,301.93,107.679,1790737679999,32510.04923,551,41.109,12410.44571,0
1790737680000,301.92,302.04,301.64,302.04,145.229,1790737739999,43835.24593,592,55.853,16861.32452,0
1790737740000,302.03,302.47,301.99,302.26,118.276,1790737799999,35754.22173,531,70.408,21285.22850,0
1790737800000,302.25,302.41,301.90,301.90,237.943,1790737859999,71912.02555,672,37.308,11274.73998,0
1790737860000,301.89,302.04,301.71,301.71,157.242,1790737919999,47464.30093,537,68.918,20801.42386,0
1790737920000,301.74,302.02,301.74,301.80,82.876,1790737979999,25020.75853,450,55.603,16786.46202,0
1790737980000,301.80,301.86,301.73,301.78,58.538,1790738039999,17665.92637,253,37.086,11192.19321,0
1790738040000,301.78,301.82,301.64,301.69,90.298,1790738099999,27246.83637,337,57.631,17389.76577,0
1790738100000,301.70,301.71,301.19,301.30,404.316,1790738159999,121881.35156,914,109.442,32991.08514,0
1790738160000,301.30,301.30,300.36,300.40,644.608,1790738219999,193836.62173,1280,125.056,37628.36521,0
1790738220000,300.40,300.66,300.23,300.50,612.575,1790738279999,184020.49496,1168,290.374,87238.29550,0
1790738280000,300.54,300.54,299.62,300.08,931.534,1790738339999,279435.28284,1509,195.912,58793.99656,0
1790738340000,300.07,300.22,299.53,299.80,801.489,1790738399999,240349.29849,1069,300.082,89973.12074,0
1790738400000,299.79,300.41,299.79,300.39,228.458,1790738459999,68559.22250,984,139.117,41751.14410,0
1790738460000,300.40,300.67,300.34,300.62,280.513,1790738519999,84294.86592,662,209.220,62869.46145,0
1790738520000,300.63,301.40,300.63,301.36,273.058,1790738579999,82223.08746,1019,232.585,70040.47251,0
1790738580000,301.37,301.57,301.18,301.29,122.555,1790738639999,36931.80307,571,54.666,16473.74289,0
1790738640000,301.29,301.66,301.02,301.19,338.707,1790738699999,102070.99184,801,224.269,67585.41896,0
1790738700000,301.19,301.19,300.68,300.82,176.009,1790738759999,52960.07618,770,86.593,26054.48323,0
1790738760000,300.83,300.87,300.38,300.81,134.201,1790738819999,40353.09865,655,49.203,14793.06554,0
1790738820000,300.81,301.12,300.69,301.12,168.119,1790738879999,50596.32370,634,136.570,41103.42355,0
1790738880000,301.12,301.39,301.10,301.13,721.776,1790738939999,217455.92648,716,156.428,47125.19772,0
1790738940000,301.13,301.21,300.50,300.80,338.454,1790738999999,101780.94752,696,49.713,14956.30893,0
1790739000000,300.81,300.88,300.18,300.18,400.570,1790739059999,120325.58692,734,44.099,13249.96805,0
1790739060000,300.18,300.27,299.81,300.23,721.117,1790739119999,216432.29308,917,527.540,158360.68797,0
1790739120000,300.22,300.26,300.04,300.14,142.751,1790739179999,42845.81477,579,66.422,19934.88729,0
1790739180000,300.15,300.54,300.11,300.54,439.201,1790739239999,131945.64609,829,369.440,110997.25313,0
1790739240000,300.54,300.82,300.48,300.69,238.180,1790739299999,71609.46028,681,178.697,53729.50119,0
1790739300000,300.69,301.13,300.00,300.28,492.082,1790739359999,147999.13982,1278,330.593,99475.25305,0
1790739360000,300.27,301.04,300.12,301.02,173.517,1790739419999,52124.81863,913,118.074,35475.10057,0
1790739420000,301.03,301.80,300.98,301.76,835.401,1790739479999,251801.01346,1371,681.241,205318.92200,0
1790739480000,301.75,301.81,301.49,301.79,175.079,1790739539999,52817.36791,662,68.501,20667.92656,0
1790739540000,301.79,302.76,301.79,302.41,2390.104,1790739599999,722930.83491,1937,1195.455,361525.19236,0
1790739600000,302.42,302.56,302.16,302.29,184.820,1790739659999,55879.84111,609,97.714,29548.67388,0
1790739660000,302.29,302.62,302.10,302.13,591.155,1790739719999,178712.39893,1217,120.025,36288.06390,0
1790739720000,302.13,302.25,301.82,302.09,659.809,1790739779999,199272.55849,1071,132.287,39957.92258,0
1790739780000,302.09,302.54,302.00,302.18,300.707,1790739839999,90908.66432,681,82.746,25012.52194,0
1790739840000,302.18,302.37,301.74,301.74,260.967,1790739899999,78818.48602,601,58.365,17634.50217,0
1790739900000,301.74,301.88,301.37,301.43,472.599,1790739959999,142544.19851,758,235.523,71038.38843,0
1790739960000,301.44,301.51,301.07,301.40,184.189,1790740019999,55505.24902,549,38.488,11595.18400,0
1790740020000,301.39,301.99,301.33,301.80,187.525,1790740079999,56598.30368,757,55.971,16887.26105,0
1790740080000,301.80,301.89,301.42,301.46,56.965,1790740139999,17186.63299,295,39.115,11800.93884,0
1790740140000,301.46,301.64,301.12,301.12,105.318,1790740199999,31740.94179,542,21.198,6389.08600,0
1790740200000,301.15,301.26,300.89,301.17,165.683,1790740259999,49884.78551,649,69.404,20896.52696,0
1790740260000,301.12,301.12,300.47,300.47,112.818,1790740319999,33941.50842,678,53.681,16152.60732,0
1790740320000,300.50,300.50,300.33,300.38,82.987,1790740379999,24930.99480,355,32.382,9727.63573,0
1790740380000,300.37,300.70,300.22,300.54,603.270,1790740439999,181215.86242,932,257.040,77227.57731,0
1790740440000,300.53,300.89,300.33,300.84,474.494,1790740499999,142602.10719,815,91.351,27462.37163,0
1790740500000,300.85,301.07,300.21,300.37,239.788,1790740559999,72053.59488,824,64.559,19403.11302,0
1790740560000,300.36,300.53,300.24,300.25,82.379,1790740619999,24745.78312,517,46.923,14095.92869,0
1790740620000,300.25,300.40,300.12,300.35,129.624,1790740679999,38923.31833,355,26.793,8045.27781,0
1790740680000,300.35,300.51,300.13,300.49,268.034,1790740739999,80493.06597,691,134.711,40453.92356,0
1790740740000,300.43,300.79,300.38,300.49,294.759,1790740799999,88574.22936,691,69.772,20968.16620,0
1790740800000,300.48,301.07,300.43,300.81,139.210,1790740859999,41856.13197,735,83.944,25238.26126,0
1790740860000,300.82,301.05,300.59,300.74,128.522,1790740919999,38670.32117,703,92.941,27964.09071,0
1790740920000,300.74,301.98,300.68,301.95,203.605,1790740979999,61361.69417,1047,152.563,45972.69194,0
1790740980000,301.95,302.30,301.84,302.17,235.491,1790741039999,71152.84618,1086,144.348,43612.36087,0
1790741040000,302.17,302.51,301.80,302.23,433.720,1790741099999,131069.82574,1466,280.364,84732.15726,0
1790741100000,302.22,302.75,302.02,302.38,282.950,1790741159999,85550.74286,944,155.441,47004.03092,0
1790741160000,302.38,302.79,302.13,302.28,180.873,1790741219999,54718.21549,996,59.187,17900.15891,0
1790741220000,302.29,302.43,301.82,302.24,175.407,1790741279999,53012.29936,884,83.267,25164.95381,0
1790741280000,302.24,302.24,301.61,302.03,212.140,1790741339999,64046.67931,941,88.826,26820.60401,0
1790741340000,302.03,302.03,301.41,301.65,177.624,1790741399999,53581.04235,811,78.375,23640.86469,0
1790741400000,301.63,301.87,301.52,301.75,125.108,1790741459999,37740.69929,726,67.383,20326.66036,0
1790741460000,301.76,302.45,301.71,302.33,171.617,1790741519999,51861.36122,824,73.424,22184.24553,0
1790741520000,302.32,302.49,302.16,302.17,115.704,1790741579999,34985.03433,582,73.464,22214.00533,0
1790741580000,302.17,302.66,302.16,302.58,323.492,1790741639999,97847.04185,846,113.453,34314.99193,0
1790741640000,302.57,302.67,302.29,302.44,161.647,1790741699999,48905.26875,600,108.248,32749.55698,0
1790741700000,302.46,302.74,302.23,302.73,93.487,1790741759999,28282.07767,648,75.092,22716.84033,0
1790741760000,302.73,303.00,302.60,302.87,218.168,1790741819999,66067.62842,998,102.585,31066.75962,0
1790741820000,302.88,303.41,302.76,303.28,477.821,1790741879999,144770.64764,897,222.748,67524.72024,0
1790741880000,303.28,303.62,303.12,303.61,154.877,1790741939999,46982.78461,507,66.574,20197.93280,0
1790741940000,303.61,303.68,303.08,303.16,399.278,1790741999999,121105.62058,730,56.548,17156.07712,0
1790742000000,303.17,303.42,302.98,303.01,274.144,1790742059999,83125.18536,701,168.128,50990.21991,0
1790742060000,303.00,303.79,302.93,303.52,164.937,1790742119999,50048.23584,678,101.614,30834.49175,0
1790742120000,303.51,303.74,303.47,303.61,176.577,1790742179999,53602.85581,514,83.629,25387.66666,0
1790742180000,303.61,303.69,303.07,303.13,139.580,1790742239999,42349.61523,498,36.911,11197.44495,0
1790742240000,303.14,303.32,302.94,302.99,100.500,1790742299999,30462.66313,505,41.610,12612.11131,0
1790742300000,302.98,303.87,302.92,303.61,660.209,1790742359999,200425.37156,1179,487.375,147978.21665,0
1790742360000,303.62,304.29,303.29,304.14,550.522,1790742419999,167295.77043,991,445.038,135255.34048,0
1790742420000,304.13,304.95,304.13,304.58,1054.060,1790742479999,321028.49962,1852,753.763,229547.95130,0
1790742480000,304.57,304.57,304.15,304.16,92.266,1790742539999,28083.01197,436,44.416,13517.58002,0
1790742540000,304.17,304.19,303.50,303.63,280.446,1790742599999,85229.65494,738,78.535,23870.36379,0
1790742600000,303.63,304.13,303.57,303.99,255.884,1790742659999,77754.68250,691,105.076,31922.26013,0
1790742660000,304.03,304.47,303.72,304.47,295.706,1790742719999,89876.24253,1041,135.046,41055.16701,0
1790742720000,304.46,304.93,304.38,304.73,529.086,1790742779999,161184.00537,1321,326.978,99610.34721,0
1790742780000,304.70,305.04,304.49,304.67,417.708,1790742839999,127295.60183,1219,183.451,55914.61812,0
1790742840000,304.67,304.86,304.08,304.08,332.432,1790742899999,101248.41325,1113,124.416,37889.32050,0
1790742900000,304.07,304.71,303.91,304.71,573.829,1790742959999,174618.98806,1145,457.322,139194.93158,0
1790742960000,304.72,305.03,304.53,304.90,485.754,1790743019999,148044.07772,1104,330.973,100881.71510,0
1790743020000,304.89,305.05,304.11,304.97,414.896,1790743079999,126368.23743,1314,248.580,75723.45025,0
1790743080000,304.97,305.27,304.77,304.90,763.755,1790743139999,232951.44107,1417,301.696,92051.80977,0
1790743140000,304.89,304.92,304.41,304.75,411.145,1790743199999,125295.91330,854,301.211,91803.22607,0
1790743200000,304.74,305.04,304.57,304.62,562.107,1790743259999,171340.37288,1089,418.113,127456.50334,0
1790743260000,304.62,305.23,304.47,304.90,365.643,1790743319999,111481.28542,977,290.225,88490.29023,0
1790743320000,304.89,305.27,304.53,305.27,307.876,1790743379999,93860.10166,907,134.194,40921.86315,0
1790743380000,305.27,305.35,304.82,304.82,188.229,1790743439999,57416.24683,571,103.175,31471.65818,0
1790743440000,304.81,304.89,304.55,304.55,90.522,1790743499999,27587.66150,442,50.103,15270.47749,0
1790743500000,304.55,304.89,304.55,304.69,246.215,1790743559999,75025.50542,578,174.057,53034.46845,0
1790743560000,304.68,304.76,304.21,304.44,292.006,1790743619999,88908.53857,864,57.513,17514.97431,0
1790743620000,304.45,304.50,304.16,304.31,114.564,1790743679999,34865.22825,474,61.234,18635.49143,0
1790743680000,304.31,304.31,304.06,304.07,214.333,1790743739999,65189.16391,551,40.074,12187.93417,0
1790743740000,304.07,304.07,303.78,303.78,419.272,1790743799999,127424.87741,925,172.102,52309.67713,0
1790743800000,303.78,303.78,303.34,303.46,354.602,1790743859999,107639.09595,862,118.733,36045.98878,0
1790743860000,303.46,303.66,303.34,303.52,137.469,1790743919999,41720.57277,526,85.204,25857.83852,0
1790743920000,303.52,303.83,303.35,303.83,260.342,1790743979999,79029.87040,666,110.149,33441.89870,0
1790743980000,303.83,303.83,303.44,303.52,125.421,1790744039999,38075.48895,427,37.422,11360.52107,0
1790744040000,303.52,303.77,303.33,303.44,155.252,1790744099999,47126.01567,532,49.767,15107.89827,0
1790744100000,303.47,303.70,303.46,303.53,101.324,1790744159999,30757.78739,391,81.156,24635.30176,0
1790744160000,303.54,303.72,303.40,303.68,118.705,1790744219999,36032.81312,535,35.246,10698.90994,0
1790744220000,303.67,303.68,303.52,303.58,103.388,1790744279999,31386.64863,577,50.568,15351.44949,0
1790744280000,303.58,303.70,303.16,303.30,620.467,1790744339999,188233.87836,980,164.211,49835.56551,0
1790744340000,303.30,303.43,303.17,303.24,141.404,1790744399999,42882.98445,397,46.532,14111.45643,0
1790744400000,303.24,304.52,303.24,304.41,219.875,1790744459999,66808.55556,1033,127.883,38857.61980,0
1790744460000,304.40,305.32,304.26,305.30,472.287,1790744519999,143913.47871,1535,320.494,97657.54686,0
1790744520000,305.31,305.43,304.22,304.26,446.113,1790744579999,136054.08796,1201,92.403,28183.80589,0
1790744580000,304.26,304.64,303.73,303.88,190.730,1790744639999,58015.11474,926,106.224,32311.75872,0
1790744640000,303.88,304.14,303.65,304.13,113.697,1790744699999,34544.39476,716,48.072,14607.25879,0
1790744700000,304.13,304.13,303.51,304.05,167.684,1790744759999,50949.41005,897,60.096,18256.26808,0
1790744760000,304.05,304.20,303.72,303.88,161.304,1790744819999,49029.67491,905,83.170,25279.56030,0
1790744820000,303.87,304.11,303.54,303.62,151.480,1790744879999,46017.54954,825,38.081,11572.01687,0
1790744880000,303.59,303.60,303.12,303.12,154.359,1790744939999,46834.63622,754,98.026,29742.64759,0
1790744940000,303.11,303.51,302.82,303.21,269.755,1790744999999,81789.74341,967,146.089,44302.98108,0
1790745000000,303.18,303.18,302.59,302.68,187.937,1790745059999,56900.49429,799,46.655,14126.64301,0
1790745060000,302.68,303.10,302.63,302.88,240.063,1790745119999,72704.73554,885,113.985,34520.27700,0
1790745120000,302.88,303.45,302.61,302.64,240.085,1790745179999,72743.94295,1002,117.277,35545.59035,0
1790745180000,302.63,303.01,302.45,302.69,204.621,1790745239999,61947.09539,679,51.718,15657.08468,0
1790745240000,302.68,302.71,302.50,302.58,94.872,1790745299999,28709.89597,296,27.630,8361.02871,0
1790745300000,302.58,302.65,302.06,302.46,349.856,1790745359999,105785.69228,1068,111.810,33814.39506,0
1790745360000,302.46,302.67,302.19,302.35,301.875,1790745419999,91301.79383,917,138.620,41920.96518,0
1790745420000,302.35,302.91,302.35,302.76,98.023,1790745479999,29667.57392,575,64.240,19441.40263,0
1790745480000,302.75,303.59,302.74,303.04,274.267,1790745539999,83183.39086,1337,162.673,49341.97437,0
1790745540000,303.03,303.51,302.89,302.98,599.488,1790745599999,181736.57954,1196,292.788,88753.73610,0
1790745600000,302.97,303.11,302.43,302.87,380.430,1790745659999,115159.35329,1265,212.628,64366.42325,0
1790745660000,302.87,303.23,302.51,302.58,202.119,1790745719999,61191.43123,1003,127.281,38530.64325,0
1790745720000,302.58,303.00,302.44,302.99,157.515,1790745779999,47672.28208,846,75.000,22697.57372,0
1790745780000,302.98,303.32,302.83,303.22,178.965,1790745839999,54233.22433,818,57.288,17358.59759,0
1790745840000,303.21,303.81,303.20,303.81,215.673,1790745899999,65458.78036,883,176.534,53582.52148,0
1790745900000,303.81,304.02,303.12,303.34,471.327,1790745959999,143026.98449,1331,129.811,39419.99166,0
1790745960000,303.33,303.51,303.20,303.22,80.006,1790746019999,24269.38744,530,32.088,9734.12233,0
1790746020000,303.20,303.88,303.06,303.55,238.835,1790746079999,72479.64666,858,84.903,25749.21439,0
1790746080000,303.55,303.90,303.35,303.90,96.808,1790746139999,29395.44585,535,54.908,16671.20402,0
1790746140000,303.90,304.26,303.83,304.12,144.414,1790746199999,43913.24511,560,54.090,16447.86630,0
1790746200000,304.11,304.98,304.05,304.98,403.016,1790746259999,122704.38285,1375,198.501,60424.75264,0
1790746260000,304.98,305.61,304.66,305.53,492.342,1790746319999,150277.91560,1414,283.905,86648.51652,0
1790746320000,305.52,305.71,304.85,305.14,564.812,1790746379999,172391.16203,1567,209.763,64030.76817,0
1790746380000,305.16,305.16,304.27,304.60,479.422,1790746439999,146059.66863,1504,169.226,51536.72058,0
1790746440000,304.59,305.02,304.54,304.91,357.692,1790746499999,109034.59396,1038,158.561,48330.34333,0
1790746500000,304.90,305.25,304.33,304.90,543.911,1790746559999,165853.28683,1606,380.344,115991.07535,0
1790746560000,304.90,305.10,304.43,304.60,141.611,1790746619999,43160.40095,952,52.533,16009.18341,0
1790746620000,304.57,304.77,304.26,304.37,150.787,1790746679999,45929.46447,758,117.770,35875.86929,0
1790746680000,304.37,304.91,304.24,304.91,226.296,1790746739999,68914.75658,795,144.166,43918.92932,0
1790746740000,304.91,305.07,304.80,304.86,161.141,1790746799999,49137.05731,584,75.427,23002.44204,0
1790746800000,304.87,304.97,304.08,304.17,259.778,1790746859999,79114.33351,1010,66.139,20139.24660,0
1790746860000,304.18,304.56,304.10,304.46,128.673,1790746919999,39158.62328,639,75.469,22965.32750,0
1790746920000,304.46,304.47,304.30,304.35,86.291,1790746979999,26268.51635,299,21.204,6454.40191,0
1790746980000,304.36,305.13,304.32,305.13,192.206,1790747039999,58558.12675,780,122.764,37406.71233,0
1790747040000,305.13,305.72,305.13,305.36,407.554,1790747099999,124493.05768,1087,249.204,76129.21089,0
1790747100000,305.36,305.62,305.16,305.44,330.779,1790747159999,101014.43564,1121,125.287,38269.31777,0
1790747160000,305.44,305.88,305.29,305.29,291.511,1790747219999,89091.04566,954,127.575,38997.46083,0
1790747220000,305.30,305.31,304.98,305.00,137.876,1790747279999,42068.71569,724,73.140,22316.03853,0
1790747280000,305.00,305.00,304.79,304.90,323.410,1790747339999,98610.29168,405,28.624,8727.27681,0
1790747340000,304.89,305.08,304.83,305.04,92.658,1790747399999,28255.37024,467,65.436,19953.26429,0
1790747400000,305.04,305.38,305.04,305.22,54.555,1790747459999,16649.57188,415,44.076,13450.87222,0
1790747460000,305.25,305.25,304.74,304.78,104.643,1790747519999,31913.04556,564,31.059,9470.91108,0
1790747520000,304.79,304.79,304.43,304.47,272.333,1790747579999,82941.49632,699,68.819,20964.07346,0
1790747580000,304.47,304.63,304.21,304.34,971.820,1790747639999,295837.23189,1693,416.874,126925.27174,0
1790747640000,304.34,304.34,304.11,304.11,55.809,1790747699999,16979.71076,251,24.345,7406.69768,0
1790747700000,304.10,304.11,303.69,303.77,401.202,1790747759999,121936.54898,618,69.553,21140.90510,0
1790747760000,303.77,304.64,303.73,304.45,1009.237,1790747819999,307038.98296,1503,717.291,218190.25540,0
1790747820000,304.44,304.59,304.29,304.30,115.764,1790747879999,35243.55710,374,29.885,9098.13586,0
1790747880000,304.29,305.31,304.23,305.29,654.900,1790747939999,199535.36542,1543,443.652,135168.20938,0
1790747940000,305.28,305.28,304.56,304.68,327.731,1790747999999,99965.16502,767,171.949,52442.02258,0
1790748000000,304.68,305.40,304.29,305.40,286.622,1790748059999,87342.22043,1297,125.035,38106.98186,0
1790748060000,305.39,305.66,304.86,304.99,256.261,1790748119999,78223.95183,992,123.425,37672.43673,0
1790748120000,304.99,304.99,304.39,304.75,202.222,1790748179999,61604.56682,817,65.218,19865.24184,0
1790748180000,304.74,304.78,304.28,304.63,224.123,1790748239999,68247.31970,751,108.495,33033.06883,0
1790748240000,304.63,305.00,304.39,304.93,147.596,1790748299999,44972.51714,694,60.857,18547.44091,0
1790748300000,304.94,305.44,304.94,305.30,493.621,1790748359999,150677.39607,939,345.802,105561.96507,0
1790748360000,305.29,305.41,304.79,304.85,375.616,1790748419999,114594.73808,715,81.603,24908.54004,0
1790748420000,304.85,304.85,304.31,304.52,116.596,1790748479999,35511.94263,603,47.993,14614.13787,0
1790748480000,304.50,304.61,304.12,304.15,165.233,1790748539999,50282.47593,561,80.823,24593.97025,0
1790748540000,304.16,304.60,303.91,303.96,501.534,1790748599999,152642.76469,842,327.885,99805.25486,0
1790748600000,303.98,304.33,303.97,304.08,199.965,1790748659999,60820.08880,483,115.341,35081.13449,0
1790748660000,304.09,304.09,303.61,303.61,504.402,1790748719999,153217.32771,511,87.929,26714.30446,0
1790748720000,303.62,303.81,303.22,303.47,280.188,1790748779999,85055.37969,677,81.639,24782.43983,0
1790748780000,303.46,303.46,302.92,303.05,554.457,1790748839999,168085.53969,649,99.674,30220.08224,0
1790748840000,303.06,303.30,302.86,303.11,249.203,1790748899999,75531.38612,783,111.381,33758.58059,0
1790748900000,303.11,303.69,303.11,303.28,531.993,1790748959999,161422.04465,983,413.039,125324.59420,0
1790748960000,303.29,303.48,302.91,303.40,347.650,1790749019999,105376.24658,975,112.842,34206.94105,0
1790749020000,303.40,304.20,303.31,303.52,397.443,1790749079999,120782.50417,1048,219.000,66551.98122,0
1790749080000,303.53,303.63,302.97,303.11,458.918,1790749139999,139181.41184,1041,196.083,59439.49304,0
1790749140000,303.12,303.38,302.94,302.96,222.924,1790749199999,67582.28565,568,130.700,39625.86637,0
1790749200000,302.96,303.45,302.84,303.10,126.360,1790749259999,38293.51494,740,65.593,19874.98734,0
1790749260000,303.10,303.37,302.95,303.09,149.474,1790749319999,45303.70010,643,71.003,21517.98803,0
1790749320000,303.07,303.10,302.66,302.92,105.297,1790749379999,31894.55259,526,60.765,18404.19348,0
1790749380000,302.93,303.35,302.54,302.58,159.825,1790749439999,48405.26306,694,73.841,22367.68834,0
1790749440000,302.59,302.69,302.25,302.25,319.017,1790749499999,96500.01764,748,108.669,32872.92155,0
1790749500000,302.25,302.32,302.06,302.10,330.010,1790749559999,99710.47133,623,233.619,70584.91663,0
1790749560000,302.10,302.17,301.48,301.67,655.076,1790749619999,197703.96777,1129,124.072,37432.16734,0
1790749620000,301.67,301.74,301.30,301.74,549.480,1790749679999,165681.13258,835,170.194,51336.85546,0
1790749680000,301.73,302.66,301.73,302.50,343.142,1790749739999,103698.38809,1167,201.140,60784.59943,0
1790749740000,302.55,302.89,302.10,302.44,280.548,1790749799999,84893.56551,1065,180.727,54698.35519,0
1790749800000,302.43,302.54,301.61,302.08,226.533,1790749859999,68425.44352,1019,68.421,20664.10349,0
1790749860000,302.09,302.68,301.88,302.63,267.018,1790749919999,80712.15070,976,171.720,51902.54221,0
1790749920000,302.62,302.62,302.09,302.32,326.038,1790749979999,98560.16090,853,83.598,25268.09485,0
1790749980000,302.32,302.56,301.76,301.76,181.317,1790750039999,54798.21715,706,98.095,29648.81734,0
1790750040000,301.75,302.06,301.65,302.00,168.735,1790750099999,50924.10126,687,104.685,31594.30045,0
1790750100000,301.99,302.11,301.05,301.15,1162.353,1790750159999,350430.45224,1810,344.206,103761.10984,0
1790750160000,301.15,301.82,301.10,301.51,751.941,1790750219999,226631.52494,1435,401.359,120977.54808,0
1790750220000,301.51,301.72,301.30,301.30,227.680,1790750279999,68642.26449,674,118.218,35640.42101,0
1790750280000,301.31,301.66,301.28,301.52,327.827,1790750339999,98814.38596,957,210.499,63444.07907,0
1790750340000,301.53,301.60,301.11,301.29,312.160,1790750399999,94058.47491,853,197.441,59495.75711,0
1790750400000,301.29,301.62,300.88,301.12,597.342,1790750459999,179926.53771,1420,220.118,66303.59181,0
1790750460000,301.12,301.31,300.59,300.66,488.432,1790750519999,146938.91160,889,129.896,39097.19384,0
1790750520000,300.66,301.59,300.65,301.55,205.358,1790750579999,61804.34149,682,132.454,39859.77574,0
1790750580000,301.55,301.84,301.30,301.43,123.340,1790750639999,37190.34782,586,54.994,16580.53158,0
1790750640000,301.43,301.69,301.31,301.64,185.458,1790750699999,55929.35464,531,101.052,30475.17578,0
1790750700000,301.63,301.63,300.55,300.87,302.045,1790750759999,90922.85712,970,100.172,30150.88465,0
1790750760000,300.87,300.90,300.42,300.45,202.397,1790750819999,60850.78461,480,30.251,9097.28140,0
1790750820000,300.46,300.53,299.74,300.01,675.406,1790750879999,202679.77056,1133,135.787,40752.87099,0
1790750880000,300.02,300.11,299.60,299.73,488.352,1790750939999,146413.06896,1085,174.283,52255.18038,0
1790750940000,299.71,300.20,299.70,300.15,480.401,1790750999999,144124.33933,995,313.687,94112.51700,0
1790751000000,300.14,300.30,299.77,299.79,338.704,1790751059999,101632.21812,980,130.690,39219.09524,0
1790751060000,299.80,300.39,299.72,300.22,259.506,1790751119999,77846.91466,846,114.918,34471.09127,0
1790751120000,300.22,300.76,300.13,300.66,237.049,1790751179999,71215.07968,763,113.066,33971.29187,0
1790751180000,300.65,300.87,300.43,300.77,172.345,1790751239999,51826.89293,541,132.893,39964.74050,0
1790751240000,300.76,300.91,300.61,300.73,137.884,1790751299999,41463.63076,516,62.111,18679.09054,0
1790751300000,300.74,301.96,300.74,301.90,1369.164,1790751359999,412328.22801,1610,509.339,153478.77354,0
1790751360000,301.90,301.90,300.48,300.56,4792.738,1790751419999,1442819.89897,1662,306.532,92269.27925,0
1790751420000,300.56,300.84,300.44,300.80,243.662,1790751479999,73253.26304,750,178.845,53770.12376,0
1790751480000,300.81,301.11,300.69,300.70,211.987,1790751539999,63779.23484,502,78.980,23763.74644,0
1790751540000,300.69,300.69,299.96,300.12,1500.990,1790751599999,450862.74581,748,126.057,37846.02133,0
1790751600000,300.12,300.22,299.66,299.90,609.242,1790751659999,182665.79621,996,141.063,42301.48858,0
1790751660000,299.90,300.65,299.86,300.39,388.654,1790751719999,116705.10874,1079,255.088,76594.24637,0
1790751720000,300.41,301.15,300.41,300.94,419.250,1790751779999,126113.81870,1108,260.376,78312.33192,0
1790751780000,300.95,301.15,300.68,300.68,151.278,1790751839999,45533.29077,523,78.407,23601.14126,0
1790751840000,300.67,300.84,300.25,300.29,417.365,1790751899999,125426.06693,769,126.098,37910.78914,0
1790751900000,300.28,300.33,299.71,299.72,339.021,1790751959999,101659.55364,788,61.205,18351.26605,0
1790751960000,299.71,299.71,298.39,299.14,2719.407,1790752019999,812746.25945,2860,626.723,187305.38035,0
1790752020000,299.14,299.44,298.88,299.08,479.683,1790752079999,143511.04185,1155,271.344,81196.51017,0
1790752080000,299.09,299.35,298.70,298.89,782.777,1790752139999,234003.33803,1313,241.274,72139.62567,0
1790752140000,298.90,299.10,298.60,299.04,182.203,1790752199999,54444.05052,600,81.926,24483.97607,0
1790752200000,299.06,299.25,298.95,299.16,299.476,1790752259999,89571.11432,727,68.550,20505.04238,0
1790752260000,299.16,299.22,298.60,298.64,1551.450,1790752319999,463719.02368,799,140.008,41848.72108,0
1790752320000,298.64,298.84,298.50,298.50,265.190,1790752379999,79209.88169,653,147.216,43975.90414,0
1790752380000,298.51,298.86,298.42,298.86,259.468,1790752439999,77480.84161,738,151.501,45245.36008,0
1790752440000,298.86,299.13,298.12,298.52,2220.409,1790752499999,662775.98387,1866,388.164,115901.20188,0
1790752500000,298.52,298.87,298.41,298.67,277.529,1790752559999,82873.58001,958,182.447,54479.27695,0
1790752560000,298.68,299.08,298.68,298.97,229.725,1790752619999,68680.40053,655,106.755,31913.68246,0
1790752620000,298.97,299.28,298.73,299.22,206.941,1790752679999,61877.76722,530,176.733,52844.69653,0
1790752680000,299.22,300.01,299.22,300.01,210.446,1790752739999,63047.54098,710,148.733,44555.74527,0
1790752740000,300.02,300.84,300.02,300.84,429.130,1790752799999,128921.98173,816,332.716,99939.13962,0
1790752800000,300.83,301.30,300.16,300.48,803.373,1790752859999,241648.27166,1476,325.565,97975.45240,0
1790752860000,300.48,300.54,299.69,300.54,1565.328,1790752919999,469641.14058,1470,423.874,127224.78851,0
1790752920000,300.54,300.91,300.20,300.29,314.224,1790752979999,94459.80205,836,180.525,54262.09740,0
1790752980000,300.28,300.99,300.14,300.99,290.038,1790753039999,87149.50619,609,253.039,76033.22642,0
1790753040000,300.99,301.45,300.77,301.09,552.926,1790753099999,166489.93006,1092,320.063,96353.81725,0
1790753100000,301.10,301.60,300.94,301.41,257.889,1790753159999,77714.99374,759,123.487,37211.68171,0
1790753160000,301.42,301.67,301.15,301.50,465.456,1790753219999,140300.27570,991,287.369,86623.81061,0
1790753220000,301.51,301.54,301.00,301.00,346.402,1790753279999,104359.87434,695,64.099,19309.29234,0
1790753280000,301.04,301.31,300.71,300.74,825.921,1790753339999,248666.40270,1038,582.099,175267.70395,0
1790753340000,300.75,300.97,300.50,300.97,313.750,1790753399999,94341.11442,457,127.096,38218.37800,0
1790753400000,300.96,300.96,300.44,300.81,208.154,1790753459999,62587.45197,623,93.706,28175.97352,0
1790753460000,300.81,300.91,300.47,300.69,203.362,1790753519999,61151.41839,579,125.078,37615.38250,0
1790753520000,300.69,300.88,300.58,300.74,215.215,1790753579999,64715.38810,600,109.552,32946.21437,0
1790753580000,300.74,301.23,300.63,301.04,164.160,1790753639999,49398.94576,559,88.233,26545.67687,0
1790753640000,301.05,301.07,300.73,300.76,192.042,1790753699999,57793.55178,466,66.634,20050.51559,0
1790753700000,300.77,301.80,300.76,301.80,405.984,1790753759999,122342.78310,765,325.687,98132.60301,0
1790753760000,301.80,302.53,301.79,302.38,605.896,1790753819999,183115.47846,1163,385.096,116384.32744,0
1790753820000,302.37,302.60,302.09,302.21,261.990,1790753879999,79207.59357,861,143.450,43370.65057,0
1790753880000,302.22,302.52,301.97,302.05,505.799,1790753939999,152870.98534,1087,329.074,99470.20879,0
1790753940000,302.05,302.94,302.05,302.55,423.664,1790753999999,128206.99699,918,294.881,89245.05854,0
1790754000000,302.55,302.74,302.33,302.33,149.058,1790754059999,45094.82943,573,55.697,16851.45211,0
1790754060000,302.32,302.33,302.15,302.15,123.027,1790754119999,37183.37229,435,51.766,15645.65675,0
1790754120000,302.15,302.15,301.77,301.81,149.429,1790754179999,45111.38663,482,53.679,16202.32750,0
1790754180000,301.81,302.05,301.74,302.04,81.767,1790754239999,24688.40459,336,47.318,14286.04669,0
1790754240000,302.03,302.62,302.03,302.61,135.215,1790754299999,40872.01623,433,96.756,29245.88877,0
1790754300000,302.61,302.72,302.55,302.69,317.374,1790754359999,96043.09686,582,227.210,68757.05946,0
1790754360000,302.69,302.77,302.19,302.30,183.407,1790754419999,55486.42377,681,62.544,18918.42706,0
1790754420000,302.29,302.43,301.90,302.33,256.366,1790754479999,77456.62096,786,78.251,23642.95328,0
1790754480000,302.32,302.40,302.12,302.29,145.449,1790754539999,43965.82798,501,61.353,18545.80991,0
1790754540000,302.28,302.35,301.95,302.35,581.790,1790754599999,175829.95178,593,451.970,136598.85330,0
1790754600000,302.35,302.57,302.11,302.57,247.330,1790754659999,74780.77555,465,182.459,55169.52286,0
1790754660000,302.57,302.74,302.17,302.27,268.056,1790754719999,81073.83199,645,74.161,22425.34739,0
1790754720000,302.28,302.39,302.05,302.19,171.486,1790754779999,51829.61806,506,94.311,28504.26855,0
1790754780000,302.23,302.24,301.97,301.97,184.125,1790754839999,55629.40011,504,61.887,18697.68617,0
1790754840000,301.96,301.96,301.30,301.30,333.280,1790754899999,100535.99787,686,67.906,20489.33744,0
1790754900000,301.30,301.62,301.06,301.08,165.909,1790754959999,49994.87946,545,84.955,25603.65335,0
1790754960000,301.10,301.21,300.66,300.67,269.890,1790755019999,81210.33097,581,46.855,14098.56097,0
1790755020000,300.67,301.01,300.62,300.97,261.142,1790755079999,78536.60165,588,211.988,63751.11191,0
1790755080000,300.97,301.14,300.86,301.13,62.017,1790755139999,18665.10002,269,38.411,11561.43007,0
1790755140000,301.14,301.24,300.77,301.00,317.452,1790755199999,95539.97984,687,63.785,19199.74915,0
1790755200000,301.00,301.17,300.79,300.89,227.110,1790755259999,68354.58857,619,141.639,42632.52567,0
1790755260000,300.90,301.18,300.79,300.95,221.969,1790755319999,66813.00579,782,166.729,50187.53384,0
1790755320000,300.94,300.94,300.50,300.72,323.871,1790755379999,97362.30017,911,92.055,27678.21360,0
1790755380000,300.72,301.23,300.61,301.22,134.697,1790755439999,40530.66073,557,97.340,29293.58967,0
1790755440000,301.22,301.26,300.48,301.11,342.065,1790755499999,102940.98953,903,83.635,25167.01560,0
1790755500000,301.11,301.11,300.44,300.60,231.639,1790755559999,69650.46780,717,54.168,16289.59401,0
1790755560000,300.61,300.82,300.37,300.43,114.103,1790755619999,34299.12792,587,49.083,14756.84782,0
1790755620000,300.42,300.48,299.92,299.99,199.893,1790755679999,59987.35017,563,87.142,26150.85492,0
1790755680000,300.00,300.08,299.77,299.89,528.075,1790755739999,158362.11116,901,218.719,65598.74799,0
1790755740000,299.88,299.88,299.46,299.51,301.108,1790755799999,90224.54112,526,96.115,28808.01545,0
1790755800000,299.52,299.80,299.46,299.65,70.941,1790755859999,21254.43469,400,36.931,11064.42494,0
1790755860000,299.65,299.69,299.40,299.52,246.556,1790755919999,73851.60810,613,109.671,32854.64443,0
1790755920000,299.53,299.96,299.52,299.74,405.857,1790755979999,121695.18066,552,104.643,31373.65064,0
1790755980000,299.74,299.86,299.67,299.72,106.785,1790756039999,32009.06805,295,64.457,19320.98791,0
1790756040000,299.71,300.00,299.66,299.72,258.200,1790756099999,77406.69945,435,106.714,32000.84880,0
1790756100000,299.72,300.34,299.57,300.27,281.949,1790756159999,84577.11983,653,179.096,53724.59058,0
1790756160000,300.27,300.91,300.23,300.91,177.649,1790756219999,53400.74863,704,134.998,40576.93946,0
1790756220000,300.91,301.10,300.49,300.75,512.544,1790756279999,154241.30820,987,283.281,85235.92405,0
1790756280000,300.77,301.65,300.77,301.65,128.221,1790756339999,38614.35316,822,94.630,28497.71607,0
1790756340000,301.64,301.88,300.74,300.82,243.992,1790756399999,73537.50668,937,94.940,28628.07406,0
1790756400000,300.83,301.56,300.52,301.48,447.776,1790756459999,134737.51691,1022,292.123,87883.49311,0
1790756460000,301.48,301.91,301.26,301.86,306.412,1790756519999,92391.06226,1078,104.037,31377.02394,0
1790756520000,301.86,302.09,301.67,301.78,387.023,1790756579999,116809.81210,1015,178.164,53778.45802,0
1790756580000,301.79,301.95,301.48,301.48,134.174,1790756639999,40477.07814,586,33.817,10202.68695,0
1790756640000,301.48,301.58,301.01,301.58,500.926,1790756699999,150884.94264,1052,189.330,57023.20457,0
1790756700000,301.59,301.67,301.35,301.38,96.353,1790756759999,29051.80800,597,42.736,12886.77823,0
1790756760000,301.37,301.76,301.07,301.45,525.136,1790756819999,158374.12671,832,407.341,122856.50821,0
1790756820000,301.44,301.53,301.19,301.51,151.999,1790756879999,45805.53025,598,102.119,30771.68985,0
1790756880000,301.51,301.81,301.12,301.63,165.511,1790756939999,49894.70756,727,74.095,22340.91302,0
1790756940000,301.63,301.63,300.74,300.77,167.862,1790756999999,50548.20403,710,69.534,20938.29970,0
1790757000000,300.75,300.75,299.86,300.01,236.301,1790757059999,70940.77084,901,48.414,14531.32583,0
1790757060000,300.00,300.29,299.74,300.03,366.396,1790757119999,109914.55409,1153,229.359,68803.71499,0
1790757120000,300.03,300.20,299.79,300.03,135.474,1790757179999,40636.20566,799,67.655,20293.79963,0
1790757180000,300.04,300.14,299.58,299.68,353.967,1790757239999,106151.02250,1197,218.683,65596.04098,0
1790757240000,299.68,300.27,299.67,299.90,153.151,1790757299999,45948.42082,984,84.237,25270.80964,0
1790757300000,299.89,300.21,299.62,299.99,262.919,1790757359999,78836.32009,974,63.920,19174.07570,0
1790757360000,299.99,300.15,299.85,299.85,105.634,1790757419999,31691.77070,557,57.106,17132.99542,0
1790757420000,299.84,300.10,299.67,299.83,104.305,1790757479999,31279.29925,592,50.687,15200.56619,0
1790757480000,299.82,300.64,299.76,300.57,271.023,1790757539999,81344.75262,830,144.378,43357.08396,0
1790757540000,300.57,300.57,300.22,300.31,142.272,1790757599999,42737.95282,617,71.166,21375.97166,0
1790757600000,300.31,300.76,300.24,300.64,243.713,1790757659999,73249.58317,793,85.274,25628.89294,0
1790757660000,300.63,300.63,300.00,300.38,144.392,1790757719999,43354.81092,753,79.694,23925.42111,0
1790757720000,300.38,300.38,299.83,300.13,122.384,1790757779999,36716.17424,576,64.656,19394.83449,0
1790757780000,300.13,300.23,299.93,299.93,156.533,1790757839999,46973.72046,415,30.813,9245.91200,0
1790757840000,299.93,300.37,299.85,300.27,105.528,1790757899999,31665.63996,465,65.771,19732.29150,0
1790757900000,300.28,300.65,300.28,300.43,120.964,1790757959999,36345.98549,484,72.974,21927.96753,0
1790757960000,300.44,301.38,300.28,301.24,211.930,1790758019999,63749.20870,923,137.493,41364.87813,0
1790758020000,301.23,301.94,301.23,301.74,221.303,1790758079999,66770.36746,789,133.840,40376.71301,0
1790758080000,301.73,302.42,301.70,302.28,535.370,1790758139999,161746.21927,939,471.954,142579.74856,0
1790758140000,302.29,302.58,302.26,302.56,180.862,1790758199999,54699.49209,599,86.585,26187.72780,0
1790758200000,302.55,303.04,302.51,302.87,716.076,1790758259999,216859.94488,1816,404.756,122559.76825,0
1790758260000,302.88,302.92,302.03,302.50,831.543,1790758319999,251535.57026,1480,316.849,95801.87933,0
1790758320000,302.53,302.89,302.08,302.17,358.870,1790758379999,108570.42634,948,182.059,55080.40612,0
1790758380000,302.17,302.45,302.10,302.13,298.794,1790758439999,90310.51911,649,148.309,44824.07275,0
1790758440000,302.13,302.43,302.01,302.27,249.623,1790758499999,75447.45843,594,114.334,34554.65208,0
1790758500000,302.26,302.39,302.03,302.38,346.565,1790758559999,104755.53363,687,225.038,68023.27011,0
1790758560000,302.37,302.48,302.20,302.43,195.111,1790758619999,58982.12058,505,74.850,22626.72525,0
1790758620000,302.44,302.53,302.25,302.32,208.792,1790758679999,63135.33578,571,77.910,23558.73527,0
1790758680000,302.32,302.85,302.23,302.62,456.998,1790758739999,138303.93066,750,356.777,107977.43219,0
1790758740000,302.62,302.62,302.19,302.24,337.372,1790758799999,102029.52782,616,138.272,41823.56134,0
1790758800000,302.24,302.28,301.88,302.27,175.287,1790758859999,52950.38046,607,85.175,25728.44882,0
1790758860000,302.28,302.51,301.66,301.93,1960.970,1790758919999,592196.74588,1530,364.271,110002.93047,0
1790758920000,301.94,302.29,301.61,302.29,449.569,1790758979999,135727.79978,848,241.057,72783.94514,0
1790758980000,302.30,302.84,302.19,302.71,324.670,1790759039999,98219.47016,692,136.480,41278.91371,0
1790759040000,302.71,303.08,302.70,303.03,223.345,1790759099999,67664.67995,442,141.843,42968.27496,0
1790759100000,303.02,303.32,302.25,302.43,2553.265,1790759159999,772894.68613,2075,612.886,185613.59025,0
1790759160000,302.42,302.86,302.28,302.73,1089.745,1790759219999,329700.97883,1574,623.881,188753.31554,0
1790759220000,302.74,302.74,301.99,302.26,326.596,1790759279999,98748.27895,678,174.450,52739.94462,0
1790759280000,302.27,302.77,301.88,301.88,714.281,1790759339999,215959.29412,1371,434.618,131394.83266,0
1790759340000,301.88,302.38,301.70,302.38,517.934,1790759399999,156357.68087,1167,318.018,96006.68336,0
1790759400000,302.39,302.88,302.39,302.52,568.753,1790759459999,172120.89135,1269,285.163,86291.43068,0
1790759460000,302.51,302.80,302.47,302.80,289.473,1790759519999,87603.84957,656,109.176,33040.45311,0
1790759520000,302.81,302.99,302.48,302.53,626.587,1790759579999,189701.09812,847,225.447,68259.15159,0
1790759580000,302.52,302.90,302.52,302.84,319.825,1790759639999,96830.41326,553,205.511,62215.44598,0
1790759640000,302.85,303.12,302.83,302.91,334.968,1790759699999,101499.95197,454,132.039,40007.79590,0
1790759700000,302.91,303.09,302.89,302.98,151.789,1790759759999,45989.06055,354,75.929,23004.70406,0
1790759760000,302.98,303.07,302.58,303.03,407.833,1790759819999,123491.82422,764,253.777,76836.03725,0
1790759820000,303.02,303.40,302.92,302.97,777.717,1790759879999,235784.21186,955,480.080,145562.79597,0
1790759880000,302.96,303.01,302.79,303.01,228.519,1790759939999,69221.51888,493,141.169,42762.00129,0
1790759940000,303.01,303.01,302.45,302.48,357.439,1790759999999,108214.20202,664,78.637,23810.20653,0
1790760000000,302.49,302.69,302.29,302.65,230.809,1790760059999,69809.36672,495,137.887,41701.31934,0
1790760060000,302.65,303.06,302.37,302.80,241.695,1790760119999,73145.75987,681,92.059,27853.90580,0
1790760120000,302.80,302.84,302.37,302.61,627.258,1790760179999,189785.26322,906,366.425,110862.25278,0
1790760180000,302.60,302.74,302.52,302.66,154.327,1790760239999,46697.27540,310,68.116,20609.73336,0
1790760240000,302.65,303.25,302.48,303.25,376.223,1790760299999,113941.63333,766,165.615,50158.10930,0
1790760300000,303.26,303.54,302.69,302.86,427.954,1790760359999,129728.00232,927,196.314,59496.32463,0
1790760360000,302.86,303.06,302.75,302.96,203.070,1790760419999,61515.43326,464,78.111,23659.97886,0
1790760420000,302.96,303.51,302.96,303.48,311.665,1790760479999,94537.79264,531,94.060,28521.46748,0
1790760480000,303.48,303.55,303.10,303.10,337.056,1790760539999,102250.96358,508,91.759,27840.48713,0
1790760540000,303.09,303.20,303.00,303.03,245.172,1790760599999,74308.19093,433,128.920,39071.76719,0
1790760600000,303.13,303.73,302.85,302.97,1034.045,1790760659999,313727.39436,1626,482.648,146448.47747,0
1790760660000,302.96,303.93,302.94,303.76,693.046,1790760719999,210393.47617,1158,309.982,94080.10346,0
1790760720000,303.76,305.19,303.69,304.86,2933.320,1790760779999,893684.97880,3724,1284.800,391447.23843,0
1790760780000,304.86,305.07,304.45,304.70,1011.068,1790760839999,308089.33637,1693,348.971,106352.32491,0
1790760840000,304.73,305.17,304.64,304.98,706.953,1790760899999,215549.49735,1265,335.125,102186.04450,0
1790760900000,304.98,304.98,304.32,304.64,568.062,1790760959999,173096.78020,1098,224.057,68267.52235,0
1790760960000,304.63,304.69,304.20,304.23,285.401,1790761019999,86890.90990,636,95.039,28935.15652,0
1790761020000,304.23,304.27,303.70,303.80,299.855,1790761079999,91151.65559,615,93.887,28538.89388,0
1790761080000,303.81,303.87,303.47,303.62,289.391,1790761139999,87864.36777,581,117.820,35768.94038,0
1790761140000,303.62,303.79,303.46,303.47,381.136,1790761199999,115714.03605,743,202.112,61365.73849,0
1790761200000,303.47,303.53,303.10,303.16,210.260,1790761259999,63777.82975,462,72.352,21944.28780,0
1790761260000,303.16,303.28,302.84,303.05,271.354,1790761319999,82237.83498,551,89.866,27236.58845,0
1790761320000,303.05,303.50,303.05,303.38,190.627,1790761379999,57815.03347,512,102.059,30955.34116,0
1790761380000,303.38,303.38,302.94,302.94,188.798,1790761439999,57244.60077,404,78.578,23824.63020,0
1790761440000,302.97,303.29,302.92,303.29,152.397,1790761499999,46192.84571,384,80.595,24430.72720,0
1790761500000,303.28,303.28,302.88,302.89,296.408,1790761559999,89843.83267,702,106.070,32150.48971,0
1790761560000,302.89,303.37,302.88,303.37,114.580,1790761619999,34727.31015,335,71.601,21699.30929,0
1790761620000,303.37,303.38,303.16,303.23,75.432,1790761679999,22876.26704,222,29.998,9097.43890,0
1790761680000,303.23,303.49,303.10,303.30,417.808,1790761739999,126739.81953,574,338.052,102549.04826,0
1790761740000,303.31,303.46,303.21,303.44,186.744,1790761799999,56639.20777,429,108.104,32785.01168,0
1790761800000,303.43,303.43,303.16,303.25,282.072,1790761859999,85562.81108,439,96.703,29332.50175,0
1790761860000,303.26,303.92,303.26,303.86,136.872,1790761919999,41564.45490,376,66.099,20067.59979,0
1790761920000,303.85,303.85,303.06,303.06,445.271,1790761979999,135139.82648,604,303.249,92031.76998,0
1790761980000,303.06,303.06,302.59,302.63,404.241,1790762039999,122402.67435,532,83.421,25252.86690,0
1790762040000,302.63,302.90,302.57,302.74,399.263,1790762099999,120866.27460,477,245.708,74393.42041,0
1790762100000,302.75,303.06,302.75,302.85,270.781,1790762159999,82024.19214,399,84.017,25449.25767,0
1790762160000,302.85,302.92,302.68,302.81,71.656,1790762219999,21697.30674,321,33.669,10194.45589,0
1790762220000,302.80,302.94,302.74,302.83,112.455,1790762279999,34055.83530,294,92.267,27941.96908,0
1790762280000,302.83,302.83,302.59,302.69,63.859,1790762339999,19329.48211,221,21.721,6574.43074,0
1790762340000,302.70,302.78,302.63,302.70,64.328,1790762399999,19473.21560,264,29.010,8781.85388,0
1790762400000,302.73,303.48,302.73,303.25,533.271,1790762459999,161686.51245,1145,425.975,129149.80423,0
1790762460000,303.29,303.65,302.97,302.97,240.847,1790762519999,73044.89733,705,76.693,23268.35383,0
1790762520000,302.97,303.13,302.61,303.01,327.248,1790762579999,99104.68273,1069,224.355,67945.54884,0
1790762580000,303.01,303.16,302.90,303.07,179.656,1790762639999,54444.39707,481,125.204,37943.30268,0
1790762640000,303.07,303.55,302.82,303.30,338.518,1790762699999,102649.05872,764,181.361,54992.00390,0
1790762700000,303.29,303.74,303.19,303.73,233.215,1790762759999,70758.87408,635,127.122,38575.01386,0
1790762760000,303.73,303.79,303.29,303.34,244.608,1790762819999,74234.86176,498,38.341,11640.67531,0
1790762820000,303.31,303.34,303.19,303.23,97.053,1790762879999,29431.18042,342,54.036,16385.98434,0
1790762880000,303.19,303.24,303.07,303.17,57.672,1790762939999,17484.52499,270,21.247,6441.27838,0
1790762940000,303.17,303.36,303.00,303.16,454.558,1790762999999,137814.52813,591,239.236,72525.31683,0
1790763000000,303.16,303.16,302.89,302.89,121.947,1790763059999,36954.60079,307,34.753,10529.80410,0
1790763060000,302.88,303.18,302.77,303.14,168.343,1790763119999,51011.37479,559,134.999,40908.18322,0
1790763120000,303.15,303.17,302.91,303.09,134.777,1790763179999,40849.06740,404,66.932,20286.87197,0
1790763180000,303.09,303.19,302.95,303.06,121.777,1790763239999,36903.55997,311,17.891,5421.52949,0
1790763240000,303.07,303.21,302.44,302.50,353.061,1790763299999,106946.03143,902,145.976,44239.27923,0
1790763300000,302.50,302.77,302.19,302.60,246.017,1790763359999,74418.05725,722,88.664,26823.98777,0
1790763360000,302.60,302.79,302.36,302.70,235.804,1790763419999,71350.43344,599,102.848,31118.28932,0
1790763420000,302.70,302.92,302.49,302.70,126.928,1790763479999,38423.30099,518,80.204,24276.58983,0
1790763480000,302.70,302.86,302.51,302.64,165.396,1790763539999,50070.25890,566,54.386,16463.06905,0
1790763540000,302.66,303.34,302.65,303.14,298.557,1790763599999,90483.39228,712,201.136,60957.54439,0
1790763600000,303.15,303.69,302.97,303.69,86.182,1790763659999,26145.68442,424,56.799,17230.99854,0
1790763660000,303.69,304.55,303.69,304.33,1434.418,1790763719999,436359.46292,1488,1120.896,340959.96190,0
1790763720000,304.32,304.37,303.68,303.77,313.337,1790763779999,95260.14311,660,69.022,20992.96071,0
1790763780000,303.76,304.11,303.74,303.78,512.029,1790763839999,155619.60281,861,258.132,78460.86939,0
1790763840000,303.79,303.86,303.45,303.64,220.706,1790763899999,67020.80923,803,78.898,23957.86605,0
1790763900000,303.63,304.10,303.43,304.00,253.814,1790763959999,77093.74468,654,190.249,57780.87653,0
1790763960000,303.99,304.19,303.91,304.09,134.848,1790764019999,40993.45843,320,51.714,15720.47562,0
1790764020000,304.08,304.38,303.82,304.02,794.345,1790764079999,241524.16721,893,301.902,91802.28759,0
1790764080000,304.01,304.02,303.67,303.79,88.050,1790764139999,26750.13662,308,60.309,18320.13589,0
1790764140000,303.79,303.88,303.65,303.65,74.388,1790764199999,22597.31033,238,24.981,7588.91311,0
1790764200000,303.70,304.26,303.66,304.26,239.891,1790764259999,72926.83704,537,198.396,60317.18850,0
1790764260000,304.26,304.57,304.18,304.57,589.474,1790764319999,179425.01118,789,168.588,51326.35477,0
1790764320000,304.56,305.29,304.45,305.14,229.052,1790764379999,69839.94613,761,160.190,48844.00648,0
1790764380000,305.13,305.16,304.89,305.01,241.120,1790764439999,73552.14449,534,132.650,40463.26207,0
1790764440000,305.00,305.06,304.82,304.94,246.524,1790764499999,75169.73327,567,131.931,40228.07850,0
1790764500000,304.94,305.10,304.72,304.95,129.878,1790764559999,39603.51276,442,38.591,11766.48499,0
1790764560000,304.95,305.21,304.85,305.12,148.744,1790764619999,45365.50841,420,87.547,26704.37529,0
1790764620000,305.11,305.34,305.01,305.23,289.236,1790764679999,88272.64957,548,160.507,48986.41988,0
1790764680000,305.22,305.28,305.05,305.13,362.518,1790764739999,110633.74495,477,135.474,41344.29061,0
1790764740000,305.13,305.13,304.44,304.62,226.839,1790764799999,69125.71382,578,97.999,29861.59460,0
1790764800000,304.61,304.62,304.39,304.56,201.037,1790764859999,61218.89658,376,64.933,19774.84783,0
1790764860000,304.56,304.96,304.51,304.86,244.477,1790764919999,74501.20636,573,210.082,64022.71273,0
1790764920000,304.86,305.00,304.71,304.75,182.006,1790764979999,55490.94502,505,63.549,19373.68243,0
1790764980000,304.75,304.92,304.56,304.92,121.773,1790765039999,37101.75017,341,35.839,10921.27951,0
1790765040000,304.92,305.07,304.74,304.83,221.872,1790765099999,67672.42945,372,40.205,12261.57402,0
1790765100000,304.81,304.88,304.47,304.48,165.049,1790765159999,50284.31104,337,35.316,10761.62973,0
1790765160000,304.47,304.53,304.26,304.26,230.956,1790765219999,70298.43738,467,32.681,9947.79797,0
1790765220000,304.26,304.47,304.24,304.41,125.894,1790765279999,38319.50876,345,69.931,21285.36730,0
1790765280000,304.46,304.56,304.14,304.56,291.577,1790765339999,88745.58429,571,66.188,20151.54314,0
1790765340000,304.56,304.89,304.45,304.49,163.721,1790765399999,49885.73933,502,124.866,38046.29553,0
1790765400000,304.48,305.04,304.48,304.69,133.870,1790765459999,40795.46654,459,60.814,18530.68281,0
1790765460000,304.70,305.00,304.70,304.94,180.322,1790765519999,54979.31588,420,65.230,19888.31246,0
1790765520000,304.94,305.57,304.65,305.44,937.746,1790765579999,286058.46282,1284,477.199,145629.58888,0
1790765580000,305.44,306.30,305.44,306.14,1138.319,1790765639999,348176.20950,1611,727.935,222654.71981,0
1790765640000,306.14,306.63,306.14,306.54,499.986,1790765699999,153194.21857,1295,322.545,98829.35060,0
1790765700000,306.54,306.58,306.03,306.10,752.301,1790765759999,230457.51562,1399,353.099,108164.93349,0
1790765760000,306.10,306.39,305.90,306.04,499.081,1790765819999,152759.64480,1562,224.375,68684.18343,0
1790765820000,306.03,306.38,305.97,306.30,150.948,1790765879999,46222.40276,553,64.539,19762.76127,0
1790765880000,306.31,306.53,306.11,306.32,604.839,1790765939999,185294.97076,898,353.279,108214.42685,0
1790765940000,306.32,306.36,306.04,306.23,665.258,1790765999999,203696.34331,927,126.148,38629.96317,0
1790766000000,306.22,306.27,304.94,305.03,1293.815,1790766059999,395576.14389,2368,416.294,127317.15453,0
1790766060000,305.02,305.12,304.40,304.61,815.130,1790766119999,248354.96022,1373,269.864,82229.62177,0
1790766120000,304.61,305.17,304.41,305.16,533.736,1790766179999,162639.04540,1159,351.591,107145.53295,0
1790766180000,305.17,305.59,305.02,305.25,568.884,1790766239999,173691.79433,1361,366.445,111875.85910,0
1790766240000,305.25,305.40,304.92,304.92,310.113,1790766299999,94648.03043,844,187.107,57110.21262,0
1790766300000,304.91,305.40,304.47,304.48,322.737,1790766359999,98402.72149,941,95.630,29171.12474,0
1790766360000,304.47,304.49,304.00,304.19,668.020,1790766419999,203243.01072,1142,143.318,43603.36526,0
1790766420000,304.21,304.21,303.45,304.03,474.152,1790766479999,144042.40445,919,203.968,61982.89051,0
1790766480000,304.03,304.80,303.90,304.73,506.666,1790766539999,154257.77543,987,361.703,110130.34444,0
1790766540000,304.73,305.20,304.11,304.12,289.040,1790766599999,88124.53608,733,179.291,54685.76804,0
1790766600000,304.11,304.28,303.90,304.02,384.814,1790766659999,117010.00370,849,176.278,53598.34083,0
1790766660000,304.03,304.66,303.85,304.05,356.931,1790766719999,108618.53516,974,250.016,76094.00836,0
1790766720000,304.04,304.93,303.94,304.84,382.664,1790766779999,116399.87891,821,106.132,32306.71860,0
1790766780000,304.84,305.01,304.71,304.88,185.420,1790766839999,56527.86852,537,78.965,24072.66210,0
1790766840000,304.88,305.07,304.01,304.38,571.952,1790766899999,174230.58442,1179,155.054,47212.56276,0
1790766900000,304.38,304.73,304.27,304.36,100.163,1790766959999,30495.79321,497,45.945,13985.98923,0
1790766960000,304.34,304.41,304.00,304.14,199.519,1790767019999,60678.25129,631,46.982,14288.66334,0
1790767020000,304.14,304.16,303.70,304.02,261.410,1790767079999,79462.75208,630,146.052,44394.10627,0
1790767080000,304.02,304.17,303.56,303.99,417.414,1790767139999,126851.41169,843,180.921,54983.52285,0
1790767140000,303.99,304.17,303.32,303.41,365.612,1790767199999,111005.49678,882,100.090,30388.47799,0
1790767200000,303.41,303.45,303.05,303.26,253.691,1790767259999,76945.01406,777,118.122,35826.73585,0
1790767260000,303.26,303.60,303.20,303.51,354.827,1790767319999,107668.79814,901,164.086,49783.70464,0
1790767320000,303.50,303.93,303.41,303.92,231.764,1790767379999,70376.21463,911,104.586,31757.30953,0
1790767380000,303.93,304.92,303.92,304.92,321.935,1790767439999,98019.46661,1127,170.813,52011.75779,0
1790767440000,304.93,305.32,304.52,304.67,576.536,1790767499999,175889.71962,1113,396.404,120955.23794,0
1790767500000,304.67,304.91,304.46,304.75,167.547,1790767559999,51042.98202,643,110.358,33618.73502,0
1790767560000,304.76,305.01,304.66,304.66,100.014,1790767619999,30493.09313,453,44.319,13511.49557,0
1790767620000,304.66,304.78,304.54,304.67,201.743,1790767679999,61457.99073,486,94.250,28713.34449,0
1790767680000,304.68,304.96,304.67,304.82,176.365,1790767739999,53753.87338,598,98.379,29986.07190,0
1790767740000,304.79,304.97,304.68,304.75,351.366,1790767799999,107104.64715,453,67.628,20615.99820,0
1790767800000,304.75,304.80,304.42,304.43,148.961,1790767859999,45378.99108,470,54.770,16683.32317,0
1790767860000,304.42,304.48,303.88,303.94,389.315,1790767919999,118426.89963,893,63.224,19233.23632,0
1790767920000,303.94,304.12,303.82,303.98,287.362,1790767979999,87347.38283,641,144.024,43781.23393,0
1790767980000,303.98,303.99,303.46,303.64,186.175,1790768039999,56540.29677,600,76.739,23304.28727,0
1790768040000,303.64,304.23,303.61,304.14,248.188,1790768099999,75452.58697,604,149.506,45455.21233,0
1790768100000,304.13,304.49,304.13,304.47,171.621,1790768159999,52230.74693,498,95.445,29045.81895,0
1790768160000,304.47,305.03,304.04,304.98,506.150,1790768219999,154162.26396,816,425.817,129703.61228,0
1790768220000,304.99,305.27,304.89,305.11,272.805,1790768279999,83220.78174,788,98.157,29943.24695,0
1790768280000,305.11,305.94,305.02,305.94,634.210,1790768339999,193859.20685,1177,277.940,84947.48876,0
1790768340000,305.93,305.93,305.42,305.81,904.373,1790768399999,276426.00650,1426,429.221,131201.28645,0
1790768400000,305.80,306.00,305.47,305.94,448.725,1790768459999,137180.65457,893,175.395,53631.67507,0
1790768460000,305.92,307.23,305.88,306.52,1567.131,1790768519999,480503.86968,2711,1118.068,342793.68074,0
1790768520000,306.50,306.58,306.21,306.40,826.395,1790768579999,253245.21400,950,165.435,50700.53339,0
1790768580000,306.48,307.11,306.28,307.10,367.104,1790768639999,112587.27141,1065,188.070,57683.87353,0
1790768640000,307.09,307.09,306.39,306.54,382.901,1790768699999,117469.09632,803,123.738,37944.14398,0
1790768700000,306.53,306.93,306.25,306.92,398.941,1790768759999,122368.14310,959,214.376,65760.28022,0
1790768760000,306.90,307.22,306.61,306.70,724.337,1790768819999,222288.08655,1425,380.814,116875.18617,0
1790768820000,306.70,306.72,305.93,306.28,895.164,1790768879999,274174.56194,1429,224.619,68780.76071,0
1790768880000,306.27,306.30,305.77,305.77,367.758,1790768939999,112577.41025,835,142.434,43612.19779,0
1790768940000,305.77,305.97,305.43,305.97,289.169,1790768999999,88385.64840,764,130.500,39899.01539,0
1790769000000,305.97,306.08,305.62,305.79,383.325,1790769059999,117243.60084,812,226.062,69140.17748,0
1790769060000,305.77,305.89,305.66,305.74,186.101,1790769119999,56901.75682,562,73.711,22536.95608,0
1790769120000,305.75,306.00,305.63,305.83,245.295,1790769179999,75010.38768,742,95.986,29352.78313,0
1790769180000,305.84,306.03,305.62,305.80,405.509,1790769239999,124000.31309,481,95.942,29340.09020,0
1790769240000,305.79,305.79,305.35,305.66,238.891,1790769299999,72975.26917,550,50.448,15414.09888,0
1790769300000,305.67,305.74,305.35,305.51,161.886,1790769359999,49456.64542,450,46.351,14164.72201,0
1790769360000,305.50,305.68,305.21,305.60,401.978,1790769419999,122753.31988,763,57.499,17565.06767,0
1790769420000,305.58,305.98,305.42,305.61,258.955,1790769479999,79175.76720,605,212.356,64932.97030,0
1790769480000,305.57,305.92,305.42,305.92,140.621,1790769539999,42979.26652,367,72.108,22038.40816,0
1790769540000,305.93,306.16,305.87,306.03,147.660,1790769599999,45182.04053,496,125.756,38479.49452,0
1790769600000,306.03,306.84,305.82,306.66,590.363,1790769659999,180856.38697,1179,442.037,135435.83513,0
1790769660000,306.67,306.71,306.07,306.19,437.699,1790769719999,134086.94310,1026,123.650,37883.62534,0
1790769720000,306.20,306.57,305.98,306.03,300.046,1790769779999,91876.91504,747,156.801,48020.63967,0
1790769780000,306.01,306.38,305.93,306.00,227.441,1790769839999,69640.13598,564,145.141,44442.06285,0
1790769840000,306.01,306.29,305.96,306.02,79.330,1790769899999,24282.34488,397,36.097,11049.83837,0
1790769900000,306.02,306.16,305.35,305.35,214.609,1790769959999,65627.79791,592,34.913,10678.09323,0
1790769960000,305.36,305.40,304.84,304.89,374.862,1790770019999,114369.38696,937,128.947,39348.22597,0
1790770020000,304.87,305.33,304.85,305.06,185.755,1790770079999,56670.52904,699,70.417,21478.79163,0
1790770080000,305.05,305.05,304.62,304.94,595.340,1790770139999,181486.16860,1252,303.670,92573.79882,0
1790770140000,304.94,305.13,304.73,304.75,131.777,1790770199999,40179.19615,525,75.620,23060.57774,0
1790770200000,304.77,305.15,304.64,305.02,125.153,1790770259999,38160.47698,500,64.784,19754.86888,0
1790770260000,305.02,305.25,304.84,304.94,460.893,1790770319999,140608.64894,738,110.637,33757.50637,0
1790770320000,304.95,305.16,304.89,305.16,91.995,1790770379999,28059.29868,358,34.572,10544.99588,0
1790770380000,305.17,305.99,305.17,305.77,717.967,1790770439999,219469.88940,1101,604.708,184847.19549,0
1790770440000,305.78,306.09,305.58,305.98,314.604,1790770499999,96208.82915,673,125.969,38528.26228,0
1790770500000,305.98,306.06,305.08,305.15,483.048,1790770559999,147554.86441,1234,260.766,79656.74648,0
1790770560000,305.15,305.15,304.48,304.61,320.652,1790770619999,97690.37127,1042,119.762,36489.16341,0
1790770620000,304.60,305.38,304.42,305.34,1191.027,1790770679999,362993.59874,1636,780.799,237866.94397,0
1790770680000,305.33,305.39,305.04,305.26,165.058,1790770739999,50382.55079,542,41.134,12555.66794,0
1790770740000,305.26,305.35,305.09,305.25,149.774,1790770799999,45719.68475,516,46.500,14194.72260,0
1790770800000,305.25,305.45,304.46,304.60,542.820,1790770859999,165535.72788,1305,165.898,50619.51187,0
1790770860000,304.60,305.66,304.60,305.59,273.018,1790770919999,83299.60740,1044,153.454,46831.40942,0
1790770920000,305.60,306.24,305.47,306.17,394.333,1790770979999,120584.64597,1045,216.349,66164.56839,0
1790770980000,306.16,307.19,306.05,306.33,1664.678,1790771039999,510400.57457,3615,1142.736,350361.57558,0
1790771040000,306.32,307.14,306.24,307.12,439.044,1790771099999,134667.70362,1378,247.522,75939.18924,0
1790771100000,307.13,307.46,306.41,306.43,651.010,1790771159999,199927.58671,1517,196.409,60336.01839,0
1790771160000,306.43,306.79,306.08,306.16,234.564,1790771219999,71893.74935,924,79.283,24303.86662,0
1790771220000,306.18,306.33,305.66,305.83,367.310,1790771279999,112370.74133,813,174.621,53434.77822,0
1790771280000,305.82,306.39,305.63,306.27,178.289,1790771339999,54571.48727,686,112.929,34573.32093,0
1790771340000,306.27,307.19,306.05,306.78,740.856,1790771399999,227082.86874,1524,340.711,104471.40621,0
1790771400000,306.70,308.84,305.99,308.31,4931.062,1790771459999,1516335.58514,7037,2834.135,871564.32435,0
1790771460000,308.33,310.70,308.33,310.57,3206.732,1790771519999,993495.13349,4683,1490.682,462025.56383,0
1790771520000,310.57,311.44,310.23,311.06,2140.496,1790771579999,665337.81528,4704,1165.108,362171.85603,0
1790771580000,311.07,311.30,310.01,310.45,2650.238,1790771639999,823371.98362,4955,1164.624,361856.63528,0
1790771640000,310.46,311.59,310.09,311.45,1207.385,1790771699999,375172.12807,2781,645.939,200768.52025,0
1790771700000,311.44,312.26,311.02,311.02,2001.196,1790771759999,623617.93397,3861,621.861,193818.16474,0
1790771760000,311.01,311.03,310.33,310.62,1610.013,1790771819999,500070.24726,2652,650.000,201968.31575,0
1790771820000,310.62,310.62,309.91,310.39,1325.400,1790771879999,411184.30852,2035,203.284,63089.87843,0
1790771880000,310.37,311.60,310.19,311.44,748.431,1790771939999,232747.78695,1703,443.775,138005.33665,0
1790771940000,311.45,312.27,310.85,312.15,1612.235,1790771999999,502710.51940,2198,786.334,245292.02746,0
1790772000000,312.16,312.85,311.88,312.80,1972.296,1790772059999,615918.53456,3624,848.486,265071.19746,0
1790772060000,312.84,313.17,311.78,311.90,2770.650,1790772119999,866140.83531,4313,1036.201,324001.62027,0
1790772120000,311.87,311.93,310.11,310.34,2687.654,1790772179999,835807.83782,3727,778.909,242351.76530,0
1790772180000,310.34,310.38,308.67,309.18,6629.877,1790772239999,2051150.43122,8446,2750.421,850809.64346,0
1790772240000,309.18,310.38,309.15,309.95,2758.365,1790772299999,854366.57173,2967,1197.797,370989.47203,0
1790772300000,309.94,311.62,309.83,311.48,1448.806,1790772359999,450259.93360,2593,882.270,274178.70850,0
1790772360000,311.47,311.58,310.88,310.91,1312.588,1790772419999,408438.41743,2335,498.819,155229.10686,0
1790772420000,310.87,310.94,309.50,310.48,1390.643,1790772479999,431046.53974,2517,457.717,141938.49194,0
1790772480000,310.48,311.43,310.41,311.29,1069.936,1790772539999,332789.34192,2012,459.184,142819.81025,0
1790772540000,311.28,311.80,311.08,311.37,1468.547,1790772599999,457271.03772,2173,400.103,124607.95661,0
1790772600000,311.37,312.42,311.34,312.28,1130.001,1790772659999,352522.54772,3078,590.870,184327.54879,0
1790772660000,312.30,312.55,311.84,312.46,1847.781,1790772719999,576985.99627,3759,1009.835,315376.52741,0
1790772720000,312.42,312.92,312.25,312.72,1920.506,1790772779999,600423.09464,2593,988.238,309034.91306,0
1790772780000,312.72,312.97,312.51,312.82,917.528,1790772839999,286944.28543,1797,334.420,104606.49846,0
1790772840000,312.82,313.65,312.68,313.56,1253.723,1790772899999,392712.49726,1815,698.861,218926.13530,0
1790772900000,313.59,313.59,313.12,313.42,629.841,1790772959999,197386.40507,1401,295.537,92618.24363,0
1790772960000,313.50,313.72,312.98,313.23,476.294,1790773019999,149253.03335,1507,215.090,67407.41057,0
1790773020000,313.23,313.51,313.09,313.23,391.489,1790773079999,122651.92353,1182,138.308,43330.08007,0
1790773080000,313.22,313.22,312.24,312.58,844.858,1790773139999,264167.57740,1278,154.157,48193.23054,0
1790773140000,312.59,312.74,312.26,312.55,547.425,1790773199999,171096.99527,977,99.510,31099.61424,0
1790773200000,312.55,312.64,311.20,311.33,1442.219,1790773259999,449622.94163,2809,416.790,129981.63191,0
1790773260000,311.33,311.59,310.96,311.11,674.267,1790773319999,209837.99271,1670,225.788,70265.70162,0
1790773320000,311.11,311.91,311.11,311.68,460.680,1790773379999,143477.45645,1361,270.243,84173.89631,0
1790773380000,311.68,312.23,311.33,312.09,394.061,1790773439999,122931.65798,1046,231.340,72172.78384,0
1790773440000,312.09,312.37,311.74,312.07,603.231,1790773499999,188253.19258,1356,226.584,70697.02355,0
1790773500000,312.07,312.47,311.83,312.38,309.617,1790773559999,96663.50219,826,125.274,39106.63605,0
1790773560000,312.38,313.29,312.35,312.83,1174.648,1790773619999,367462.38789,1677,705.983,220833.78378,0
1790773620000,312.84,313.09,312.62,312.74,338.300,1790773679999,105841.98191,959,150.874,47196.01514,0
1790773680000,312.74,313.11,312.58,312.89,496.670,1790773739999,155418.61078,1029,306.300,95858.67754,0
1790773740000,312.90,313.71,312.85,313.55,952.297,1790773799999,298401.39374,1681,592.055,185541.91518,0
1790773800000,313.55,313.59,312.79,313.14,674.911,1790773859999,211374.79101,1575,321.196,100588.43813,0
1790773860000,313.15,313.80,312.96,313.65,880.356,1790773919999,275986.52300,1454,558.775,175182.18877,0
1790773920000,313.65,313.75,313.08,313.29,328.996,1790773979999,103110.81365,951,133.844,41938.07094,0
1790773980000,313.29,313.29,312.93,312.99,417.001,1790774039999,130579.34207,1004,135.827,42535.63753,0
1790774040000,312.98,313.02,312.61,312.88,830.894,1790774099999,259951.62349,1302,263.094,82312.83031,0
1790774100000,312.88,313.52,312.77,313.46,727.169,1790774159999,227758.69495,1373,515.441,161444.61687,0
1790774160000,313.46,313.55,313.32,313.48,357.516,1790774219999,112068.00433,810,196.033,61451.84757,0
1790774220000,313.47,313.56,312.59,312.81,688.263,1790774279999,215364.54086,1275,203.098,63560.75571,0
1790774280000,312.82,313.16,312.66,313.00,294.478,1790774339999,92151.41032,782,140.106,43840.05256,0
1790774340000,312.98,313.03,312.55,312.56,620.842,1790774399999,194164.55511,1311,253.692,79335.36970,0
1790774400000,312.55,312.91,312.38,312.80,619.982,1790774459999,193866.82275,1090,311.910,97548.41019,0
1790774460000,312.81,312.87,312.52,312.73,564.405,1790774519999,176495.94666,1105,332.787,104067.15363,0
1790774520000,312.73,313.18,312.65,313.00,420.886,1790774579999,131728.93608,807,202.630,63418.05367,0
1790774580000,312.98,313.49,312.88,313.27,404.866,1790774639999,126806.33729,853,201.527,63126.90396,0
1790774640000,313.28,313.81,313.25,313.42,1047.575,1790774699999,328481.56795,1354,451.607,141623.72289,0
1790774700000,313.42,313.73,313.37,313.48,580.041,1790774759999,181880.54469,1077,244.036,76523.79066,0
1790774760000,313.48,313.86,313.47,313.86,249.984,1790774819999,78432.08900,693,178.198,55911.25760,0
1790774820000,313.85,314.04,313.72,313.80,448.018,1790774879999,140626.13066,941,255.883,80321.46368,0
1790774880000,313.80,313.80,312.53,312.77,642.038,1790774939999,200938.27259,1264,149.522,46777.34020,0
1790774940000,312.77,313.51,312.75,313.47,345.302,1790774999999,108095.28317,794,166.203,52026.10417,0
1790775000000,313.48,313.86,312.96,313.85,511.287,1790775059999,160227.29230,1412,222.507,69730.28797,0
1790775060000,313.82,314.17,313.78,314.15,729.912,1790775119999,229171.80899,1860,398.028,124974.05396,0
1790775120000,314.14,314.58,313.10,313.20,1468.346,1790775179999,461107.20164,2193,601.163,188814.01149,0
1790775180000,313.20,313.20,312.00,312.53,755.697,1790775239999,236165.35123,2303,302.708,94638.33480,0
1790775240000,312.54,312.96,312.16,312.22,407.152,1790775299999,127268.74062,1516,204.644,63965.29050,0
1790775300000,312.18,312.18,307.61,307.99,6080.237,1790775359999,1879636.35232,6758,2178.850,673334.94033,0
1790775360000,307.99,308.39,306.61,308.08,5715.658,1790775419999,1757821.86919,7319,2590.741,797011.03249,0
1790775420000,308.13,308.84,307.10,307.38,1991.021,1790775479999,613186.67257,4343,840.263,258790.53551,0
1790775480000,307.43,307.51,305.30,306.83,4075.916,1790775539999,1248603.62028,6208,1841.829,564552.05115,0
1790775540000,306.84,307.49,305.94,306.25,1853.800,1790775599999,568400.91057,3348,858.945,263339.10105,0
1790775600000,306.25,307.65,304.79,305.40,2598.406,1790775659999,795038.66931,4684,1180.152,361277.47061,0
1790775660000,305.39,306.32,305.14,306.28,3593.065,1790775719999,1098886.98760,5208,1767.055,540460.80824,0
1790775720000,306.28,308.21,306.10,307.91,1745.775,1790775779999,536592.60732,3123,939.491,288821.88222,0
1790775780000,307.92,308.47,307.67,307.69,2000.467,1790775839999,616252.94083,2694,674.349,207781.95700,0
1790775840000,307.68,308.43,307.56,308.42,1010.466,1790775899999,311193.19728,1984,463.811,142796.63235,0
1790775900000,308.43,308.85,307.62,307.76,949.982,1790775959999,292843.41791,2242,436.515,134560.10909,0
1790775960000,307.75,309.16,307.73,309.15,946.286,1790776019999,291862.01754,1932,295.027,91018.75595,0
1790776020000,309.14,309.64,308.59,309.13,826.021,1790776079999,255383.41563,1997,395.648,122328.67403,0
1790776080000,309.12,309.68,308.46,308.55,1732.420,1790776139999,535835.36892,2744,1070.561,331249.33774,0
1790776140000,308.56,309.43,308.31,308.88,1005.256,1790776199999,310612.81094,1776,461.670,142708.42426,0
1790776200000,308.87,309.30,308.54,308.78,740.196,1790776259999,228696.23440,1932,427.621,132144.42496,0
1790776260000,308.78,309.74,308.76,309.42,410.212,1790776319999,126909.91204,1413,235.555,72859.27911,0
1790776320000,309.40,309.45,308.49,308.64,437.922,1790776379999,135269.41324,1473,274.984,84939.33338,0
1790776380000,308.61,309.25,308.17,309.25,611.066,1790776439999,188465.87647,1524,312.224,96323.79695,0
1790776440000,309.25,309.47,308.69,308.89,453.011,1790776499999,140048.49139,1438,133.163,41167.31773,0
1790776500000,308.90,309.40,308.70,308.77,349.866,1790776559999,108140.38146,1447,172.606,53344.88460,0
1790776560000,308.77,309.39,308.65,308.81,522.184,1790776619999,161333.87469,1468,276.652,85475.71913,0
1790776620000,308.81,309.15,308.20,308.48,359.786,1790776679999,111072.81505,1315,189.904,58635.86883,0
1790776680000,308.50,308.68,308.21,308.46,276.099,1790776739999,85161.16293,985,153.627,47388.80964,0
1790776740000,308.47,309.50,308.47,309.45,637.751,1790776799999,197146.86906,1365,370.431,114507.82206,0
1790776800000,309.45,309.69,308.20,308.39,1108.094,1790776859999,342595.54500,1652,521.719,161408.97206,0
1790776860000,308.40,309.53,307.94,307.94,952.140,1790776919999,293711.13499,2068,285.891,88271.33012,0
1790776920000,307.95,308.74,307.44,308.45,821.157,1790776979999,252813.39902,2247,431.486,132876.68437,0
1790776980000,308.45,309.08,308.31,309.05,411.697,1790777039999,127119.93268,1446,244.970,75642.73047,0
1790777040000,309.05,309.84,308.93,309.57,600.216,1790777099999,185734.28287,1743,352.802,109191.59405,0
1790777100000,309.57,310.10,309.43,309.98,783.817,1790777159999,242833.28127,1432,363.341,112578.96068,0
1790777160000,309.99,310.18,309.78,310.01,469.422,1790777219999,145509.31990,1258,295.368,91565.93483,0
1790777220000,310.00,310.01,309.17,309.28,392.422,1790777279999,121476.67439,1348,112.637,34877.69370,0
1790777280000,309.28,309.28,308.10,308.93,292.233,1790777339999,90227.08641,1317,112.629,34771.58306,0
1790777340000,308.93,308.94,308.20,308.71,490.447,1790777399999,151304.63314,1201,150.905,46560.81096,0
1790777400000,308.69,308.97,308.08,308.08,681.431,1790777459999,210136.40172,1546,184.474,56919.21459,0
1790777460000,308.07,308.07,304.69,306.69,13281.732,1790777519999,4058583.25969,6281,6702.766,2046535.17980,0
1790777520000,306.73,308.18,306.72,307.70,1220.293,1790777579999,375376.39760,2319,740.524,227803.76338,0
1790777580000,307.75,308.65,306.99,307.29,1008.193,1790777639999,310085.76449,2050,526.705,162046.19235,0
1790777640000,307.29,307.76,307.10,307.37,520.085,1790777699999,159900.24052,1372,352.744,108444.51790,0
1790777700000,307.36,307.54,306.18,306.88,893.752,1790777759999,274184.99647,2417,511.031,156805.72756,0
1790777760000,306.91,307.11,305.72,306.59,1352.745,1790777819999,414267.36468,2112,562.520,172341.60976,0
1790777820000,306.59,306.77,305.53,305.57,1213.200,1790777879999,371167.52873,2587,549.659,168151.26251,0
1790777880000,305.56,306.26,304.79,305.08,2526.623,1790777939999,771854.21474,3752,1439.770,440003.21112,0
1790777940000,305.09,305.84,304.78,305.73,1270.954,1790777999999,387912.14448,2826,689.486,210466.16262,0
1790778000000,305.73,305.76,305.24,305.64,482.378,1790778059999,147366.54238,1558,205.419,62754.56872,0
1790778060000,305.65,305.95,304.87,304.87,729.131,1790778119999,222782.29358,1700,503.535,153890.53552,0
1790778120000,304.86,304.91,302.58,303.07,3964.917,1790778179999,1203960.24539,5255,1104.900,335509.04684,0
1790778180000,303.06,303.34,301.24,302.56,3729.605,1790778239999,1127462.38917,5868,1522.509,460500.13828,0
1790778240000,302.58,303.63,302.48,303.58,2959.589,1790778299999,897315.81736,3549,1602.389,485840.32594,0
1790778300000,303.58,304.75,303.23,304.63,1409.732,1790778359999,428613.77044,2743,918.669,279408.49587,0
1790778360000,304.63,305.75,304.56,305.54,1892.698,1790778419999,577710.29908,3292,1056.509,322437.13206,0
1790778420000,305.54,305.55,303.87,304.11,3500.923,1790778479999,1068027.22164,4790,1263.893,385746.86472,0
1790778480000,304.10,304.27,303.03,303.39,1241.047,1790778539999,376785.49377,2540,485.830,147506.88932,0
1790778540000,303.39,304.06,302.61,303.81,1683.292,1790778599999,510521.90385,2693,767.435,232939.96255,0
1790778600000,303.83,305.30,303.53,305.00,1075.590,1790778659999,327589.03418,2843,609.739,185677.06981,0
1790778660000,304.99,305.49,304.29,304.58,1038.568,1790778719999,316757.35311,2587,454.564,138678.17450,0
1790778720000,304.59,304.95,302.54,302.76,2476.281,1790778779999,751375.97301,3703,577.221,175298.10514,0
1790778780000,302.77,304.15,301.90,304.14,1634.886,1790778839999,495169.76563,4061,634.931,192416.69837,0
1790778840000,304.11,304.29,302.47,302.78,828.617,1790778899999,251499.73087,2677,371.255,112700.26994,0
1790778900000,302.80,303.18,302.20,302.80,906.390,1790778959999,274326.43633,2401,363.142,109921.07255,0
1790778960000,302.80,303.72,302.73,302.95,497.641,1790779019999,150855.51818,1892,278.085,84305.04687,0
1790779020000,302.95,304.39,302.59,303.77,532.905,1790779079999,161738.37688,1847,337.573,102468.65843,0
1790779080000,303.76,304.43,302.88,304.32,1966.521,1790779139999,597061.19255,3318,1101.668,334538.62897,0
1790779140000,304.32,304.42,303.27,303.45,478.556,1790779199999,145402.14396,1805,207.990,63196.23584,0
1790779200000,303.44,303.44,301.79,302.81,1043.199,1790779259999,315463.25392,2528,587.677,177710.63421,0
1790779260000,302.79,303.06,301.60,302.98,1119.307,1790779319999,338334.07982,3245,637.276,192637.98077,0
1790779320000,302.99,303.63,302.82,303.55,696.910,1790779379999,211306.76822,1744,542.217,164398.35677,0
1790779380000,303.56,304.00,302.41,302.69,594.116,1790779439999,180244.03392,1972,289.319,87802.48734,0
1790779440000,302.69,302.79,302.13,302.15,628.750,1790779499999,190209.62805,1424,439.091,132842.74735,0
1790779500000,302.15,302.54,301.60,302.24,681.146,1790779559999,205754.95141,2333,270.142,81627.03900,0
1790779560000,302.25,302.74,301.86,302.71,663.915,1790779619999,200644.00363,1928,386.315,116767.63785,0
1790779620000,302.71,303.63,302.51,303.19,1595.183,1790779679999,483493.54359,2275,522.140,158263.94911,0
1790779680000,303.13,303.81,303.06,303.41,565.034,1790779739999,171434.86036,1512,357.616,108514.26144,0
1790779740000,303.42,303.75,303.02,303.73,748.768,1790779799999,227148.61527,1339,247.097,74958.07487,0
1790779800000,303.72,303.99,303.19,303.42,472.198,1790779859999,143353.03821,1676,291.829,88586.35496,0
1790779860000,303.43,304.01,303.43,303.80,547.165,1790779919999,166230.64501,1441,333.841,101423.76766,0
1790779920000,303.80,304.61,303.64,303.65,686.253,1790779979999,208723.91775,1743,393.278,119596.76451,0
1790779980000,303.65,304.05,303.50,303.57,289.425,1790780039999,87900.17748,933,180.020,54670.94732,0
1790780040000,303.58,303.86,302.81,303.77,1050.225,1790780099999,318465.45623,1566,362.854,110102.57557,0
1790780100000,303.76,304.16,303.34,304.15,756.572,1790780159999,229854.85481,1470,506.478,153918.65353,0
1790780160000,304.16,304.33,303.68,303.69,492.940,1790780219999,149914.90657,1077,261.300,79477.70560,0
1790780220000,303.68,303.95,303.46,303.81,146.522,1790780279999,44494.69672,639,88.760,26953.79067,0
1790780280000,303.81,303.86,302.98,303.21,305.815,1790780339999,92814.46820,750,124.492,37791.70222,0
1790780340000,303.22,303.48,303.05,303.17,207.608,1790780399999,62957.76407,721,135.177,40992.50653,0
1790780400000,303.18,304.50,302.83,304.32,919.736,1790780459999,279218.08512,2265,612.215,185857.10614,0
1790780460000,304.30,304.53,303.10,304.44,534.527,1790780519999,162476.84612,1624,301.339,91590.63291,0
1790780520000,304.44,304.63,303.63,303.80,398.424,1790780579999,121134.04307,1518,210.120,63878.09137,0
1790780580000,303.80,304.40,303.39,304.39,643.690,1790780639999,195684.10741,1358,505.487,153682.46544,0
1790780640000,304.38,304.38,303.59,304.01,252.084,1790780699999,76605.69016,876,135.833,41273.35861,0
1790780700000,304.02,304.48,303.84,303.95,316.707,1790780759999,96293.52110,892,203.100,61755.52096,0
1790780760000,303.94,304.05,303.27,303.88,343.281,1790780819999,104218.70558,1158,189.488,57520.78372,0
1790780820000,303.89,303.89,303.09,303.16,644.159,1790780879999,195358.46156,1320,91.483,27749.48131,0
1790780880000,303.14,303.85,302.94,303.76,592.310,1790780939999,179633.05135,1360,331.264,100500.63086,0
1790780940000,303.77,304.39,303.76,304.18,492.111,1790780999999,149625.15025,1327,290.767,88403.46375,0
1790781000000,304.21,304.82,304.11,304.21,242.356,1790781059999,73796.00071,989,124.726,37982.40583,0
1790781060000,304.21,305.00,303.95,303.96,554.881,1790781119999,168895.02199,1194,226.524,68981.96814,0
1790781120000,303.98,304.26,303.35,303.99,578.587,1790781179999,175749.66921,1746,274.940,83519.61668,0
1790781180000,303.99,304.42,303.70,303.70,278.793,1790781239999,84767.59806,1025,121.810,37037.27373,0
1790781240000,303.70,304.54,303.30,304.03,443.323,1790781299999,134786.08641,1342,293.861,89344.83800,0
1790781300000,304.03,304.14,303.37,303.81,182.991,1790781359999,55580.38430,1045,95.232,28922.70941,0
1790781360000,303.79,304.06,303.46,304.06,128.633,1790781419999,39076.01544,818,80.051,24319.22434,0
1790781420000,304.02,304.02,302.82,303.07,429.276,1790781479999,130156.07689,1117,117.374,35605.78903,0
1790781480000,303.03,303.03,301.98,302.03,306.484,1790781539999,92736.77500,1161,116.025,35103.10883,0
1790781540000,302.03,302.66,301.43,302.01,1404.755,1790781599999,423877.58348,2284,430.503,129983.09470,0
1790781600000,302.00,302.45,301.71,302.20,268.432,1790781659999,81081.36357,1331,140.403,42418.04535,0
1790781660000,302.20,302.94,302.06,302.94,371.251,1790781719999,112344.28126,1241,270.891,81982.64763,0
1790781720000,302.94,304.12,302.93,303.29,1131.147,1790781779999,343564.44112,1938,531.372,161417.00539,0
1790781780000,303.30,304.00,303.10,303.21,664.006,1790781839999,201645.78140,1702,383.318,116444.31681,0
1790781840000,303.22,303.29,301.60,301.60,837.944,1790781899999,253515.99948,1968,349.480,105757.79709,0
1790781900000,301.60,302.00,301.07,301.18,664.354,1790781959999,200380.75969,1865,362.245,109266.38574,0
1790781960000,301.18,301.78,300.62,301.34,1660.618,1790782019999,499802.05360,3184,576.120,173505.63399,0
1790782020000,301.37,301.72,300.91,301.55,770.698,1790782079999,232259.63699,2032,525.582,158431.15633,0
1790782080000,301.57,302.74,301.48,302.59,443.665,1790782139999,134082.70608,1658,342.384,103488.32074,0
1790782140000,302.60,303.09,302.53,303.01,367.117,1790782199999,111170.73440,1134,237.897,72043.11224,0
1790782200000,303.01,304.50,303.01,304.38,1004.454,1790782259999,305246.68337,2145,474.863,144330.73545,0
1790782260000,304.39,305.82,304.39,305.82,1703.421,1790782319999,519814.12716,2603,903.223,275707.39625,0
1790782320000,305.82,305.90,304.70,304.88,721.175,1790782379999,220228.52043,2065,307.390,93932.15592,0
1790782380000,304.88,305.38,304.62,305.07,946.383,1790782439999,288645.20297,1933,435.021,132695.74824,0
1790782440000,305.02,305.06,304.40,304.45,356.526,1790782499999,108641.79583,1023,122.446,37322.19926,0
1790782500000,304.45,304.74,304.09,304.15,255.803,1790782559999,77879.65470,993,131.159,39939.63770,0
1790782560000,304.14,304.49,304.00,304.11,315.727,1790782619999,96040.47269,894,231.826,70520.18343,0
1790782620000,304.11,304.96,303.93,304.93,486.088,1790782679999,147937.56616,1562,271.029,82509.53861,0
1790782680000,304.95,305.30,304.82,304.89,388.749,1790782739999,118565.78740,1213,270.450,82485.58768,0
1790782740000,304.88,305.29,304.87,305.05,299.772,1790782799999,91469.75307,716,174.946,53389.98032,0
1790782800000,305.06,305.34,304.86,305.00,290.667,1790782859999,88680.56964,814,93.247,28450.34805,0
1790782860000,304.99,305.25,304.59,304.84,516.094,1790782919999,157282.74111,916,211.431,64445.32581,0
1790782920000,304.85,305.14,304.50,304.94,306.686,1790782979999,93490.80976,860,227.001,69194.92581,0
1790782980000,304.95,305.01,304.22,304.37,243.437,1790783039999,74140.76374,698,150.044,45695.73505,0
1790783040000,304.36,304.51,304.19,304.38,240.812,1790783099999,73293.54266,614,170.545,51906.16546,0
1790783100000,304.39,304.70,304.11,304.55,133.300,1790783159999,40566.86806,664,63.691,19382.03728,0
1790783160000,304.56,305.26,304.49,305.21,147.225,1790783219999,44897.67068,693,63.183,19269.27083,0
1790783220000,305.21,305.58,305.13,305.58,185.602,1790783279999,56684.71770,761,109.325,33390.70288,0
1790783280000,305.59,306.04,305.59,306.04,700.026,1790783339999,214092.91062,1129,526.411,160990.04595,0
1790783340000,306.04,306.26,306.00,306.12,366.363,1790783399999,112152.39765,882,150.322,46018.34337,0
1790783400000,306.14,306.43,306.12,306.30,425.917,1790783459999,130448.93696,759,290.820,89068.72153,0
1790783460000,306.25,306.50,305.93,305.93,179.921,1790783519999,55105.92013,778,81.143,24857.68802,0
1790783520000,305.94,306.12,305.83,305.87,233.931,1790783579999,71579.04958,668,128.072,39188.08023,0
1790783580000,305.87,306.50,305.87,306.29,308.298,1790783639999,94400.71203,874,179.438,54947.79767,0
1790783640000,306.29,306.50,306.03,306.03,213.839,1790783699999,65505.36288,633,85.527,26200.09581,0
1790783700000,306.03,306.15,305.79,305.99,223.259,1790783759999,68317.42186,580,58.320,17845.57732,0
1790783760000,306.01,306.57,306.01,306.28,357.988,1790783819999,109655.57414,596,217.885,66737.16868,0
1790783820000,306.26,306.45,306.12,306.13,326.933,1790783879999,100128.44323,605,90.533,27724.67944,0
1790783880000,306.13,306.26,306.03,306.08,212.561,1790783939999,65076.89084,389,66.748,20435.46399,0
1790783940000,306.10,306.49,306.10,306.46,332.731,1790783999999,101930.26653,655,151.670,46459.10236,0
1790784000000,306.47,306.58,306.11,306.19,449.957,1790784059999,137826.69173,818,163.084,49960.41830,0
1790784060000,306.19,306.38,306.12,306.38,226.961,1790784119999,69507.61885,751,93.369,28593.48156,0
1790784120000,306.38,307.25,306.38,307.09,793.293,1790784179999,243347.70420,1301,589.697,180893.54818,0
1790784180000,307.11,307.68,306.85,307.65,492.266,1790784239999,151223.41330,1402,240.639,73934.77432,0
1790784240000,307.65,308.00,307.30,307.79,1143.257,1790784299999,351743.87036,1907,422.766,130105.68381,0
1790784300000,307.80,308.45,307.78,308.38,580.718,1790784359999,178897.69969,1345,202.337,62335.33702,0
1790784360000,308.39,308.68,308.13,308.64,688.922,1790784419999,212443.23810,1428,224.802,69339.37616,0
1790784420000,308.58,308.76,308.26,308.63,651.008,1790784479999,200887.27170,1368,193.634,59753.57497,0
1790784480000,308.62,308.73,308.08,308.49,657.526,1790784539999,202759.69692,1363,410.255,126504.15042,0
1790784540000,308.49,308.63,308.14,308.46,492.937,1790784599999,152013.89032,1079,283.683,87486.13215,0
1790784600000,308.44,308.44,307.75,308.17,598.408,1790784659999,184327.49935,1025,387.136,119235.89273,0
1790784660000,308.11,308.36,307.91,308.07,318.788,1790784719999,98238.71651,1088,177.452,54683.53215,0
1790784720000,308.07,308.07,307.32,307.50,396.748,1790784779999,122094.76161,1124,168.603,51891.63224,0
1790784780000,307.49,307.89,307.45,307.86,356.763,1790784839999,109783.91739,712,241.770,74398.63014,0
1790784840000,307.85,307.89,307.54,307.56,265.533,1790784899999,81716.78097,567,134.412,41368.03403,0
1790784900000,307.58,307.71,306.89,307.06,393.507,1790784959999,120894.77703,955,170.907,52524.90592,0
1790784960000,307.06,307.37,306.85,307.33,449.868,1790785019999,138179.98960,1034,296.874,91181.87489,0
1790785020000,307.33,307.37,306.58,306.58,388.942,1790785079999,119407.52328,986,73.840,22662.72356,0
1790785080000,306.58,307.20,306.31,307.19,372.106,1790785139999,114157.17484,964,293.824,90152.66613,0
1790785140000,307.20,307.64,307.20,307.36,286.881,1790785199999,88203.11386,799,127.587,39226.72819,0
1790785200000,307.36,307.61,307.10,307.41,292.972,1790785259999,90053.86068,702,153.672,47243.74457,0
1790785260000,307.42,307.80,307.25,307.64,338.940,1790785319999,104264.79954,907,190.744,58676.57117,0
1790785320000,307.64,307.86,307.48,307.67,384.184,1790785379999,118198.49196,632,117.684,36207.44848,0
1790785380000,307.66,307.87,307.52,307.70,165.949,1790785439999,51064.90722,532,90.957,27989.39831,0
1790785440000,307.68,307.73,307.20,307.57,275.535,1790785499999,84710.36615,853,139.685,42940.18038,0
1790785500000,307.57,307.61,307.41,307.46,146.139,1790785559999,44946.75376,366,69.986,21524.87200,0
1790785560000,307.45,307.61,306.86,307.11,325.861,1790785619999,100091.41439,988,129.161,39673.28171,0
1790785620000,307.11,307.34,306.91,307.13,450.682,1790785679999,138412.69103,821,142.752,43839.99455,0
1790785680000,307.13,307.58,307.06,307.18,235.597,1790785739999,72417.09132,646,169.994,52254.65718,0
1790785740000,307.17,307.47,306.67,307.32,507.664,1790785799999,155860.38243,1081,181.804,55831.57144,0
1790785800000,307.32,307.52,306.77,306.77,403.795,1790785859999,124077.45387,962,207.340,63720.58942,0
1790785860000,306.77,307.33,306.57,306.81,334.006,1790785919999,102512.71339,960,136.374,41859.30153,0
1790785920000,306.80,307.12,306.42,306.63,291.252,1790785979999,89346.04000,915,167.836,51486.06497,0
1790785980000,306.64,307.31,306.64,307.09,251.667,1790786039999,77273.89895,855,141.425,43420.88498,0
1790786040000,307.10,307.48,306.95,307.11,215.041,1790786099999,66068.62904,600,151.897,46670.14427,0
1790786100000,307.10,307.10,306.73,306.85,254.781,1790786159999,78167.81985,580,165.344,50724.13539,0
1790786160000,306.85,306.86,306.22,306.33,340.226,1790786219999,104293.70808,702,62.266,19092.68430,0
1790786220000,306.32,307.15,306.32,306.55,415.041,1790786279999,127327.94670,1045,252.505,77466.14490,0
1790786280000,306.54,306.93,306.54,306.82,162.517,1790786339999,49862.56320,543,73.402,22518.09495,0
1790786340000,306.82,307.00,306.72,306.97,359.132,1790786399999,110214.19001,677,283.322,86950.79539,0
1790786400000,306.96,307.44,306.84,307.36,225.429,1790786459999,69232.32511,655,141.976,43596.99303,0
1790786460000,307.37,308.16,307.34,307.65,431.372,1790786519999,132801.70852,928,325.869,100320.17345,0
1790786520000,307.66,307.98,307.31,307.77,308.848,1790786579999,95012.68687,912,156.870,48270.94322,0
1790786580000,307.77,308.66,307.64,308.54,233.593,1790786639999,71972.25337,706,147.547,45454.12039,0
1790786640000,308.55,309.10,308.55,308.87,753.273,1790786699999,232669.15033,1206,501.700,154952.25061,0
1790786700000,308.88,309.16,308.36,308.72,371.090,1790786759999,114570.84065,1116,241.664,74610.96362,0
1790786760000,308.74,309.60,308.62,309.45,889.611,1790786819999,275016.63375,1941,661.097,204365.85221,0
1790786820000,309.45,309.98,309.44,309.60,802.402,1790786879999,248499.61294,1527,394.447,122169.25720,0
1790786880000,309.59,309.59,308.85,308.96,538.788,1790786939999,166538.93924,1258,201.864,62395.35173,0
1790786940000,308.96,309.43,308.81,309.43,232.960,1790786999999,72017.49395,702,179.208,55400.62715,0
1790787000000,309.44,309.82,309.31,309.73,330.237,1790787059999,102261.89651,790,164.508,50934.34201,0
1790787060000,309.72,309.76,309.44,309.49,153.522,1790787119999,47536.21889,616,86.256,26706.89190,0
1790787120000,309.50,309.82,309.26,309.33,287.910,1790787179999,89128.53181,833,122.007,37778.78762,0
1790787180000,309.34,309.45,309.14,309.31,192.793,1790787239999,59636.91784,529,69.762,21578.42402,0
1790787240000,309.31,309.39,309.09,309.13,159.088,1790787299999,49200.57753,545,70.302,21740.62520,0
1790787300000,309.14,309.18,308.53,308.68,305.373,1790787359999,94356.77228,685,65.949,20378.09075,0
1790787360000,308.68,308.79,308.15,308.32,349.043,1790787419999,107630.05638,922,124.252,38309.94237,0
1790787420000,308.33,308.85,308.22,308.70,126.422,1790787479999,39010.13831,567,42.712,13176.85077,0
1790787480000,308.71,310.42,308.67,309.42,2462.291,1790787539999,762406.74255,3468,1471.504,455449.86306,0
1790787540000,309.41,309.62,308.85,309.14,619.428,1790787599999,191519.36524,1286,336.870,104175.24248,0
1790787600000,309.16,309.30,308.43,308.43,328.968,1790787659999,101595.95406,1086,148.674,45916.83798,0
1790787660000,308.44,308.56,307.78,308.18,538.371,1790787719999,165855.33951,1436,246.612,75977.69326,0
1790787720000,308.17,308.60,308.11,308.22,417.037,1790787779999,128589.15700,1166,269.852,83208.94836,0
1790787780000,308.21,308.75,308.14,308.73,424.108,1790787839999,130824.62711,1148,174.954,53965.32930,0
1790787840000,308.72,308.97,307.86,307.86,387.842,1790787899999,119636.73354,1114,92.474,28525.55991,0
1790787900000,307.85,308.79,307.74,308.08,345.536,1790787959999,106492.06890,1436,238.906,73622.04174,0
1790787960000,308.08,308.69,308.00,308.36,548.490,1790788019999,169063.41629,1362,206.863,63794.21180,0
1790788020000,308.36,308.88,308.30,308.74,325.678,1790788079999,100516.57972,932,151.539,46764.31677,0
1790788080000,308.74,309.67,308.72,309.33,333.359,1790788139999,103096.37972,1210,218.524,67571.14607,0
1790788140000,309.36,309.55,308.36,308.54,529.246,1790788199999,163493.51383,1569,188.939,58348.60969,0
1790788200000,308.54,309.00,308.54,308.95,591.542,1790788259999,182684.22201,901,171.055,52824.66583,0
1790788260000,308.95,309.02,308.09,308.11,231.027,1790788319999,71268.10307,748,127.600,39364.35839,0
1790788320000,308.11,308.35,307.91,308.01,594.975,1790788379999,183323.03001,898,305.209,94040.47083,0
1790788380000,308.00,308.47,307.87,308.34,410.756,1790788439999,126576.90678,946,234.107,72154.63585,0
1790788440000,308.35,308.68,308.22,308.22,119.726,1790788499999,36937.75374,483,43.484,13415.46945,0
1790788500000,308.23,308.24,306.93,307.05,438.353,1790788559999,134858.65624,1346,189.651,58381.23566,0
1790788560000,307.04,307.25,306.88,307.09,298.676,1790788619999,91724.99980,1094,168.659,51798.72919,0
1790788620000,307.13,307.26,306.67,307.02,400.949,1790788679999,123053.07327,950,102.730,31537.56587,0
1790788680000,307.02,307.53,306.94,307.37,346.554,1790788739999,106468.69329,955,187.428,57584.86867,0
1790788740000,307.37,307.50,306.64,306.64,226.693,1790788799999,69627.24740,659,57.826,17771.54813,0
1790788800000,306.68,306.89,306.22,306.79,763.724,1790788859999,234083.30921,1374,198.096,60728.39092,0
1790788860000,306.81,307.51,306.78,307.28,219.050,1790788919999,67256.19922,868,121.899,37420.56179,0
1790788920000,307.29,307.48,306.66,306.66,287.588,1790788979999,88310.12523,972,205.123,62992.23406,0
1790788980000,306.66,307.00,306.25,306.64,455.578,1790789039999,139715.73639,1011,275.498,84514.25701,0
1790789040000,306.64,306.97,306.64,306.76,180.032,1790789099999,55232.85230,535,118.066,36220.97563,0
1790789100000,306.76,306.81,306.39,306.41,272.237,1790789159999,83470.28686,649,70.835,21720.92466,0
1790789160000,306.41,306.54,305.36,305.85,902.556,1790789219999,275908.53259,1705,210.786,64463.54414,0
1790789220000,305.82,306.98,305.59,306.89,307.530,1790789279999,94197.97167,1010,207.268,63486.13097,0
1790789280000,306.88,306.89,306.24,306.24,117.888,1790789339999,36131.27898,614,42.532,13034.14837,0
1790789340000,306.24,307.00,306.24,306.90,141.972,1790789399999,43570.13877,450,108.860,33406.10486,0
1790789400000,306.89,306.89,305.90,306.34,1064.075,1790789459999,325813.53854,1442,235.757,72217.66787,0
1790789460000,306.34,306.52,305.77,306.04,397.080,1790789519999,121533.95286,894,250.497,76666.70677,0
1790789520000,306.04,306.56,306.04,306.15,355.140,1790789579999,108783.59208,783,237.005,72595.93866,0
1790789580000,306.12,306.16,305.81,305.99,254.445,1790789639999,77857.80505,677,139.904,42810.17359,0
1790789640000,305.99,306.05,305.47,305.51,595.442,1790789699999,182037.49804,1222,369.174,112862.03913,0
1790789700000,305.50,305.58,304.78,305.20,906.381,1790789759999,276572.10192,1585,235.521,71889.52690,0
1790789760000,305.19,305.47,304.66,304.83,494.884,1790789819999,150949.74622,1239,156.055,47629.99882,0
1790789820000,304.84,304.89,303.79,304.11,1162.931,1790789879999,353811.20936,2532,422.288,128482.33380,0
1790789880000,304.11,304.77,304.06,304.77,300.732,1790789939999,91525.63048,983,213.426,64959.63278,0
1790789940000,304.77,305.32,304.61,304.64,239.589,1790789999999,73077.68341,921,147.452,44973.42095,0
1790790000000,304.63,304.72,304.34,304.59,209.101,1790790059999,63671.81598,757,116.362,35432.15375,0
1790790060000,304.58,304.65,303.10,303.78,1411.246,1790790119999,428520.88881,2523,376.914,114455.65623,0
1790790120000,303.78,303.87,303.26,303.86,358.311,1790790179999,108792.02891,839,265.769,80698.73893,0
1790790180000,303.87,304.29,303.79,303.86,376.275,1790790239999,114401.06168,746,173.577,52771.98821,0
1790790240000,303.86,304.07,303.33,303.34,709.206,1790790299999,215394.12221,1176,407.196,123685.95837,0
1790790300000,303.34,304.10,303.03,304.04,397.032,1790790359999,120492.77230,1147,203.923,61908.70091,0
1790790360000,304.04,304.56,304.04,304.27,378.985,1790790419999,115319.04432,910,172.708,52559.45372,0
1790790420000,304.27,305.46,304.26,304.47,639.038,1790790479999,194830.84262,1371,478.125,145783.68528,0
1790790480000,304.48,305.37,304.41,305.26,244.007,1790790539999,74384.46327,947,197.685,60262.65336,0
1790790540000,305.27,305.38,304.82,305.20,183.933,1790790599999,56103.70284,714,82.359,25123.06602,0
1790790600000,305.21,306.24,305.10,306.24,595.206,1790790659999,181992.16597,1580,434.515,132895.86929,0
1790790660000,306.24,306.35,305.34,305.34,236.000,1790790719999,72197.96518,984,114.825,35124.91334,0
1790790720000,305.33,305.50,304.62,304.62,203.266,1790790779999,62044.22637,699,61.991,18925.86462,0
1790790780000,304.65,304.76,304.50,304.50,60.932,1790790839999,18557.96574,374,37.746,11496.00582,0
1790790840000,304.50,304.59,303.94,304.08,313.603,1790790899999,95408.52826,825,116.320,35397.84552,0
1790790900000,304.07,304.10,303.80,303.96,200.262,1790790959999,60865.36828,719,113.339,34446.83519,0
1790790960000,303.96,304.17,303.91,303.96,128.778,1790791019999,39156.67722,478,54.744,16644.38520,0
1790791020000,303.97,304.14,303.97,304.13,96.258,1790791079999,29270.84768,368,67.846,20631.76101,0
1790791080000,304.09,304.43,303.89,304.38,535.677,1790791139999,162943.26018,1209,329.725,100302.44004,0
1790791140000,304.39,304.75,304.38,304.38,354.191,1790791199999,107860.94004,600,62.788,19124.70798,0
1790791200000,304.37,305.04,304.14,304.28,495.347,1790791259999,150861.74931,1451,177.315,53988.40797,0
1790791260000,304.29,304.33,303.37,303.42,370.901,1790791319999,112636.95929,1059,112.881,34286.68638,0
1790791320000,303.43,303.78,303.11,303.18,192.117,1790791379999,58285.30579,1010,130.587,39619.63009,0
1790791380000,303.19,303.56,302.73,302.99,539.722,1790791439999,163577.28942,1507,183.978,55783.00556,0
1790791440000,302.98,303.94,302.53,303.70,922.289,1790791499999,279618.41379,2015,561.945,170430.79558,0
1790791500000,303.69,303.80,302.96,303.04,209.647,1790791559999,63598.38966,935,86.080,26116.12655,0
1790791560000,303.02,303.02,302.18,302.52,356.314,1790791619999,107790.45623,1407,133.120,40274.06418,0
1790791620000,302.52,302.88,302.11,302.58,1104.049,1790791679999,333889.83203,2491,317.748,96121.77145,0
1790791680000,302.58,302.97,301.85,302.90,1422.929,1790791739999,430125.92464,2455,673.486,203701.95312,0
1790791740000,302.90,303.88,302.57,303.60,593.786,1790791799999,180037.97267,1284,519.830,157613.15716,0
1790791800000,303.61,303.81,302.97,303.45,520.054,1790791859999,157749.02051,1501,271.268,82279.58317,0
1790791860000,303.44,304.03,303.43,303.81,925.773,1790791919999,281224.90462,1998,570.500,173312.41722,0
1790791920000,303.81,304.17,303.72,304.10,220.717,1790791979999,67074.26028,1054,100.107,30426.15094,0
1790791980000,304.10,304.16,303.61,303.83,206.009,1790792039999,62590.02987,724,91.696,27861.05213,0
1790792040000,303.81,303.96,303.14,303.14,273.390,1790792099999,83042.58639,802,144.806,43995.14476,0
1790792100000,303.13,303.56,302.86,303.29,444.287,1790792159999,134703.52285,1390,167.433,50778.46909,0
1790792160000,303.30,303.60,303.04,303.10,156.437,1790792219999,47453.29702,915,85.659,25982.55135,0
1790792220000,303.11,303.31,302.74,303.06,262.006,1790792279999,79399.28929,963,169.466,51354.65704,0
1790792280000,303.06,303.69,302.61,303.68,680.857,1790792339999,206293.47218,1644,519.983,157540.19386,0
1790792340000,303.67,303.98,303.37,303.67,398.661,1790792399999,121071.46403,1037,170.246,51695.27736,0
1790792400000,303.68,304.20,303.63,304.13,266.341,1790792459999,80943.61146,996,177.388,53914.50433,0
1790792460000,304.11,304.11,303.20,303.60,480.071,1790792519999,145703.43943,1333,160.517,48716.23416,0
1790792520000,303.59,304.03,303.56,303.93,245.715,1790792579999,74647.98630,804,178.616,54262.13454,0
1790792580000,303.94,303.94,303.18,303.18,117.530,1790792639999,35655.40731,477,43.669,13248.09474,0
1790792640000,303.18,303.55,303.02,303.26,235.121,1790792699999,71301.09717,796,119.524,36251.18317,0
1790792700000,303.26,303.34,302.54,302.55,376.050,1790792759999,113930.24209,1037,151.929,46046.55036,0
1790792760000,302.54,303.01,302.33,302.63,431.366,1790792819999,130590.52237,1169,302.514,91591.54108,0
1790792820000,302.63,303.14,302.42,302.92,243.138,1790792879999,73638.74564,922,125.391,37982.31046,0
1790792880000,302.92,303.26,302.59,302.75,470.536,1790792939999,142507.44915,1419,235.214,71223.25217,0
1790792940000,302.75,303.38,302.75,303.34,132.917,1790792999999,40281.99386,765,100.080,30331.71176,0
1790793000000,303.34,304.06,303.11,304.06,568.939,1790793059999,172653.87584,1333,375.924,114064.49171,0
1790793060000,304.06,304.21,303.12,303.12,432.665,1790793119999,131427.86671,1146,177.117,53825.74245,0
1790793120000,303.11,303.32,302.80,303.14,264.623,1790793179999,80181.01349,877,134.464,40751.09883,0
1790793180000,303.13,303.18,302.54,302.57,385.264,1790793239999,116687.73621,1137,232.067,70274.36029,0
1790793240000,302.56,302.87,302.26,302.71,273.223,1790793299999,82648.17114,956,123.264,37288.60067,0
1790793300000,302.70,302.70,302.10,302.16,225.384,1790793359999,68154.38768,842,94.444,28558.07012,0
1790793360000,302.16,302.38,301.65,301.70,556.538,1790793419999,168095.39556,1349,171.910,51911.31487,0
1790793420000,301.73,301.96,301.50,301.86,928.761,1790793479999,280229.22600,1159,320.539,96724.88190,0
1790793480000,301.88,302.04,301.64,302.02,749.302,1790793539999,226148.59719,1016,281.579,84988.71264,0
1790793540000,302.01,302.02,301.11,301.46,773.341,1790793599999,233114.63940,1055,257.193,77549.54823,0
1790793600000,301.44,301.95,301.20,301.42,619.087,1790793659999,186722.32940,1360,436.561,131661.88744,0
1790793660000,301.41,301.58,301.24,301.28,286.689,1790793719999,86401.12410,714,217.720,65615.51021,0
1790793720000,301.28,301.51,301.24,301.51,183.436,1790793779999,55280.00457,676,83.463,25151.05778,0
1790793780000,301.50,302.07,301.25,301.87,659.239,1790793839999,198792.74345,1360,294.108,88710.59352,0
1790793840000,301.88,302.17,301.34,301.68,459.942,1790793899999,138723.98504,975,270.781,81667.76540,0
1790793900000,301.67,301.67,301.23,301.29,207.526,1790793959999,62547.10886,790,99.212,29902.92270,0
1790793960000,301.28,301.58,301.09,301.11,202.211,1790794019999,60926.47426,1078,111.111,33476.05598,0
1790794020000,301.11,301.53,300.93,301.24,639.605,1790794079999,192608.82052,1270,180.995,54533.50810,0
1790794080000,301.23,301.36,300.87,301.08,199.125,1790794139999,59952.65174,756,114.142,34368.69490,0
1790794140000,301.08,301.65,301.04,301.65,439.516,1790794199999,132442.71032,1253,319.229,96209.70274,0
1790794200000,301.63,302.58,301.40,302.22,747.386,1790794259999,225740.56137,1478,325.900,98479.12882,0
1790794260000,302.22,302.22,301.35,301.82,316.539,1790794319999,95503.96608,926,134.337,40533.51926,0
1790794320000,301.82,302.45,301.54,302.36,290.742,1790794379999,87798.65904,1052,193.525,58446.69272,0
1790794380000,302.35,302.60,301.68,301.69,243.553,1790794439999,73593.50689,857,151.460,45782.36829,0
1790794440000,301.68,301.97,301.51,301.86,151.176,1790794499999,45614.59512,468,132.724,40047.09861,0
1790794500000,301.84,302.02,301.71,301.86,166.492,1790794559999,50250.66725,616,103.599,31271.15913,0
1790794560000,301.85,302.46,301.80,302.28,108.758,1790794619999,32849.57681,604,87.986,26574.78961,0
1790794620000,302.27,302.33,302.00,302.24,64.422,1790794679999,19464.39645,456,43.015,12994.73240,0
1790794680000,302.24,302.70,302.18,302.59,148.792,1790794739999,45001.74131,472,95.125,28768.82059,0
1790794740000,302.59,302.60,302.15,302.30,84.420,1790794799999,25521.70563,402,42.603,12879.43763,0
1790794800000,302.30,302.52,301.71,301.75,247.147,1790794859999,74661.85899,980,112.337,33936.34664,0
1790794860000,301.76,303.00,301.67,302.22,475.210,1790794919999,143717.38047,1628,273.609,82753.28417,0
1790794920000,302.22,302.95,302.05,302.91,548.730,1790794979999,165898.75544,1284,464.196,140333.81453,0
1790794980000,302.92,303.02,302.58,302.72,240.765,1790795039999,72904.23705,800,84.070,25454.58768,0
1790795040000,302.71,303.03,302.66,302.92,170.319,1790795099999,51577.83628,631,119.171,36089.07723,0
1790795100000,302.92,303.39,302.58,302.74,374.557,1790795159999,113507.58693,1179,165.771,50252.54583,0
1790795160000,302.75,302.80,302.51,302.51,181.099,1790795219999,54810.65787,542,39.397,11922.73384,0
1790795220000,302.51,303.14,302.51,303.01,199.360,1790795279999,60398.40983,642,89.452,27092.09275,0
1790795280000,303.01,303.01,302.52,302.52,181.658,1790795339999,55014.37947,511,41.257,12491.32293,0
1790795340000,302.51,302.54,302.34,302.53,137.611,1790795399999,41623.45551,353,62.406,18875.13620,0
1790795400000,302.53,302.63,301.99,302.03,230.844,1790795459999,69779.17250,708,101.117,30568.11266,0
1790795460000,302.03,302.03,301.63,301.63,181.213,1790795519999,54700.68022,578,54.949,16586.58259,0
1790795520000,301.62,301.62,300.90,301.57,489.241,1790795579999,147367.47255,926,152.471,45943.58401,0
1790795580000,301.58,301.83,301.17,301.67,428.282,1790795639999,129087.66415,1417,227.332,68527.67509,0
1790795640000,301.67,301.96,301.30,301.66,427.202,1790795699999,128835.55116,1582,235.443,71008.60622,0
1790795700000,301.65,301.65,301.20,301.41,170.197,1790795759999,51308.52716,1083,113.610,34249.89561,0
1790795760000,301.40,301.88,301.20,301.49,229.152,1790795819999,69110.58161,1038,150.939,45524.46165,0
1790795820000,301.51,301.51,300.10,300.67,1139.238,1790795879999,342481.46139,2284,287.531,86444.14169,0
1790795880000,300.66,301.08,300.19,301.08,479.315,1790795939999,144145.41925,1309,350.875,105543.10990,0
1790795940000,301.09,301.39,300.88,301.36,207.048,1790795999999,62353.61551,566,123.235,37117.68060,0
1790796000000,301.35,301.41,300.72,301.14,273.840,1790796059999,82471.85945,707,203.617,61324.63585,0
1790796060000,301.12,301.81,301.06,301.42,347.125,1790796119999,104666.43233,782,193.523,58349.52740,0
1790796120000,301.38,301.39,301.06,301.36,311.878,1790796179999,93934.26550,769,131.669,39655.99287,0
1790796180000,301.35,301.35,300.72,300.81,129.255,1790796239999,38900.75357,479,45.301,13634.34248,0
1790796240000,300.81,300.81,300.49,300.71,245.729,1790796299999,73877.58128,933,156.596,47083.17160,0
1790796300000,300.72,301.38,300.61,301.10,344.081,1790796359999,103555.95246,1102,209.381,63016.10119,0
1790796360000,301.09,301.48,300.71,300.71,196.141,1790796419999,59052.79836,764,54.238,16336.89599,0
1790796420000,300.71,301.16,300.70,301.13,139.566,1790796479999,42006.86481,544,116.907,35188.26437,0
1790796480000,301.13,301.40,300.89,301.25,174.971,1790796539999,52694.80640,664,86.198,25960.48552,0
1790796540000,301.25,301.31,300.86,300.90,142.861,1790796599999,43002.85802,520,70.035,21082.90090,0
1790796600000,300.90,301.70,300.82,301.67,180.483,1790796659999,54381.28078,811,131.241,39538.05919,0
1790796660000,301.68,301.94,301.46,301.54,256.619,1790796719999,77422.40639,774,129.909,39194.22787,0
1790796720000,301.56,301.73,301.20,301.41,140.849,1790796779999,42458.26350,689,59.401,17904.44022,0
1790796780000,301.42,302.10,301.42,302.09,232.686,1790796839999,70240.09640,737,131.093,39573.18675,0
1790796840000,302.09,302.36,301.78,302.10,293.705,1790796899999,88717.98724,991,119.584,36131.91289,0
1790796900000,302.10,302.62,302.03,302.33,614.301,1790796959999,185764.94039,1516,411.185,124368.20089,0
1790796960000,302.34,302.64,302.34,302.41,110.516,1790797019999,33428.42126,666,66.367,20073.77111,0
1790797020000,302.41,302.72,302.26,302.72,112.779,1790797079999,34114.39477,772,80.594,24380.48218,0
1790797080000,302.73,303.04,302.65,302.79,189.085,1790797139999,57258.62665,846,89.458,27090.47470,0
1790797140000,302.79,302.83,302.29,302.72,177.902,1790797199999,53822.16666,837,109.081,33002.34980,0
1790797200000,302.71,302.71,302.02,302.02,122.996,1790797259999,37186.85482,568,64.781,19586.31068,0
1790797260000,302.01,302.34,301.79,301.83,85.036,1790797319999,25680.84104,564,42.919,12960.48213,0
1790797320000,301.82,302.45,301.78,302.06,550.849,1790797379999,166453.69364,987,441.501,133425.94452,0
1790797380000,302.07,302.07,301.41,301.78,360.222,1790797439999,108669.11065,839,80.082,24160.39176,0
1790797440000,301.76,301.82,301.52,301.73,150.068,1790797499999,45273.46625,440,69.872,21076.62619,0
1790797500000,301.72,301.75,301.31,301.50,227.978,1790797559999,68735.20802,599,58.939,17768.21686,0
1790797560000,301.50,301.63,301.32,301.56,130.405,1790797619999,39312.01605,490,84.980,25620.05206,0
1790797620000,301.55,302.07,300.89,301.11,370.231,1790797679999,111626.06680,938,140.017,42230.46601,0
1790797680000,301.11,301.75,301.03,301.27,565.430,1790797739999,170410.87584,1629,329.068,99155.75487,0
1790797740000,301.28,301.42,300.72,300.86,218.012,1790797799999,65633.24899,956,73.362,22083.11838,0
1790797800000,300.85,300.98,300.10,300.20,325.376,1790797859999,97775.29151,1330,105.625,31748.88669,0
1790797860000,300.19,300.19,299.42,299.82,1682.987,1790797919999,504507.52731,2669,382.432,114621.18812,0
1790797920000,299.82,300.14,299.55,299.94,415.104,1790797979999,124438.05877,1597,263.249,78921.21665,0
1790797980000,299.94,300.61,299.58,299.79,498.097,1790798039999,149491.95919,1668,347.193,104213.93123,0
1790798040000,299.79,300.02,298.82,298.96,1955.777,1790798099999,585189.64179,2020,199.657,59790.48082,0
1790798100000,298.95,300.40,298.82,300.28,520.349,1790798159999,155864.79380,2212,285.479,85532.73973,0
1790798160000,300.28,300.59,299.71,300.14,422.953,1790798219999,126931.13378,1361,239.773,71955.43307,0
1790798220000,300.12,300.27,299.80,299.90,455.143,1790798279999,136565.15110,1053,324.175,97274.40254,0
1790798280000,299.89,299.89,299.09,299.41,687.498,1790798339999,205922.74463,1447,366.328,109757.69316,0
1790798340000,299.41,299.75,299.26,299.64,228.321,1790798399999,68393.13335,879,124.377,37257.20812,0
1790798400000,299.63,300.74,299.55,300.28,1058.768,1790798459999,317845.55922,2654,621.295,186478.87690,0
1790798460000,300.27,300.37,299.33,300.28,406.526,1790798519999,121930.10210,1608,142.031,42601.37454,0
1790798520000,300.27,300.50,299.61,299.86,341.022,1790798579999,102309.05998,1338,165.114,49540.62302,0
1790798580000,299.86,300.07,299.48,300.06,344.811,1790798639999,103362.25120,1280,159.134,47711.23563,0
1790798640000,300.06,300.51,299.72,300.30,223.338,1790798699999,67019.30241,1045,129.215,38783.89811,0
1790798700000,300.30,301.11,300.19,300.67,250.896,1790798759999,75434.66487,1320,110.705,33285.38768,0
1790798760000,300.66,300.96,300.09,300.85,677.254,1790798819999,203432.66523,1519,212.784,63921.40270,0
1790798820000,300.82,301.12,300.12,300.50,389.144,1790798879999,117004.93126,1217,217.544,65415.70935,0
1790798880000,300.49,300.61,299.15,299.32,1353.270,1790798939999,405784.55141,2153,394.013,118163.77295,0
1790798940000,299.33,299.94,299.28,299.71,434.486,1790798999999,130165.77000,1012,187.317,56119.08530,0
1790799000000,299.70,300.39,299.63,300.39,114.595,1790799059999,34370.95586,672,53.901,16167.15749,0
1790799060000,300.38,300.75,299.97,299.97,365.346,1790799119999,109765.63005,919,197.805,59446.22506,0
1790799120000,299.97,300.28,299.84,300.25,103.998,1790799179999,31206.19925,518,64.397,19323.58918,0
1790799180000,300.26,300.68,300.10,300.66,171.379,1790799239999,51468.76796,680,121.689,36546.13634,0
1790799240000,300.66,301.14,300.46,301.05,302.342,1790799299999,90920.75176,757,163.994,49325.93744,0
1790799300000,301.07,301.34,300.95,301.02,170.237,1790799359999,51273.05782,785,37.547,11307.87615,0
1790799360000,301.05,301.23,300.76,300.90,106.833,1790799419999,32158.88567,543,39.405,11862.84518,0
1790799420000,300.89,300.99,300.77,300.86,108.530,1790799479999,32653.23904,427,39.864,11993.84039,0
1790799480000,300.86,301.25,300.80,301.14,190.896,1790799539999,57455.83046,502,69.318,20869.15859,0
1790799540000,301.13,301.91,301.08,301.91,210.319,1790799599999,63447.17591,684,186.798,56356.74798,0
1790799600000,301.91,302.45,301.88,302.15,188.818,1790799659999,57050.35705,727,126.586,38245.67598,0
1790799660000,302.16,302.88,302.14,302.84,165.310,1790799719999,50016.96384,660,109.289,33070.53927,0
1790799720000,302.85,303.22,302.57,303.10,386.646,1790799779999,117104.12960,892,135.445,41038.60218,0
1790799780000,303.19,303.42,302.83,302.99,693.312,1790799839999,210138.93683,1268,120.452,36513.70651,0
1790799840000,303.00,303.25,302.65,302.84,377.483,1790799899999,114324.66731,756,100.643,30490.20434,0
1790799900000,302.84,303.09,302.83,303.08,81.766,1790799959999,24773.45425,314,63.511,19242.44609,0
1790799960000,303.08,303.42,303.08,303.39,428.685,1790800019999,130019.13423,586,113.699,34476.48641,0
1790800020000,303.40,303.68,303.20,303.34,404.968,1790800079999,122882.40199,753,151.637,46016.07725,0
1790800080000,303.35,303.46,303.07,303.36,162.459,1790800139999,49267.83759,447,127.879,38783.67560,0
1790800140000,303.35,303.40,302.93,302.93,155.937,1790800199999,47276.56294,484,41.347,12537.73690,0
1790800200000,302.94,302.97,302.22,302.22,78.811,1790800259999,23844.80105,523,42.980,13002.20962,0
1790800260000,302.23,302.23,301.69,301.87,206.817,1790800319999,62445.77999,720,69.446,20968.84680,0
1790800320000,301.87,301.88,301.33,301.44,98.629,1790800379999,29743.50110,570,53.652,16179.38533,0
1790800380000,301.45,301.70,301.16,301.61,404.485,1790800439999,121895.64858,876,216.925,65374.32581,0
1790800440000,301.61,302.33,301.53,301.95,269.056,1790800499999,81249.04068,838,127.098,38379.33614,0
1790800500000,301.96,302.37,301.74,302.09,297.767,1790800559999,89959.71943,771,187.487,56650.61537,0
1790800560000,302.09,302.29,301.77,301.78,114.413,1790800619999,34554.93746,587,60.897,18392.60338,0
1790800620000,301.79,302.34,301.60,302.22,121.515,1790800679999,36697.13221,483,95.848,28947.74596,0
1790800680000,302.23,302.40,301.79,301.86,159.737,1790800739999,48260.71089,527,39.593,11961.91308,0
1790800740000,301.86,302.60,301.79,302.45,346.748,1790800799999,104793.10354,878,299.073,90380.06373,0
1790800800000,302.46,302.59,302.14,302.18,55.987,1790800859999,16924.19242,268,34.185,10333.48792,0
1790800860000,302.18,302.18,301.80,302.11,61.018,1790800919999,18428.55426,488,23.274,7029.10448,0
1790800920000,302.10,302.10,301.53,301.68,181.126,1790800979999,54656.70522,462,54.577,16473.08531,0
1790800980000,301.69,301.93,301.56,301.88,125.476,1790801039999,37864.18948,548,79.735,24063.95446,0
1790801040000,301.88,301.95,301.69,301.74,266.484,1790801099999,80438.60920,391,30.922,9332.44402,0
1790801100000,301.74,302.12,301.64,302.04,153.227,1790801159999,46257.31290,514,114.241,34489.31021,0
1790801160000,302.04,302.04,301.80,301.80,81.156,1790801219999,24501.09652,421,39.554,11942.25523,0
1790801220000,301.80,301.97,301.62,301.95,77.328,1790801279999,23340.10848,449,41.370,12487.55449,0
1790801280000,301.95,301.95,301.37,301.62,165.933,1790801339999,50049.25974,541,43.352,13072.63933,0
1790801340000,301.62,301.85,301.28,301.53,166.693,1790801399999,50260.39340,637,64.700,19514.74191,0
1790801400000,301.53,301.53,300.89,301.26,186.080,1790801459999,56041.37586,684,38.402,11567.68272,0
1790801460000,301.26,301.76,301.18,301.65,133.334,1790801519999,40203.40892,517,110.965,33457.73801,0
1790801520000,301.67,302.08,301.67,302.07,109.987,1790801579999,33208.15889,483,50.147,15139.80252,0
1790801580000,302.07,302.08,301.93,302.00,63.266,1790801639999,19106.10012,232,41.590,12559.95647,0
1790801640000,302.00,302.00,301.44,301.50,115.455,1790801699999,34833.33087,456,31.181,9406.06875,0
1790801700000,301.49,301.50,300.87,300.91,159.926,1790801759999,48151.34640,579,64.173,19326.15994,0
1790801760000,300.91,301.09,300.76,301.02,196.619,1790801819999,59159.39271,416,66.614,20048.63255,0
1790801820000,301.03,301.27,301.01,301.26,123.000,1790801879999,37041.91114,425,90.157,27151.02899,0
1790801880000,301.25,301.80,301.10,301.59,225.076,1790801939999,67876.60643,673,134.208,40472.82498,0
1790801940000,301.59,301.99,301.56,301.81,110.764,1790801999999,33428.32012,477,77.010,23239.39568,0
1790802000000,301.84,302.14,301.69,301.99,201.535,1790802059999,60853.71544,614,113.375,34234.36901,0
1790802060000,301.99,302.21,301.80,301.80,141.408,1790802119999,42700.37825,515,82.190,24819.38943,0
1790802120000,301.81,301.81,301.19,301.78,140.184,1790802179999,42254.32645,626,69.043,20808.68226,0
1790802180000,301.79,302.51,301.72,302.27,143.523,1790802239999,43357.63429,565,107.639,32518.24786,0
1790802240000,302.28,302.38,302.04,302.17,162.781,1790802299999,49182.36107,476,61.221,18495.62546,0
1790802300000,302.16,302.16,301.61,301.62,100.392,1790802359999,30303.70582,417,22.638,6832.65341,0
1790802360000,301.61,301.67,301.41,301.64,171.655,1790802419999,51763.98608,487,72.183,21765.84588,0
1790802420000,301.64,301.64,300.79,300.99,90.704,1790802479999,27312.96427,474,31.804,9572.22461,0
1790802480000,300.99,301.01,300.61,300.76,532.439,1790802539999,160141.71515,680,96.330,28976.11007,0
1790802540000,300.76,300.87,300.35,300.50,157.606,1790802599999,47374.18622,706,82.172,24701.85207,0
1790802600000,300.54,301.32,300.54,300.62,408.848,1790802659999,122999.59173,998,222.337,66902.01112,0
1790802660000,300.61,301.15,300.47,301.15,201.626,1790802719999,60653.31880,546,166.259,50017.85193,0
1790802720000,301.15,301.45,300.91,301.19,371.562,1790802779999,111905.22353,736,221.997,66865.13405,0
1790802780000,301.19,301.19,299.45,300.11,1462.721,1790802839999,439130.37692,1818,460.175,138045.36818,0
1790802840000,300.11,300.69,300.08,300.44,360.472,1790802899999,108294.40482,837,252.151,75757.52542,0
1790802900000,300.43,300.54,300.14,300.20,185.015,1790802959999,55564.63466,586,80.362,24135.81316,0
1790802960000,300.18,300.90,300.07,300.90,311.426,1790803019999,93592.47112,869,201.802,60643.88995,0
1790803020000,300.89,301.49,300.72,301.22,194.317,1790803079999,58500.73997,621,120.801,36368.65013,0
1790803080000,301.24,301.62,301.16,301.40,401.184,1790803139999,120937.87052,785,185.328,55868.30993,0
1790803140000,301.40,301.64,301.06,301.64,3442.962,1790803199999,1037552.24284,1709,1606.628,484135.75089,0
1790803200000,301.58,301.81,301.45,301.81,100.660,1790803259999,30359.00816,354,74.501,22469.32615,0
1790803260000,301.78,301.89,301.28,301.33,166.479,1790803319999,50213.14936,352,37.073,11188.84086,0
1790803320000,301.35,301.55,301.24,301.55,85.056,1790803379999,25638.17605,328,43.164,13009.07209,0
1790803380000,301.54,301.59,301.39,301.41,102.399,1790803439999,30875.30286,243,65.785,19835.99758,0
1790803440000,301.41,301.41,300.26,300.31,211.355,1790803499999,63563.19674,440,42.266,12696.04188,0
1790803500000,300.31,300.52,300.10,300.12,110.876,1790803559999,33298.08249,408,64.413,19343.96857,0
1790803560000,300.13,300.90,300.11,300.88,300.546,1790803619999,90345.32475,509,251.527,75610.90413,0
1790803620000,300.90,300.98,300.78,300.81,54.663,1790803679999,16444.89133,235,29.710,8938.20316,0
1790803680000,300.81,300.90,300.66,300.87,39.132,1790803739999,11769.18356,184,27.415,8245.07104,0
1790803740000,300.87,301.17,300.75,300.84,169.361,1790803799999,50959.95985,356,43.676,13144.90842,0
1790803800000,300.86,300.89,300.54,300.62,50.317,1790803859999,15131.99798,199,15.038,4522.60308,0
1790803860000,300.64,300.65,300.05,300.37,116.583,1790803919999,35005.42546,391,51.024,15319.26501,0
1790803920000,300.37,300.60,300.22,300.32,206.010,1790803979999,61871.14371,468,115.028,34546.70739,0
1790803980000,300.32,301.18,300.32,301.18,127.988,1790804039999,38512.20099,387,64.168,19303.96917,0
1790804040000,301.18,301.42,301.18,301.30,69.621,1790804099999,20977.51974,258,44.380,13371.15781,0
1790804100000,301.34,301.49,301.29,301.29,37.216,1790804159999,11217.58704,133,24.184,7289.49430,0
1790804160000,301.29,301.50,301.23,301.23,50.249,1790804219999,15141.99509,206,34.429,10374.30747,0
1790804220000,301.22,301.67,301.22,301.37,123.432,1790804279999,37207.17896,311,83.310,25108.70141,0
1790804280000,301.37,301.38,301.16,301.36,93.110,1790804339999,28053.58993,224,27.489,8282.77604,0
1790804340000,301.35,301.35,301.00,301.00,83.034,1790804399999,25005.14182,143,12.873,3875.61171,0
1790804400000,300.98,301.10,300.76,300.99,122.562,1790804459999,36882.95531,395,87.821,26428.31122,0
1790804460000,301.00,301.03,300.83,301.03,59.719,1790804519999,17969.92884,230,38.823,11681.47918,0
1790804520000,301.04,301.45,300.85,301.12,166.610,1790804579999,50171.87223,371,51.323,15460.65185,0
1790804580000,301.12,301.98,301.12,301.68,232.908,1790804639999,70278.22097,475,136.076,41053.52784,0
1790804640000,301.68,301.73,301.36,301.36,287.458,1790804699999,86683.26155,326,189.037,57014.75413,0
1790804700000,301.35,301.35,301.24,301.24,6.911,1790804759999,2082.28966,56,0.071,21.39443,0
1790804760000,301.25,301.32,301.12,301.31,51.400,1790804819999,15481.11191,214,47.130,14194.80708,0
1790804820000,301.32,301.32,301.27,301.27,22.768,1790804879999,6860.03460,80,14.769,4449.93057,0
1790804880000,301.27,301.27,301.00,301.00,127.365,1790804939999,38350.83242,239,92.072,27723.56398,0
1790804940000,300.99,300.99,300.66,300.66,44.903,1790804999999,13510.86704,201,24.746,7445.71360,0
1790805000000,300.64,300.64,300.18,300.18,58.303,1790805059999,17515.56904,155,2.962,890.19176,0
1790805060000,300.17,300.17,299.75,299.91,156.840,1790805119999,47038.25144,437,70.197,21053.78253,0
1790805120000,299.90,300.08,299.80,300.03,69.560,1790805179999,20863.75628,289,36.336,10900.37918,0
1790805180000,300.02,300.16,299.90,300.16,39.951,1790805239999,11984.73911,242,19.770,5931.88844,0
1790805240000,300.16,300.46,300.16,300.37,71.100,1790805299999,21354.99857,200,32.939,9891.39847,0
1790805300000,300.34,300.43,300.34,300.42,28.068,1790805359999,8431.24253,102,18.999,5707.11217,0
1790805360000,300.41,300.64,300.41,300.64,61.790,1790805419999,18570.15319,201,52.903,15899.99397,0
1790805420000,300.64,300.65,300.39,300.41,48.173,1790805479999,14477.93420,111,0.904,271.56681,0
1790805480000,300.40,300.40,300.33,300.33,31.223,1790805539999,9377.58345,85,26.302,7899.52146,0
1790805540000,300.32,300.32,300.25,300.29,33.184,1790805599999,9964.24115,55,28.753,8633.56819,0
1790805600000,300.30,300.77,300.30,300.69,101.500,1790805659999,30511.72504,345,77.927,23422.20971,0
1790805660000,300.70,300.70,299.93,299.93,87.901,1790805719999,26388.62652,414,50.595,15188.66306,0
1790805720000,299.93,299.93,299.66,299.83,137.366,1790805779999,41173.40831,333,97.526,29231.32281,0
1790805780000,299.83,299.85,299.64,299.69,123.907,1790805839999,37138.24555,339,77.023,23085.74629,0
1790805840000,299.69,299.75,299.35,299.38,417.890,1790805899999,125178.91173,882,134.420,40264.80954,0
1790805900000,299.38,299.38,298.83,298.83,466.606,1790805959999,139573.10025,531,68.809,20585.47069,0
1790805960000,298.85,298.98,297.20,297.99,2879.042,1790806019999,857503.54112,2433,821.120,244521.81616,0
1790806020000,297.99,298.67,297.99,298.47,644.681,1790806079999,192369.10206,944,280.546,83694.98786,0
1790806080000,298.47,298.78,298.32,298.34,261.510,1790806139999,78069.93161,563,135.530,40466.23426,0
1790806140000,298.43,298.51,297.56,297.69,597.868,1790806199999,178201.46393,756,115.700,34478.23811,0
1790806200000,297.70,298.65,297.70,298.65,183.442,1790806259999,54715.36140,525,145.046,43255.39902,0
1790806260000,298.64,298.90,298.50,298.60,290.936,1790806319999,86911.53128,507,198.389,59269.37581,0
1790806320000,298.61,299.00,298.61,299.00,113.980,1790806379999,34063.10590,257,53.284,15924.23076,0
1790806380000,299.00,299.18,298.96,299.09,99.552,1790806439999,29772.12212,221,39.019,11669.00680,0
1790806440000,299.10,299.14,298.82,299.14,167.723,1790806499999,50141.44483,344,70.634,21117.71178,0
1790806500000,299.15,299.77,299.15,299.77,253.386,1790806559999,75872.63967,561,134.319,40229.13989,0
1790806560000,299.78,300.03,299.70,299.82,196.247,1790806619999,58856.69681,481,133.414,40015.37963,0
1790806620000,299.82,300.17,299.82,299.99,212.509,1790806679999,63762.98372,349,176.927,53086.40963,0
1790806680000,300.02,300.73,300.02,300.14,237.240,1790806739999,71285.67412,567,175.717,52800.29217,0
1790806740000,300.13,300.42,300.13,300.42,113.181,1790806799999,33981.15490,249,70.983,21312.12885,0
1790806800000,300.43,300.72,300.33,300.40,216.909,1790806859999,65188.57341,393,118.782,35707.05769,0
1790806860000,300.43,300.58,300.40,300.44,81.153,1790806919999,24384.62319,164,62.942,18913.13064,0
1790806920000,300.45,300.95,300.45,300.78,52.605,1790806979999,15823.86779,216,25.623,7706.52715,0
1790806980000,300.79,300.80,300.64,300.72,85.449,1790807039999,25696.35083,262,44.816,13477.89593,0
1790807040000,300.73,300.91,300.68,300.80,125.327,1790807099999,37697.66761,246,93.002,27974.01697,0
1790807100000,300.80,301.23,300.80,301.23,140.237,1790807159999,42202.11836,396,102.355,30802.48908,0
1790807160000,301.24,301.70,301.24,301.60,188.188,1790807219999,56745.59656,498,76.981,23211.56498,0
1790807220000,301.61,301.66,301.40,301.47,135.904,1790807279999,40976.93809,325,42.797,12904.03642,0
1790807280000,301.49,301.93,301.48,301.84,125.270,1790807339999,37800.50260,262,85.833,25901.21922,0
1790807340000,301.84,302.09,301.80,302.09,82.588,1790807399999,24937.24542,329,56.739,17132.95169,0
1790807400000,302.10,302.12,301.95,302.08,86.781,1790807459999,26212.26444,248,42.267,12766.36119,0
1790807460000,302.08,302.44,302.08,302.43,153.296,1790807519999,46350.40319,349,96.019,29029.30983,0
1790807520000,302.43,302.64,302.29,302.64,116.099,1790807579999,35113.12839,349,74.782,22616.44981,0
1790807580000,302.65,303.00,302.59,302.94,253.212,1790807639999,76681.86923,495,119.587,36220.05269,0
1790807640000,302.95,303.36,302.95,303.32,274.376,1790807699999,83194.79941,488,176.924,53643.35370,0
1790807700000,303.31,303.60,303.13,303.33,247.622,1790807759999,75129.42190,514,90.920,27586.60207,0
1790807760000,303.34,303.51,303.34,303.38,74.927,1790807819999,22735.66321,236,20.711,6284.29553,0
1790807820000,303.38,303.48,303.24,303.48,58.439,1790807879999,17729.13511,193,38.955,11818.19355,0
1790807880000,303.50,303.64,303.45,303.47,95.694,1790807939999,29048.21625,267,43.333,13153.71048,0
1790807940000,303.46,303.90,303.24,303.85,320.841,1790807999999,97423.55248,536,220.845,67061.36766,0
1790808000000,303.83,304.05,303.70,304.03,264.518,1790808059999,80376.22015,387,168.691,51264.75993,0
1790808060000,304.03,304.14,303.64,303.89,478.951,1790808119999,145523.02631,582,125.147,38027.89739,0
1790808120000,303.89,303.89,303.60,303.73,114.149,1790808179999,34671.55322,245,54.571,16575.32673,0
1790808180000,303.72,303.97,303.60,303.90,204.490,1790808239999,62128.06319,448,135.224,41085.81026,0
1790808240000,303.90,304.12,303.90,304.03,321.244,1790808299999,97674.79935,353,202.790,61659.94578,0
1790808300000,304.03,304.08,303.67,303.80,280.124,1790808359999,85121.22804,427,50.503,15347.43937,0
1790808360000,303.80,303.84,303.73,303.73,63.202,1790808419999,19201.74820,144,21.681,6587.10917,0
1790808420000,303.73,303.73,303.25,303.28,322.408,1790808479999,97811.41080,466,66.739,20244.26127,0
1790808480000,303.27,303.38,302.90,303.08,365.100,1790808539999,110669.84840,637,119.091,36108.65547,0
1790808540000,303.08,303.41,302.89,303.33,200.510,1790808599999,60790.98794,449,113.784,34490.22548,0
1790808600000,303.42,303.73,303.07,303.16,144.621,1790808659999,43871.05545,377,57.622,17483.24127,0
1790808660000,303.17,303.28,302.89,303.15,98.017,1790808719999,29704.15970,260,31.579,9571.07194,0
1790808720000,303.13,303.47,303.11,303.41,108.786,1790808779999,33000.28551,322,57.631,17483.63240,0
1790808780000,303.40,303.40,303.14,303.23,143.514,1790808839999,43525.80364,347,30.472,9241.43909,0
1790808840000,303.23,303.39,302.63,302.84,1207.990,1790808899999,365949.35055,1132,309.522,93746.40888,0
1790808900000,302.85,303.27,302.78,302.92,182.375,1790808959999,55256.16331,630,110.289,33415.13947,0
1790808960000,302.92,303.23,302.92,303.15,72.850,1790809019999,22079.97852,240,30.879,9359.17871,0
1790809020000,303.19,303.21,302.78,302.78,63.979,1790809079999,19388.93253,242,10.788,3269.68602,0
1790809080000,302.78,302.78,302.38,302.38,251.099,1790809139999,75993.68043,453,120.738,36545.95010,0
1790809140000,302.37,302.64,302.18,302.43,165.987,1790809199999,50199.93340,369,87.685,26523.39385,0
1790809200000,302.42,302.98,302.29,302.97,112.922,1790809259999,34162.75062,462,61.993,18760.24061,0
1790809260000,302.98,303.21,302.89,302.91,186.840,1790809319999,56618.56226,502,100.139,30343.84874,0
1790809320000,302.94,303.85,302.94,303.76,209.028,1790809379999,63421.68281,557,117.175,35552.88033,0
1790809380000,303.75,304.15,303.45,303.93,227.524,1790809439999,69135.35276,605,128.165,38946.58661,0
1790809440000,303.91,304.39,303.83,303.84,254.982,1790809499999,77544.85867,552,130.789,39778.28311,0
1790809500000,303.88,304.08,303.05,303.06,1294.632,1790809559999,392978.67274,1323,383.395,116332.24395,0
1790809560000,303.06,303.31,302.86,302.94,564.709,1790809619999,171141.65297,783,378.277,114636.14301,0
1790809620000,302.94,302.94,302.35,302.58,142.736,1790809679999,43195.15596,454,72.545,21952.41069,0
1790809680000,302.59,302.62,301.79,301.86,455.199,1790809739999,137561.82101,893,225.349,68105.07566,0
1790809740000,301.85,302.09,301.77,302.04,464.610,1790809799999,140275.81910,760,293.126,88502.75346,0
1790809800000,302.02,302.30,301.79,301.79,419.928,1790809859999,126843.26704,629,218.503,66012.21535,0
1790809860000,301.79,302.10,301.72,301.76,413.933,1790809919999,124952.76427,564,137.214,41427.65010,0
1790809920000,301.75,302.12,301.66,301.97,122.475,1790809979999,36975.06735,312,86.851,26221.83239,0
1790809980000,302.00,302.45,302.00,302.32,297.773,1790810039999,89999.25306,546,219.195,66246.48746,0
1790810040000,302.34,302.68,302.01,302.14,294.887,1790810099999,89138.10717,554,96.279,29109.75706,0
1790810100000,302.15,302.41,302.06,302.15,95.108,1790810159999,28740.53800,292,64.565,19508.64520,0
1790810160000,302.14,302.97,302.05,302.70,364.180,1790810219999,110206.38915,683,308.456,93350.46190,0
1790810220000,302.69,302.83,302.48,302.48,85.570,1790810279999,25897.58849,337,42.932,12993.13067,0
1790810280000,302.47,302.86,302.40,302.81,103.985,1790810339999,31465.86327,314,58.461,17690.90252,0
1790810340000,302.80,302.97,302.74,302.85,81.405,1790810399999,24650.92689,210,22.808,6906.11672,0
1790810400000,302.84,302.89,302.48,302.65,123.268,1790810459999,37309.25657,304,68.271,20667.30456,0
1790810460000,302.64,303.66,302.63,302.86,337.894,1790810519999,102469.39984,785,102.121,30951.98258,0
1790810520000,302.86,302.90,302.64,302.72,82.079,1790810579999,24845.83698,177,31.222,9452.08938,0
1790810580000,302.72,302.89,302.70,302.76,88.224,1790810639999,26712.98339,250,66.886,20252.42570,0
1790810640000,302.75,302.79,302.28,302.49,127.311,1790810699999,38509.17455,364,53.021,16037.84011,0
1790810700000,302.52,302.59,302.16,302.21,277.186,1790810759999,83823.12245,410,22.693,6861.05154,0
1790810760000,302.17,302.66,302.15,302.63,624.827,1790810819999,189025.15183,520,575.893,174222.59945,0
1790810820000,302.63,302.63,302.42,302.48,36.227,1790810879999,10958.41428,140,12.081,3653.88579,0
1790810880000,302.50,302.51,302.04,302.13,151.843,1790810939999,45892.39191,338,34.598,10457.71615,0
1790810940000,302.14,302.18,302.04,302.06,60.105,1790810999999,18158.82371,166,38.726,11699.59928,0
1790811000000,302.06,302.28,302.00,302.27,123.840,1790811059999,37413.89445,261,111.384,33650.82560,0
1790811060000,302.27,302.27,301.60,301.60,106.902,1790811119999,32274.14410,288,37.899,11442.54435,0
1790811120000,301.59,301.59,301.11,301.11,294.370,1790811179999,88704.56548,486,131.132,39511.75628,0
1790811180000,301.11,301.27,300.80,301.11,254.963,1790811239999,76738.77655,613,131.825,39677.59788,0
1790811240000,301.10,301.56,301.08,301.50,152.774,1790811299999,46040.96507,382,112.844,34006.34375,0
1790811300000,301.50,301.70,301.21,301.38,468.399,1790811359999,141156.60243,411,376.887,113579.36250,0
1790811360000,301.40,301.96,301.40,301.50,290.278,1790811419999,87550.55614,505,180.539,54453.11239,0
1790811420000,301.49,301.95,301.39,301.92,79.729,1790811479999,24048.31704,275,37.221,11227.81102,0
1790811480000,301.92,301.95,301.75,301.86,70.711,1790811539999,21343.35379,283,41.041,12387.26344,0
1790811540000,301.84,301.84,301.67,301.75,66.002,1790811599999,19914.54315,190,40.168,12119.63441,0
1790811600000,301.74,301.94,301.50,301.94,131.027,1790811659999,39527.02895,415,85.871,25904.61857,0
1790811660000,301.94,302.07,301.70,301.76,101.619,1790811719999,30676.58685,264,42.542,12839.95711,0
1790811720000,301.77,301.77,301.46,301.56,60.412,1790811779999,18217.70184,157,30.306,9137.15257,0
1790811780000,301.56,301.65,301.45,301.50,130.717,1790811839999,39413.63578,200,29.992,9043.54478,0
1790811840000,301.48,301.65,301.46,301.64,87.341,1790811899999,26335.58790,165,67.766,20432.12938,0
1790811900000,301.61,301.65,301.21,301.22,74.831,1790811959999,22554.99347,226,27.032,8146.16419,0
1790811960000,301.21,301.34,301.02,301.18,415.203,1790812019999,125044.99036,526,352.571,106186.59707,0
1790812020000,301.18,301.20,300.89,300.91,144.349,1790812079999,43451.98708,231,35.673,10739.98208,0
1790812080000,300.90,300.92,300.64,300.78,591.205,1790812139999,177807.57268,523,99.449,29908.99821,0
1790812140000,300.79,301.07,300.71,301.05,145.657,1790812199999,43831.87541,329,124.953,37601.36004,0
1790812200000,301.04,301.13,300.69,300.86,208.504,1790812259999,62731.19060,479,103.153,31036.65495,0
1790812260000,300.85,301.32,300.67,300.86,362.538,1790812319999,109143.89536,621,166.952,50262.09075,0
1790812320000,300.85,301.00,300.76,300.88,265.857,1790812379999,79988.19035,438,195.187,58727.33287,0
1790812380000,300.90,301.02,300.70,300.85,269.770,1790812439999,81168.30284,316,52.589,15822.26790,0
1790812440000,300.83,300.84,300.70,300.75,61.264,1790812499999,18427.33244,211,26.867,8080.90181,0
1790812500000,300.74,300.77,300.61,300.76,116.438,1790812559999,35009.09768,217,91.686,27566.68863,0
1790812560000,300.77,300.79,300.75,300.78,20.147,1790812619999,6059.72273,90,9.209,2769.86386,0
1790812620000,300.78,300.88,300.68,300.86,52.214,1790812679999,15703.96294,202,40.064,12049.08870,0
1790812680000,300.86,300.86,300.69,300.77,49.303,1790812739999,14827.58409,163,23.360,7024.93307,0
1790812740000,300.76,300.88,300.70,300.79,69.026,1790812799999,20762.08155,226,35.878,10791.01762,0
