1790726400000,8.8850,8.8930,8.8820,8.8920,14103,1790726459999,125380.2790,650,4868,43275.7420,0
1790726460000,8.8910,8.9070,8.8900,8.9030,22269,1790726519999,198141.7110,859,14034,124868.6560,0
1790726520000,8.9040,8.9140,8.9020,8.9070,32740,1790726579999,291688.6240,605,7736,68923.3340,0
1790726580000,8.9070,8.9130,8.8980,8.9080,24352,1790726639999,216909.0610,784,11730,104491.2030,0
1790726640000,8.9080,8.9080,8.8880,8.8980,15420,1790726699999,137194.7340,623,5466,48621.4340,0
1790726700000,8.8990,8.9050,8.8900,8.9020,23890,1790726759999,212631.9760,791,19699,175339.7110,0
1790726760000,8.9030,8.9070,8.8910,8.8930,11043,1790726819999,98233.1610,493,3292,29284.1880,0
1790726820000,8.8930,8.8940,8.8840,8.8910,4529,1790726879999,40258.4420,395,1565,13911.4780,0
1790726880000,8.8910,8.8910,8.8720,8.8740,15266,1790726939999,135538.3980,518,1563,13884.9180,0
1790726940000,8.8740,8.8770,8.8710,8.8710,8024,1790726999999,71201.6620,392,2296,20376.1010,0
1790727000000,8.8710,8.8710,8.8630,8.8650,11412,1790727059999,101187.7690,534,3258,28887.8230,0
1790727060000,8.8650,8.8650,8.8520,8.8610,14889,1790727119999,131891.8290,581,5848,51804.5450,0
1790727120000,8.8620,8.8660,8.8500,8.8580,16093,1790727179999,142574.8080,530,8895,78814.2880,0
1790727180000,8.8580,8.8670,8.8550,8.8660,11914,1790727239999,105569.4430,419,6740,59723.9200,0
1790727240000,8.8660,8.8660,8.8600,8.8620,5432,1790727299999,48143.9420,247,3134,27776.3060,0
1790727300000,8.8630,8.8670,8.8590,8.8620,9059,1790727359999,80293.8940,389,5371,47610.2650,0
1790727360000,8.8630,8.8710,8.8610,8.8650,6186,1790727419999,54839.6970,342,4083,36196.5900,0
1790727420000,8.8650,8.8710,8.8550,8.8550,10269,1790727479999,91000.9640,485,3506,31076.8930,0
1790727480000,8.8550,8.8620,8.8500,8.8600,38178,1790727539999,338084.3740,873,21983,194693.8790,0
1790727540000,8.8600,8.8670,8.8570,8.8570,7081,1790727599999,62746.3810,375,2841,25175.6680,0
1790727600000,8.8580,8.8600,8.8470,8.8500,16779,1790727659999,148546.5110,509,3859,34172.6690,0
1790727660000,8.8490,8.8690,8.8470,8.8530,29711,1790727719999,263169.2870,903,13120,116240.2320,0
1790727720000,8.8540,8.8570,8.7910,8.8020,246509,1790727779999,2171637.4910,4252,44254,390010.3090,0
1790727780000,8.8020,8.8040,8.7930,8.7970,48021,1790727839999,422529.5610,1211,20328,178873.4400,0
1790727840000,8.7970,8.8040,8.7830,8.7930,81992,1790727899999,720969.6350,1589,22894,201335.7560,0
1790727900000,8.7930,8.8200,8.7830,8.8160,39621,1790727959999,348486.7380,992,22400,197051.5800,0
1790727960000,8.8160,8.8220,8.8030,8.8220,16366,1790728019999,144231.5860,613,9153,80665.6080,0
1790728020000,8.8220,8.8320,8.8210,8.8270,24783,1790728079999,218776.9340,830,18306,161604.6500,0
1790728080000,8.8280,8.8540,8.8280,8.8540,15938,1790728139999,140868.5070,656,12320,108896.3330,0
1790728140000,8.8530,8.8560,8.8420,8.8450,13023,1790728199999,115237.8350,398,1587,14039.4360,0
1790728200000,8.8440,8.8730,8.8390,8.8720,46786,1790728259999,414541.1250,1025,30316,268543.7670,0
1790728260000,8.8720,8.8750,8.8490,8.8520,103755,1790728319999,919993.4090,1014,8862,78500.9200,0
1790728320000,8.8510,8.8610,8.8470,8.8610,31136,1790728379999,275627.2630,788,13066,115681.0530,0
1790728380000,8.8610,8.8610,8.8470,8.8540,11226,1790728439999,99372.3230,487,4095,36242.8950,0
1790728440000,8.8540,8.8630,8.8510,8.8570,8925,1790728499999,79047.8990,472,5111,45268.6760,0
1790728500000,8.8570,8.8660,8.8500,8.8580,11159,1790728559999,98852.8600,535,4969,44020.8660,0
1790728560000,8.8570,8.8640,8.8420,8.8420,9390,1790728619999,83153.2450,505,3173,28113.6040,0
1790728620000,8.8410,8.8460,8.8330,8.8430,13008,1790728679999,114971.4180,654,6678,59036.3340,0
1790728680000,8.8420,8.8500,8.8410,8.8500,7244,1790728739999,64085.1380,388,4061,35927.2590,0
1790728740000,8.8510,8.8510,8.8340,8.8410,28314,1790728799999,250287.1110,690,7587,67073.9830,0
1790728800000,8.8420,8.8590,8.8380,8.8560,15714,1790728859999,139063.6580,677,11720,103725.8650,0
1790728860000,8.8560,8.8740,8.8560,8.8680,12259,1790728919999,108702.3290,578,9526,84470.3470,0
1790728920000,8.8680,8.8710,8.8570,8.8600,7690,1790728979999,68174.6310,388,4652,41247.4080,0
1790728980000,8.8600,8.8640,8.8470,8.8480,8276,1790729039999,73299.4700,430,2865,25380.4600,0
1790729040000,8.8480,8.8550,8.8480,8.8520,3842,1790729099999,34010.0580,282,2491,22049.6150,0
1790729100000,8.8520,8.8530,8.8290,8.8310,10525,1790729159999,93030.1420,563,1442,12746.2750,0
1790729160000,8.8310,8.8370,8.8250,8.8320,14267,1790729219999,125992.6140,843,7442,65724.4860,0
1790729220000,8.8320,8.8410,8.8240,8.8290,12616,1790729279999,111437.4670,603,5797,51210.7270,0
1790729280000,8.8290,8.8310,8.8190,8.8220,17390,1790729339999,153417.6320,480,7797,68786.2910,0
1790729340000,8.8220,8.8320,8.8200,8.8280,14769,1790729399999,130357.7550,538,6160,54377.1020,0
1790729400000,8.8290,8.8300,8.8240,8.8250,8990,1790729459999,79346.4420,387,3739,32998.9820,0
1790729460000,8.8260,8.8280,8.8030,8.8090,79338,1790729519999,699257.7240,1586,19687,173495.2140,0
1790729520000,8.8090,8.8190,8.8080,8.8130,13796,1790729579999,121600.4040,538,7324,64558.5700,0
1790729580000,8.8130,8.8220,8.8060,8.8200,14793,1790729639999,130366.5100,539,8355,73629.4570,0
1790729640000,8.8200,8.8200,8.7980,8.8000,33314,1790729699999,293373.4830,979,11638,102476.0230,0
1790729700000,8.8010,8.8130,8.7970,8.8050,27954,1790729759999,246140.4180,995,11478,101080.2270,0
1790729760000,8.8050,8.8220,8.8040,8.8140,12516,1790729819999,110320.4430,669,6851,60380.3970,0
1790729820000,8.8150,8.8370,8.8130,8.8360,8297,1790729879999,73230.6440,457,6721,59328.9280,0
1790729880000,8.8360,8.8380,8.8210,8.8300,17828,1790729939999,157413.3300,652,7322,64639.6620,0
1790729940000,8.8300,8.8420,8.8300,8.8390,23418,1790729999999,206949.4680,675,18118,160121.5050,0
1790730000000,8.8390,8.8390,8.8280,8.8370,13873,1790730059999,122558.2520,736,8710,76950.4240,0
1790730060000,8.8380,8.8490,8.8270,8.8430,36475,1790730119999,322365.8570,1169,18075,159769.4170,0
1790730120000,8.8430,8.8530,8.8400,8.8520,12886,1790730179999,114008.2420,546,10872,96195.5280,0
1790730180000,8.8530,8.8710,8.8520,8.8700,19553,1790730239999,173245.4960,857,16007,141841.3320,0
1790730240000,8.8690,8.8750,8.8610,8.8680,86960,1790730299999,771018.1720,886,13196,117033.4130,0
1790730300000,8.8680,8.8960,8.8670,8.8960,41677,1790730359999,370231.6200,1049,35967,319519.6530,0
1790730360000,8.8950,8.8960,8.8610,8.8610,46780,1790730419999,415131.1180,929,4111,36494.1240,0
1790730420000,8.8610,8.8620,8.8410,8.8550,22256,1790730479999,196967.4560,897,9050,80104.8810,0
1790730480000,8.8550,8.8550,8.8380,8.8540,24878,1790730539999,220014.3380,761,12124,107217.9930,0
1790730540000,8.8550,8.8810,8.8550,8.8800,20471,1790730599999,181637.6170,802,13286,117862.3360,0
1790730600000,8.8790,8.8820,8.8570,8.8600,34290,1790730659999,304096.0180,680,5241,46485.6410,0
1790730660000,8.8610,8.8890,8.8610,8.8870,10173,1790730719999,90304.7610,544,9497,84299.8840,0
1790730720000,8.8880,8.8930,8.8670,8.8690,19111,1790730779999,169814.6100,643,5638,50094.1800,0
1790730780000,8.8680,8.8760,8.8600,8.8740,11677,1790730839999,103570.4230,476,6942,61579.2750,0
1790730840000,8.8740,8.8800,8.8700,8.8720,13882,1790730899999,123205.7160,550,8926,79228.0210,0
1790730900000,8.8730,8.8880,8.8700,8.8880,15217,1790730959999,135100.9500,976,10390,92259.1700,0
1790730960000,8.8880,8.8920,8.8790,8.8840,57470,1790731019999,510609.1760,679,9190,81657.4570,0
1790731020000,8.8830,8.8920,8.8710,8.8770,8236,1790731079999,73136.3440,572,2086,18529.8650,0
1790731080000,8.8770,8.8810,8.8720,8.8730,9641,1790731139999,85586.7950,432,4091,36322.0110,0
1790731140000,8.8720,8.8750,8.8680,8.8730,2192,1790731199999,19445.6880,308,917,8135.1770,0
1790731200000,8.8730,8.8830,8.8710,8.8820,16374,1790731259999,145382.4440,600,11283,100181.5170,0
1790731260000,8.8820,8.8930,8.8800,8.8890,22936,1790731319999,203862.7710,745,17549,155995.6830,0
1790731320000,8.8880,8.8970,8.8820,8.8950,12602,1790731379999,112043.8940,511,10451,92926.3590,0
1790731380000,8.8950,8.9080,8.8910,8.9040,26702,1790731439999,237654.6910,929,17278,153773.6620,0
1790731440000,8.9030,8.9180,8.9000,8.9170,15390,1790731499999,137134.6230,505,13705,122126.2300,0
1790731500000,8.9170,8.9250,8.8980,8.8980,41564,1790731559999,370506.0640,1217,14045,125245.3680,0
1790731560000,8.8980,8.8990,8.8730,8.8760,34140,1790731619999,303375.8170,1133,7399,65726.8710,0
1790731620000,8.8760,8.8760,8.8630,8.8630,17055,1790731679999,151292.2120,497,2474,21943.0230,0
1790731680000,8.8640,8.8730,8.8600,8.8690,20757,1790731739999,184055.0500,624,12367,109659.7590,0
1790731740000,8.8700,8.8730,8.8570,8.8610,70569,1790731799999,625511.2460,469,6950,61607.7480,0
1790731800000,8.8620,8.8810,8.8420,8.8740,37129,1790731859999,328891.2230,1180,18280,161951.0540,0
1790731860000,8.8730,8.8820,8.8510,8.8540,29083,1790731919999,257932.9970,1156,7510,66617.0860,0
1790731920000,8.8540,8.8590,8.8450,8.8520,13698,1790731979999,121248.0080,786,3813,33753.5890,0
1790731980000,8.8510,8.8570,8.8440,8.8520,8021,1790732039999,70984.8010,558,4560,40359.2130,0
1790732040000,8.8530,8.8600,8.8450,8.8450,6618,1790732099999,58595.5000,339,1622,14366.0800,0
1790732100000,8.8440,8.8560,8.8420,8.8490,8369,1790732159999,74056.7220,556,4355,38540.7350,0
1790732160000,8.8480,8.8530,8.8420,8.8490,9117,1790732219999,80672.4840,545,4955,43850.4950,0
1790732220000,8.8490,8.8570,8.8440,8.8550,12917,1790732279999,114296.2540,471,5138,45476.0920,0
1790732280000,8.8550,8.8620,8.8470,8.8480,11766,1790732339999,104154.2770,524,4065,35990.7200,0
1790732340000,8.8490,8.8610,8.8490,8.8600,5532,1790732399999,48981.9080,440,3923,34737.2020,0
1790732400000,8.8600,8.8680,8.8580,8.8600,12710,1790732459999,112648.2780,593,9146,81066.1140,0
1790732460000,8.8590,8.8610,8.8460,8.8600,20486,1790732519999,181378.7710,731,6978,61794.7180,0
1790732520000,8.8590,8.8680,8.8560,8.8560,9900,1790732579999,87725.7490,385,3636,32229.0830,0
1790732580000,8.8570,8.8710,8.8560,8.8710,2543,1790732639999,22538.0220,193,2340,20739.9680,0
1790732640000,8.8700,8.8750,8.8660,8.8680,7612,1790732699999,67521.8600,402,4340,38498.6360,0
1790732700000,8.8690,8.8710,8.8570,8.8590,3713,1790732759999,32913.9020,402,1383,12262.0150,0
1790732760000,8.8600,8.8720,8.8570,8.8690,8875,1790732819999,78683.9280,367,6046,53607.9440,0
1790732820000,8.8700,8.8750,8.8630,8.8680,8575,1790732879999,76048.7550,482,5739,50900.4790,0
1790732880000,8.8680,8.8700,8.8560,8.8620,10344,1790732939999,91663.3140,389,3748,33216.6180,0
1790732940000,8.8620,8.8800,8.8570,8.8780,11124,1790732999999,98721.2410,374,10161,90179.8560,0
1790733000000,8.8770,8.8800,8.8680,8.8750,8854,1790733059999,78583.0560,367,5996,53222.5400,0
1790733060000,8.8740,8.8820,8.8660,8.8790,8558,1790733119999,75934.1910,449,5615,49828.3180,0
1790733120000,8.8800,8.8890,8.8770,8.8770,9262,1790733179999,82281.8960,439,5371,47722.8350,0
1790733180000,8.8760,8.8760,8.8630,8.8660,9063,1790733239999,80367.5750,328,2512,22270.0420,0
1790733240000,8.8650,8.8750,8.8610,8.8710,16201,1790733299999,143641.3590,445,9150,81140.4650,0
1790733300000,8.8700,8.8700,8.8510,8.8570,12719,1790733359999,112671.2310,584,2312,20475.5290,0
1790733360000,8.8570,8.8650,8.8520,8.8540,5895,1790733419999,52221.1630,434,2185,19356.9930,0
1790733420000,8.8530,8.8610,8.8520,8.8610,4082,1790733479999,36152.1230,325,2501,22153.7510,0
1790733480000,8.8600,8.8600,8.8500,8.8510,5746,1790733539999,50871.0000,298,875,7746.4080,0
1790733540000,8.8500,8.8580,8.8500,8.8540,6713,1790733599999,59434.8830,326,2705,23953.2260,0
1790733600000,8.8540,8.8740,8.8540,8.8690,10950,1790733659999,97046.6840,612,7507,66540.3610,0
1790733660000,8.8680,8.8720,8.8550,8.8670,38051,1790733719999,337311.4390,902,22905,203053.8120,0
1790733720000,8.8660,8.8670,8.8490,8.8490,12602,1790733779999,111610.2630,564,3568,31610.3500,0
1790733780000,8.8480,8.8600,8.8420,8.8530,11985,1790733839999,106063.3600,700,6391,56564.6830,0
1790733840000,8.8520,8.8730,8.8520,8.8690,14465,1790733899999,128254.7770,563,11897,105484.1960,0
1790733900000,8.8680,8.8790,8.8660,8.8680,12828,1790733959999,113814.2550,681,5709,50664.2250,0
1790733960000,8.8680,8.8870,8.8660,8.8820,32406,1790734019999,287807.3160,1133,11546,102531.6910,0
1790734020000,8.8820,8.8950,8.8820,8.8920,16087,1790734079999,142971.2790,656,8059,71637.2350,0
1790734080000,8.8910,8.8910,8.8730,8.8730,13108,1790734139999,116444.1200,630,4495,39937.3920,0
1790734140000,8.8720,8.8720,8.8570,8.8610,13818,1790734199999,122504.7030,693,7027,62306.3110,0
1790734200000,8.8610,8.8620,8.8450,8.8460,18510,1790734259999,163844.0450,702,3884,34376.0180,0
1790734260000,8.8450,8.8480,8.8400,8.8450,6472,1790734319999,57239.8730,459,3572,31593.4830,0
1790734320000,8.8450,8.8470,8.8370,8.8410,15005,1790734379999,132675.5510,585,7769,68706.4460,0
1790734380000,8.8410,8.8570,8.8370,8.8440,13051,1790734439999,115486.8340,615,6565,58099.5890,0
1790734440000,8.8440,8.8440,8.8270,8.8330,22930,1790734499999,202562.5710,796,3880,34286.0300,0
1790734500000,8.8330,8.8420,8.8230,8.8410,22554,1790734559999,199103.0420,529,6121,54064.5990,0
1790734560000,8.8400,8.8410,8.8210,8.8230,11688,1790734619999,103222.6360,541,1942,17156.4420,0
1790734620000,8.8230,8.8330,8.8210,8.8230,11065,1790734679999,97657.1930,661,4354,38432.0490,0
1790734680000,8.8230,8.8370,8.8230,8.8290,11725,1790734739999,103537.3530,503,4446,39260.1590,0
1790734740000,8.8290,8.8320,8.8190,8.8190,6102,1790734799999,53853.4690,395,1885,16641.0370,0
1790734800000,8.8200,8.8230,8.8070,8.8110,48643,1790734859999,428650.4570,874,21811,192177.6190,0
1790734860000,8.8120,8.8380,8.8120,8.8380,11341,1790734919999,100061.3620,564,9419,83111.5070,0
1790734920000,8.8390,8.8460,8.8380,8.8450,13805,1790734979999,122082.6400,422,6778,59938.5010,0
1790734980000,8.8440,8.8600,8.8270,8.8270,18703,1790735039999,165472.4380,764,7633,67564.1260,0
1790735040000,8.8270,8.8340,8.8190,8.8190,6451,1790735099999,56918.2260,367,1083,9562.6860,0
1790735100000,8.8180,8.8300,8.8140,8.8260,16964,1790735159999,149652.6940,621,13470,118830.0420,0
1790735160000,8.8250,8.8310,8.8200,8.8200,8565,1790735219999,75598.2030,417,4519,39888.7650,0
1790735220000,8.8190,8.8210,8.7980,8.8020,58832,1790735279999,518057.5410,1051,12771,112426.4980,0
1790735280000,8.8010,8.8050,8.7970,8.8010,9940,1790735339999,87468.8630,405,5966,52495.2260,0
1790735340000,8.8020,8.8020,8.7930,8.8000,13356,1790735399999,117495.8920,396,5095,44817.5720,0
1790735400000,8.7990,8.8070,8.7940,8.7960,20599,1790735459999,181280.5970,543,9843,86630.2380,0
1790735460000,8.7950,8.8140,8.7950,8.8130,13868,1790735519999,122106.0350,651,6438,56682.7270,0
1790735520000,8.8120,8.8130,8.7880,8.7900,12619,1790735579999,111035.5670,540,1606,14139.4280,0
1790735580000,8.7900,8.7960,8.7860,8.7900,17674,1790735639999,155368.6490,515,8014,70446.7450,0
1790735640000,8.7910,8.8030,8.7910,8.7960,9054,1790735699999,79662.7060,397,4959,43632.3110,0
1790735700000,8.7960,8.8020,8.7940,8.8000,7113,1790735759999,62586.5590,421,4802,42255.4660,0
1790735760000,8.8000,8.8060,8.7960,8.8030,11366,1790735819999,100024.7110,543,5643,49666.3590,0
1790735820000,8.8030,8.8100,8.7930,8.7980,14288,1790735879999,125768.4520,566,7620,67080.7950,0
1790735880000,8.7980,8.8070,8.7960,8.8050,6103,1790735939999,53709.6520,352,3573,31450.2800,0
1790735940000,8.8050,8.8180,8.8030,8.8180,12799,1790735999999,112758.9150,489,9439,83165.3790,0
1790736000000,8.8180,8.8470,8.8180,8.8410,32127,1790736059999,283871.0580,1086,23218,205123.5610,0
1790736060000,8.8410,8.8440,8.8290,8.8350,16322,1790736119999,144260.4060,588,10386,91804.0630,0
1790736120000,8.8350,8.8370,8.8200,8.8210,12231,1790736179999,107994.0480,529,2202,19439.3590,0
1790736180000,8.8200,8.8290,8.8160,8.8280,8566,1790736239999,75561.7960,366,6822,60178.7900,0
1790736240000,8.8270,8.8390,8.8270,8.8280,9391,1790736299999,82933.6120,325,2876,25401.0490,0
1790736300000,8.8270,8.8270,8.8200,8.8260,5814,1790736359999,51295.1080,360,2641,23302.6090,0
1790736360000,8.8260,8.8310,8.8210,8.8220,5210,1790736419999,45990.4130,323,2171,19166.4100,0
1790736420000,8.8210,8.8410,8.8210,8.8400,11562,1790736479999,102125.9550,496,5981,52828.5530,0
1790736480000,8.8390,8.8530,8.8290,8.8330,16684,1790736539999,147546.1230,736,9266,81958.2810,0
1790736540000,8.8330,8.8340,8.8120,8.8120,8163,1790736599999,72018.8200,490,1379,12168.3950,0
1790736600000,8.8120,8.8210,8.8100,8.8180,13260,1790736659999,116886.6450,610,6412,56530.8610,0
1790736660000,8.8190,8.8240,8.8180,8.8190,15043,1790736719999,132691.1200,486,11170,98526.6010,0
1790736720000,8.8200,8.8350,8.8150,8.8270,12409,1790736779999,109526.6370,539,8008,70679.9600,0
1790736780000,8.8270,8.8310,8.8240,8.8270,3815,1790736839999,33676.0300,275,2243,19799.6540,0
1790736840000,8.8260,8.8270,8.8190,8.8230,3529,1790736899999,31135.6130,271,907,8001.2980,0
1790736900000,8.8220,8.8230,8.8140,8.8200,4884,1790736959999,43072.8620,273,1479,13042.6940,0
1790736960000,8.8190,8.8190,8.7960,8.8040,27745,1790737019999,244282.8270,673,5551,48886.8460,0
1790737020000,8.8040,8.8060,8.8000,8.8040,13828,1790737079999,121704.1230,384,8161,71823.9480,0
1790737080000,8.8030,8.8050,8.7980,8.7980,6704,1790737139999,59007.5200,319,986,8678.8970,0
1790737140000,8.7980,8.8170,8.7980,8.8170,10357,1790737199999,91233.7820,352,9735,85760.1100,0
1790737200000,8.8160,8.8230,8.8030,8.8030,11541,1790737259999,101755.1800,552,3080,27164.1040,0
1790737260000,8.8030,8.8040,8.7780,8.7790,28436,1790737319999,249955.1530,782,8237,72412.1570,0
1790737320000,8.7790,8.7950,8.7780,8.7870,14705,1790737379999,129202.8700,656,6739,59220.3370,0
1790737380000,8.7870,8.7960,8.7870,8.7960,6680,1790737439999,58730.0670,338,3563,31328.6170,0
1790737440000,8.7960,8.8100,8.7960,8.8000,13273,1790737499999,116839.9820,412,9740,85739.9320,0
1790737500000,8.7990,8.8070,8.7970,8.8050,4900,1790737559999,43131.6610,335,3435,30238.2810,0
1790737560000,8.8040,8.8050,8.7700,8.7760,110115,1790737619999,966949.6880,1662,27718,243296.7310,0
1790737620000,8.7750,8.7800,8.7650,8.7710,26559,1790737679999,233007.6320,918,8994,78907.6580,0
1790737680000,8.7700,8.7730,8.7200,8.7500,189657,1790737739999,1658087.8090,3336,54407,475806.7560,0
1790737740000,8.7510,8.7620,8.7500,8.7580,23120,1790737799999,202455.1610,776,11695,102397.5230,0
1790737800000,8.7580,8.7740,8.7570,8.7660,19812,1790737859999,173706.6150,741,10934,95868.4720,0
1790737860000,8.7660,8.7770,8.7660,8.7710,8943,1790737919999,78448.5360,456,6925,60747.7000,0
1790737920000,8.7720,8.7760,8.7710,8.7740,6840,1790737979999,60010.0280,336,2481,21767.0430,0
1790737980000,8.7740,8.7770,8.7700,8.7730,6274,1790738039999,55048.7860,373,2608,22882.1820,0
1790738040000,8.7730,8.7810,8.7730,8.7800,5544,1790738099999,48663.8620,254,2827,24813.4420,0
1790738100000,8.7800,8.7890,8.7680,8.7680,34875,1790738159999,306240.9190,959,11278,99035.2670,0
1790738160000,8.7680,8.7700,8.7400,8.7440,49151,1790738219999,430207.4980,1553,10021,87721.5510,0
1790738220000,8.7440,8.7480,8.7220,8.7310,107241,1790738279999,936557.1640,2330,35011,305790.9130,0
1790738280000,8.7310,8.7330,8.7230,8.7330,23591,1790738339999,205898.4030,1139,9047,78968.2660,0
1790738340000,8.7320,8.7390,8.7310,8.7330,23707,1790738399999,207087.1130,995,9802,85618.4980,0
1790738400000,8.7330,8.7380,8.7180,8.7380,64448,1790738459999,562429.5690,1658,20476,178717.7270,0
1790738460000,8.7390,8.7480,8.7360,8.7480,10244,1790738519999,89549.0100,466,6296,55044.0710,0
1790738520000,8.7490,8.7770,8.7490,8.7760,81056,1790738579999,710493.6560,1402,68789,602999.5680,0
1790738580000,8.7750,8.7800,8.7640,8.7680,13543,1790738639999,118808.7320,654,4790,42031.0190,0
1790738640000,8.7680,8.7710,8.7580,8.7650,11190,1790738699999,98066.5020,490,5274,46222.1930,0
1790738700000,8.7640,8.7660,8.7510,8.7510,11371,1790738759999,99589.6800,591,2881,25234.1850,0
1790738760000,8.7510,8.7540,8.7470,8.7520,6440,1790738819999,56354.9170,488,3372,29507.8820,0
1790738820000,8.7520,8.7580,8.7460,8.7550,8155,1790738879999,71380.5410,352,4412,38619.7630,0
1790738880000,8.7560,8.7610,8.7540,8.7600,11339,1790738939999,99314.1990,433,4861,42575.4100,0
1790738940000,8.7600,8.7680,8.7600,8.7620,9269,1790738999999,81245.4570,357,6574,57624.8330,0
1790739000000,8.7620,8.7670,8.7530,8.7530,13309,1790739059999,116593.4260,569,4009,35129.4110,0
1790739060000,8.7530,8.7540,8.7480,8.7500,13585,1790739119999,118872.0220,468,2745,24023.9180,0
1790739120000,8.7500,8.7560,8.7470,8.7500,7575,1790739179999,66283.1180,529,4180,36574.0400,0
1790739180000,8.7490,8.7620,8.7460,8.7600,11835,1790739239999,103584.7460,520,6219,54437.2890,0
1790739240000,8.7590,8.7650,8.7580,8.7650,6806,1790739299999,59634.0140,314,4509,39510.9030,0
1790739300000,8.7650,8.7710,8.7530,8.7570,17576,1790739359999,154047.4920,575,4871,42702.2310,0
1790739360000,8.7560,8.7660,8.7530,8.7650,6120,1790739419999,53611.0410,444,4883,42778.9740,0
1790739420000,8.7650,8.7890,8.7620,8.7870,24734,1790739479999,217210.9360,777,13972,122668.6710,0
1790739480000,8.7860,8.7930,8.7800,8.7920,19693,1790739539999,173029.8770,651,14741,129529.8120,0
1790739540000,8.7920,8.8050,8.7900,8.8000,21182,1790739599999,186336.8940,629,14977,131768.7880,0
1790739600000,8.8000,8.8000,8.7930,8.7980,8573,1790739659999,75416.9930,452,3715,32683.3450,0
1790739660000,8.7970,8.8050,8.7950,8.7980,6280,1790739719999,55266.5180,422,4257,37465.0040,0
1790739720000,8.7970,8.7990,8.7860,8.7910,15124,1790739779999,132969.5990,593,3646,32050.5020,0
1790739780000,8.7900,8.7950,8.7860,8.7870,4498,1790739839999,39541.0590,298,2706,23789.9490,0
1790739840000,8.7870,8.7920,8.7750,8.7750,10096,1790739899999,88668.2810,319,1099,9655.1180,0
1790739900000,8.7750,8.7760,8.7630,8.7630,10728,1790739959999,94071.9160,496,4015,35208.1700,0
1790739960000,8.7630,8.7670,8.7630,8.7660,4504,1790740019999,39476.8260,280,2531,22184.5060,0
1790740020000,8.7650,8.7800,8.7640,8.7730,12159,1790740079999,106662.2480,524,7115,62423.7160,0
1790740080000,8.7740,8.7760,8.7650,8.7660,6764,1790740139999,59316.7270,275,1475,12936.3710,0
1790740140000,8.7660,8.7720,8.7640,8.7670,6737,1790740199999,59066.3950,380,4008,35141.5570,0
1790740200000,8.7650,8.7740,8.7580,8.7690,16788,1790740259999,147142.2730,486,5588,48987.2150,0
1790740260000,8.7680,8.7690,8.7570,8.7570,7267,1790740319999,63669.5090,326,1142,10008.5660,0
1790740320000,8.7560,8.7560,8.7490,8.7550,13127,1790740379999,114889.3750,448,5694,49837.0710,0
1790740380000,8.7550,8.7660,8.7550,8.7600,18344,1790740439999,160708.1740,541,12112,106107.1490,0
1790740440000,8.7600,8.7730,8.7600,8.7730,4791,1790740499999,42007.6970,304,3941,34553.6640,0
1790740500000,8.7730,8.7730,8.7550,8.7600,18848,1790740559999,165142.2350,452,3886,34065.3510,0
1790740560000,8.7590,8.7650,8.7580,8.7620,3756,1790740619999,32909.3600,244,2340,20503.0140,0
1790740620000,8.7610,8.7640,8.7590,8.7600,2379,1790740679999,20843.1820,203,1024,8971.6960,0
1790740680000,8.7600,8.7710,8.7600,8.7690,7930,1790740739999,69526.8700,322,5206,45641.7970,0
1790740740000,8.7680,8.7760,8.7680,8.7720,10969,1790740799999,96230.0800,409,5515,48384.7790,0
1790740800000,8.7710,8.7770,8.7690,8.7750,8642,1790740859999,75811.7030,483,6446,56550.3240,0
1790740860000,8.7740,8.7800,8.7720,8.7790,6041,1790740919999,53019.5220,456,3777,33152.2630,0
1790740920000,8.7780,8.8080,8.7770,8.8080,18134,1790740979999,159439.5610,713,14496,127481.8450,0
1790740980000,8.8070,8.8180,8.8050,8.8160,24909,1790741039999,219526.8080,626,14426,127141.9370,0
1790741040000,8.8160,8.8270,8.8100,8.8200,21351,1790741099999,188288.8310,792,15004,132317.6460,0
1790741100000,8.8190,8.8270,8.8130,8.8170,14189,1790741159999,125161.1760,538,9912,87444.0090,0
1790741160000,8.8160,8.8230,8.8110,8.8160,15331,1790741219999,135186.9230,675,7016,61872.2030,0
1790741220000,8.8150,8.8180,8.8090,8.8160,5799,1790741279999,51108.8290,404,2644,23305.1450,0
1790741280000,8.8150,8.8150,8.8050,8.8070,20258,1790741339999,178438.4010,493,4510,39729.2110,0
1790741340000,8.8060,8.8110,8.8010,8.8090,7607,1790741399999,66989.2230,436,4157,36608.1530,0
1790741400000,8.8080,8.8150,8.8060,8.8140,5110,1790741459999,45019.5550,397,2413,21261.4630,0
1790741460000,8.8140,8.8300,8.8130,8.8290,14671,1790741519999,129422.4350,465,12913,113915.4760,0
1790741520000,8.8280,8.8310,8.8180,8.8190,15749,1790741579999,139014.4350,560,3749,33097.3600,0
1790741580000,8.8180,8.8370,8.8180,8.8360,12818,1790741639999,113185.2330,621,10709,94556.9590,0
1790741640000,8.8360,8.8470,8.8260,8.8300,21091,1790741699999,186407.4960,693,14978,132391.8620,0
1790741700000,8.8290,8.8450,8.8290,8.8430,9728,1790741759999,85973.3930,379,6156,54396.9130,0
1790741760000,8.8430,8.8490,8.8430,8.8450,7679,1790741819999,67926.8000,412,4676,41364.0470,0
1790741820000,8.8440,8.8450,8.8390,8.8440,3392,1790741879999,29994.5440,226,2141,18933.7270,0
1790741880000,8.8440,8.8600,8.8440,8.8600,18526,1790741939999,164014.7280,505,16009,141734.5640,0
1790741940000,8.8590,8.8600,8.8420,8.8440,24184,1790741999999,214028.3330,514,10355,91660.6470,0
1790742000000,8.8440,8.8580,8.8440,8.8490,15534,1790742059999,137491.8380,597,9273,82076.4580,0
1790742060000,8.8490,8.8690,8.8490,8.8680,14614,1790742119999,129469.2770,510,13509,119678.4770,0
1790742120000,8.8680,8.8740,8.8590,8.8620,19531,1790742179999,173196.8100,753,8200,72726.8770,0
1790742180000,8.8620,8.8630,8.8500,8.8520,10270,1790742239999,90947.1900,327,5326,47162.3770,0
1790742240000,8.8510,8.8520,8.8390,8.8400,13289,1790742299999,117563.8660,510,5133,45415.7150,0
1790742300000,8.8400,8.8610,8.8390,8.8590,15272,1790742359999,135180.5050,593,13410,118698.5150,0
1790742360000,8.8580,8.8610,8.8490,8.8550,6228,1790742419999,55142.7400,348,3087,27337.7000,0
1790742420000,8.8540,8.8550,8.8460,8.8500,13335,1790742479999,118020.2390,353,6818,60340.8580,0
1790742480000,8.8500,8.8610,8.8450,8.8500,32343,1790742539999,286384.2410,620,28344,250980.6790,0
1790742540000,8.8500,8.8520,8.8400,8.8430,8019,1790742599999,70930.6530,313,3133,27711.7380,0
1790742600000,8.8430,8.8460,8.8400,8.8460,10548,1790742659999,93259.3810,282,4249,37574.2730,0
1790742660000,8.8460,8.8460,8.8340,8.8410,8778,1790742719999,77580.6450,525,5424,47937.1020,0
1790742720000,8.8420,8.8440,8.8350,8.8360,5481,1790742779999,48452.2630,454,3086,27283.2940,0
1790742780000,8.8350,8.8360,8.8300,8.8310,11932,1790742839999,105387.3840,401,4982,44003.9170,0
1790742840000,8.8310,8.8310,8.8210,8.8220,13706,1790742899999,120964.5360,513,3957,34919.2960,0
1790742900000,8.8220,8.8350,8.8190,8.8350,24356,1790742959999,214955.7820,747,16458,145278.0790,0
1790742960000,8.8350,8.8420,8.8310,8.8380,16884,1790743019999,149196.2180,634,7635,67472.5860,0
1790743020000,8.8380,8.8400,8.8300,8.8400,5250,1790743079999,46390.7110,287,1928,17036.8910,0
1790743080000,8.8390,8.8580,8.8390,8.8500,54678,1790743139999,484027.4220,1115,39579,350335.0910,0
1790743140000,8.8490,8.8530,8.8460,8.8500,7998,1790743199999,70775.2420,348,4716,41730.1140,0
1790743200000,8.8510,8.8510,8.8460,8.8470,7364,1790743259999,65167.2480,435,3311,29301.0790,0
1790743260000,8.8460,8.8690,8.8430,8.8620,23054,1790743319999,204222.2900,724,17461,154654.3850,0
1790743320000,8.8610,8.8630,8.8550,8.8610,15867,1790743379999,140586.2500,501,9821,87025.9290,0
1790743380000,8.8610,8.8760,8.8570,8.8730,10170,1790743439999,90178.5240,494,7880,69878.2530,0
1790743440000,8.8720,8.8720,8.8550,8.8560,30134,1790743499999,267086.8520,591,4816,42715.2850,0
1790743500000,8.8550,8.8580,8.8530,8.8530,2864,1790743559999,25362.1220,251,2050,18153.1840,0
1790743560000,8.8540,8.8600,8.8520,8.8600,8458,1790743619999,74905.9150,323,6466,57265.9030,0
1790743620000,8.8600,8.8690,8.8590,8.8670,5210,1790743679999,46183.2930,334,4289,38017.3950,0
1790743680000,8.8660,8.8670,8.8600,8.8640,4613,1790743739999,40881.1020,215,1803,15979.1290,0
1790743740000,8.8630,8.8640,8.8530,8.8530,11061,1790743799999,97999.5620,257,596,5280.6660,0
1790743800000,8.8540,8.8600,8.8470,8.8590,7147,1790743859999,63275.8600,382,3979,35235.0580,0
1790743860000,8.8590,8.8620,8.8500,8.8510,5561,1790743919999,49253.1870,296,3065,27149.1920,0
1790743920000,8.8510,8.8550,8.8460,8.8530,7449,1790743979999,65927.7640,326,3660,32399.8850,0
1790743980000,8.8520,8.8520,8.8390,8.8390,6740,1790744039999,59606.5470,272,1175,10392.4150,0
1790744040000,8.8400,8.8410,8.8350,8.8390,9537,1790744099999,84285.1760,332,3610,31908.7920,0
1790744100000,8.8390,8.8410,8.8350,8.8350,4956,1790744159999,43802.2900,303,1899,16785.2970,0
1790744160000,8.8350,8.8400,8.8330,8.8350,8098,1790744219999,71555.1500,375,3516,31071.9290,0
1790744220000,8.8350,8.8360,8.8260,8.8270,5699,1790744279999,50325.7080,278,849,7498.4390,0
1790744280000,8.8270,8.8280,8.8190,8.8250,21188,1790744339999,186955.7650,586,4744,41867.0180,0
1790744340000,8.8250,8.8270,8.8200,8.8260,2899,1790744399999,25577.8900,180,1107,9767.9910,0
1790744400000,8.8260,8.8640,8.8260,8.8620,17526,1790744459999,154917.1510,666,15857,140171.0090,0
1790744460000,8.8620,8.8700,8.8570,8.8690,15571,1790744519999,137998.7430,830,10368,91897.3520,0
1790744520000,8.8700,8.8780,8.8590,8.8590,23541,1790744579999,208831.8330,973,13461,119426.7400,0
1790744580000,8.8590,8.8670,8.8510,8.8550,10797,1790744639999,95664.9730,446,4948,43845.1290,0
1790744640000,8.8540,8.8560,8.8440,8.8560,14479,1790744699999,128119.0640,579,3752,33207.7540,0
1790744700000,8.8550,8.8550,8.8430,8.8490,4957,1790744759999,43860.4420,400,2295,20305.5100,0
1790744760000,8.8490,8.8590,8.8460,8.8500,5968,1790744819999,52829.3270,459,3626,32099.0020,0
1790744820000,8.8490,8.8540,8.8400,8.8410,7532,1790744879999,66639.0950,426,2966,26247.8010,0
1790744880000,8.8410,8.8420,8.8340,8.8350,6089,1790744939999,53808.7540,375,2505,22136.3540,0
1790744940000,8.8350,8.8420,8.8280,8.8370,9491,1790744999999,83853.1960,528,6250,55227.4870,0
1790745000000,8.8370,8.8370,8.8220,8.8250,6733,1790745059999,59446.5820,378,1017,8981.5640,0
1790745060000,8.8250,8.8280,8.8220,8.8270,4733,1790745119999,41766.4870,278,2359,20818.4380,0
1790745120000,8.8280,8.8380,8.8210,8.8210,8809,1790745179999,77788.0570,518,3302,29164.2030,0
1790745180000,8.8210,8.8260,8.8170,8.8180,5734,1790745239999,50579.5710,361,2599,22929.3510,0
1790745240000,8.8170,8.8170,8.8060,8.8110,11951,1790745299999,105293.7300,441,1619,14266.8940,0
1790745300000,8.8120,8.8140,8.8010,8.8140,17569,1790745359999,154708.9510,672,5399,47552.0410,0
1790745360000,8.8130,8.8170,8.8070,8.8080,7421,1790745419999,65385.7100,458,4033,35538.2430,0
1790745420000,8.8090,8.8280,8.8090,8.8260,11663,1790745479999,102872.6280,432,8259,72838.1150,0
1790745480000,8.8250,8.8380,8.8240,8.8240,13860,1790745539999,122390.6650,598,6804,60087.6160,0
1790745540000,8.8250,8.8420,8.8230,8.8410,9875,1790745599999,87219.1610,500,6954,61434.4280,0
1790745600000,8.8400,8.8480,8.8290,8.8420,15515,1790745659999,137127.7690,575,10940,96703.6060,0
1790745660000,8.8420,8.8460,8.8290,8.8320,5802,1790745719999,51271.7010,379,2254,19919.8310,0
1790745720000,8.8310,8.8430,8.8290,8.8430,7182,1790745779999,63470.2630,369,5432,48004.8100,0
1790745780000,8.8430,8.8500,8.8430,8.8500,5202,1790745839999,46022.0500,327,4013,35504.2330,0
1790745840000,8.8490,8.8570,8.8470,8.8570,8603,1790745899999,76152.1920,340,7890,69841.2380,0
1790745900000,8.8570,8.8650,8.8430,8.8470,20126,1790745959999,178195.8200,754,8628,76419.3370,0
1790745960000,8.8470,8.8470,8.8180,8.8180,74623,1790746019999,658902.8040,1615,19384,171105.2820,0
1790746020000,8.8190,8.8420,8.8180,8.8320,15978,1790746079999,141072.4310,645,9325,82326.2970,0
1790746080000,8.8320,8.8380,8.8250,8.8380,8161,1790746139999,72070.9260,449,4629,40883.3810,0
1790746140000,8.8390,8.8450,8.8370,8.8450,3757,1790746199999,33218.0630,190,3226,28523.0460,0
1790746200000,8.8440,8.8700,8.8440,8.8680,20036,1790746259999,177406.3640,802,14676,129969.9840,0
1790746260000,8.8680,8.8820,8.8630,8.8800,22968,1790746319999,203795.4720,800,13028,115604.9750,0
1790746320000,8.8800,8.8870,8.8680,8.8720,22952,1790746379999,203762.3540,901,12517,111155.7240,0
1790746380000,8.8720,8.8720,8.8460,8.8530,15795,1790746439999,139892.8510,666,5665,50164.5920,0
1790746440000,8.8530,8.8610,8.8530,8.8550,10768,1790746499999,95374.9080,500,6413,56802.5640,0
1790746500000,8.8540,8.8750,8.8510,8.8660,25013,1790746559999,221738.4510,935,16601,147179.1590,0
1790746560000,8.8660,8.8680,8.8550,8.8650,12902,1790746619999,114338.5270,561,6399,56711.8520,0
1790746620000,8.8640,8.8670,8.8610,8.8640,13464,1790746679999,119353.7820,394,1939,17188.0620,0
1790746680000,8.8650,8.8660,8.8570,8.8620,7700,1790746739999,68230.5050,482,3304,29276.6260,0
1790746740000,8.8620,8.8700,8.8620,8.8660,7238,1790746799999,64169.9530,303,5616,49788.9880,0
1790746800000,8.8650,8.8650,8.8490,8.8540,6839,1790746859999,60576.7040,355,1189,10528.2670,0
1790746860000,8.8530,8.8550,8.8470,8.8490,2568,1790746919999,22727.9240,248,591,5231.3730,0
1790746920000,8.8500,8.8540,8.8480,8.8510,8527,1790746979999,75476.1640,214,3238,28662.0240,0
1790746980000,8.8510,8.8710,8.8500,8.8690,11283,1790747039999,99963.4140,398,8671,76823.2730,0
1790747040000,8.8680,8.8810,8.8640,8.8650,28783,1790747099999,255417.8300,729,11218,99563.4160,0
1790747100000,8.8660,8.8880,8.8660,8.8740,38375,1790747159999,340750.4630,967,29138,258765.1690,0
1790747160000,8.8740,8.8850,8.8700,8.8700,12527,1790747219999,111225.6370,551,8532,75766.4450,0
1790747220000,8.8700,8.8700,8.8600,8.8600,8221,1790747279999,72876.4820,422,3956,35066.0620,0
1790747280000,8.8610,8.8650,8.8580,8.8620,13661,1790747339999,121080.7500,361,7634,67659.5270,0
1790747340000,8.8620,8.8690,8.8610,8.8680,4515,1790747399999,40024.6540,202,4334,38420.0380,0
1790747400000,8.8680,8.8770,8.8680,8.8740,18878,1790747459999,167515.8210,389,15301,135782.6160,0
1790747460000,8.8740,8.8740,8.8560,8.8610,10951,1790747519999,97041.8500,405,4657,41264.2540,0
1790747520000,8.8610,8.8620,8.8520,8.8530,5194,1790747579999,46000.1450,256,1309,11593.9680,0
1790747580000,8.8530,8.8560,8.8490,8.8520,5377,1790747639999,47595.9360,302,1432,12677.3700,0
1790747640000,8.8510,8.8530,8.8480,8.8490,2084,1790747699999,18443.9020,190,1067,9444.3210,0
1790747700000,8.8480,8.8480,8.8400,8.8420,4440,1790747759999,39264.4610,332,646,5713.7360,0
1790747760000,8.8420,8.8540,8.8410,8.8520,5083,1790747819999,44970.7220,270,4579,40511.5170,0
1790747820000,8.8520,8.8560,8.8510,8.8560,3733,1790747879999,33054.0770,215,2825,25014.0050,0
1790747880000,8.8560,8.8730,8.8500,8.8730,21223,1790747939999,188002.5690,713,17945,158975.5600,0
1790747940000,8.8720,8.8760,8.8540,8.8580,14138,1790747999999,125300.0550,691,3703,32817.0560,0
1790748000000,8.8570,8.8670,8.8500,8.8670,16705,1790748059999,147922.5600,749,11231,99463.0500,0
1790748060000,8.8670,8.8700,8.8490,8.8500,10185,1790748119999,90225.0790,601,3458,30641.0560,0
1790748120000,8.8500,8.8500,8.8350,8.8430,18416,1790748179999,162801.7560,702,6320,55870.5150,0
1790748180000,8.8440,8.8560,8.8370,8.8470,48418,1790748239999,428329.8030,1413,30586,270582.6300,0
1790748240000,8.8460,8.8510,8.8400,8.8490,7460,1790748299999,65996.6530,458,3365,29774.2320,0
1790748300000,8.8500,8.8610,8.8480,8.8580,7974,1790748359999,70622.7220,465,6270,55531.7870,0
1790748360000,8.8580,8.8580,8.8440,8.8440,13260,1790748419999,117341.0040,362,597,5286.6220,0
1790748420000,8.8450,8.8450,8.8380,8.8400,4137,1790748479999,36572.3020,278,1215,10741.8040,0
1790748480000,8.8400,8.8410,8.8240,8.8250,36942,1790748539999,326138.1610,666,1279,11294.6320,0
1790748540000,8.8250,8.8290,8.8200,8.8200,6679,1790748599999,58933.9520,300,1497,13213.4140,0
1790748600000,8.8200,8.8240,8.8170,8.8200,23188,1790748659999,204501.1200,430,10760,94893.5900,0
1790748660000,8.8200,8.8200,8.8080,8.8120,9872,1790748719999,87021.5640,580,4587,40440.7760,0
1790748720000,8.8130,8.8140,8.8040,8.8040,11305,1790748779999,99582.1950,429,2371,20890.4270,0
1790748780000,8.8040,8.8060,8.8020,8.8020,4133,1790748839999,36386.8780,307,1707,15029.1320,0
1790748840000,8.8020,8.8040,8.7900,8.7910,45480,1790748899999,400075.7280,1197,12819,112762.7560,0
1790748900000,8.7920,8.8040,8.7800,8.7840,32724,1790748959999,287677.7130,1192,10092,88748.0410,0
1790748960000,8.7850,8.7890,8.7800,8.7840,16669,1790749019999,146419.8320,696,9234,81113.8330,0
1790749020000,8.7850,8.8060,8.7840,8.7960,18368,1790749079999,161600.3330,802,14095,124010.2860,0
1790749080000,8.7960,8.8140,8.7920,8.8100,23340,1790749139999,205428.3780,892,12611,111024.3120,0
1790749140000,8.8110,8.8210,8.8060,8.8080,10422,1790749199999,91871.0810,706,5539,48832.1840,0
1790749200000,8.8080,8.8130,8.7980,8.8090,19024,1790749259999,167503.0560,884,8510,74928.8710,0
1790749260000,8.8090,8.8100,8.8010,8.8070,11829,1790749319999,104178.0700,578,6077,53522.8800,0
1790749320000,8.8070,8.8100,8.7940,8.8000,8427,1790749379999,74153.7700,447,3929,34568.8240,0
1790749380000,8.8000,8.8090,8.7990,8.8010,6438,1790749439999,56680.5160,360,3161,27830.4280,0
1790749440000,8.8020,8.8020,8.7870,8.7880,13444,1790749499999,118217.6560,515,1637,14396.7540,0
1790749500000,8.7880,8.7930,8.7810,8.7850,22834,1790749559999,200646.1510,676,14302,125689.5310,0
1790749560000,8.7850,8.7870,8.7830,8.7860,5640,1790749619999,49548.2670,354,3329,29246.0960,0
1790749620000,8.7860,8.7900,8.7810,8.7890,6180,1790749679999,54298.6600,424,3481,30587.4680,0
1790749680000,8.7900,8.8100,8.7890,8.8040,13119,1790749739999,115473.0380,703,9365,82427.0200,0
1790749740000,8.8040,8.8080,8.7970,8.8000,8479,1790749799999,74637.2440,422,2231,19640.5360,0
1790749800000,8.7990,8.8000,8.7830,8.7890,9262,1790749859999,81418.5330,554,2791,24532.6860,0
1790749860000,8.7890,8.7950,8.7830,8.7940,7032,1790749919999,61794.1220,440,3774,33167.6180,0
1790749920000,8.7940,8.7940,8.7730,8.7840,17202,1790749979999,151037.8370,695,4095,35956.0230,0
1790749980000,8.7830,8.7890,8.7740,8.7740,14803,1790750039999,130015.4970,516,7648,67183.5240,0
1790750040000,8.7740,8.7750,8.7630,8.7750,27588,1790750099999,241893.5360,631,7279,63833.6370,0
1790750100000,8.7740,8.7760,8.7620,8.7660,22880,1790750159999,200643.2520,732,9949,87249.5640,0
1790750160000,8.7660,8.7720,8.7490,8.7690,48724,1790750219999,426674.9250,1053,14007,122691.1110,0
1790750220000,8.7690,8.7730,8.7630,8.7630,16505,1790750279999,144708.4770,420,8411,73748.3320,0
1790750280000,8.7640,8.7700,8.7620,8.7670,12440,1790750339999,109052.1450,517,5514,48338.3380,0
1790750340000,8.7680,8.7680,8.7340,8.7460,50942,1790750399999,445539.4600,1049,13466,117759.7300,0
1790750400000,8.7470,8.7710,8.7420,8.7580,37649,1790750459999,329713.6700,994,26831,234979.0510,0
1790750460000,8.7570,8.7600,8.7360,8.7400,15672,1790750519999,137081.7070,658,3312,28976.4380,0
1790750520000,8.7400,8.7620,8.7400,8.7620,14242,1790750579999,124596.8980,493,11585,101355.2250,0
1790750580000,8.7620,8.7690,8.7530,8.7590,16400,1790750639999,143660.5730,542,5591,48987.7940,0
1790750640000,8.7580,8.7680,8.7570,8.7660,7703,1790750699999,67496.0990,390,5263,46118.6010,0
1790750700000,8.7660,8.7660,8.7230,8.7460,111018,1790750759999,970583.8490,2159,21871,191248.5570,0
1790750760000,8.7450,8.7470,8.7290,8.7310,19144,1790750819999,167248.8870,638,5602,48942.6690,0
1790750820000,8.7320,8.7370,8.7200,8.7320,166037,1790750879999,1448943.9040,1054,140448,1225622.3500,0
1790750880000,8.7310,8.7330,8.7250,8.7290,15608,1790750939999,136252.2470,656,7208,62928.9040,0
1790750940000,8.7290,8.7420,8.7240,8.7400,16563,1790750999999,144637.3290,618,9407,82156.9870,0
1790751000000,8.7400,8.7480,8.7300,8.7320,20021,1790751059999,175003.5920,743,11934,104334.7230,0
1790751060000,8.7320,8.7420,8.7290,8.7400,11282,1790751119999,98556.3970,495,4370,38173.0440,0
1790751120000,8.7400,8.7450,8.7330,8.7400,23710,1790751179999,207216.1070,1364,14942,130597.5050,0
1790751180000,8.7400,8.7520,8.7370,8.7490,21708,1790751239999,189855.1220,608,14751,129017.5660,0
1790751240000,8.7500,8.7550,8.7470,8.7540,12072,1790751299999,105647.8420,568,9587,83902.7590,0
1790751300000,8.7540,8.7790,8.7520,8.7770,37056,1790751359999,324758.1530,945,26747,234477.3450,0
1790751360000,8.7770,8.7780,8.7520,8.7530,23309,1790751419999,204336.3710,693,10670,93559.0070,0
1790751420000,8.7520,8.7600,8.7490,8.7590,4470,1790751479999,39131.3450,269,2645,23154.8900,0
1790751480000,8.7590,8.7670,8.7580,8.7610,9119,1790751539999,79910.7190,290,6439,56424.1440,0
1790751540000,8.7610,8.7610,8.7440,8.7460,13521,1790751599999,118332.3180,356,4287,37501.3240,0
1790751600000,8.7460,8.7520,8.7370,8.7430,23156,1790751659999,202457.8500,643,8073,70597.3860,0
1790751660000,8.7430,8.7640,8.7410,8.7590,22920,1790751719999,200614.3320,817,16398,143520.4410,0
1790751720000,8.7600,8.7840,8.7600,8.7790,15973,1790751779999,140123.5940,830,11106,97429.6330,0
1790751780000,8.7800,8.7860,8.7760,8.7760,10492,1790751839999,92158.8710,432,3527,30983.5280,0
1790751840000,8.7750,8.7760,8.7630,8.7630,6870,1790751899999,60239.5020,344,1200,10522.3460,0
1790751900000,8.7640,8.7670,8.7570,8.7580,10302,1790751959999,90234.5690,404,1394,12211.4890,0
1790751960000,8.7580,8.7580,8.7410,8.7510,20380,1790752019999,178284.1000,605,6680,58426.9240,0
1790752020000,8.7510,8.7580,8.7470,8.7540,8142,1790752079999,71262.3770,406,4965,43456.0050,0
1790752080000,8.7540,8.7630,8.7540,8.7630,6233,1790752139999,54599.0440,343,4974,43569.8540,0
1790752140000,8.7620,8.7650,8.7540,8.7650,4758,1790752199999,41680.4880,278,3177,27832.5960,0
1790752200000,8.7650,8.7710,8.7640,8.7700,5656,1790752259999,49585.8880,326,2899,25417.4170,0
1790752260000,8.7690,8.7700,8.7570,8.7570,10225,1790752319999,89603.8260,427,1967,17240.2400,0
1790752320000,8.7570,8.7590,8.7530,8.7550,6767,1790752379999,59257.6820,299,5088,44557.1280,0
1790752380000,8.7540,8.7560,8.7510,8.7560,4571,1790752439999,40010.2090,284,972,8509.0530,0
1790752440000,8.7560,8.7630,8.7530,8.7590,12250,1790752499999,107266.6600,419,8076,70717.3360,0
1790752500000,8.7590,8.7670,8.7550,8.7580,14731,1790752559999,129087.1310,481,5284,46302.9810,0
1790752560000,8.7580,8.7610,8.7490,8.7530,24566,1790752619999,215014.0480,483,15400,134784.7550,0
1790752620000,8.7530,8.7630,8.7460,8.7610,8450,1790752679999,73963.0890,432,6140,53749.0750,0
1790752680000,8.7610,8.7860,8.7600,8.7860,15725,1790752739999,137985.1470,497,10666,93573.5040,0
1790752740000,8.7870,8.8120,8.7860,8.8090,18268,1790752799999,160751.7020,691,15220,133949.0700,0
1790752800000,8.8090,8.8130,8.7970,8.8000,30954,1790752859999,272649.4370,789,6675,58795.1790,0
1790752860000,8.8000,8.8010,8.7930,8.8000,9144,1790752919999,80425.6050,325,2294,20179.2650,0
1790752920000,8.8000,8.8180,8.8000,8.8050,17065,1790752979999,150328.5870,754,12177,107274.7100,0
1790752980000,8.8040,8.8210,8.8020,8.8210,16050,1790753039999,141442.1800,385,8836,77859.1550,0
1790753040000,8.8200,8.8300,8.8080,8.8140,29701,1790753099999,262029.8320,787,16225,143128.7400,0
1790753100000,8.8140,8.8260,8.8090,8.8220,17533,1790753159999,154593.7600,650,10730,94600.4300,0
1790753160000,8.8220,8.8250,8.8100,8.8140,22824,1790753219999,201240.3340,564,8057,71037.1810,0
1790753220000,8.8150,8.8170,8.8030,8.8040,8187,1790753279999,72119.7840,417,2336,20575.9620,0
1790753280000,8.8040,8.8060,8.7960,8.7980,6290,1790753339999,55350.8380,363,2750,24200.6840,0
1790753340000,8.7980,8.7980,8.7860,8.7980,8822,1790753399999,77557.2150,414,3701,32540.8590,0
1790753400000,8.7980,8.8000,8.7890,8.8000,8129,1790753459999,71504.2360,385,5239,46090.3240,0
1790753460000,8.8010,8.8020,8.7890,8.7950,8196,1790753519999,72087.5490,455,3357,29531.7720,0
1790753520000,8.7950,8.7980,8.7800,8.7860,15933,1790753579999,140044.2190,628,3453,30359.7720,0
1790753580000,8.7850,8.8030,8.7820,8.8000,8704,1790753639999,76547.3230,475,6660,58571.9080,0
1790753640000,8.7990,8.8000,8.7910,8.7980,8080,1790753699999,71070.0250,291,3339,29374.1290,0
1790753700000,8.7980,8.8200,8.7980,8.8200,7346,1790753759999,64711.6780,360,6647,58557.9500,0
1790753760000,8.8200,8.8470,8.8200,8.8450,22617,1790753819999,199856.0670,805,16660,147212.7550,0
1790753820000,8.8440,8.8440,8.8290,8.8300,11340,1790753879999,100209.3190,511,3662,32360.9530,0
1790753880000,8.8300,8.8310,8.8220,8.8250,6204,1790753939999,54755.2710,398,2455,21667.0740,0
1790753940000,8.8260,8.8470,8.8260,8.8370,24666,1790753999999,217931.3370,720,15707,138779.0280,0
1790754000000,8.8370,8.8380,8.8300,8.8310,12112,1790754059999,106977.5380,453,3905,34496.3270,0
1790754060000,8.8310,8.8320,8.8240,8.8270,6910,1790754119999,61002.2180,294,2290,20215.3260,0
1790754120000,8.8270,8.8280,8.8190,8.8230,7332,1790754179999,64702.3410,431,3729,32911.3860,0
1790754180000,8.8230,8.8360,8.8210,8.8360,20685,1790754239999,182629.6230,348,12987,114701.8150,0
1790754240000,8.8360,8.8490,8.8320,8.8480,23565,1790754299999,208347.6440,818,16235,143547.0130,0
1790754300000,8.8480,8.8520,8.8440,8.8490,7826,1790754359999,69248.9480,475,5143,45511.5440,0
1790754360000,8.8490,8.8540,8.8360,8.8410,10944,1790754419999,96777.8680,532,5179,45798.8860,0
1790754420000,8.8410,8.8470,8.8310,8.8380,12649,1790754479999,111792.2160,512,5199,45957.2140,0
1790754480000,8.8390,8.8450,8.8380,8.8440,6222,1790754539999,55010.6800,303,4604,40705.0720,0
1790754540000,8.8430,8.8500,8.8410,8.8490,12686,1790754599999,112224.1760,428,6230,55107.0440,0
1790754600000,8.8490,8.8630,8.8460,8.8570,19622,1790754659999,173787.8660,567,17445,154516.6200,0
1790754660000,8.8570,8.8600,8.8400,8.8480,25945,1790754719999,229689.1330,602,5632,49845.5890,0
1790754720000,8.8490,8.8490,8.8430,8.8430,4645,1790754779999,41089.8310,277,2571,22742.9310,0
1790754780000,8.8440,8.8480,8.8390,8.8410,5737,1790754839999,50731.8150,253,3443,30445.6450,0
1790754840000,8.8410,8.8440,8.8350,8.8380,8125,1790754899999,71815.9570,390,4828,42677.4510,0
1790754900000,8.8370,8.8380,8.8220,8.8240,7649,1790754959999,67530.9910,399,3133,27659.2270,0
1790754960000,8.8240,8.8290,8.8120,8.8160,18609,1790755019999,164185.6400,529,9966,87947.8440,0
1790755020000,8.8160,8.8170,8.8110,8.8130,5516,1790755079999,48618.2230,251,2294,20219.5520,0
1790755080000,8.8130,8.8200,8.8110,8.8200,5694,1790755139999,50182.6000,239,1928,16997.3820,0
1790755140000,8.8200,8.8230,8.8120,8.8180,7791,1790755199999,68690.7050,331,2700,23811.0420,0
1790755200000,8.8180,8.8230,8.8120,8.8200,10704,1790755259999,94375.6960,547,6056,53404.5630,0
1790755260000,8.8200,8.8240,8.8110,8.8150,15448,1790755319999,136191.7490,618,4546,40088.7600,0
1790755320000,8.8140,8.8160,8.8040,8.8070,12977,1790755379999,114294.9820,438,4467,39336.3380,0
1790755380000,8.8070,8.8170,8.8020,8.8160,13593,1790755439999,119755.0660,499,5955,52470.4960,0
1790755440000,8.8160,8.8160,8.7890,8.7990,17505,1790755499999,153998.2700,639,6583,57896.6590,0
1790755500000,8.7990,8.8020,8.7830,8.7860,15654,1790755559999,137605.6060,625,5434,47776.3840,0
1790755560000,8.7870,8.7950,8.7870,8.7920,4899,1790755619999,43067.2250,346,3258,28639.7030,0
1790755620000,8.7920,8.7920,8.7790,8.7830,12255,1790755679999,107654.8130,462,2524,22167.2860,0
1790755680000,8.7830,8.7880,8.7810,8.7860,5564,1790755739999,48879.1050,320,3468,30465.7080,0
1790755740000,8.7850,8.7880,8.7640,8.7700,17065,1790755799999,149733.7240,682,3856,33834.4080,0
1790755800000,8.7700,8.7800,8.7670,8.7760,5303,1790755859999,46524.9520,337,3339,29295.0710,0
1790755860000,8.7750,8.7750,8.7570,8.7690,28182,1790755919999,247025.8770,798,5611,49194.0250,0
1790755920000,8.7690,8.7760,8.7670,8.7700,5536,1790755979999,48563.8330,268,4297,37695.7270,0
1790755980000,8.7700,8.7730,8.7670,8.7700,7941,1790756039999,69641.9080,408,3115,27318.7300,0
1790756040000,8.7690,8.7760,8.7680,8.7740,7407,1790756099999,64978.9490,323,5970,52373.8700,0
1790756100000,8.7740,8.7840,8.7610,8.7840,20731,1790756159999,181841.6500,681,9537,83681.2450,0
1790756160000,8.7830,8.8010,8.7820,8.7990,22176,1790756219999,195042.2230,728,12977,114122.2760,0
1790756220000,8.7990,8.8060,8.7920,8.8010,15618,1790756279999,137437.2900,622,9242,81326.5220,0
1790756280000,8.8010,8.8200,8.8010,8.8200,10038,1790756339999,88419.3780,461,8479,74685.8440,0
1790756340000,8.8190,8.8260,8.7970,8.7970,15716,1790756399999,138497.2310,630,5792,51055.0580,0
1790756400000,8.7980,8.8100,8.7910,8.8060,15506,1790756459999,136453.4900,537,11414,100437.5170,0
1790756460000,8.8070,8.8140,8.8030,8.8130,11033,1790756519999,97178.6810,487,6539,57600.2390,0
1790756520000,8.8130,8.8200,8.8100,8.8110,12415,1790756579999,109443.1280,379,6874,60602.4560,0
1790756580000,8.8110,8.8140,8.8060,8.8070,5470,1790756639999,48185.9850,333,3288,28964.5620,0
1790756640000,8.8070,8.8100,8.7950,8.8100,19689,1790756699999,173286.4020,658,8054,70890.1840,0
1790756700000,8.8100,8.8110,8.8030,8.8030,4582,1790756759999,40357.7920,267,2246,19785.2520,0
1790756760000,8.8020,8.8140,8.7940,8.8140,11022,1790756819999,97026.5630,336,6500,57242.5830,0
1790756820000,8.8140,8.8140,8.8060,8.8120,6348,1790756879999,55933.8910,291,2875,25332.3160,0
1790756880000,8.8130,8.8140,8.7970,8.8120,12467,1790756939999,109791.5720,508,6355,55976.7110,0
1790756940000,8.8120,8.8120,8.7960,8.7970,8405,1790756999999,73986.5790,330,2741,24131.2090,0
1790757000000,8.7970,8.7970,8.7800,8.7830,15559,1790757059999,136726.9430,683,4721,41492.2220,0
1790757060000,8.7830,8.7830,8.7640,8.7680,31963,1790757119999,280376.3900,1072,6788,59554.0380,0
1790757120000,8.7680,8.7800,8.7650,8.7740,18001,1790757179999,157947.8830,644,12452,109266.0530,0
1790757180000,8.7740,8.7740,8.7620,8.7620,15733,1790757239999,137928.7890,483,6831,59892.9020,0
1790757240000,8.7630,8.7790,8.7630,8.7760,20525,1790757299999,179983.7730,447,18366,161038.1470,0
1790757300000,8.7750,8.7790,8.7690,8.7740,5074,1790757359999,44518.3320,332,2485,21804.7840,0
1790757360000,8.7730,8.7810,8.7730,8.7760,5652,1790757419999,49612.5150,356,2889,25359.5990,0
1790757420000,8.7750,8.7820,8.7680,8.7810,7152,1790757479999,62749.7730,355,3046,26732.6600,0
1790757480000,8.7800,8.7990,8.7780,8.7990,10324,1790757539999,90759.6580,470,6837,60102.0030,0
1790757540000,8.7980,8.7990,8.7890,8.7920,9948,1790757599999,87474.3030,384,4092,35986.4080,0
1790757600000,8.7920,8.7960,8.7880,8.7960,5285,1790757659999,46465.9450,388,2573,22622.8760,0
1790757660000,8.7950,8.7950,8.7850,8.7890,12916,1790757719999,113537.5830,431,3307,29069.4590,0
1790757720000,8.7900,8.7900,8.7790,8.7820,3748,1790757779999,32919.6470,231,1151,10111.4790,0
1790757780000,8.7810,8.7840,8.7760,8.7760,4600,1790757839999,40389.1850,324,1857,16305.9490,0
1790757840000,8.7770,8.7860,8.7750,8.7820,3932,1790757899999,34531.0200,257,2613,22948.6240,0
1790757900000,8.7820,8.7930,8.7820,8.7850,5847,1790757959999,51378.2940,296,2172,19087.5220,0
1790757960000,8.7850,8.8100,8.7840,8.8100,24221,1790758019999,213089.4460,570,22162,194987.9130,0
1790758020000,8.8100,8.8270,8.8080,8.8210,13786,1790758079999,121571.7920,620,10323,91029.6870,0
1790758080000,8.8210,8.8360,8.8170,8.8340,25381,1790758139999,224090.1950,725,17786,157039.5260,0
1790758140000,8.8330,8.8390,8.8300,8.8320,12832,1790758199999,113367.5330,441,6240,55130.6490,0
1790758200000,8.8320,8.8420,8.8300,8.8360,18335,1790758259999,162001.9260,684,9061,80058.5710,0
1790758260000,8.8370,8.8370,8.8140,8.8200,32610,1790758319999,287682.1240,1049,14736,129998.5350,0
1790758320000,8.8200,8.8290,8.8130,8.8150,9873,1790758379999,87087.0090,370,3518,31035.2570,0
1790758380000,8.8150,8.8170,8.8100,8.8100,6665,1790758439999,58743.3470,329,3114,27445.8550,0
1790758440000,8.8110,8.8190,8.8050,8.8050,8452,1790758499999,74477.3190,504,3666,32310.7460,0
1790758500000,8.8050,8.8080,8.7970,8.8060,20806,1790758559999,183125.5830,603,10025,88235.4900,0
1790758560000,8.8060,8.8140,8.8030,8.8130,8934,1790758619999,78690.1190,455,7414,65305.5130,0
1790758620000,8.8140,8.8180,8.8100,8.8130,7366,1790758679999,64917.9510,288,5312,46815.5860,0
1790758680000,8.8130,8.8200,8.8120,8.8190,9588,1790758739999,84548.0150,336,6533,57610.3920,0
1790758740000,8.8160,8.8160,8.8000,8.8010,12169,1790758799999,107173.3670,477,3314,29190.4030,0
1790758800000,8.8000,8.8110,8.7960,8.8100,9224,1790758859999,81225.3670,470,5055,44512.8040,0
1790758860000,8.8090,8.8160,8.8090,8.8110,8707,1790758919999,76729.8370,470,5395,47543.3330,0
1790758920000,8.8100,8.8310,8.8070,8.8300,17493,1790758979999,154241.5430,741,13621,120109.6580,0
1790758980000,8.8300,8.8410,8.8260,8.8270,21889,1790759039999,193361.5950,691,12121,107084.4640,0
1790759040000,8.8280,8.8390,8.8280,8.8350,12081,1790759099999,106708.6510,428,6926,61177.0620,0
1790759100000,8.8360,8.8400,8.8310,8.8360,9226,1790759159999,81527.7920,471,5853,51727.5450,0
1790759160000,8.8360,8.8360,8.8250,8.8290,8130,1790759219999,71779.5750,470,3813,33664.3160,0
1790759220000,8.8280,8.8280,8.8110,8.8230,19996,1790759279999,176357.6560,681,13340,117658.6750,0
1790759280000,8.8230,8.8300,8.8170,8.8170,22097,1790759339999,194964.1620,742,6859,60523.7560,0
1790759340000,8.8160,8.8240,8.8140,8.8240,17384,1790759399999,153303.5660,632,12638,111455.5240,0
1790759400000,8.8230,8.8350,8.8230,8.8280,13614,1790759459999,120207.2750,524,6324,55839.6320,0
1790759460000,8.8270,8.8310,8.8220,8.8250,13265,1790759519999,117087.2160,521,5944,52473.8360,0
1790759520000,8.8250,8.8280,8.8200,8.8210,10515,1790759579999,92776.5760,469,2814,24830.6720,0
1790759580000,8.8220,8.8290,8.8220,8.8270,7627,1790759639999,67322.4830,353,3628,32023.4870,0
1790759640000,8.8260,8.8310,8.8250,8.8270,4888,1790759699999,43152.7120,250,2670,23572.0140,0
1790759700000,8.8280,8.8330,8.8230,8.8260,12017,1790759759999,106093.4400,459,8182,72245.7910,0
1790759760000,8.8260,8.8450,8.8240,8.8290,75425,1790759819999,666503.3820,1075,45101,398469.7970,0
1790759820000,8.8290,8.8410,8.8290,8.8310,12210,1790759879999,107874.2710,430,5787,51123.7960,0
1790759880000,8.8310,8.8330,8.8230,8.8240,33391,1790759939999,294799.7570,516,4510,39817.1590,0
1790759940000,8.8240,8.8270,8.8180,8.8210,12419,1790759999999,109559.1810,379,2707,23884.3250,0
1790760000000,8.8210,8.8250,8.8120,8.8240,11521,1790760059999,101586.8780,380,5302,46759.3710,0
1790760060000,8.8240,8.8310,8.8170,8.8240,14827,1790760119999,130824.6090,550,6396,56447.9540,0
1790760120000,8.8240,8.8270,8.8140,8.8160,10137,1790760179999,89415.2480,393,1637,14442.7890,0
1790760180000,8.8160,8.8260,8.8160,8.8230,7433,1790760239999,65579.4390,310,3686,32516.3080,0
1790760240000,8.8220,8.8380,8.8180,8.8370,9994,1790760299999,88218.5120,432,6186,54611.6210,0
1790760300000,8.8380,8.8490,8.8240,8.8240,19394,1790760359999,171375.0740,793,8530,75375.3370,0
1790760360000,8.8250,8.8310,8.8190,8.8280,21690,1790760419999,191415.9240,538,15135,133585.6860,0
1790760420000,8.8280,8.8360,8.8270,8.8350,5431,1790760479999,47963.0300,268,3280,28967.9700,0
1790760480000,8.8350,8.8490,8.8340,8.8430,11754,1790760539999,103921.2880,444,7838,69296.7110,0
1790760540000,8.8430,8.8450,8.8390,8.8450,19075,1790760599999,168644.8330,336,3425,30285.1180,0
1790760600000,8.8450,8.8700,8.8410,8.8440,50689,1790760659999,448923.9100,1593,29634,262480.0660,0
1790760660000,8.8430,8.8700,8.8420,8.8630,22829,1790760719999,202232.8750,812,17271,152993.4730,0
1790760720000,8.8640,8.9030,8.8640,8.9000,77918,1790760779999,692527.2300,2180,53101,471919.3540,0
1790760780000,8.9010,8.9040,8.8850,8.8910,29216,1790760839999,259844.3400,970,11298,100483.1430,0
1790760840000,8.8900,8.8970,8.8820,8.8880,30805,1790760899999,273811.0420,867,20946,186187.2120,0
1790760900000,8.8880,8.8900,8.8730,8.8890,30472,1790760959999,270704.1010,1006,11719,104128.1600,0
1790760960000,8.8880,8.8930,8.8800,8.8810,25596,1790761019999,227442.7760,635,8558,76054.2250,0
1790761020000,8.8800,8.8810,8.8620,8.8630,21299,1790761079999,188963.3850,574,5619,49861.4860,0
1790761080000,8.8630,8.8660,8.8540,8.8650,13252,1790761139999,117417.1550,541,7116,63056.4190,0
1790761140000,8.8650,8.8680,8.8520,8.8520,15573,1790761199999,137980.7440,573,7531,66734.7960,0
1790761200000,8.8520,8.8530,8.8420,8.8420,5349,1790761259999,47324.7850,280,1981,17527.2820,0
1790761260000,8.8410,8.8450,8.8330,8.8430,17187,1790761319999,151908.2180,605,6670,58953.8240,0
1790761320000,8.8430,8.8450,8.8380,8.8440,10759,1790761379999,95137.8080,345,6711,59346.8180,0
1790761380000,8.8420,8.8420,8.8330,8.8340,11756,1790761439999,103881.6060,328,6911,61068.6240,0
1790761440000,8.8340,8.8380,8.8330,8.8350,6521,1790761499999,57614.7400,240,2958,26135.9710,0
1790761500000,8.8350,8.8400,8.8310,8.8330,10327,1790761559999,91248.3560,504,6211,54886.1690,0
1790761560000,8.8330,8.8440,8.8330,8.8430,5954,1790761619999,52620.7730,290,5478,48414.1000,0
1790761620000,8.8440,8.8480,8.8370,8.8420,7970,1790761679999,70479.3310,358,3682,32561.6290,0
1790761680000,8.8420,8.8530,8.8420,8.8420,25620,1790761739999,226659.2570,644,15778,139598.4940,0
1790761740000,8.8430,8.8490,8.8400,8.8450,6360,1790761799999,56252.3880,409,3652,32301.4680,0
1790761800000,8.8460,8.8500,8.8420,8.8470,8644,1790761859999,76474.9530,399,5037,44566.3360,0
1790761860000,8.8480,8.8680,8.8450,8.8670,23382,1790761919999,207096.3650,706,12543,111098.6920,0
1790761920000,8.8660,8.8660,8.8370,8.8370,12063,1790761979999,106751.6850,433,2072,18331.6400,0
1790761980000,8.8370,8.8420,8.8330,8.8330,5897,1790762039999,52108.4830,341,3036,26831.8910,0
1790762040000,8.8320,8.8410,8.8300,8.8390,14819,1790762099999,130952.1660,408,6132,54185.1360,0
1790762100000,8.8390,8.8480,8.8380,8.8430,7020,1790762159999,62076.8610,421,3933,34780.2070,0
1790762160000,8.8430,8.8430,8.8340,8.8340,7861,1790762219999,69487.6330,333,2557,22600.3540,0
1790762220000,8.8350,8.8370,8.8340,8.8360,1340,1790762279999,11839.9550,142,956,8446.9480,0
1790762280000,8.8360,8.8360,8.8140,8.8200,52361,1790762339999,462090.6520,895,4601,40593.5390,0
1790762340000,8.8200,8.8270,8.8200,8.8250,11077,1790762399999,97751.2150,364,7583,66913.0300,0
1790762400000,8.8250,8.8440,8.8240,8.8410,20754,1790762459999,183388.2050,725,15571,137588.6610,0
1790762460000,8.8420,8.8510,8.8350,8.8370,15142,1790762519999,133921.1630,651,9958,88078.2290,0
1790762520000,8.8360,8.8370,8.8230,8.8370,11647,1790762579999,102835.0660,544,6324,55836.3090,0
1790762580000,8.8370,8.8370,8.8290,8.8300,5802,1790762639999,51248.5410,314,2901,25623.6810,0
1790762640000,8.8300,8.8420,8.8280,8.8370,8479,1790762699999,74919.0360,374,5811,51341.9750,0
1790762700000,8.8360,8.8520,8.8360,8.8520,11235,1790762759999,99364.5010,461,9539,84361.9290,0
1790762760000,8.8510,8.8510,8.8420,8.8430,10751,1790762819999,95103.4570,328,5790,51213.9370,0
1790762820000,8.8440,8.8510,8.8420,8.8490,7825,1790762879999,69227.8930,336,4659,41222.0780,0
1790762880000,8.8490,8.8530,8.8460,8.8500,9971,1790762939999,88240.1910,331,6202,54884.1930,0
1790762940000,8.8500,8.8510,8.8410,8.8410,5909,1790762999999,52268.4750,320,1844,16310.2250,0
1790763000000,8.8410,8.8420,8.8290,8.8300,17443,1790763059999,154086.5930,479,2714,23983.6070,0
1790763060000,8.8300,8.8320,8.8260,8.8320,6974,1790763119999,61580.3100,336,4684,41360.9550,0
1790763120000,8.8320,8.8320,8.8250,8.8270,11403,1790763179999,100665.9480,363,3503,30925.8520,0
1790763180000,8.8270,8.8340,8.8260,8.8280,7139,1790763239999,63034.1250,280,3038,26826.6710,0
1790763240000,8.8280,8.8330,8.8180,8.8180,11665,1790763299999,102962.1420,457,3545,31300.6070,0
1790763300000,8.8170,8.8240,8.8070,8.8130,22625,1790763359999,199406.9870,765,8645,76195.3940,0
1790763360000,8.8140,8.8220,8.8090,8.8160,12985,1790763419999,114465.1540,523,7329,64612.1750,0
1790763420000,8.8150,8.8230,8.8140,8.8170,5452,1790763479999,48075.3810,309,3837,33833.4860,0
1790763480000,8.8170,8.8230,8.8130,8.8180,8524,1790763539999,75167.6650,320,3908,34463.3610,0
1790763540000,8.8180,8.8300,8.8180,8.8220,10764,1790763599999,94980.1140,479,6632,58518.5750,0
1790763600000,8.8230,8.8350,8.8220,8.8340,10533,1790763659999,92977.1770,411,8416,74291.9770,0
1790763660000,8.8350,8.8490,8.8350,8.8450,9141,1790763719999,80827.4660,394,7174,63429.5660,0
1790763720000,8.8450,8.8450,8.8240,8.8240,11783,1790763779999,104100.9180,432,4352,38451.1510,0
1790763780000,8.8250,8.8370,8.8250,8.8280,13344,1790763839999,117831.1490,508,8098,71508.6830,0
1790763840000,8.8280,8.8300,8.8050,8.8120,72971,1790763899999,643338.2120,1307,18407,162247.8770,0
1790763900000,8.8130,8.8260,8.8100,8.8240,11841,1790763959999,104426.5650,462,7408,65330.8970,0
1790763960000,8.8230,8.8330,8.8220,8.8310,7631,1790764019999,67371.7500,304,5167,45616.2880,0
1790764020000,8.8310,8.8430,8.8230,8.8240,30770,1790764079999,271729.4910,864,14459,127703.0610,0
1790764080000,8.8240,8.8240,8.8160,8.8180,21967,1790764139999,193768.2870,435,5098,44955.9180,0
1790764140000,8.8190,8.8210,8.8110,8.8150,19245,1790764199999,169662.5000,447,5926,52243.9150,0
1790764200000,8.8150,8.8310,8.8150,8.8300,23619,1790764259999,208419.3000,667,11694,103187.6930,0
1790764260000,8.8310,8.8640,8.8310,8.8630,48396,1790764319999,428250.7200,1000,33456,296024.7230,0
1790764320000,8.8640,8.8700,8.8570,8.8660,23463,1790764379999,207961.4480,728,7474,66245.8190,0
1790764380000,8.8660,8.8820,8.8650,8.8790,32708,1790764439999,290221.6150,1013,21684,192381.0290,0
1790764440000,8.8780,8.8800,8.8670,8.8770,14684,1790764499999,130285.1670,557,7731,68600.6860,0
1790764500000,8.8770,8.8820,8.8710,8.8750,14596,1790764559999,129555.7370,514,6290,55830.5900,0
1790764560000,8.8740,8.8790,8.8700,8.8780,8427,1790764619999,74783.7350,440,6437,57126.0400,0
1790764620000,8.8780,8.8810,8.8760,8.8760,8101,1790764679999,71925.9420,368,5981,53104.0580,0
1790764680000,8.8770,8.8860,8.8760,8.8840,9245,1790764739999,82116.3500,410,6344,56350.9870,0
1790764740000,8.8840,8.8990,8.8760,8.8890,52514,1790764799999,466721.9830,1041,43049,382597.1130,0
1790764800000,8.8900,8.9070,8.8850,8.9030,113462,1790764859999,1008724.1670,1162,45304,403007.6500,0
1790764860000,8.9020,8.9100,8.8850,8.8970,303506,1790764919999,2700775.7410,1863,66800,594422.2750,0
1790764920000,8.8970,8.9140,8.8910,8.9110,44253,1790764979999,394119.5180,1037,31531,280837.0860,0
1790764980000,8.9100,8.9320,8.9040,8.9260,71944,1790765039999,641698.3660,1744,60352,538333.4530,0
1790765040000,8.9240,8.9260,8.9180,8.9240,21067,1790765099999,187976.7670,627,11213,100056.8060,0
1790765100000,8.9230,8.9270,8.9150,8.9150,28342,1790765159999,252865.9800,762,15151,135187.0220,0
1790765160000,8.9150,8.9160,8.9040,8.9060,14080,1790765219999,125430.7620,529,6850,61019.1920,0
1790765220000,8.9050,8.9060,8.8870,8.8910,54163,1790765279999,481976.3800,725,11006,97935.6610,0
1790765280000,8.8910,8.8950,8.8860,8.8920,22878,1790765339999,203414.6220,615,13209,117449.9420,0
1790765340000,8.8920,8.9050,8.8880,8.8880,17131,1790765399999,152392.5220,604,9684,86150.7270,0
1790765400000,8.8880,8.9140,8.8880,8.9070,23432,1790765459999,208626.5940,812,18262,162573.5990,0
1790765460000,8.9070,8.9070,8.8970,8.8980,15440,1790765519999,137421.5150,347,3343,29750.2060,0
1790765520000,8.8980,8.9200,8.8980,8.9090,24343,1790765579999,216907.3850,680,12356,110080.9050,0
1790765580000,8.9090,8.9140,8.9000,8.9050,55130,1790765639999,490966.0420,1012,24008,213830.1730,0
1790765640000,8.9050,8.9080,8.8990,8.9050,14232,1790765699999,126704.7240,452,7874,70103.3360,0
1790765700000,8.9050,8.9060,8.9000,8.9020,11620,1790765759999,103452.2640,360,4541,40432.1350,0
1790765760000,8.9020,8.9020,8.8910,8.8970,18324,1790765819999,163043.6290,664,8594,76479.1870,0
1790765820000,8.8970,8.9020,8.8960,8.8970,8500,1790765879999,75636.4060,342,5588,49724.2690,0
1790765880000,8.8970,8.8980,8.8830,8.8860,22134,1790765939999,196757.6120,600,5260,46760.6160,0
1790765940000,8.8870,8.8900,8.8850,8.8890,5930,1790765999999,52706.4640,220,4874,43321.5010,0
1790766000000,8.8890,8.8900,8.8550,8.8580,42207,1790766059999,374437.5110,1067,4200,37283.5170,0
1790766060000,8.8580,8.8620,8.8380,8.8430,48231,1790766119999,426737.8520,1242,20376,180332.3330,0
1790766120000,8.8420,8.8480,8.8360,8.8440,16535,1790766179999,146213.6690,580,8767,77531.8840,0
1790766180000,8.8440,8.8580,8.8430,8.8580,21799,1790766239999,192897.2070,754,16535,146323.6370,0
1790766240000,8.8570,8.8630,8.8550,8.8580,14367,1790766299999,127267.1060,570,7504,66476.0760,0
1790766300000,8.8570,8.8610,8.8420,8.8420,13653,1790766359999,120875.7580,626,4304,38121.0730,0
1790766360000,8.8420,8.8450,8.8340,8.8340,17024,1790766419999,150494.3710,738,9989,88315.5210,0
1790766420000,8.8340,8.8360,8.8230,8.8250,29546,1790766479999,260836.9690,961,7945,70139.7700,0
1790766480000,8.8250,8.8420,8.8250,8.8410,13295,1790766539999,117484.3380,460,11728,103634.6570,0
1790766540000,8.8400,8.8490,8.8340,8.8350,10378,1790766599999,91764.4000,413,4853,42919.6550,0
1790766600000,8.8340,8.8340,8.8290,8.8300,12561,1790766659999,110942.4990,470,7487,66129.6810,0
1790766660000,8.8300,8.8350,8.8290,8.8330,8900,1790766719999,78603.8280,468,5575,49241.4830,0
1790766720000,8.8330,8.8540,8.8320,8.8530,9648,1790766779999,85306.0970,500,7923,70059.9970,0
1790766780000,8.8540,8.8620,8.8540,8.8540,11796,1790766839999,104496.1960,471,6414,56815.0560,0
1790766840000,8.8540,8.8600,8.8500,8.8550,8456,1790766899999,74868.9990,479,3849,34081.1980,0
1790766900000,8.8540,8.8680,8.8540,8.8640,17269,1790766959999,153044.7690,651,10593,93878.3000,0
1790766960000,8.8650,8.8650,8.8560,8.8580,48157,1790767019999,426700.8300,670,3656,32390.4940,0
1790767020000,8.8580,8.8590,8.8470,8.8510,9396,1790767079999,83186.7310,512,3546,31393.0670,0
1790767080000,8.8520,8.8600,8.8510,8.8580,13649,1790767139999,120848.9680,509,8711,77130.9980,0
1790767140000,8.8580,8.8670,8.8480,8.8480,11080,1790767199999,98152.4370,669,4790,42448.7630,0
1790767200000,8.8480,8.8530,8.8400,8.8400,15469,1790767259999,136859.2770,722,8439,74680.0390,0
1790767260000,8.8410,8.8490,8.8410,8.8460,6681,1790767319999,59094.8820,588,5247,46410.5440,0
1790767320000,8.8440,8.8630,8.8440,8.8600,14012,1790767379999,124074.2980,590,13443,119038.1300,0
1790767380000,8.8600,8.8790,8.8600,8.8790,16502,1790767439999,146381.9840,589,15086,133819.7600,0
1790767440000,8.8800,8.8830,8.8640,8.8640,14550,1790767499999,129137.2030,622,5476,48625.0770,0
1790767500000,8.8640,8.8690,8.8620,8.8670,8604,1790767559999,76270.4590,437,7192,63753.6940,0
1790767560000,8.8670,8.8720,8.8640,8.8640,7446,1790767619999,66029.9840,447,5193,46051.0710,0
1790767620000,8.8650,8.8670,8.8600,8.8610,6223,1790767679999,55148.8760,306,3297,29216.8420,0
1790767680000,8.8600,8.8650,8.8560,8.8620,8576,1790767739999,75984.7190,409,6160,54580.8020,0
1790767740000,8.8620,8.8680,8.8580,8.8650,7605,1790767799999,67416.1550,355,6602,58527.1620,0
1790767800000,8.8650,8.8650,8.8560,8.8600,17227,1790767859999,152640.2330,489,3950,34996.8080,0
1790767860000,8.8590,8.8610,8.8510,8.8510,25859,1790767919999,229006.7090,835,6179,54733.2250,0
1790767920000,8.8510,8.8530,8.8460,8.8470,11145,1790767979999,98636.3310,632,3087,27321.4040,0
1790767980000,8.8460,8.8500,8.8440,8.8480,9848,1790768039999,87121.7140,451,7705,68166.3230,0
1790768040000,8.8470,8.8560,8.8470,8.8530,11262,1790768099999,99676.2840,435,7699,68146.3790,0
1790768100000,8.8520,8.8560,8.8520,8.8550,3211,1790768159999,28429.3640,220,2927,25915.1650,0
1790768160000,8.8540,8.8540,8.8430,8.8520,11313,1790768219999,100089.8770,528,3791,33545.6570,0
1790768220000,8.8520,8.8670,8.8520,8.8610,14222,1790768279999,126021.9170,649,8648,76632.1790,0
1790768280000,8.8620,8.8730,8.8600,8.8700,17415,1790768339999,154436.1850,656,10985,97416.8320,0
1790768340000,8.8700,8.8780,8.8660,8.8780,8945,1790768399999,79357.3900,718,5719,50739.7400,0
1790768400000,8.8770,8.8790,8.8720,8.8770,7250,1790768459999,64348.1310,369,3056,27125.7740,0
1790768460000,8.8770,8.8820,8.8700,8.8750,21602,1790768519999,191727.9950,1074,12840,113962.7060,0
1790768520000,8.8750,8.8770,8.8720,8.8760,12043,1790768579999,106881.3790,646,3539,31408.7710,0
1790768580000,8.8760,8.8910,8.8740,8.8890,17841,1790768639999,158503.5160,899,14805,131543.4290,0
1790768640000,8.8900,8.9000,8.8900,8.8900,27431,1790768699999,243991.0970,924,10375,92276.3920,0
1790768700000,8.8900,8.8930,8.8840,8.8860,36117,1790768759999,321038.6670,1198,20559,182754.0200,0
1790768760000,8.8850,8.8910,8.8760,8.8840,17791,1790768819999,158050.7800,1204,8137,72293.3180,0
1790768820000,8.8830,8.8840,8.8670,8.8790,35362,1790768879999,313875.2040,1736,17777,157771.5760,0
1790768880000,8.8780,8.8800,8.8680,8.8680,14407,1790768939999,127857.7090,626,3355,29782.9960,0
1790768940000,8.8680,8.8760,8.8650,8.8760,13630,1790768999999,120917.8860,558,11582,102753.0660,0
1790769000000,8.8760,8.8850,8.8750,8.8800,18575,1790769059999,164948.7380,831,12547,111424.5730,0
1790769060000,8.8810,8.8990,8.8780,8.8970,17560,1790769119999,156147.8880,975,14233,126559.6450,0
1790769120000,8.8970,8.8990,8.8930,8.8950,15908,1790769179999,141505.3360,710,8352,74298.3040,0
1790769180000,8.8940,8.9230,8.8910,8.9170,43056,1790769239999,383594.7500,1193,35439,315740.8220,0
1790769240000,8.9180,8.9180,8.8980,8.8980,128635,1790769299999,1145994.4220,901,9479,84382.7460,0
1790769300000,8.8970,8.9040,8.8930,8.8980,12892,1790769359999,114716.9310,673,8064,71757.1920,0
1790769360000,8.8980,8.8990,8.8910,8.8940,22991,1790769419999,204499.5260,917,13208,117473.2520,0
1790769420000,8.8930,8.8990,8.8870,8.8890,37331,1790769479999,331932.5470,833,10005,88977.3970,0
1790769480000,8.8890,8.8900,8.8840,8.8870,18020,1790769539999,160151.1420,558,15454,137348.0490,0
1790769540000,8.8870,8.9000,8.8860,8.8980,16890,1790769599999,150222.8540,555,11925,106066.0270,0
1790769600000,8.8990,8.9340,8.8940,8.9290,68762,1790769659999,613075.8010,1907,47434,422875.3150,0
1790769660000,8.9280,8.9300,8.9070,8.9080,45552,1790769719999,406267.5550,1298,17940,160003.4250,0
1790769720000,8.9090,8.9250,8.9070,8.9130,20431,1790769779999,182165.0540,911,11836,105517.6580,0
1790769780000,8.9130,8.9160,8.8980,8.9000,39874,1790769839999,355123.0780,990,18653,166140.9770,0
1790769840000,8.9010,8.9010,8.8910,8.8920,15785,1790769899999,140424.5910,782,8003,71199.4100,0
1790769900000,8.8930,8.8940,8.8760,8.8760,17408,1790769959999,154675.0240,776,7458,66264.2250,0
1790769960000,8.8770,8.8810,8.8690,8.8710,19760,1790770019999,175382.9680,862,10774,95633.1890,0
1790770020000,8.8710,8.8840,8.8680,8.8830,30621,1790770079999,271787.2970,1004,20400,181101.2780,0
1790770080000,8.8830,8.8950,8.8750,8.8940,30742,1790770139999,273098.0380,961,22011,195545.9900,0
1790770140000,8.8930,8.9070,8.8930,8.9050,23878,1790770199999,212514.7970,692,18445,164157.1390,0
1790770200000,8.9040,8.9120,8.9040,8.9110,14632,1790770259999,130346.6320,549,11669,103951.7640,0
1790770260000,8.9110,8.9110,8.8980,8.8980,11762,1790770319999,104742.4940,661,3404,30314.9230,0
1790770320000,8.8990,8.9040,8.8990,8.9030,11612,1790770379999,103360.7560,578,7955,70806.5860,0
1790770380000,8.9040,8.9210,8.9040,8.9110,20881,1790770439999,186149.1220,793,15078,134412.1720,0
1790770440000,8.9110,8.9270,8.9110,8.9260,12696,1790770499999,113258.8630,490,8548,76248.0040,0
1790770500000,8.9260,8.9330,8.9000,8.9000,46249,1790770559999,412557.9050,1452,14784,131916.8340,0
1790770560000,8.9000,8.9000,8.8790,8.8800,15709,1790770619999,139598.1150,786,7313,64962.5560,0
1790770620000,8.8800,8.8820,8.8720,8.8790,20156,1790770679999,178925.1840,754,7983,70872.4800,0
1790770680000,8.8790,8.8810,8.8670,8.8690,16412,1790770739999,145609.3700,550,9414,83521.6110,0
1790770740000,8.8690,8.8700,8.8620,8.8630,14344,1790770799999,127184.0270,393,5285,46862.1100,0
1790770800000,8.8640,8.8640,8.8200,8.8360,94472,1790770859999,835196.6220,2366,30547,270062.9830,0
1790770860000,8.8370,8.8430,8.8320,8.8400,15780,1790770919999,139462.8480,732,8692,76818.3500,0
1790770920000,8.8400,8.8660,8.8400,8.8660,28400,1790770979999,251434.7300,894,19303,170885.4140,0
1790770980000,8.8660,8.8670,8.8550,8.8560,32996,1790771039999,292364.3610,893,22541,199737.5900,0
1790771040000,8.8560,8.8760,8.8560,8.8760,17570,1790771099999,155743.1220,716,15116,133996.1520,0
1790771100000,8.8750,8.8800,8.8610,8.8610,23022,1790771159999,204283.7620,798,9474,84068.4480,0
1790771160000,8.8610,8.8730,8.8610,8.8630,16929,1790771219999,150124.7830,598,11128,98678.1360,0
1790771220000,8.8630,8.8640,8.8370,8.8520,59422,1790771279999,526005.7680,1196,12601,111572.8790,0
1790771280000,8.8520,8.8650,8.8400,8.8540,53980,1790771339999,477673.6000,1040,13187,116764.5500,0
1790771340000,8.8530,8.8880,8.8530,8.8830,24210,1790771399999,214673.1750,1104,13454,119289.8260,0
1790771400000,8.8820,8.9900,8.8570,8.9660,184519,1790771459999,1650975.1760,6102,97272,870112.9160,0
1790771460000,8.9670,9.0300,8.9670,9.0110,173287,1790771519999,1560494.8250,5101,91441,823468.5820,0
1790771520000,9.0120,9.0540,9.0050,9.0300,207786,1790771579999,1876098.5780,4647,137881,1245099.3550,0
1790771580000,9.0300,9.0310,8.9770,8.9890,90770,1790771639999,816894.7900,3167,31302,281760.8740,0
1790771640000,8.9880,9.0260,8.9750,9.0190,51453,1790771699999,463187.3990,2170,30488,274535.0700,0
1790771700000,9.0220,9.0530,9.0170,9.0320,154182,1790771759999,1393482.5800,3171,102054,922470.0920,0
1790771760000,9.0310,9.0320,8.9970,9.0040,96207,1790771819999,866903.6870,2064,27378,246718.1130,0
1790771820000,9.0030,9.0130,8.9960,9.0110,49329,1790771879999,444175.0190,1780,23082,207851.1390,0
1790771880000,9.0100,9.0260,8.9980,9.0170,54494,1790771939999,491158.9230,1669,22263,200700.0910,0
1790771940000,9.0180,9.0330,9.0140,9.0250,54500,1790771999999,491900.7740,1069,30798,277931.7490,0
1790772000000,9.0260,9.0610,9.0250,9.0590,152218,1790772059999,1377208.8640,2444,74576,674703.1410,0
1790772060000,9.0590,9.1070,9.0510,9.0860,355678,1790772119999,3232329.7960,3724,152645,1386213.4620,0
1790772120000,9.0850,9.0880,9.0410,9.0490,116501,1790772179999,1055272.4980,2357,33498,303517.7890,0
1790772180000,9.0490,9.0760,9.0390,9.0640,161157,1790772239999,1459397.6740,2735,62586,566930.1370,0
1790772240000,9.0640,9.0650,9.0260,9.0350,93763,1790772299999,847830.4440,2035,36051,325907.8020,0
1790772300000,9.0350,9.0870,9.0330,9.0780,73579,1790772359999,667540.3020,2242,45682,414435.8510,0
1790772360000,9.0770,9.0820,9.0560,9.0560,56423,1790772419999,511490.4570,1842,20179,182926.0240,0
1790772420000,9.0550,9.0560,9.0090,9.0330,47842,1790772479999,431930.4800,2123,13614,122896.0510,0
1790772480000,9.0320,9.0720,9.0320,9.0680,50293,1790772539999,455637.6590,1569,28288,256284.3840,0
1790772540000,9.0680,9.0880,9.0610,9.0720,62974,1790772599999,571489.4590,1996,37064,336419.0100,0
1790772600000,9.0710,9.0940,9.0700,9.0790,48494,1790772659999,440453.7800,1841,29530,268211.9000,0
1790772660000,9.0790,9.0800,9.0610,9.0720,25304,1790772719999,229483.1600,1217,13814,125260.3270,0
1790772720000,9.0720,9.0820,9.0620,9.0750,34995,1790772779999,317544.8400,1458,23128,209861.7550,0
1790772780000,9.0740,9.0840,9.0660,9.0760,33657,1790772839999,305382.9850,1177,24596,223163.0840,0
1790772840000,9.0750,9.0980,9.0680,9.0960,55657,1790772899999,505380.6950,1382,34834,316399.6580,0
1790772900000,9.0960,9.0970,9.0800,9.0900,71259,1790772959999,647532.6100,1433,38739,352009.0600,0
1790772960000,9.0890,9.1120,9.0890,9.1100,170667,1790773019999,1553932.3780,2462,92611,843000.7710,0
1790773020000,9.1090,9.1510,9.1080,9.1500,230249,1790773079999,2100132.6770,3584,127291,1161441.5140,0
1790773080000,9.1490,9.1950,9.1360,9.1900,331010,1790773139999,3035959.9770,6256,226948,2081580.0640,0
1790773140000,9.1900,9.1960,9.1740,9.1840,123431,1790773199999,1133979.4880,2757,72550,666555.2520,0
1790773200000,9.1840,9.1840,9.1400,9.1490,257027,1790773259999,2353684.8370,4463,77885,713186.5580,0
1790773260000,9.1490,9.1780,9.1330,9.1550,140675,1790773319999,1287981.2320,3127,106707,976959.9590,0
1790773320000,9.1550,9.1700,9.1250,9.1250,114936,1790773379999,1050137.4700,3203,25318,231382.0320,0
1790773380000,9.1250,9.1710,9.1230,9.1710,100456,1790773439999,918306.9390,3280,44687,408550.7780,0
1790773440000,9.1710,9.1840,9.1520,9.1540,63828,1790773499999,585217.7750,2244,27893,255796.5960,0
1790773500000,9.1540,9.1720,9.1520,9.1540,36814,1790773559999,337320.0120,1496,18565,170105.6130,0
1790773560000,9.1530,9.1540,9.1330,9.1380,45354,1790773619999,414722.3330,1487,21412,195785.4420,0
1790773620000,9.1370,9.1410,9.1150,9.1170,48534,1790773679999,443073.0660,1457,13827,126258.0680,0
1790773680000,9.1160,9.1460,9.1150,9.1460,36474,1790773739999,333107.2670,1241,22316,203801.8780,0
1790773740000,9.1450,9.1830,9.1430,9.1740,59700,1790773799999,547332.9940,2102,40700,373084.8330,0
1790773800000,9.1740,9.1740,9.1330,9.1330,43611,1790773859999,399130.7070,1691,20208,184981.8240,0
1790773860000,9.1330,9.1560,9.1260,9.1550,33737,1790773919999,308501.4890,1592,21767,199040.4030,0
1790773920000,9.1540,9.1640,9.1540,9.1580,30862,1790773979999,282652.7660,1203,19719,180607.4730,0
1790773980000,9.1570,9.1610,9.1510,9.1510,34511,1790774039999,315924.6070,1198,14168,129709.4970,0
1790774040000,9.1510,9.1540,9.1470,9.1500,43747,1790774099999,400320.6900,1285,20592,188438.2070,0
1790774100000,9.1500,9.1610,9.1450,9.1530,43812,1790774159999,400837.3550,1602,19463,178061.7810,0
1790774160000,9.1520,9.1540,9.1230,9.1280,58100,1790774219999,530902.5610,1445,18390,168087.1290,0
1790774220000,9.1270,9.1270,9.0870,9.0970,114918,1790774279999,1046327.5190,2641,48955,445770.6070,0
1790774280000,9.0980,9.1070,9.0840,9.0940,64331,1790774339999,585033.0870,1712,37674,342645.6660,0
1790774340000,9.0940,9.0980,9.0880,9.0960,26978,1790774399999,245323.2140,1186,15094,137262.4650,0
1790774400000,9.0970,9.1100,9.0820,9.0900,89835,1790774459999,816937.1220,2254,35011,318377.6840,0
1790774460000,9.0910,9.1030,9.0580,9.0760,75348,1790774519999,683763.8430,2169,32100,291426.1790,0
1790774520000,9.0770,9.0970,9.0710,9.0750,36775,1790774579999,333978.6680,1441,22719,206331.6990,0
1790774580000,9.0750,9.0920,9.0730,9.0760,53242,1790774639999,483450.0720,1423,24193,219733.2920,0
1790774640000,9.0750,9.0820,9.0590,9.0680,40579,1790774699999,368038.4630,1356,18020,163469.3270,0
1790774700000,9.0690,9.0830,9.0670,9.0740,21578,1790774759999,195779.3140,1176,14986,135970.0940,0
1790774760000,9.0740,9.1080,9.0740,9.0960,34311,1790774819999,311912.3650,1533,20823,189253.7550,0
1790774820000,9.0950,9.1110,9.0910,9.0960,32424,1790774879999,295054.7200,1521,20813,189416.0420,0
1790774880000,9.0960,9.0960,9.0510,9.0690,202755,1790774939999,1838045.3010,2069,160760,1457032.3860,0
1790774940000,9.0690,9.1030,9.0670,9.0890,24719,1790774999999,224659.8150,1283,13855,125914.5090,0
1790775000000,9.0890,9.1230,9.0760,9.1210,24742,1790775059999,225000.9160,1683,14830,134900.5710,0
1790775060000,9.1220,9.1550,9.1180,9.1530,55812,1790775119999,509785.1950,2415,32892,300496.8180,0
1790775120000,9.1520,9.1560,9.1000,9.1020,37349,1790775179999,340980.7960,1967,16410,149876.8490,0
1790775180000,9.1020,9.1020,9.0610,9.0850,30586,1790775239999,277804.7930,2213,15288,138878.7610,0
1790775240000,9.0860,9.0940,9.0680,9.0710,28232,1790775299999,256366.0650,1483,20090,182439.8990,0
1790775300000,9.0720,9.0720,8.9600,8.9660,224556,1790775359999,2020678.3020,5902,69149,621477.3390,0
1790775360000,8.9650,9.0110,8.9340,9.0020,157437,1790775419999,1412735.5110,5268,88948,798964.2780,0
1790775420000,9.0030,9.0140,8.9580,8.9640,77292,1790775479999,694994.8570,3527,42366,380996.0390,0
1790775480000,8.9640,8.9770,8.9250,8.9580,121384,1790775539999,1086504.9220,3914,45969,411643.4330,0
1790775540000,8.9590,8.9750,8.9400,8.9480,77814,1790775599999,696979.5880,3012,45630,408814.5860,0
1790775600000,8.9490,8.9830,8.8940,8.8960,139848,1790775659999,1248768.8150,4201,56408,504262.0180,0
1790775660000,8.8960,8.9400,8.8940,8.9370,197482,1790775719999,1759951.1210,3525,140268,1249457.3490,0
1790775720000,8.9370,8.9840,8.9320,8.9710,58392,1790775779999,523291.3730,2684,36180,324323.0470,0
1790775780000,8.9720,8.9890,8.9680,8.9740,126279,1790775839999,1134249.2140,2240,38271,343717.9000,0
1790775840000,8.9740,8.9880,8.9630,8.9880,24438,1790775899999,219348.6180,1655,11159,100167.4070,0
1790775900000,8.9870,8.9890,8.9550,8.9570,43845,1790775959999,393549.5960,2451,22553,202502.9050,0
1790775960000,8.9580,9.0070,8.9580,8.9980,53595,1790776019999,481654.7820,2584,32732,294238.5850,0
1790776020000,8.9990,9.0230,8.9780,8.9950,53841,1790776079999,484755.8390,2460,30122,271280.8930,0
1790776080000,8.9960,9.0020,8.9700,8.9720,45682,1790776139999,410460.3250,1906,23184,208328.0550,0
1790776140000,8.9720,9.0060,8.9590,8.9840,120733,1790776199999,1083345.9860,2250,82139,736637.1560,0
1790776200000,8.9840,8.9910,8.9700,8.9740,29083,1790776259999,261112.4010,1638,13292,119359.1480,0
1790776260000,8.9750,9.0020,8.9750,8.9750,34256,1790776319999,308048.8990,1720,21932,197265.5700,0
1790776320000,8.9760,8.9850,8.9610,8.9620,44241,1790776379999,396951.9710,1770,23235,208513.5380,0
1790776380000,8.9620,8.9930,8.9520,8.9920,22912,1790776439999,205525.8580,1345,14769,132504.2990,0
1790776440000,8.9920,8.9920,8.9560,8.9600,48574,1790776499999,435833.1330,1536,19079,171114.2440,0
1790776500000,8.9600,8.9730,8.9430,8.9450,27077,1790776559999,242524.6030,1584,14967,134055.9860,0
1790776560000,8.9450,8.9580,8.9350,8.9480,48212,1790776619999,431172.3190,1459,28941,258824.4370,0
1790776620000,8.9490,8.9650,8.9340,8.9520,19366,1790776679999,173281.5900,1252,12453,111425.6710,0
1790776680000,8.9530,8.9600,8.9430,8.9590,42986,1790776739999,384825.5250,1177,31334,280540.6320,0
1790776740000,8.9600,8.9850,8.9600,8.9840,16329,1790776799999,146464.8220,1155,9795,87854.7510,0
1790776800000,8.9850,8.9940,8.9490,8.9560,41293,1790776859999,370350.0220,1612,10122,90805.3640,0
1790776860000,8.9570,8.9910,8.9480,8.9490,24524,1790776919999,220066.0590,1947,15001,134620.9020,0
1790776920000,8.9490,8.9830,8.9430,8.9670,31900,1790776979999,285839.1040,1819,15875,142264.4580,0
1790776980000,8.9660,8.9810,8.9580,8.9740,45618,1790777039999,409134.4810,1583,20287,181978.3460,0
1790777040000,8.9740,8.9940,8.9690,8.9870,45796,1790777099999,411372.0690,1835,14749,132503.8890,0
1790777100000,8.9860,9.0030,8.9780,9.0010,14998,1790777159999,134827.6950,1279,11635,104600.4500,0
1790777160000,9.0010,9.0220,8.9960,9.0050,68486,1790777219999,617020.4880,2193,28092,253120.7680,0
1790777220000,9.0050,9.0060,8.9720,8.9800,41893,1790777279999,376708.8080,1626,15556,139817.9000,0
1790777280000,8.9790,8.9820,8.9560,8.9770,17983,1790777339999,161327.9130,1505,9490,85147.3130,0
1790777340000,8.9770,8.9810,8.9620,8.9770,39803,1790777399999,357055.2280,1810,22100,198304.5240,0
1790777400000,8.9770,8.9800,8.9550,8.9550,16688,1790777459999,149615.7450,1441,9240,82852.3480,0
1790777460000,8.9550,8.9560,8.8950,8.9220,99935,1790777519999,891525.9100,3323,28714,256145.1310,0
1790777520000,8.9220,8.9470,8.9220,8.9360,87384,1790777579999,780107.0640,1389,67112,599008.4260,0
1790777580000,8.9360,8.9610,8.9190,8.9220,23253,1790777639999,207885.1780,1593,13521,120904.2970,0
1790777640000,8.9220,8.9570,8.9220,8.9420,42150,1790777699999,376855.4680,1611,26472,236819.6890,0
1790777700000,8.9430,8.9450,8.9040,8.9240,28424,1790777759999,253579.4010,1913,18898,168569.5640,0
1790777760000,8.9250,8.9280,8.8850,8.9090,33595,1790777819999,298906.5430,1790,11629,103512.8240,0
1790777820000,8.9090,8.9170,8.8920,8.8920,21666,1790777879999,192888.9220,1541,10639,94715.0410,0
1790777880000,8.8930,8.9040,8.8690,8.8750,69421,1790777939999,616762.5730,2584,28218,250855.6790,0
1790777940000,8.8750,8.8880,8.8310,8.8870,190882,1790777999999,1690688.3340,3592,60087,532504.1730,0
1790778000000,8.8860,8.8970,8.8760,8.8920,32168,1790778059999,285946.0380,1596,16659,148089.1870,0
1790778060000,8.8920,8.8990,8.8680,8.8690,30188,1790778119999,268210.6620,1433,12977,115329.9660,0
1790778120000,8.8680,8.8690,8.7760,8.8140,237208,1790778179999,2091357.3350,5029,60778,536216.6610,0
1790778180000,8.8130,8.8170,8.7640,8.8140,219549,1790778239999,1929181.0810,4929,72760,639924.8150,0
1790778240000,8.8140,8.8330,8.8080,8.8320,54517,1790778299999,480950.7670,1936,28336,249998.6690,0
1790778300000,8.8290,8.8440,8.8140,8.8380,56838,1790778359999,501854.5710,2130,18518,163549.8980,0
1790778360000,8.8380,8.8500,8.8330,8.8450,52812,1790778419999,466901.5280,1709,24823,219495.3420,0
1790778420000,8.8460,8.8460,8.7930,8.8010,51401,1790778479999,452914.5210,1770,19231,169465.4770,0
1790778480000,8.8030,8.8160,8.7860,8.7930,55159,1790778539999,485283.2500,1966,22508,198049.3750,0
1790778540000,8.7920,8.8120,8.7790,8.8090,54667,1790778599999,480833.5960,2252,28501,250782.6910,0
1790778600000,8.8100,8.8330,8.7990,8.8250,39718,1790778659999,350298.9220,1859,25195,222189.7510,0
1790778660000,8.8250,8.8380,8.8040,8.8080,35573,1790778719999,313751.7190,2277,20882,184183.8850,0
1790778720000,8.8090,8.8160,8.7530,8.7690,129678,1790778779999,1138268.7770,3813,40224,353165.3320,0
1790778780000,8.7690,8.8200,8.7480,8.8200,108192,1790778839999,949459.2260,4294,54397,477615.7150,0
1790778840000,8.8200,8.8200,8.7660,8.7700,51675,1790778899999,454203.5800,1930,24055,211316.6800,0
1790778900000,8.7700,8.7810,8.7630,8.7680,48334,1790778959999,423915.7510,1813,16955,148722.4960,0
1790778960000,8.7680,8.7880,8.7650,8.7690,45019,1790779019999,395034.0720,1794,18179,159478.6020,0
1790779020000,8.7690,8.8160,8.7600,8.8020,51910,1790779079999,456614.8400,1869,40146,353185.1280,0
1790779080000,8.8010,8.8360,8.7990,8.8360,100122,1790779139999,882857.2380,2486,55012,485201.4670,0
1790779140000,8.8350,8.8410,8.8190,8.8240,41087,1790779199999,362883.8280,1663,28493,251670.1210,0
1790779200000,8.8230,8.8230,8.7760,8.7930,199865,1790779259999,1758354.4980,2422,161780,1423439.6970,0
1790779260000,8.7940,8.8100,8.7720,8.8100,85025,1790779319999,747813.2400,1654,69838,614305.2450,0
1790779320000,8.8090,8.8130,8.7990,8.8100,35685,1790779379999,314261.7750,939,17344,152783.8010,0
1790779380000,8.8100,8.8280,8.7930,8.8020,197472,1790779439999,1739852.3480,2051,171241,1508826.8640,0
1790779440000,8.8010,8.8200,8.7940,8.8010,97246,1790779499999,856399.8360,2041,35535,312822.5470,0
1790779500000,8.8010,8.8300,8.8000,8.8260,42416,1790779559999,373906.9190,1694,26014,229365.3360,0
1790779560000,8.8260,8.8380,8.7920,8.8260,61679,1790779619999,543991.7010,2106,33035,291532.3820,0
1790779620000,8.8270,8.8450,8.8230,8.8340,28748,1790779679999,253995.7720,1311,13738,121390.2650,0
1790779680000,8.8340,8.8500,8.8270,8.8310,28543,1790779739999,252366.8610,992,20041,177219.0980,0
1790779740000,8.8310,8.8320,8.8120,8.8240,12178,1790779799999,107387.7220,758,6000,52905.6160,0
1790779800000,8.8230,8.8340,8.8130,8.8260,24742,1790779859999,218327.7250,1259,8804,77694.3650,0
1790779860000,8.8270,8.8590,8.8270,8.8500,48957,1790779919999,433249.0040,1681,36807,325742.1230,0
1790779920000,8.8500,8.8690,8.8340,8.8360,57713,1790779979999,510829.2450,1874,31756,281024.2930,0
1790779980000,8.8350,8.8580,8.8280,8.8400,44878,1790780039999,396716.6880,1006,13378,118240.7050,0
1790780040000,8.8410,8.8490,8.8340,8.8440,11203,1790780099999,99030.3260,737,7444,65799.2890,0
1790780100000,8.8440,8.8630,8.8360,8.8630,37825,1790780159999,334939.9670,1535,22815,202043.6750,0
1790780160000,8.8630,8.8640,8.8460,8.8460,14264,1790780219999,126308.6520,824,8889,78717.9800,0
1790780220000,8.8450,8.8570,8.8420,8.8520,10177,1790780279999,90056.9250,547,4135,36604.9030,0
1790780280000,8.8520,8.8520,8.8320,8.8360,16017,1790780339999,141625.8140,616,6619,58530.2900,0
1790780340000,8.8350,8.8480,8.8290,8.8330,35940,1790780399999,317681.0620,742,18858,166698.5910,0
1790780400000,8.8320,8.8610,8.8180,8.8570,23667,1790780459999,209099.2950,1414,10588,93566.3470,0
1790780460000,8.8560,8.8760,8.8330,8.8750,36991,1790780519999,327802.5870,2014,24962,221237.4550,0
1790780520000,8.8750,8.8750,8.8430,8.8490,17703,1790780579999,156815.4510,1210,8969,79424.7250,0
1790780580000,8.8490,8.8780,8.8380,8.8760,19121,1790780639999,169387.2660,1320,10863,96262.0570,0
1790780640000,8.8770,8.8820,8.8620,8.8790,13509,1790780699999,119856.9230,1122,6027,53481.6470,0
1790780700000,8.8790,8.8790,8.8630,8.8640,42966,1790780759999,381089.6370,1087,16266,144305.2480,0
1790780760000,8.8640,8.8680,8.8390,8.8590,45612,1790780819999,403729.3260,1368,31850,281911.5430,0
1790780820000,8.8590,8.8610,8.8440,8.8530,9663,1790780879999,85553.0860,788,4300,38064.9460,0
1790780880000,8.8540,8.8670,8.8510,8.8640,11015,1790780939999,97578.5440,695,5984,53014.2230,0
1790780940000,8.8650,8.8870,8.8640,8.8820,25142,1790780999999,223245.4460,1065,15552,138087.9910,0
1790781000000,8.8820,8.8940,8.8800,8.8870,19916,1790781059999,177023.3700,1024,8032,71387.8690,0
1790781060000,8.8880,8.9100,8.8810,8.8810,43115,1790781119999,383700.8580,1304,12706,113092.2760,0
1790781120000,8.8820,8.8860,8.8510,8.8670,22997,1790781179999,203937.3890,1346,9954,88260.0400,0
1790781180000,8.8660,8.8800,8.8630,8.8630,22832,1790781239999,202594.5930,946,7967,70706.5140,0
1790781240000,8.8630,8.8760,8.8570,8.8730,14139,1790781299999,125414.7840,892,8940,79303.8680,0
1790781300000,8.8730,8.8740,8.8600,8.8680,35743,1790781359999,316872.2310,1044,24590,217999.9790,0
1790781360000,8.8670,8.8790,8.8610,8.8660,14968,1790781419999,132777.5910,828,7045,62482.9290,0
1790781420000,8.8660,8.8710,8.8390,8.8420,25373,1790781479999,224713.8430,934,6174,54711.9280,0
1790781480000,8.8410,8.8410,8.8130,8.8200,25616,1790781539999,226080.5470,1174,10660,94058.0720,0
1790781540000,8.8210,8.8300,8.8140,8.8140,24989,1790781599999,220439.7120,1310,4431,39087.6720,0
1790781600000,8.8170,8.8290,8.8070,8.8230,45493,1790781659999,401054.1840,1426,16791,148045.1210,0
1790781660000,8.8230,8.8470,8.8230,8.8470,20451,1790781719999,180643.6570,854,7933,70077.6680,0
1790781720000,8.8480,8.8720,8.8440,8.8460,19024,1790781779999,168619.1630,1061,10961,97170.3130,0
1790781780000,8.8470,8.8580,8.8410,8.8430,17266,1790781839999,152768.2630,1043,5525,48880.0740,0
1790781840000,8.8420,8.8440,8.8110,8.8110,19250,1790781899999,169904.1720,1225,10132,89437.8620,0
1790781900000,8.8110,8.8260,8.7990,8.8080,21655,1790781959999,190792.5260,1178,7595,66957.1100,0
1790781960000,8.8070,8.8250,8.7940,8.8190,25981,1790782019999,228892.7040,1268,11332,99849.6620,0
1790782020000,8.8190,8.8280,8.8060,8.8220,15045,1790782079999,132625.6150,982,8232,72571.4940,0
1790782080000,8.8220,8.8480,8.8190,8.8480,13308,1790782139999,117553.3440,888,6983,61680.4920,0
1790782140000,8.8490,8.8600,8.8470,8.8540,10605,1790782199999,93893.9250,747,7090,62774.9870,0
1790782200000,8.8550,8.8940,8.8550,8.8910,35062,1790782259999,311203.9110,1448,26543,235596.3870,0
1790782260000,8.8920,8.9380,8.8910,8.9370,63720,1790782319999,568028.6550,2136,44356,395410.4460,0
1790782320000,8.9380,8.9480,8.9090,8.9380,155358,1790782379999,1387691.9620,3630,96497,861824.5900,0
1790782380000,8.9380,8.9430,8.9190,8.9320,52195,1790782439999,466170.6830,1665,27185,242881.8910,0
1790782440000,8.9320,8.9380,8.9110,8.9140,20084,1790782499999,179245.6700,1165,8111,72394.1180,0
1790782500000,8.9140,8.9180,8.8970,8.9000,19599,1790782559999,174588.3970,938,4244,37819.2980,0
1790782560000,8.9010,8.9110,8.9000,8.9030,11437,1790782619999,101849.9320,568,5215,46445.2740,0
1790782620000,8.9040,8.9340,8.8970,8.9330,18036,1790782679999,160748.3740,1123,8272,73745.2600,0
1790782680000,8.9330,8.9430,8.9200,8.9220,35742,1790782739999,319146.8010,1493,23287,207950.5580,0
1790782740000,8.9230,8.9430,8.9220,8.9370,58627,1790782799999,523577.5060,1377,28811,257362.5000,0
1790782800000,8.9370,8.9470,8.9240,8.9310,31385,1790782859999,280513.5980,1336,19118,170893.2690,0
1790782860000,8.9320,8.9360,8.9160,8.9170,15129,1790782919999,135082.7490,629,5989,53492.7430,0
1790782920000,8.9180,8.9310,8.9030,8.9270,41872,1790782979999,373525.2640,1081,17955,160111.2540,0
1790782980000,8.9270,8.9270,8.9050,8.9120,9757,1790783039999,86975.3890,705,4239,37790.4700,0
1790783040000,8.9110,8.9160,8.9000,8.9070,15112,1790783099999,134610.9410,791,7049,62797.6380,0
1790783100000,8.9060,8.9240,8.8980,8.9240,18983,1790783159999,169147.8980,1006,14543,129591.7750,0
1790783160000,8.9230,8.9480,8.9200,8.9380,62346,1790783219999,557179.1950,1626,40922,365814.0640,0
1790783220000,8.9390,8.9510,8.9350,8.9400,38379,1790783279999,343224.6530,948,23511,210224.4470,0
1790783280000,8.9410,8.9650,8.9380,8.9650,30414,1790783339999,272360.2850,1009,24429,218782.0440,0
1790783340000,8.9650,8.9650,8.9560,8.9640,19558,1790783399999,175229.9950,745,3753,33628.1960,0
1790783400000,8.9650,8.9760,8.9650,8.9760,30553,1790783459999,274128.3070,1013,25403,227917.6990,0
1790783460000,8.9750,8.9790,8.9500,8.9550,61707,1790783519999,553339.2520,1200,14105,126576.4480,0
1790783520000,8.9550,8.9780,8.9490,8.9750,39634,1790783579999,355326.7990,1214,30291,271580.4810,0
1790783580000,8.9740,8.9800,8.9670,8.9710,22225,1790783639999,199396.3740,799,8918,80023.1680,0
1790783640000,8.9700,8.9870,8.9630,8.9630,29719,1790783699999,266753.5670,1059,24721,221891.0030,0
1790783700000,8.9630,8.9650,8.9520,8.9540,8650,1790783759999,77483.9530,586,3345,29966.4870,0
1790783760000,8.9540,8.9720,8.9540,8.9690,14014,1790783819999,125618.8750,737,6537,58593.8630,0
1790783820000,8.9690,8.9750,8.9640,8.9720,8879,1790783879999,79639.7160,654,4225,37892.9990,0
1790783880000,8.9720,8.9740,8.9640,8.9650,12553,1790783939999,112583.9380,662,3746,33596.5440,0
1790783940000,8.9650,9.0300,8.9650,9.0130,342850,1790783999999,3085279.4660,4266,194209,1747179.1160,0
1790784000000,9.0120,9.0270,8.9930,8.9940,67889,1790784059999,611438.4970,2646,33132,298367.2070,0
1790784060000,8.9940,9.0030,8.9860,8.9980,45041,1790784119999,405074.7470,1427,18374,165254.2220,0
1790784120000,8.9990,9.0490,8.9940,9.0250,153820,1790784179999,1387459.2390,5324,85636,772469.4400,0
1790784180000,9.0250,9.0340,9.0080,9.0310,38944,1790784239999,351292.5970,1487,19542,176269.0920,0
1790784240000,9.0310,9.0310,9.0050,9.0140,21815,1790784299999,196738.9110,1240,10644,95995.2940,0
1790784300000,9.0140,9.0220,9.0100,9.0180,19701,1790784359999,177632.0340,800,9827,88618.3870,0
1790784360000,9.0180,9.0330,9.0080,9.0270,44673,1790784419999,402833.9150,1242,19417,175187.8660,0
1790784420000,9.0270,9.0490,9.0200,9.0290,70288,1790784479999,634740.4230,2641,51136,461769.5820,0
1790784480000,9.0290,9.0290,9.0040,9.0170,17024,1790784539999,153453.2250,993,7097,63963.9300,0
1790784540000,9.0170,9.0270,9.0140,9.0200,17550,1790784599999,158310.6490,1038,11127,100374.4280,0
1790784600000,9.0190,9.0190,8.9920,8.9970,37369,1790784659999,336397.4100,1301,5667,51041.9220,0
1790784660000,8.9970,9.0070,8.9910,8.9950,26507,1790784719999,238483.1970,1240,8430,75855.2860,0
1790784720000,8.9950,8.9950,8.9730,8.9790,44488,1790784779999,399460.8150,1548,12441,111733.7480,0
1790784780000,8.9790,8.9990,8.9760,8.9960,25700,1790784839999,230926.7720,935,15545,139725.8160,0
1790784840000,8.9950,9.0060,8.9930,8.9990,12882,1790784899999,115932.4130,689,8363,75260.3780,0
1790784900000,8.9990,9.0080,8.9750,8.9880,27174,1790784959999,244129.8390,1135,7019,63091.4670,0
1790784960000,8.9880,8.9990,8.9870,8.9970,7745,1790785019999,69644.6320,710,3442,30951.6950,0
1790785020000,8.9970,8.9970,8.9710,8.9710,11314,1790785079999,101622.7410,805,2765,24829.7160,0
1790785080000,8.9720,8.9900,8.9650,8.9880,12852,1790785139999,115381.0650,821,5736,51492.4500,0
1790785140000,8.9890,9.0160,8.9890,9.0080,41066,1790785199999,369840.3230,2093,31943,287687.4630,0
1790785200000,9.0090,9.0180,9.0020,9.0100,18136,1790785259999,163414.0840,1025,7335,66080.4600,0
1790785260000,9.0090,9.0190,9.0010,9.0120,28684,1790785319999,258521.0710,1025,22774,205254.4620,0
1790785320000,9.0110,9.0150,9.0060,9.0070,8712,1790785379999,78511.8150,608,4469,40275.3360,0
1790785380000,9.0060,9.0110,8.9780,8.9880,39592,1790785439999,355967.7500,1296,14414,129574.5880,0
1790785440000,8.9880,8.9910,8.9830,8.9890,14212,1790785499999,127720.2150,556,4755,42736.1960,0
1790785500000,8.9890,8.9960,8.9880,8.9900,20676,1790785559999,185913.9400,698,5041,45332.4630,0
1790785560000,8.9910,9.0000,8.9710,8.9760,32312,1790785619999,290313.3950,1217,8141,73180.2920,0
1790785620000,8.9750,8.9780,8.9370,8.9550,58720,1790785679999,525654.9830,1670,17460,156259.1640,0
1790785680000,8.9560,8.9710,8.9550,8.9650,10548,1790785739999,94566.3880,683,5559,49834.8790,0
1790785740000,8.9650,8.9660,8.9500,8.9510,22486,1790785799999,201422.1670,748,8791,78741.5870,0
1790785800000,8.9510,8.9560,8.9410,8.9450,21941,1790785859999,196355.6450,976,8056,72106.3720,0
1790785860000,8.9450,8.9600,8.9400,8.9460,20738,1790785919999,185593.9480,989,7143,63925.7500,0
1790785920000,8.9470,8.9520,8.9320,8.9390,52808,1790785979999,472264.0700,1319,26477,236838.0730,0
1790785980000,8.9400,8.9550,8.9400,8.9430,22524,1790786039999,201456.0700,758,16192,144800.8610,0
1790786040000,8.9440,8.9620,8.9430,8.9570,14930,1790786099999,133680.2820,854,8991,80498.9970,0
1790786100000,8.9570,8.9570,8.9390,8.9430,16009,1790786159999,143193.2660,731,4125,36909.5770,0
1790786160000,8.9430,8.9430,8.9270,8.9290,18092,1790786219999,161628.3280,883,4011,35840.6860,0
1790786220000,8.9300,8.9540,8.9300,8.9460,8359,1790786279999,74745.9090,577,5242,46873.8580,0
1790786280000,8.9450,8.9570,8.9420,8.9520,6639,1790786339999,59419.6150,495,2545,22780.4180,0
1790786340000,8.9520,8.9630,8.9500,8.9570,10472,1790786399999,93791.3010,631,7250,64936.8280,0
1790786400000,8.9570,8.9670,8.9500,8.9600,16274,1790786459999,145822.4550,804,11552,103528.5620,0
1790786460000,8.9600,8.9840,8.9590,8.9770,24993,1790786519999,224369.7970,1002,21158,189950.3180,0
1790786520000,8.9770,8.9850,8.9690,8.9770,12378,1790786579999,111100.2350,745,7012,62940.3550,0
1790786580000,8.9780,8.9920,8.9720,8.9910,12018,1790786639999,107948.2850,563,7522,67589.3220,0
1790786640000,8.9910,8.9990,8.9850,8.9870,37177,1790786699999,334328.3220,1188,22359,201107.6920,0
1790786700000,8.9880,8.9950,8.9850,8.9940,10231,1790786759999,91979.4380,729,6216,55886.0010,0
1790786760000,8.9950,9.0240,8.9930,9.0210,631426,1790786819999,5683506.3060,2019,603487,5431817.2250,0
1790786820000,9.0200,9.0260,9.0050,9.0220,32685,1790786879999,294648.1220,982,7102,64054.2780,0
1790786880000,9.0210,9.0210,8.9980,9.0020,26141,1790786939999,235402.1750,861,19363,174351.6800,0
1790786940000,9.0030,9.0110,9.0010,9.0090,8077,1790786999999,72748.0190,428,3797,34197.4690,0
1790787000000,9.0100,9.0280,9.0100,9.0250,10808,1790787059999,97500.3940,619,4976,44890.8990,0
1790787060000,9.0250,9.0250,9.0050,9.0070,7408,1790787119999,66777.7900,590,2284,20593.6860,0
1790787120000,9.0070,9.0190,9.0040,9.0080,13134,1790787179999,118355.3930,600,3445,31040.8310,0
1790787180000,9.0090,9.0110,8.9990,9.0040,23154,1790787239999,208435.5080,580,13225,119041.7110,0
1790787240000,9.0040,9.0110,9.0030,9.0050,8550,1790787299999,77012.4290,461,6263,56412.3380,0
1790787300000,9.0050,9.0080,8.9930,8.9960,12967,1790787359999,116728.4230,729,3905,35159.3740,0
1790787360000,8.9970,9.0040,8.9830,8.9900,10341,1790787419999,92990.8140,711,3502,31493.9250,0
1790787420000,8.9900,8.9950,8.9870,8.9940,4495,1790787479999,40419.4000,322,1941,17455.5320,0
1790787480000,8.9940,9.0090,8.9940,9.0010,14576,1790787539999,131234.0340,540,5381,48444.8200,0
1790787540000,9.0010,9.0090,8.9990,9.0070,4838,1790787599999,43566.3660,323,3277,29508.1610,0
1790787600000,9.0080,9.0130,8.9980,9.0010,15785,1790787659999,142188.4400,818,7043,63454.1800,0
1790787660000,9.0010,9.0020,8.9910,8.9950,10465,1790787719999,94156.9610,701,6292,56610.4240,0
1790787720000,8.9950,9.0020,8.9880,8.9880,6127,1790787779999,55115.3720,634,3452,31056.9440,0
1790787780000,8.9890,8.9950,8.9830,8.9930,10605,1790787839999,95331.5360,689,4324,38869.9090,0
1790787840000,8.9940,8.9980,8.9710,8.9720,15006,1790787899999,134844.3160,812,2462,22124.6660,0
1790787900000,8.9720,8.9970,8.9690,8.9850,13295,1790787959999,119401.6360,964,5093,45746.9490,0
1790787960000,8.9850,8.9980,8.9820,8.9860,14007,1790788019999,125943.3760,703,3154,28355.6800,0
1790788020000,8.9860,8.9930,8.9780,8.9890,11587,1790788079999,104121.6890,651,3811,34256.0860,0
1790788080000,8.9890,9.0020,8.9770,8.9960,17244,1790788139999,155068.1170,896,9307,83708.8660,0
1790788140000,8.9960,8.9990,8.9750,8.9780,18621,1790788199999,167333.6930,840,5290,47520.1900,0
1790788200000,8.9790,8.9910,8.9780,8.9780,6457,1790788259999,58006.7530,559,3333,29943.2700,0
1790788260000,8.9780,8.9840,8.9670,8.9680,7472,1790788319999,67060.8840,650,2407,21605.6450,0
1790788320000,8.9680,8.9760,8.9680,8.9730,6390,1790788379999,57327.8450,471,2654,23810.5450,0
1790788380000,8.9720,8.9780,8.9650,8.9700,6630,1790788439999,59487.5570,469,2631,23601.6290,0
1790788440000,8.9690,8.9790,8.9660,8.9660,6002,1790788499999,53861.4510,440,2916,26170.4190,0
1790788500000,8.9650,8.9650,8.9380,8.9400,22040,1790788559999,197301.2010,993,5398,48331.9660,0
1790788560000,8.9400,8.9580,8.9400,8.9430,20273,1790788619999,181402.0190,936,7479,66935.8130,0
1790788620000,8.9440,8.9510,8.9350,8.9490,16826,1790788679999,150465.2290,931,7936,70976.0750,0
1790788680000,8.9490,8.9580,8.9450,8.9520,20811,1790788739999,186316.0150,1002,14316,128168.2840,0
1790788740000,8.9520,8.9570,8.9360,8.9360,10921,1790788799999,97690.6550,630,6516,58283.8050,0
1790788800000,8.9360,8.9380,8.9230,8.9280,24891,1790788859999,222235.2200,1073,10482,93602.5820,0
1790788860000,8.9290,8.9600,8.9290,8.9550,29147,1790788919999,260742.7420,923,23703,212048.7800,0
1790788920000,8.9560,8.9590,8.9300,8.9370,20467,1790788979999,182953.4210,809,3364,30098.2100,0
1790788980000,8.9380,8.9390,8.9270,8.9320,17305,1790789039999,154567.4570,763,9309,83146.7780,0
1790789040000,8.9320,8.9430,8.9320,8.9360,6613,1790789099999,59102.1270,520,2993,26749.9840,0
1790789100000,8.9370,8.9410,8.9300,8.9300,9949,1790789159999,88903.1070,496,6905,61704.4500,0
1790789160000,8.9310,8.9330,8.9010,8.9080,36575,1790789219999,326025.8170,1379,11453,102138.4200,0
1790789220000,8.9080,8.9430,8.9040,8.9420,10401,1790789279999,92781.0680,787,7526,67152.6450,0
1790789280000,8.9420,8.9430,8.9180,8.9180,13235,1790789339999,118154.8200,660,5391,48111.6830,0
1790789340000,8.9190,8.9380,8.9190,8.9350,8026,1790789399999,71693.4410,474,5228,46691.6850,0
1790789400000,8.9340,8.9340,8.9160,8.9170,17923,1790789459999,159936.6110,760,8036,71708.7860,0
1790789460000,8.9170,8.9240,8.9110,8.9150,26048,1790789519999,232327.7820,1037,16406,146337.7120,0
1790789520000,8.9150,8.9260,8.9050,8.9110,11806,1790789579999,105291.6990,823,7468,66613.4770,0
1790789580000,8.9120,8.9130,8.9000,8.9010,15400,1790789639999,137108.7040,672,5583,49712.6610,0
1790789640000,8.9010,8.9050,8.8850,8.8900,24857,1790789699999,221050.2630,1092,8467,75304.8590,0
1790789700000,8.8900,8.8950,8.8840,8.8870,11792,1790789759999,104819.6200,758,4676,41565.6170,0
1790789760000,8.8870,8.8910,8.8710,8.8740,39114,1790789819999,347317.4850,1239,6924,61511.0410,0
1790789820000,8.8740,8.8770,8.8440,8.8610,40969,1790789879999,363064.1230,2163,11724,103906.6450,0
1790789880000,8.8620,8.8770,8.8620,8.8770,14497,1790789939999,128573.8080,1057,11408,101177.9760,0
1790789940000,8.8760,8.8880,8.8730,8.8740,9834,1790789999999,87328.8710,554,4680,41554.2860,0
1790790000000,8.8740,8.8760,8.8510,8.8540,19353,1790790059999,171447.6710,730,8507,75365.3880,0
1790790060000,8.8550,8.8600,8.8510,8.8520,16720,1790790119999,148075.6610,718,10290,91133.3660,0
1790790120000,8.8520,8.8540,8.8320,8.8540,21952,1790790179999,194099.6560,1280,8845,78206.7070,0
1790790180000,8.8550,8.8630,8.8550,8.8630,10025,1790790239999,88822.2180,588,3924,34768.8950,0
1790790240000,8.8620,8.8630,8.8440,8.8460,7052,1790790299999,62446.7850,416,2542,22506.7250,0
1790790300000,8.8460,8.8560,8.8410,8.8510,27228,1790790359999,240948.5050,1025,9780,86536.9100,0
1790790360000,8.8500,8.8630,8.8500,8.8630,27841,1790790419999,246601.9840,870,9830,87072.4910,0
1790790420000,8.8640,8.8900,8.8570,8.8570,26275,1790790479999,233211.0650,1290,17249,153104.1720,0
1790790480000,8.8580,8.8820,8.8560,8.8790,17583,1790790539999,155921.2370,839,7665,67967.3370,0
1790790540000,8.8800,8.8890,8.8770,8.8850,23859,1790790599999,211934.8130,737,12736,113155.5600,0
1790790600000,8.8840,8.8970,8.8830,8.8830,22503,1790790659999,200069.1070,851,13520,120200.2310,0
1790790660000,8.8830,8.8850,8.8700,8.8700,9571,1790790719999,84974.9830,431,2138,18983.4130,0
1790790720000,8.8690,8.8730,8.8520,8.8520,8175,1790790779999,72481.6040,563,3580,31749.1820,0
1790790780000,8.8520,8.8540,8.8430,8.8480,14163,1790790839999,125311.0700,673,5926,52434.0820,0
1790790840000,8.8490,8.8490,8.8330,8.8350,9672,1790790899999,85507.3400,505,2427,21456.8370,0
1790790900000,8.8360,8.8390,8.8320,8.8380,14029,1790790959999,123946.8370,612,7672,67782.1030,0
1790790960000,8.8380,8.8420,8.8330,8.8340,7307,1790791019999,64575.6310,399,3077,27199.0050,0
1790791020000,8.8350,8.8410,8.8320,8.8390,3685,1790791079999,32564.7220,449,1826,16136.9470,0
1790791080000,8.8390,8.8600,8.8390,8.8570,11313,1790791139999,100147.2890,551,9174,81201.8660,0
1790791140000,8.8560,8.8620,8.8560,8.8560,6583,1790791199999,58317.3650,399,2909,25770.1350,0
1790791200000,8.8560,8.8730,8.8500,8.8510,25874,1790791259999,229320.7500,1248,11578,102623.3930,0
1790791260000,8.8500,8.8520,8.8370,8.8380,14178,1790791319999,125400.9320,698,9287,82152.5450,0
1790791320000,8.8380,8.8380,8.8270,8.8320,19783,1790791379999,174705.7570,959,10192,90002.0100,0
1790791380000,8.8320,8.8450,8.8250,8.8330,18562,1790791439999,163940.4930,812,6481,57241.4700,0
1790791440000,8.8340,8.8640,8.8290,8.8560,25432,1790791499999,225011.8320,1116,19577,173180.2220,0
1790791500000,8.8560,8.8560,8.8340,8.8350,9715,1790791559999,85940.6560,671,4578,40494.1320,0
1790791560000,8.8340,8.8340,8.8120,8.8230,31526,1790791619999,278075.8200,1331,10271,90580.0880,0
1790791620000,8.8230,8.8320,8.8100,8.8320,33122,1790791679999,292037.7170,1376,7392,65197.2700,0
1790791680000,8.8330,8.8460,8.8200,8.8460,8494,1790791739999,74997.0940,756,6439,56851.3060,0
1790791740000,8.8470,8.8630,8.8360,8.8600,17037,1790791799999,150771.2610,932,9888,87515.7060,0
1790791800000,8.8590,8.8630,8.8390,8.8430,9774,1790791859999,86521.6410,716,4281,37898.7770,0
1790791860000,8.8430,8.8510,8.8420,8.8450,14078,1790791919999,124522.6630,885,7853,69466.6980,0
1790791920000,8.8450,8.8460,8.8390,8.8450,5067,1790791979999,44810.0190,392,1519,13433.9860,0
1790791980000,8.8450,8.8480,8.8360,8.8400,4193,1790792039999,37067.7230,360,2484,21957.0750,0
1790792040000,8.8400,8.8480,8.8220,8.8250,20662,1790792099999,182659.8350,627,15948,140996.8280,0
1790792100000,8.8240,8.8270,8.8170,8.8220,8992,1790792159999,79325.9540,605,5247,46285.0400,0
1790792160000,8.8220,8.8270,8.8150,8.8160,19973,1790792219999,176213.4020,663,15454,136348.7930,0
1790792220000,8.8170,8.8230,8.8100,8.8160,10795,1790792279999,95157.5190,676,2363,20834.5340,0
1790792280000,8.8170,8.8430,8.8070,8.8430,24888,1790792339999,219590.4250,1107,14664,129399.0350,0
1790792340000,8.8420,8.8450,8.8290,8.8450,21534,1790792399999,190322.9060,962,9205,81382.9450,0
1790792400000,8.8450,8.8480,8.8400,8.8460,7532,1790792459999,66617.2140,550,3113,27533.7190,0
1790792460000,8.8460,8.8460,8.8290,8.8380,12437,1790792519999,109890.2910,780,4380,38695.1490,0
1790792520000,8.8380,8.8430,8.8340,8.8410,7511,1790792579999,66389.3030,579,4083,36089.3930,0
1790792580000,8.8420,8.8420,8.8300,8.8320,13426,1790792639999,118623.8420,573,6494,57380.9250,0
1790792640000,8.8320,8.8410,8.8290,8.8390,7248,1790792699999,64031.7760,639,5300,46824.0100,0
1790792700000,8.8400,8.8430,8.8240,8.8260,8928,1790792759999,78840.3880,451,3046,26884.8550,0
1790792760000,8.8250,8.8320,8.8210,8.8280,7563,1790792819999,66742.9150,585,4399,38818.6390,0
1790792820000,8.8270,8.8320,8.8250,8.8260,3044,1790792879999,26873.9710,353,1134,10011.5400,0
1790792880000,8.8260,8.8370,8.8220,8.8330,9154,1790792939999,80836.4920,657,3238,28592.4250,0
1790792940000,8.8320,8.8430,8.8320,8.8400,4256,1790792999999,37609.2950,408,2754,24336.8570,0
1790793000000,8.8400,8.8610,8.8360,8.8580,24724,1790793059999,218753.1860,1035,20899,184910.1700,0
1790793060000,8.8580,8.8620,8.8430,8.8430,25840,1790793119999,228777.9390,842,10617,94032.4850,0
1790793120000,8.8420,8.8460,8.8290,8.8380,11822,1790793179999,104492.8630,770,6929,61239.6700,0
1790793180000,8.8380,8.8580,8.8320,8.8380,117000,1790793239999,1035055.3300,1577,42746,378107.5260,0
1790793240000,8.8380,8.8510,8.8280,8.8450,27353,1790793299999,241954.9130,855,12843,113594.6110,0
1790793300000,8.8450,8.8470,8.8370,8.8400,15090,1790793359999,133390.4670,662,6999,61875.4260,0
1790793360000,8.8390,8.8430,8.8280,8.8300,7257,1790793419999,64125.9850,619,3333,29453.1350,0
1790793420000,8.8300,8.8330,8.8150,8.8210,17666,1790793479999,155858.1300,723,3423,30187.7090,0
1790793480000,8.8210,8.8300,8.8190,8.8300,5023,1790793539999,44317.4780,461,3733,32936.6610,0
1790793540000,8.8300,8.8300,8.8190,8.8190,5600,1790793599999,49413.1480,411,2027,17887.3110,0
1790793600000,8.8200,8.8340,8.8180,8.8290,16769,1790793659999,148005.9470,736,14135,124757.5940,0
1790793660000,8.8280,8.8310,8.8210,8.8270,12065,1790793719999,106493.4680,609,6644,58653.0780,0
1790793720000,8.8260,8.8340,8.8230,8.8330,4304,1790793779999,37987.8570,421,2983,26330.1760,0
1790793780000,8.8330,8.8440,8.8300,8.8350,14105,1790793839999,124651.9490,538,4767,42122.3580,0
1790793840000,8.8360,8.8400,8.8260,8.8290,9018,1790793899999,79644.4090,440,4823,42602.0560,0
1790793900000,8.8300,8.8310,8.8230,8.8260,4117,1790793959999,36335.9460,369,2010,17738.6660,0
1790793960000,8.8250,8.8290,8.8190,8.8280,6756,1790794019999,59614.0610,533,5293,46706.0510,0
1790794020000,8.8280,8.8340,8.8260,8.8310,4947,1790794079999,43683.6980,539,2523,22280.7620,0
1790794080000,8.8300,8.8310,8.8230,8.8260,4908,1790794139999,43321.3190,335,2888,25490.4750,0
1790794140000,8.8250,8.8390,8.8230,8.8390,8164,1790794199999,72087.7520,670,5591,49372.9480,0
1790794200000,8.8380,8.8640,8.8380,8.8580,16395,1790794259999,145177.3160,962,11575,102495.3070,0
1790794260000,8.8590,8.8590,8.8460,8.8560,10615,1790794319999,93967.5120,777,4814,42613.4740,0
1790794320000,8.8550,8.8690,8.8510,8.8690,10931,1790794379999,96862.2570,596,6833,60543.2750,0
1790794380000,8.8690,8.8690,8.8440,8.8440,8274,1790794439999,73306.3830,591,3933,34846.8190,0
1790794440000,8.8430,8.8580,8.8420,8.8540,10607,1790794499999,93880.2390,560,9014,79782.8430,0
1790794500000,8.8530,8.8550,8.8490,8.8520,9948,1790794559999,88050.7140,370,4608,40788.8590,0
1790794560000,8.8520,8.8580,8.8490,8.8570,4299,1790794619999,38057.3710,347,3338,29550.3370,0
1790794620000,8.8580,8.8600,8.8530,8.8570,4826,1790794679999,42741.1740,311,2090,18509.9970,0
1790794680000,8.8560,8.8660,8.8550,8.8650,7682,1790794739999,68056.3110,394,6081,53869.7290,0
1790794740000,8.8650,8.8660,8.8520,8.8570,10407,1790794799999,92188.8450,446,4939,43756.6180,0
1790794800000,8.8570,8.8650,8.8460,8.8470,17571,1790794859999,155574.1020,650,6274,55551.9860,0
1790794860000,8.8470,8.8600,8.8420,8.8430,14107,1790794919999,124837.5670,813,4456,39434.3830,0
1790794920000,8.8420,8.8590,8.8400,8.8590,8355,1790794979999,73927.8150,655,6106,54012.7050,0
1790794980000,8.8600,8.8640,8.8500,8.8540,10209,1790795039999,90408.7040,667,4328,38336.3940,0
1790795040000,8.8540,8.8630,8.8530,8.8620,3698,1790795099999,32753.3070,328,2581,22859.8810,0
1790795100000,8.8620,8.8770,8.8600,8.8640,18218,1790795159999,161571.2510,950,5713,50664.6190,0
1790795160000,8.8640,8.8700,8.8590,8.8680,7142,1790795219999,63302.2380,474,5779,51220.4660,0
1790795220000,8.8680,8.8820,8.8680,8.8820,8904,1790795279999,79022.5470,655,5978,53052.3970,0
1790795280000,8.8810,8.8810,8.8690,8.8720,9184,1790795339999,81509.1850,662,5080,45084.8660,0
1790795340000,8.8710,8.8780,8.8710,8.8760,10243,1790795399999,90892.4390,571,7501,66563.2870,0
1790795400000,8.8760,8.8760,8.8620,8.8640,10221,1790795459999,90649.5050,599,3979,35281.8370,0
1790795460000,8.8630,8.8630,8.8520,8.8520,13375,1790795519999,118474.8960,524,2802,24818.8320,0
1790795520000,8.8510,8.8510,8.8290,8.8480,10618,1790795579999,93852.1300,825,4640,41019.9200,0
1790795580000,8.8480,8.8640,8.8440,8.8640,6740,1790795639999,59683.2090,622,4469,39573.1790,0
1790795640000,8.8640,8.8640,8.8500,8.8560,6270,1790795699999,55526.6840,598,3198,28318.9090,0
1790795700000,8.8550,8.8550,8.8330,8.8330,29051,1790795759999,256815.0620,814,2849,25186.9840,0
1790795760000,8.8340,8.8480,8.8300,8.8410,9983,1790795819999,88232.6550,745,5978,52826.5700,0
1790795820000,8.8410,8.8410,8.8180,8.8290,27485,1790795879999,242524.6950,1033,16630,146695.0750,0
1790795880000,8.8280,8.8440,8.8070,8.8440,15785,1790795939999,139348.5310,1050,9100,80334.4840,0
1790795940000,8.8440,8.8610,8.8420,8.8610,6602,1790795999999,58419.2130,497,5301,46903.6850,0
1790796000000,8.8610,8.8680,8.8520,8.8630,12268,1790796059999,108683.8470,876,5344,47344.2040,0
1790796060000,8.8620,8.8760,8.8610,8.8640,7900,1790796119999,70074.7830,750,3981,35313.9070,0
1790796120000,8.8630,8.8700,8.8570,8.8700,10645,1790796179999,94327.2160,804,7052,62488.8760,0
1790796180000,8.8700,8.8700,8.8560,8.8570,8173,1790796239999,72426.4600,466,2604,23074.6370,0
1790796240000,8.8560,8.8560,8.8480,8.8540,9434,1790796299999,83513.7650,611,3995,35365.7980,0
1790796300000,8.8540,8.8690,8.8520,8.8690,6957,1790796359999,61653.0830,568,4445,39389.7310,0
1790796360000,8.8700,8.8800,8.8640,8.8650,8477,1790796419999,75218.5070,582,4215,37403.8720,0
1790796420000,8.8640,8.8760,8.8630,8.8760,4156,1790796479999,36859.1230,454,2921,25904.7360,0
1790796480000,8.8750,8.8840,8.8720,8.8810,10217,1790796539999,90714.5830,662,7085,62912.7680,0
1790796540000,8.8820,8.8820,8.8690,8.8700,6487,1790796599999,57577.7340,394,1892,16789.1560,0
1790796600000,8.8700,8.8910,8.8660,8.8870,13179,1790796659999,117028.1230,1088,9238,82049.1670,0
1790796660000,8.8870,8.8950,8.8850,8.8910,17314,1790796719999,153934.2600,1018,11487,102131.7330,0
1790796720000,8.8900,8.8940,8.8820,8.8910,9229,1790796779999,82036.6350,785,2756,24496.2910,0
1790796780000,8.8910,8.9100,8.8910,8.9100,9901,1790796839999,88123.4570,703,8203,73009.1510,0
1790796840000,8.9100,8.9290,8.9060,8.9120,32327,1790796899999,288280.0100,1592,15907,141879.5260,0
1790796900000,8.9120,8.9260,8.9090,8.9160,18998,1790796959999,169379.5410,1056,6214,55406.3820,0
1790796960000,8.9160,8.9210,8.9090,8.9100,10418,1790797019999,92878.8240,610,2619,23354.3730,0
1790797020000,8.9110,8.9250,8.9040,8.9250,26182,1790797079999,233435.0570,1127,16625,148231.8860,0
1790797080000,8.9260,8.9280,8.9210,8.9240,9338,1790797139999,83343.5980,591,2549,22749.9270,0
1790797140000,8.9230,8.9250,8.9160,8.9190,9831,1790797199999,87675.5590,723,5412,48264.4950,0
1790797200000,8.9180,8.9180,8.9040,8.9050,6594,1790797259999,58752.6510,563,2436,21706.2550,0
1790797260000,8.9040,8.9150,8.9010,8.9070,6011,1790797319999,53540.4620,594,2369,21099.8360,0
1790797320000,8.9070,8.9130,8.8970,8.8970,12709,1790797379999,113126.6180,522,2105,18740.1690,0
1790797380000,8.8970,8.9030,8.8940,8.9010,4968,1790797439999,44206.8380,400,2168,19290.8940,0
1790797440000,8.9000,8.9020,8.8960,8.9000,3770,1790797499999,33545.8340,307,1427,12698.2440,0
1790797500000,8.9000,8.9010,8.8940,8.8960,13883,1790797559999,123522.3260,462,3985,35459.3410,0
1790797560000,8.8960,8.8970,8.8820,8.8880,27916,1790797619999,248160.5250,866,8848,78694.1890,0
1790797620000,8.8880,8.8960,8.8710,8.8790,12789,1790797679999,113630.2280,838,5896,52387.5040,0
1790797680000,8.8790,8.8960,8.8790,8.8840,14849,1790797739999,131988.0070,948,7196,63962.9260,0
1790797740000,8.8850,8.8870,8.8740,8.8740,7168,1790797799999,63634.8010,582,1821,16165.6960,0
1790797800000,8.8740,8.8770,8.8480,8.8510,15921,1790797859999,141117.3890,1100,5619,49811.1110,0
1790797860000,8.8500,8.8500,8.8270,8.8440,26769,1790797919999,236574.2960,1198,14277,126163.5690,0
1790797920000,8.8440,8.8570,8.8380,8.8500,24227,1790797979999,214291.0760,1057,9166,81085.8560,0
1790797980000,8.8500,8.8640,8.8410,8.8410,19166,1790798039999,169672.6310,896,10257,90814.3970,0
1790798040000,8.8400,8.8460,8.8230,8.8260,12244,1790798099999,108112.6440,973,5956,52600.9060,0
1790798100000,8.8270,8.8530,8.8210,8.8520,16779,1790798159999,148332.3550,1082,7334,64827.9470,0
1790798160000,8.8520,8.8540,8.8250,8.8320,7297,1790798219999,64495.7890,777,2893,25565.1070,0
1790798220000,8.8310,8.8450,8.8260,8.8410,4480,1790798279999,39583.9260,595,2802,24757.1200,0
1790798280000,8.8400,8.8400,8.8150,8.8310,10973,1790798339999,96840.7240,821,3485,30760.3240,0
1790798340000,8.8310,8.8370,8.8260,8.8320,9191,1790798399999,81167.5820,752,6908,61005.2770,0
1790798400000,8.8320,8.8490,8.8230,8.8360,18813,1790798459999,166229.6960,1445,7268,64225.0890,0
1790798460000,8.8360,8.8400,8.8100,8.8360,16281,1790798519999,143627.1460,1206,5176,45668.8530,0
1790798520000,8.8360,8.8380,8.8180,8.8240,10200,1790798579999,90035.6400,819,5098,45007.9840,0
1790798580000,8.8240,8.8380,8.8200,8.8360,7257,1790798639999,64072.1400,602,4016,35459.0690,0
1790798640000,8.8360,8.8430,8.8270,8.8390,7405,1790798699999,65434.4440,571,2077,18352.6480,0
1790798700000,8.8390,8.8590,8.8370,8.8490,11131,1790798759999,98502.2170,798,5919,52389.2820,0
1790798760000,8.8490,8.8580,8.8340,8.8550,14067,1790798819999,124395.8470,882,5861,51831.2040,0
1790798820000,8.8560,8.8600,8.8430,8.8530,13490,1790798879999,119432.6870,791,9183,81307.8850,0
1790798880000,8.8520,8.8540,8.8480,8.8510,4002,1790798939999,35419.6020,396,2432,21525.1540,0
1790798940000,8.8520,8.8520,8.8450,8.8460,4967,1790798999999,43953.3340,382,1603,14185.8800,0
1790799000000,8.8450,8.8560,8.8450,8.8550,3692,1790799059999,32676.0490,408,2554,22606.8320,0
1790799060000,8.8550,8.8590,8.8450,8.8500,20967,1790799119999,185546.7440,629,3497,30957.1870,0
1790799120000,8.8490,8.8560,8.8490,8.8530,5850,1790799179999,51783.7940,297,2003,17730.6610,0
1790799180000,8.8520,8.8610,8.8490,8.8610,3710,1790799239999,32843.3680,254,1993,17646.4160,0
1790799240000,8.8610,8.8740,8.8600,8.8710,9747,1790799299999,86413.1260,504,7660,67907.8470,0
1790799300000,8.8720,8.8830,8.8660,8.8790,5792,1790799359999,51410.8300,522,2722,24159.8010,0
1790799360000,8.8790,8.8830,8.8650,8.8740,6502,1790799419999,57684.4100,400,2461,21839.0480,0
1790799420000,8.8740,8.8750,8.8670,8.8680,3236,1790799479999,28710.6470,301,1226,10878.5100,0
1790799480000,8.8680,8.8810,8.8680,8.8800,5056,1790799539999,44872.0440,298,2174,19295.7670,0
1790799540000,8.8790,8.8860,8.8730,8.8860,10798,1790799599999,95872.7920,494,4005,35575.5120,0
1790799600000,8.8860,8.8900,8.8820,8.8880,7812,1790799659999,69409.9070,453,3274,29092.6370,0
1790799660000,8.8880,8.9000,8.8860,8.9000,29666,1790799719999,263915.5680,816,21087,187589.2450,0
1790799720000,8.9000,8.9160,8.9000,8.9120,14805,1790799779999,131903.6140,596,10121,90163.3220,0
1790799780000,8.9130,8.9190,8.9110,8.9150,7128,1790799839999,63543.1800,379,2068,18436.2620,0
1790799840000,8.9150,8.9170,8.9090,8.9140,7806,1790799899999,69576.7600,399,1812,16152.0810,0
1790799900000,8.9140,8.9160,8.9090,8.9140,4402,1790799959999,39234.9980,285,1157,10311.5050,0
1790799960000,8.9140,8.9140,8.9050,8.9060,15714,1790800019999,140022.3170,374,10871,96865.1870,0
1790800020000,8.9070,8.9120,8.9020,8.9050,3440,1790800079999,30641.9960,357,2324,20702.3910,0
1790800080000,8.9050,8.9060,8.8990,8.9040,3098,1790800139999,27579.9180,246,1213,10799.0910,0
1790800140000,8.9030,8.9090,8.8950,8.8960,9436,1790800199999,83979.5950,421,3120,27772.5850,0
1790800200000,8.8950,8.8960,8.8830,8.8850,7206,1790800259999,64051.4440,472,2216,19692.9880,0
1790800260000,8.8850,8.8850,8.8740,8.8770,5278,1790800319999,46858.2160,385,2729,24223.9810,0
1790800320000,8.8770,8.8770,8.8640,8.8650,6560,1790800379999,58182.4460,394,2874,25484.3050,0
1790800380000,8.8650,8.8730,8.8650,8.8730,9656,1790800439999,85637.9340,530,6298,55854.4420,0
1790800440000,8.8730,8.8830,8.8700,8.8750,6180,1790800499999,54849.0670,473,3591,31871.9180,0
1790800500000,8.8750,8.8870,8.8700,8.8750,6017,1790800559999,53411.1340,443,4279,37985.4960,0
1790800560000,8.8750,8.8830,8.8630,8.8630,7403,1790800619999,65701.6320,535,1307,11600.1700,0
1790800620000,8.8630,8.8750,8.8550,8.8750,10534,1790800679999,93325.2110,588,4343,38484.9050,0
1790800680000,8.8750,8.8770,8.8660,8.8670,13814,1790800739999,122555.7690,551,8788,77961.3500,0
1790800740000,8.8660,8.8770,8.8620,8.8710,12853,1790800799999,114011.1190,452,8413,74618.8200,0
1790800800000,8.8720,8.8720,8.8580,8.8630,4171,1790800859999,36973.6820,307,599,5310.1270,0
1790800860000,8.8620,8.8640,8.8570,8.8600,4584,1790800919999,40609.0740,308,976,8647.2670,0
1790800920000,8.8600,8.8600,8.8480,8.8500,4467,1790800979999,39552.0030,296,760,6727.2760,0
1790800980000,8.8500,8.8620,8.8500,8.8570,6591,1790801039999,58383.3050,355,5727,50731.4570,0
1790801040000,8.8560,8.8560,8.8470,8.8500,8440,1790801099999,74705.6590,323,4373,38703.7050,0
1790801100000,8.8510,8.8600,8.8480,8.8580,3529,1790801159999,31240.8660,292,1897,16794.1520,0
1790801160000,8.8580,8.8600,8.8530,8.8540,4261,1790801219999,37732.1020,260,1620,14344.3430,0
1790801220000,8.8540,8.8550,8.8470,8.8500,4107,1790801279999,36351.3340,269,2484,21983.8270,0
1790801280000,8.8510,8.8520,8.8360,8.8430,7320,1790801339999,64734.6670,497,2545,22502.1520,0
1790801340000,8.8430,8.8470,8.8330,8.8450,3075,1790801399999,27187.9360,327,1476,13052.9620,0
1790801400000,8.8450,8.8450,8.8300,8.8330,2895,1790801459999,25579.3410,323,1298,11466.3360,0
1790801460000,8.8330,8.8460,8.8330,8.8460,5988,1790801519999,52930.3040,331,5558,49130.5310,0
1790801520000,8.8460,8.8550,8.8460,8.8480,5418,1790801579999,47952.6270,236,4487,39710.1910,0
1790801580000,8.8490,8.8570,8.8490,8.8550,8746,1790801639999,77427.3570,315,7096,62817.6010,0
1790801640000,8.8560,8.8560,8.8420,8.8430,24692,1790801699999,218509.7790,373,2443,21611.8490,0
1790801700000,8.8420,8.8430,8.8330,8.8350,3610,1790801759999,31907.4080,323,1440,12726.0700,0
1790801760000,8.8350,8.8350,8.8280,8.8310,2412,1790801819999,21302.1810,305,1425,12585.8290,0
1790801820000,8.8310,8.8350,8.8310,8.8330,2832,1790801879999,25015.4910,183,2358,20828.2980,0
1790801880000,8.8330,8.8470,8.8330,8.8440,5313,1790801939999,46970.8320,361,3089,27303.6140,0
1790801940000,8.8440,8.8520,8.8420,8.8500,9085,1790801999999,80375.9000,423,5798,51299.5980,0
1790802000000,8.8510,8.8630,8.8510,8.8610,5539,1790802059999,49057.1990,396,4384,38826.3830,0
1790802060000,8.8610,8.8680,8.8560,8.8630,7111,1790802119999,63011.0190,446,2819,24987.8760,0
1790802120000,8.8640,8.8670,8.8490,8.8670,6624,1790802179999,58672.3010,494,3172,28096.9950,0
1790802180000,8.8660,8.8880,8.8650,8.8840,9972,1790802239999,88534.2750,677,6996,62098.4600,0
1790802240000,8.8830,8.8880,8.8810,8.8810,5634,1790802299999,50053.0110,350,3225,28649.6760,0
1790802300000,8.8810,8.8810,8.8680,8.8690,3140,1790802359999,27869.7530,234,1218,10811.3970,0
1790802360000,8.8680,8.8780,8.8640,8.8730,7343,1790802419999,65148.2490,281,6166,54710.0460,0
1790802420000,8.8730,8.8750,8.8560,8.8600,5779,1790802479999,51229.3380,371,1858,16474.6340,0
1790802480000,8.8590,8.8590,8.8510,8.8510,4145,1790802539999,36700.6610,310,2381,21080.7410,0
1790802540000,8.8510,8.8520,8.8430,8.8440,5435,1790802599999,48081.5640,265,1348,11926.4010,0
1790802600000,8.8450,8.8560,8.8430,8.8440,6512,1790802659999,57615.9980,425,3454,30559.0810,0
1790802660000,8.8430,8.8590,8.8420,8.8590,3095,1790802719999,27385.0100,196,2724,24103.8210,0
1790802720000,8.8590,8.8610,8.8520,8.8550,6996,1790802779999,61965.1400,345,4633,41036.0140,0
1790802780000,8.8540,8.8550,8.8410,8.8430,4843,1790802839999,42850.8780,250,530,4687.0090,0
1790802840000,8.8430,8.8500,8.8410,8.8460,2622,1790802899999,23192.8950,184,2030,17956.7010,0
1790802900000,8.8450,8.8450,8.8340,8.8340,3380,1790802959999,29869.7650,273,1005,8882.7620,0
1790802960000,8.8330,8.8440,8.8320,8.8410,11519,1790803019999,101809.5130,427,8589,75915.8530,0
1790803020000,8.8410,8.8500,8.8390,8.8480,8131,1790803079999,71922.8600,397,5564,49223.2520,0
1790803080000,8.8480,8.8580,8.8410,8.8450,4637,1790803139999,41024.8490,285,2295,20304.4080,0
1790803140000,8.8450,8.8520,8.8380,8.8390,4590,1790803199999,40593.3580,265,2617,23148.2640,0
1790803200000,8.8380,8.8480,8.8370,8.8480,7514,1790803259999,66442.0210,190,6868,60731.4410,0
1790803260000,8.8470,8.8470,8.8320,8.8320,3153,1790803319999,27879.2850,308,633,5597.0520,0
1790803320000,8.8320,8.8380,8.8310,8.8380,2418,1790803379999,21361.3800,172,2030,17932.9950,0
1790803380000,8.8380,8.8380,8.8310,8.8310,1469,1790803439999,12977.9810,108,422,3727.8280,0
1790803440000,8.8310,8.8320,8.8150,8.8170,6349,1790803499999,56025.2320,331,528,4655.6630,0
1790803500000,8.8160,8.8200,8.8140,8.8140,22809,1790803559999,201088.7580,446,4838,42657.1620,0
1790803560000,8.8140,8.8260,8.8140,8.8260,6326,1790803619999,55798.3460,286,4528,39937.3950,0
1790803620000,8.8260,8.8300,8.8260,8.8300,1787,1790803679999,15777.0020,151,1319,11645.5830,0
1790803680000,8.8290,8.8300,8.8250,8.8290,2886,1790803739999,25474.7270,145,2500,22067.1590,0
1790803740000,8.8300,8.8410,8.8290,8.8290,4441,1790803799999,39236.8420,285,1806,15956.6070,0
1790803800000,8.8290,8.8320,8.8260,8.8260,2365,1790803859999,20881.3200,168,1252,11055.0000,0
1790803860000,8.8270,8.8270,8.8180,8.8270,5277,1790803919999,46553.0570,239,2232,19692.8180,0
1790803920000,8.8270,8.8330,8.8270,8.8310,3022,1790803979999,26685.6570,205,2149,18975.9120,0
1790803980000,8.8320,8.8490,8.8310,8.8490,4440,1790804039999,39251.6780,255,3332,29448.6670,0
1790804040000,8.8500,8.8550,8.8400,8.8410,10777,1790804099999,95340.5730,398,2279,20165.2250,0
1790804100000,8.8420,8.8440,8.8270,8.8300,12118,1790804159999,107056.1240,423,2677,23644.1480,0
1790804160000,8.8290,8.8320,8.8260,8.8270,2764,1790804219999,24403.3390,184,1586,14003.8020,0
1790804220000,8.8260,8.8470,8.8260,8.8380,14567,1790804279999,128740.4830,393,13262,117201.3380,0
1790804280000,8.8380,8.8440,8.8350,8.8410,3871,1790804339999,34218.6050,267,3375,29835.3280,0
1790804340000,8.8400,8.8400,8.8260,8.8300,13822,1790804399999,122068.1100,382,1052,9291.5300,0
1790804400000,8.8290,8.8300,8.8210,8.8210,7499,1790804459999,66173.1910,398,2490,21972.4170,0
1790804460000,8.8250,8.8250,8.8170,8.8240,3536,1790804519999,31190.5160,304,1561,13772.0120,0
1790804520000,8.8250,8.8350,8.8250,8.8350,1893,1790804579999,16713.5350,195,1708,15080.6190,0
1790804580000,8.8350,8.8550,8.8340,8.8470,7167,1790804639999,63384.8960,427,4605,40737.1750,0
1790804640000,8.8470,8.8470,8.8290,8.8290,2934,1790804699999,25928.2370,187,201,1777.3850,0
1790804700000,8.8290,8.8350,8.8280,8.8340,3209,1790804759999,28339.7650,173,2280,20133.5920,0
1790804760000,8.8340,8.8430,8.8330,8.8430,2322,1790804819999,20518.2300,174,2130,18821.6380,0
1790804820000,8.8430,8.8450,8.8400,8.8410,1620,1790804879999,14326.7860,130,299,2644.4620,0
1790804880000,8.8410,8.8440,8.8320,8.8320,4747,1790804939999,41968.9810,195,656,5800.4860,0
1790804940000,8.8310,8.8310,8.8190,8.8200,8153,1790804999999,71921.0260,207,1632,14397.2880,0
1790805000000,8.8210,8.8220,8.8100,8.8110,6388,1790805059999,56331.6120,301,1707,15054.0630,0
1790805060000,8.8100,8.8110,8.7650,8.7940,141033,1790805119999,1239112.0690,2478,25659,225552.9960,0
1790805120000,8.7950,8.8010,8.7950,8.7980,7860,1790805179999,69157.9370,371,3271,28780.1220,0
1790805180000,8.7990,8.8070,8.7980,8.8070,5848,1790805239999,51470.0830,275,4800,42248.0680,0
1790805240000,8.8080,8.8140,8.8070,8.8070,8067,1790805299999,71078.7360,247,1170,10307.9030,0
1790805300000,8.8070,8.8090,8.7980,8.8070,14457,1790805359999,127257.4550,347,9159,80627.9210,0
1790805360000,8.8080,8.8080,8.8010,8.8050,6636,1790805419999,58428.3010,322,1858,16358.6470,0
1790805420000,8.8050,8.8060,8.8020,8.8020,1917,1790805479999,16878.6880,210,680,5987.8120,0
1790805480000,8.8030,8.8050,8.8000,8.8020,6536,1790805539999,57527.6750,269,3062,26952.7720,0
1790805540000,8.8020,8.8040,8.8000,8.8010,3033,1790805599999,26696.6110,116,2057,18105.6040,0
1790805600000,8.8000,8.8050,8.8000,8.8000,4145,1790805659999,36485.9510,275,2012,17709.4710,0
1790805660000,8.8010,8.8020,8.7900,8.7900,18802,1790805719999,165439.3780,499,5962,52464.9070,0
1790805720000,8.7900,8.7910,8.7800,8.7860,8467,1790805779999,74374.3630,506,5973,52466.9640,0
1790805780000,8.7860,8.7890,8.7810,8.7850,2570,1790805839999,22577.3470,275,1477,12975.5530,0
1790805840000,8.7850,8.7880,8.7810,8.7810,3613,1790805899999,31743.1110,213,309,2715.0310,0
1790805900000,8.7810,8.7820,8.7650,8.7710,20772,1790805959999,182186.9680,683,5974,52388.5890,0
1790805960000,8.7710,8.7730,8.7550,8.7590,20389,1790806019999,178665.8800,700,3584,31409.0230,0
1790806020000,8.7590,8.7700,8.7580,8.7670,7218,1790806079999,63255.8870,379,4210,36893.2490,0
1790806080000,8.7670,8.7740,8.7660,8.7740,5212,1790806139999,45708.0090,287,4975,43629.4950,0
1790806140000,8.7730,8.7740,8.7700,8.7720,8769,1790806199999,76925.6930,337,4816,42250.5700,0
1790806200000,8.7720,8.7950,8.7720,8.7930,10115,1790806259999,88879.6150,472,8846,77733.1440,0
1790806260000,8.7930,8.8010,8.7930,8.7990,5602,1790806319999,49286.5460,277,2384,20973.3780,0
1790806320000,8.7990,8.8060,8.7970,8.8040,6728,1790806379999,59224.9700,336,3771,33195.1370,0
1790806380000,8.8040,8.8120,8.8030,8.8090,2726,1790806439999,24011.9170,179,1605,14135.9070,0
1790806440000,8.8100,8.8140,8.8070,8.8140,3494,1790806499999,30778.4890,214,1880,16561.4790,0
1790806500000,8.8140,8.8240,8.8140,8.8240,2181,1790806559999,19232.1530,233,2145,18914.7510,0
1790806560000,8.8240,8.8290,8.8240,8.8290,4292,1790806619999,37883.9820,262,1996,17618.3870,0
1790806620000,8.8300,8.8350,8.8300,8.8340,3649,1790806679999,32232.3360,225,2058,18177.5610,0
1790806680000,8.8340,8.8460,8.8340,8.8440,7091,1790806739999,62686.6380,309,4104,36276.1440,0
1790806740000,8.8440,8.8460,8.8440,8.8450,2547,1790806799999,22529.1790,143,1868,16523.7730,0
1790806800000,8.8450,8.8450,8.8410,8.8410,10890,1790806859999,96301.2400,215,919,8126.3700,0
1790806860000,8.8420,8.8420,8.8380,8.8380,2303,1790806919999,20360.9590,149,447,3952.3740,0
1790806920000,8.8390,8.8520,8.8390,8.8500,14562,1790806979999,128862.4190,313,5535,48965.3990,0
1790806980000,8.8490,8.8500,8.8480,8.8480,5290,1790807039999,46811.4830,169,635,5619.4720,0
1790807040000,8.8480,8.8520,8.8470,8.8480,5268,1790807099999,46615.5930,249,1678,14848.4360,0
1790807100000,8.8470,8.8540,8.8460,8.8540,11904,1790807159999,105330.0570,186,3867,34225.1910,0
1790807160000,8.8540,8.8590,8.8460,8.8510,7263,1790807219999,64319.4330,308,2849,25228.3360,0
1790807220000,8.8520,8.8560,8.8520,8.8550,2697,1790807279999,23880.2500,149,974,8623.9260,0
1790807280000,8.8550,8.8660,8.8550,8.8630,6278,1790807339999,55637.7720,271,3887,34446.0080,0
1790807340000,8.8640,8.8680,8.8630,8.8670,4146,1790807399999,36756.6270,183,2144,19006.8500,0
1790807400000,8.8680,8.8690,8.8660,8.8680,3328,1790807459999,29510.3570,210,1448,12840.3040,0
1790807460000,8.8680,8.8740,8.8660,8.8660,8370,1790807519999,74249.5390,322,3896,34559.6980,0
1790807520000,8.8660,8.8720,8.8660,8.8700,4741,1790807579999,42051.6880,218,3439,30503.1670,0
1790807580000,8.8710,8.8820,8.8700,8.8790,8500,1790807639999,75454.6470,415,6054,53738.7690,0
1790807640000,8.8800,8.8820,8.8780,8.8780,2823,1790807699999,25068.8480,217,193,1714.0450,0
1790807700000,8.8790,8.8880,8.8790,8.8810,7312,1790807759999,64961.1070,387,4013,35646.9560,0
1790807760000,8.8810,8.8840,8.8800,8.8830,4014,1790807819999,35653.1400,150,2418,21476.2910,0
1790807820000,8.8820,8.8820,8.8650,8.8720,135396,1790807879999,1201618.1920,471,5448,48316.8600,0
1790807880000,8.8720,8.8740,8.8700,8.8720,3753,1790807939999,33297.3850,200,1349,11969.0080,0
1790807940000,8.8720,8.8740,8.8700,8.8720,4002,1790807999999,35505.5750,200,2124,18843.2090,0
1790808000000,8.8720,8.8860,8.8710,8.8810,8088,1790808059999,71825.1750,425,5747,51034.8080,0
1790808060000,8.8820,8.8860,8.8780,8.8780,9563,1790808119999,84950.3390,388,5299,47075.4520,0
1790808120000,8.8780,8.8830,8.8770,8.8820,6256,1790808179999,55558.3620,323,3686,32736.3630,0
1790808180000,8.8810,8.8810,8.8730,8.8730,1974,1790808239999,17524.5380,211,335,2973.8040,0
1790808240000,8.8740,8.8790,8.8730,8.8780,1700,1790808299999,15087.9890,151,1248,11076.5150,0
1790808300000,8.8790,8.8820,8.8760,8.8800,4506,1790808359999,40008.3160,229,2610,23172.3940,0
1790808360000,8.8800,8.8930,8.8800,8.8890,6987,1790808419999,62106.8730,361,4339,38568.7530,0
1790808420000,8.8880,8.8900,8.8860,8.8870,2711,1790808479999,24094.5260,165,1222,10860.5860,0
1790808480000,8.8870,8.8960,8.8790,8.8950,15855,1790808539999,140933.0430,526,6009,53399.2760,0
1790808540000,8.8950,8.8960,8.8870,8.8940,5851,1790808599999,52028.7490,306,3492,31048.8740,0
1790808600000,8.8950,8.9040,8.8880,8.8940,11802,1790808659999,105016.1160,646,8864,78876.6980,0
1790808660000,8.8930,8.8930,8.8870,8.8910,2807,1790808719999,24952.4170,186,1699,15101.7930,0
1790808720000,8.8900,8.8940,8.8870,8.8930,7221,1790808779999,64202.4530,214,4573,40661.7280,0
1790808780000,8.8930,8.8930,8.8800,8.8830,11301,1790808839999,100395.2110,424,5601,49755.5850,0
1790808840000,8.8830,8.8900,8.8810,8.8830,7632,1790808899999,67816.4540,299,4354,38689.1150,0
1790808900000,8.8840,8.8920,8.8790,8.8880,13107,1790808959999,116454.4960,445,6247,55498.8500,0
1790808960000,8.8880,8.8970,8.8880,8.8960,3998,1790809019999,35548.3370,233,2469,21953.8160,0
1790809020000,8.8960,8.8960,8.8760,8.8760,5421,1790809079999,48169.6350,341,1418,12599.3640,0
1790809080000,8.8760,8.8780,8.8710,8.8710,10287,1790809139999,91296.2370,332,2704,23999.5040,0
1790809140000,8.8700,8.8740,8.8650,8.8700,11987,1790809199999,106309.1980,364,4696,41648.7130,0
1790809200000,8.8710,8.8900,8.8710,8.8890,10153,1790809259999,90162.6170,368,4870,43238.0830,0
1790809260000,8.8890,8.8990,8.8850,8.8980,25898,1790809319999,230291.7130,791,12368,109982.4990,0
1790809320000,8.8970,8.9100,8.8930,8.9060,18638,1790809379999,165938.0410,603,11676,103963.6160,0
1790809380000,8.9050,8.9200,8.8970,8.9150,11733,1790809439999,104532.1450,592,7655,68200.7210,0
1790809440000,8.9140,8.9160,8.8960,8.8970,7754,1790809499999,69062.8550,373,4104,36557.8170,0
1790809500000,8.8970,8.9030,8.8800,8.8810,10204,1790809559999,90707.0310,533,4438,39452.1070,0
1790809560000,8.8810,8.8920,8.8800,8.8840,14564,1790809619999,129404.3960,471,7352,65325.6520,0
1790809620000,8.8840,8.8890,8.8710,8.8850,11811,1790809679999,104870.5890,519,6649,59047.7230,0
1790809680000,8.8850,8.8860,8.8600,8.8710,11044,1790809739999,98018.6910,652,4614,40954.3660,0
1790809740000,8.8700,8.8870,8.8680,8.8860,8510,1790809799999,75501.4320,327,4584,40680.9610,0
1790809800000,8.8870,8.8870,8.8760,8.8770,3153,1790809859999,28001.8460,243,844,7494.9230,0
1790809860000,8.8760,8.8830,8.8760,8.8800,8171,1790809919999,72565.8910,356,4840,42983.5200,0
1790809920000,8.8810,8.8810,8.8680,8.8750,36657,1790809979999,325378.5230,394,5111,45355.8840,0
1790809980000,8.8750,8.8880,8.8750,8.8850,10425,1790810039999,92627.6680,459,7293,64797.9730,0
1790810040000,8.8850,8.8920,8.8800,8.8840,12903,1790810099999,114643.8890,390,4969,44148.6760,0
1790810100000,8.8840,8.8920,8.8780,8.8830,4023,1790810159999,35748.7480,324,2473,21974.9440,0
1790810160000,8.8820,8.9090,8.8790,8.8940,24245,1790810219999,215732.7530,843,15767,140284.4960,0
1790810220000,8.8930,8.8990,8.8910,8.8910,8594,1790810279999,76438.7460,481,4398,39117.1710,0
1790810280000,8.8910,8.8930,8.8870,8.8910,2405,1790810339999,21382.2020,200,923,8206.0210,0
1790810340000,8.8900,8.8930,8.8870,8.8900,3912,1790810399999,34777.8840,247,2000,17781.5970,0
1790810400000,8.8890,8.8890,8.8830,8.8880,1639,1790810459999,14563.7970,207,1055,9374.6020,0
1790810460000,8.8880,8.9180,8.8860,8.9020,11726,1790810519999,104422.9870,643,4935,43926.9460,0
1790810520000,8.9020,8.9030,8.8970,8.8970,3146,1790810579999,28000.5430,160,1401,12468.9260,0
1790810580000,8.8960,8.8970,8.8900,8.8920,6357,1790810639999,56532.5680,273,2321,20640.2900,0
1790810640000,8.8920,8.8920,8.8800,8.8860,6626,1790810699999,58870.0390,311,2987,26538.5740,0
1790810700000,8.8870,8.8930,8.8860,8.8860,6004,1790810759999,53371.6290,211,1745,15510.4980,0
1790810760000,8.8850,8.8910,8.8840,8.8890,4318,1790810819999,38377.3430,182,1589,14121.2400,0
1790810820000,8.8880,8.8890,8.8850,8.8880,2767,1790810879999,24589.6320,179,936,8318.2200,0
1790810880000,8.8880,8.8880,8.8790,8.8820,6364,1790810939999,56530.2430,311,2891,25679.9500,0
1790810940000,8.8820,8.8830,8.8780,8.8810,3467,1790810999999,30788.8710,158,1621,14394.7230,0
1790811000000,8.8800,8.8890,8.8780,8.8860,4775,1790811059999,42420.5530,215,3344,29708.7630,0
1790811060000,8.8860,8.8860,8.8760,8.8760,4211,1790811119999,37388.9380,192,37,328.6030,0
1790811120000,8.8760,8.8760,8.8710,8.8710,5171,1790811179999,45887.0650,282,2084,18493.6630,0
1790811180000,8.8710,8.8710,8.8610,8.8670,7567,1790811239999,67083.3850,374,3796,33648.7360,0
1790811240000,8.8670,8.8800,8.8660,8.8790,7355,1790811299999,65257.8860,312,2951,26184.8110,0
1790811300000,8.8800,8.8840,8.8740,8.8800,14869,1790811359999,131976.8260,365,2904,25782.5740,0
1790811360000,8.8800,8.8990,8.8800,8.8890,7385,1790811419999,65644.2700,413,4834,42963.4040,0
1790811420000,8.8880,8.8890,8.8830,8.8870,4486,1790811479999,39864.4870,214,2764,24560.9480,0
1790811480000,8.8860,8.8940,8.8840,8.8920,3959,1790811539999,35191.0520,252,2809,24967.3770,0
1790811540000,8.8910,8.8920,8.8840,8.8840,1471,1790811599999,13075.9390,101,531,4719.6720,0
1790811600000,8.8840,8.8910,8.8830,8.8910,3533,1790811659999,31390.3900,303,2862,25429.1090,0
1790811660000,8.8910,8.8950,8.8880,8.8910,7489,1790811719999,66584.2110,301,4827,42914.1350,0
1790811720000,8.8900,8.8900,8.8850,8.8850,1069,1790811779999,9500.8350,95,105,933.2420,0
1790811780000,8.8860,8.8870,8.8820,8.8860,4192,1790811839999,37246.8670,238,2012,17877.2740,0
1790811840000,8.8860,8.8900,8.8850,8.8860,3681,1790811899999,32715.0460,166,1834,16299.9400,0
1790811900000,8.8860,8.8880,8.8790,8.8790,4005,1790811959999,35576.7670,192,956,8494.1100,0
1790811960000,8.8800,8.8800,8.8750,8.8760,5084,1790812019999,45127.4340,184,1847,16394.6130,0
1790812020000,8.8760,8.8780,8.8720,8.8720,2680,1790812079999,23786.8750,149,1137,10092.0640,0
1790812080000,8.8720,8.8720,8.8680,8.8720,3871,1790812139999,34338.8330,195,1496,13271.6440,0
1790812140000,8.8730,8.8770,8.8720,8.8760,2622,1790812199999,23268.0650,172,1929,17118.2570,0
1790812200000,8.8760,8.8760,8.8690,8.8710,3372,1790812259999,29918.6240,270,1480,13132.3340,0
1790812260000,8.8710,8.8730,8.8650,8.8670,9093,1790812319999,80645.6140,398,5007,44410.0280,0
1790812320000,8.8680,8.8690,8.8650,8.8650,6142,1790812379999,54462.3890,264,3395,30104.8970,0
1790812380000,8.8660,8.8730,8.8660,8.8680,3977,1790812439999,35274.0950,265,2764,24514.9880,0
1790812440000,8.8670,8.8700,8.8630,8.8630,1926,1790812499999,17076.8450,181,630,5585.9000,0
1790812500000,8.8630,8.8670,8.8610,8.8630,2721,1790812559999,24118.7600,191,708,6276.4470,0
1790812560000,8.8630,8.8670,8.8620,8.8660,3316,1790812619999,29393.2460,204,1148,10176.7240,0
1790812620000,8.8660,8.8720,8.8630,8.8710,1685,1790812679999,14940.3430,180,1122,9949.1620,0
1790812680000,8.8710,8.8740,8.8690,8.8730,1825,1790812739999,16189.4080,150,1271,11275.0350,0
1790812740000,8.8720,8.8760,8.8710,8.8760,3152,1790812799999,27970.4750,135,897,7960.4180,0
