1790726400000,0.2395300,0.2403500,0.2394300,0.2398900,146651,1790726459999,35162.0127400,1196,95010,22779.3539600,0
1790726460000,0.2398900,0.2404400,0.2395200,0.2402700,70814,1790726519999,16994.1858700,935,37482,8993.7747400,0
1790726520000,0.2402800,0.2406300,0.2400500,0.2402700,77919,1790726579999,18728.8326200,698,29570,7108.0817000,0
1790726580000,0.2402600,0.2412300,0.2402500,0.2407300,254934,1790726639999,61370.2550300,1617,134993,32510.5862000,0
1790726640000,0.2407300,0.2407300,0.2397100,0.2400900,81178,1790726699999,19498.0902600,877,32513,7807.9309400,0
1790726700000,0.2401100,0.2406100,0.2400100,0.2405300,76261,1790726759999,18328.9444000,876,50863,12225.3884900,0
1790726760000,0.2405300,0.2408000,0.2398200,0.2399800,33577,1790726819999,8065.7826500,588,14515,3486.1121000,0
1790726820000,0.2399800,0.2402600,0.2398300,0.2402100,40878,1790726879999,9814.1560800,489,21402,5139.1826500,0
1790726880000,0.2401800,0.2402100,0.2396200,0.2398500,38896,1790726939999,9328.9302700,473,10653,2554.6071600,0
1790726940000,0.2398400,0.2399200,0.2394300,0.2394400,43198,1790726999999,10353.6936000,340,9187,2202.4950700,0
1790727000000,0.2394300,0.2396500,0.2393000,0.2394800,71731,1790727059999,17174.7208100,464,24194,5793.4345000,0
1790727060000,0.2394600,0.2395400,0.2389600,0.2391400,68358,1790727119999,16352.0704200,543,37760,9031.4809300,0
1790727120000,0.2391300,0.2397800,0.2390100,0.2397800,76734,1790727179999,18374.2474600,590,31555,7557.9493600,0
1790727180000,0.2397600,0.2407000,0.2397600,0.2400400,154279,1790727239999,37056.9438200,679,106055,25481.9722000,0
1790727240000,0.2400400,0.2402600,0.2395800,0.2396400,74517,1790727299999,17873.2877400,406,37244,8928.8148900,0
1790727300000,0.2396500,0.2404000,0.2396400,0.2402700,120009,1790727359999,28809.4373600,665,72721,17459.9391800,0
1790727360000,0.2402500,0.2404600,0.2402100,0.2402600,44392,1790727419999,10668.4644200,433,27971,6722.0442100,0
1790727420000,0.2402500,0.2403300,0.2394500,0.2394500,111634,1790727479999,26777.1125600,774,30955,7422.1159000,0
1790727480000,0.2394500,0.2395300,0.2390700,0.2394200,38816,1790727539999,9287.7033300,561,15974,3822.7155600,0
1790727540000,0.2394100,0.2399400,0.2393900,0.2397700,41529,1790727599999,9955.5358200,492,25146,6027.7910600,0
1790727600000,0.2397700,0.2399800,0.2397100,0.2398700,23195,1790727659999,5563.1703500,375,11655,2795.5225500,0
1790727660000,0.2398700,0.2403300,0.2396600,0.2399800,80049,1790727719999,19210.7080100,932,42228,10133.8776600,0
1790727720000,0.2399900,0.2400400,0.2391700,0.2393400,44699,1790727779999,10702.5388400,467,9563,2290.4148700,0
1790727780000,0.2393400,0.2394100,0.2391000,0.2392900,45537,1790727839999,10894.3107600,418,18985,4541.5203600,0
1790727840000,0.2392900,0.2397400,0.2391600,0.2393800,44388,1790727899999,10630.5055500,565,19317,4626.6711300,0
1790727900000,0.2393600,0.2399000,0.2391600,0.2396100,44079,1790727959999,10557.6000100,584,19770,4736.3474100,0
1790727960000,0.2396800,0.2397600,0.2392900,0.2397200,33378,1790728019999,7995.5981900,560,14575,3491.7356700,0
1790728020000,0.2397200,0.2397200,0.2391500,0.2395600,74361,1790728079999,17805.8088900,687,32931,7887.4351300,0
1790728080000,0.2395700,0.2401800,0.2395700,0.2401200,54830,1790728139999,13157.4588400,455,28108,6744.1847300,0
1790728140000,0.2401400,0.2409500,0.2401400,0.2409300,66139,1790728199999,15915.3766300,519,58778,14144.6936900,0
1790728200000,0.2409300,0.2418200,0.2407700,0.2417200,147515,1790728259999,35597.1247000,1008,111396,26883.6800700,0
1790728260000,0.2417300,0.2421200,0.2410300,0.2421000,108505,1790728319999,26224.1945800,1028,53098,12833.1016900,0
1790728320000,0.2420900,0.2427500,0.2418400,0.2427500,107601,1790728379999,26055.7949000,837,64646,15657.1590900,0
1790728380000,0.2427500,0.2431100,0.2426300,0.2431100,136655,1790728439999,33193.1508900,778,85551,20781.2748500,0
1790728440000,0.2431100,0.2433300,0.2426900,0.2433300,80790,1790728499999,19632.4815900,575,41196,10013.5571200,0
1790728500000,0.2433200,0.2435400,0.2428100,0.2433100,134402,1790728559999,32689.1192500,938,42203,10265.8396100,0
1790728560000,0.2433000,0.2435000,0.2414000,0.2416100,146527,1790728619999,35529.6841400,1290,51317,12458.2944200,0
1790728620000,0.2415800,0.2415800,0.2408600,0.2410600,88368,1790728679999,21314.9885100,856,36213,8736.7429700,0
1790728680000,0.2410500,0.2423400,0.2410300,0.2423400,113824,1790728739999,27512.7894300,866,88839,21473.5212000,0
1790728740000,0.2423500,0.2427300,0.2417000,0.2425000,247626,1790728799999,60003.4726900,1223,145184,35202.5299000,0
1790728800000,0.2425100,0.2426600,0.2422300,0.2425600,85029,1790728859999,20617.1996600,718,45140,10948.3502900,0
1790728860000,0.2425700,0.2426000,0.2423200,0.2424600,30730,1790728919999,7450.7978200,374,8850,2145.9004800,0
1790728920000,0.2424600,0.2427900,0.2422800,0.2427300,51816,1790728979999,12562.9749700,436,12030,2917.6367300,0
1790728980000,0.2427400,0.2427500,0.2417500,0.2418400,86276,1790729039999,20913.2236500,460,16634,4031.0817500,0
1790729040000,0.2418400,0.2421900,0.2418200,0.2418800,27719,1790729099999,6707.0797900,375,11166,2701.7848500,0
1790729100000,0.2418600,0.2419300,0.2414000,0.2414000,30852,1790729159999,7456.2475700,407,11826,2858.2729700,0
1790729160000,0.2414000,0.2423500,0.2411400,0.2423100,73539,1790729219999,17773.0741400,713,39962,9661.9933800,0
1790729220000,0.2423200,0.2434700,0.2423200,0.2430400,192026,1790729279999,46642.6796100,1030,112411,27319.1003600,0
1790729280000,0.2430400,0.2430500,0.2417900,0.2421900,121761,1790729339999,29512.3904900,991,33394,8088.1722100,0
1790729340000,0.2422000,0.2423100,0.2419200,0.2419800,53726,1790729399999,13010.4609000,579,17810,4313.6622900,0
1790729400000,0.2419900,0.2421700,0.2418400,0.2419100,32380,1790729459999,7836.9618200,406,14551,3521.9522400,0
1790729460000,0.2419200,0.2422900,0.2415600,0.2421500,54044,1790729519999,13075.8099800,694,28849,6982.1706100,0
1790729520000,0.2421600,0.2422800,0.2417500,0.2418200,26504,1790729579999,6413.8192000,384,9982,2415.7789800,0
1790729580000,0.2418100,0.2420000,0.2414700,0.2419300,36564,1790729639999,8837.5056300,420,12274,2966.6526000,0
1790729640000,0.2419300,0.2423400,0.2417800,0.2419000,96965,1790729699999,23471.7641900,719,61259,14829.5101500,0
1790729700000,0.2418900,0.2436200,0.2417900,0.2436200,80979,1790729759999,19663.5064400,770,37405,9085.8684500,0
1790729760000,0.2436200,0.2442400,0.2435900,0.2442200,144921,1790729819999,35347.0714000,890,62253,15184.4410900,0
1790729820000,0.2442200,0.2446500,0.2435800,0.2446100,144983,1790729879999,35413.1526900,1399,72175,17633.7639800,0
1790729880000,0.2445900,0.2446000,0.2439000,0.2442100,110295,1790729939999,26940.5568900,939,26420,6451.9994500,0
1790729940000,0.2442100,0.2444000,0.2437100,0.2439200,90280,1790729999999,22038.7347600,684,27317,6668.1624500,0
1790730000000,0.2439100,0.2440800,0.2433900,0.2436400,83053,1790730059999,20243.2488600,856,39658,9668.7988900,0
1790730060000,0.2436500,0.2445300,0.2436500,0.2442800,137142,1790730119999,33458.8521900,1153,70966,17311.9730100,0
1790730120000,0.2442800,0.2455200,0.2441600,0.2450800,257580,1790730179999,63101.3670700,1069,158759,38893.6236700,0
1790730180000,0.2450800,0.2451300,0.2446200,0.2447800,84416,1790730239999,20670.9850400,789,37067,9077.8593000,0
1790730240000,0.2447800,0.2447800,0.2442600,0.2444300,104259,1790730299999,25496.9489400,974,33921,8297.5755500,0
1790730300000,0.2444300,0.2459700,0.2444300,0.2459200,102483,1790730359999,25133.7070600,1125,61174,15003.6496000,0
1790730360000,0.2459300,0.2461500,0.2449800,0.2453300,147039,1790730419999,36098.0556700,1081,83432,20486.2005600,0
1790730420000,0.2453200,0.2453500,0.2445400,0.2450100,54368,1790730479999,13315.9152700,702,14926,3654.8975800,0
1790730480000,0.2450000,0.2450400,0.2444800,0.2447700,79544,1790730539999,19466.8263300,739,29270,7163.4496800,0
1790730540000,0.2447700,0.2473100,0.2447700,0.2469700,745234,1790730599999,183563.5890200,3041,564640,139087.9932700,0
1790730600000,0.2469600,0.2469900,0.2462900,0.2464900,127841,1790730659999,31522.9999000,956,73442,18108.6909900,0
1790730660000,0.2464900,0.2476400,0.2464800,0.2469200,245189,1790730719999,60567.9144500,1732,183087,45233.6073900,0
1790730720000,0.2469300,0.2473700,0.2464800,0.2464800,155864,1790730779999,38508.7874000,1226,75964,18773.2871900,0
1790730780000,0.2464900,0.2466800,0.2461200,0.2463300,152111,1790730839999,37480.8732700,1135,83831,20661.4415200,0
1790730840000,0.2463200,0.2474900,0.2458800,0.2458800,425723,1790730899999,105070.1058500,2173,267132,65950.2962800,0
1790730900000,0.2458800,0.2461300,0.2451000,0.2456300,165929,1790730959999,40757.5776300,1027,55702,13688.4543100,0
1790730960000,0.2456800,0.2464000,0.2453300,0.2456000,122369,1790731019999,30080.9604300,1146,53288,13100.1355100,0
1790731020000,0.2455900,0.2457800,0.2450300,0.2452800,99782,1790731079999,24490.1668000,619,52545,12898.3933700,0
1790731080000,0.2452900,0.2455400,0.2450500,0.2450500,46460,1790731139999,11397.6072900,608,22083,5417.2507100,0
1790731140000,0.2450400,0.2452400,0.2448600,0.2451100,68658,1790731199999,16824.8605100,547,21864,5358.1343100,0
1790731200000,0.2451000,0.2451800,0.2449000,0.2451400,44107,1790731259999,10807.4656400,390,15397,3772.9983900,0
1790731260000,0.2451500,0.2456300,0.2449300,0.2451100,59671,1790731319999,14632.8053900,824,25858,6341.3975800,0
1790731320000,0.2451400,0.2456300,0.2449200,0.2454200,34182,1790731379999,8385.3165400,393,16886,4142.5877000,0
1790731380000,0.2454200,0.2457600,0.2452000,0.2457100,59925,1790731439999,14712.1265100,553,25979,6378.4701900,0
1790731440000,0.2456800,0.2465900,0.2455100,0.2465400,70399,1790731499999,17312.3579400,745,41036,10091.2830400,0
1790731500000,0.2465600,0.2467300,0.2460900,0.2460900,46255,1790731559999,11398.2504000,495,14078,3470.2415900,0
1790731560000,0.2461000,0.2462800,0.2447500,0.2448100,145566,1790731619999,35735.6371400,972,30569,7505.3001100,0
1790731620000,0.2448100,0.2448100,0.2440200,0.2443600,153474,1790731679999,37502.8471600,896,53018,12953.3323200,0
1790731680000,0.2443700,0.2444700,0.2441500,0.2442500,47161,1790731739999,11521.1930100,448,18136,4431.2164800,0
1790731740000,0.2442200,0.2444200,0.2440200,0.2443900,66862,1790731799999,16333.5409200,424,26388,6447.1411700,0
1790731800000,0.2443800,0.2447300,0.2436100,0.2444300,132037,1790731859999,32231.9920500,1358,73051,17837.3724400,0
1790731860000,0.2444200,0.2450000,0.2439900,0.2443900,92127,1790731919999,22532.8631500,1191,35416,8662.4674300,0
1790731920000,0.2443900,0.2449900,0.2443300,0.2449100,80309,1790731979999,19645.4862300,734,41570,10169.9444900,0
1790731980000,0.2449900,0.2450500,0.2445200,0.2450500,54086,1790732039999,13236.5880500,710,21147,5177.0728800,0
1790732040000,0.2450300,0.2451500,0.2437800,0.2437900,128735,1790732099999,31521.7643100,858,47591,11658.4960500,0
1790732100000,0.2437800,0.2446800,0.2422400,0.2432600,452930,1790732159999,110248.1397000,2139,115842,28198.6497100,0
1790732160000,0.2432500,0.2443200,0.2430800,0.2434800,199066,1790732219999,48524.1343600,1609,74767,18224.1817500,0
1790732220000,0.2434900,0.2436800,0.2423000,0.2426400,201006,1790732279999,48838.9482600,1556,73134,17778.9498200,0
1790732280000,0.2427400,0.2434000,0.2426400,0.2428400,116248,1790732339999,28234.6894700,827,23429,5694.1546100,0
1790732340000,0.2428500,0.2436500,0.2428500,0.2435000,46572,1790732399999,11337.3554500,643,30088,7323.1157800,0
1790732400000,0.2435300,0.2435300,0.2428300,0.2428400,114945,1790732459999,27939.3347300,858,23891,5807.8312900,0
1790732460000,0.2428400,0.2432800,0.2426100,0.2431400,73259,1790732519999,17798.4237500,791,32751,7955.6467300,0
1790732520000,0.2431600,0.2435800,0.2429700,0.2431900,48271,1790732579999,11746.8671400,499,25664,6245.9199200,0
1790732580000,0.2431800,0.2441500,0.2428500,0.2441200,61912,1790732639999,15064.0988000,581,28726,6993.8859800,0
1790732640000,0.2441200,0.2443800,0.2440800,0.2442800,38435,1790732699999,9387.2388800,457,24541,5994.0459100,0
1790732700000,0.2442800,0.2443700,0.2438600,0.2440700,50138,1790732759999,12237.5152000,570,17364,4238.2426100,0
1790732760000,0.2440800,0.2447900,0.2439500,0.2445800,69844,1790732819999,17067.7802700,751,35332,8634.7798200,0
1790732820000,0.2445800,0.2446700,0.2441200,0.2445200,55878,1790732879999,13661.2541900,619,39149,9572.2105500,0
1790732880000,0.2445300,0.2445900,0.2443100,0.2445100,68534,1790732939999,16754.0607500,513,40624,9931.6188700,0
1790732940000,0.2445100,0.2447600,0.2442900,0.2444500,158092,1790732999999,38656.0925300,668,22228,5436.4948300,0
1790733000000,0.2444600,0.2445400,0.2437600,0.2442100,57629,1790733059999,14074.8790800,546,18601,4543.0502100,0
1790733060000,0.2441900,0.2444000,0.2437700,0.2443500,66066,1790733119999,16128.6674500,597,33267,8121.1355500,0
1790733120000,0.2443500,0.2445200,0.2437900,0.2437900,61200,1790733179999,14944.6193800,478,9890,2416.6749800,0
1790733180000,0.2437800,0.2437800,0.2430300,0.2432200,81647,1790733239999,19867.1785900,498,10464,2548.6157200,0
1790733240000,0.2432100,0.2440400,0.2432000,0.2440400,37395,1790733299999,9115.6835600,403,16704,4070.7122700,0
1790733300000,0.2440300,0.2440300,0.2434400,0.2435500,41778,1790733359999,10183.4234600,473,19746,4814.2263700,0
1790733360000,0.2435400,0.2437900,0.2431800,0.2433200,31382,1790733419999,7644.3909000,414,9737,2371.7800200,0
1790733420000,0.2433200,0.2437300,0.2431500,0.2435900,34974,1790733479999,8516.7144600,464,20080,4889.8227200,0
1790733480000,0.2435800,0.2437100,0.2433200,0.2434300,52032,1790733539999,12669.6273300,553,28616,6968.4673500,0
1790733540000,0.2434200,0.2434200,0.2430600,0.2432000,44685,1790733599999,10867.5466200,389,12178,2961.5366200,0
1790733600000,0.2432000,0.2436700,0.2430500,0.2435000,95092,1790733659999,23133.8815400,600,66979,16295.0140900,0
1790733660000,0.2434900,0.2438300,0.2433800,0.2436800,62329,1790733719999,15185.0107100,591,32326,7875.5246200,0
1790733720000,0.2436800,0.2437300,0.2428900,0.2429500,58781,1790733779999,14297.2639100,650,19889,4838.0102800,0
1790733780000,0.2429300,0.2431300,0.2425900,0.2428800,69023,1790733839999,16762.1058000,791,32405,7870.2337400,0
1790733840000,0.2428900,0.2435900,0.2428500,0.2433900,52696,1790733899999,12818.9804800,608,19463,4734.8896600,0
1790733900000,0.2433900,0.2439000,0.2433900,0.2436000,38667,1790733959999,9421.8023800,483,22235,5417.4954700,0
1790733960000,0.2436000,0.2439800,0.2432600,0.2432700,85114,1790734019999,20732.3304400,671,31657,7716.4963200,0
1790734020000,0.2432500,0.2443200,0.2432100,0.2440600,67493,1790734079999,16468.0891700,679,37041,9035.7589700,0
1790734080000,0.2440500,0.2440500,0.2427800,0.2427800,66241,1790734139999,16120.1569900,816,21067,5126.7660600,0
1790734140000,0.2428000,0.2428600,0.2422100,0.2423000,129801,1790734199999,31475.0709300,946,55334,13417.3035000,0
1790734200000,0.2422900,0.2423000,0.2416200,0.2419700,140078,1790734259999,33904.1819700,923,58680,14209.4610400,0
1790734260000,0.2419700,0.2421700,0.2417900,0.2418600,55332,1790734319999,13388.9325100,507,25608,6196.9664100,0
1790734320000,0.2418500,0.2420900,0.2416800,0.2417900,66785,1790734379999,16152.4478200,563,28135,6805.9936200,0
1790734380000,0.2418000,0.2421100,0.2416500,0.2416500,38512,1790734439999,9313.9361600,535,12738,3081.0601400,0
1790734440000,0.2416500,0.2422100,0.2413800,0.2419500,88613,1790734499999,21424.1217900,604,49200,11894.3912500,0
1790734500000,0.2419600,0.2425300,0.2416600,0.2423900,69499,1790734559999,16824.5060800,714,34842,8436.2849600,0
1790734560000,0.2423800,0.2423800,0.2412000,0.2415100,68830,1790734619999,16648.2466100,655,28109,6794.1819100,0
1790734620000,0.2415100,0.2420500,0.2414900,0.2416900,56389,1790734679999,13629.0005600,529,33881,8188.6236500,0
1790734680000,0.2416900,0.2423000,0.2414800,0.2417100,52824,1790734739999,12779.1226600,720,26409,6390.0400200,0
1790734740000,0.2417000,0.2417600,0.2408600,0.2409600,137316,1790734799999,33145.5161400,788,23076,5567.5198900,0
1790734800000,0.2409700,0.2411800,0.2408200,0.2410000,66131,1790734859999,15935.8354200,447,27936,6733.4262100,0
1790734860000,0.2409900,0.2410000,0.2400100,0.2410000,271023,1790734919999,65193.4466000,1163,51423,12379.1143200,0
1790734920000,0.2409900,0.2420100,0.2409900,0.2415000,155429,1790734979999,37545.0678700,922,134804,32567.9370200,0
1790734980000,0.2415100,0.2420100,0.2407900,0.2407900,112192,1790735039999,27083.1551400,909,17570,4245.6063800,0
1790735040000,0.2407900,0.2410400,0.2401400,0.2403400,85393,1790735099999,20549.7701400,621,35575,8565.2218400,0
1790735100000,0.2403400,0.2407300,0.2402900,0.2406700,64604,1790735159999,15541.6743700,501,42096,10126.8974100,0
1790735160000,0.2406700,0.2407200,0.2401900,0.2402200,51257,1790735219999,12326.3520600,402,22203,5339.1741200,0
1790735220000,0.2402300,0.2403000,0.2398100,0.2400800,127385,1790735279999,30583.1920200,605,42460,10197.4742000,0
1790735280000,0.2400700,0.2400700,0.2398000,0.2399100,41256,1790735339999,9897.9770200,278,13777,3304.8662600,0
1790735340000,0.2399100,0.2399300,0.2396100,0.2398700,96850,1790735399999,23227.1805400,430,39985,9590.8650500,0
1790735400000,0.2398800,0.2405700,0.2398800,0.2401900,148254,1790735459999,35608.8408700,815,113391,27232.3717100,0
1790735460000,0.2402200,0.2411300,0.2400900,0.2407700,87120,1790735519999,20962.5444000,752,47774,11495.4521800,0
1790735520000,0.2407900,0.2409700,0.2402000,0.2404100,136336,1790735579999,32793.9784300,846,46011,11072.0527900,0
1790735580000,0.2404200,0.2405300,0.2402000,0.2403900,60881,1790735639999,14630.5401700,407,23097,5550.9202100,0
1790735640000,0.2404000,0.2405700,0.2399800,0.2401000,59094,1790735699999,14199.1597600,496,25466,6119.9676900,0
1790735700000,0.2401100,0.2402100,0.2397400,0.2399000,75806,1790735759999,18185.3130400,694,21558,5171.8225400,0
1790735760000,0.2399000,0.2400800,0.2397800,0.2399100,37078,1790735819999,8895.3968900,388,21276,5104.8762600,0
1790735820000,0.2399000,0.2402700,0.2395700,0.2397800,82834,1790735879999,19866.8411100,479,23770,5702.3165500,0
1790735880000,0.2397700,0.2401800,0.2395600,0.2401200,101101,1790735939999,24243.2532500,629,62896,15084.4496900,0
1790735940000,0.2401300,0.2405100,0.2399200,0.2405100,46413,1790735999999,11149.5954800,417,33258,7990.3686800,0
1790736000000,0.2405200,0.2416300,0.2405000,0.2414500,130606,1790736059999,31490.8639700,672,102883,24816.5649400,0
1790736060000,0.2413800,0.2415100,0.2407800,0.2410700,74870,1790736119999,18054.9567800,443,19716,4753.3796000,0
1790736120000,0.2410900,0.2411000,0.2404000,0.2404000,112135,1790736179999,27005.4118700,665,19665,4737.9073500,0
1790736180000,0.2404200,0.2410000,0.2403500,0.2409200,70956,1790736239999,17070.3841500,376,34941,8407.7560200,0
1790736240000,0.2409100,0.2412500,0.2408100,0.2408100,57939,1790736299999,13965.3922500,324,25224,6081.0191900,0
1790736300000,0.2408000,0.2408800,0.2403600,0.2408800,69532,1790736359999,16726.3139600,458,22155,5330.7657000,0
1790736360000,0.2408900,0.2417500,0.2408900,0.2414900,105400,1790736419999,25445.1354400,911,67514,16296.7930500,0
1790736420000,0.2414800,0.2421300,0.2414000,0.2415400,83175,1790736479999,20114.0364500,552,57315,13861.0755100,0
1790736480000,0.2415400,0.2418400,0.2411900,0.2413700,77480,1790736539999,18718.2946700,699,41304,9981.5096200,0
1790736540000,0.2413800,0.2421700,0.2412800,0.2417500,50428,1790736599999,12188.7868800,522,24365,5887.0168100,0
1790736600000,0.2417400,0.2418600,0.2415200,0.2417300,44368,1790736659999,10722.7097400,314,13738,3320.4814100,0
1790736660000,0.2417300,0.2420200,0.2414200,0.2414200,57419,1790736719999,13883.2330400,469,13319,3220.8954800,0
1790736720000,0.2414200,0.2421600,0.2413500,0.2417300,78267,1790736779999,18918.9208600,743,54943,13278.0213200,0
1790736780000,0.2417000,0.2418800,0.2412800,0.2415100,103113,1790736839999,24907.9483300,507,15484,3741.0775800,0
1790736840000,0.2415000,0.2415400,0.2411800,0.2411800,42617,1790736899999,10284.7537600,352,20260,4889.2086800,0
1790736900000,0.2411800,0.2415800,0.2410800,0.2413800,41725,1790736959999,10069.5838200,403,16631,4014.1259500,0
1790736960000,0.2413900,0.2417800,0.2411600,0.2412500,59154,1790737019999,14279.9068300,471,17135,4136.9814800,0
1790737020000,0.2412400,0.2415700,0.2412000,0.2413900,44295,1790737079999,10692.4134100,369,25237,6091.2266600,0
1790737080000,0.2413800,0.2414700,0.2409200,0.2409200,52623,1790737139999,12689.7787200,479,12096,2917.6929300,0
1790737140000,0.2409200,0.2415000,0.2407500,0.2415000,22524,1790737199999,5428.1478000,326,13839,3336.3101400,0
1790737200000,0.2415000,0.2420200,0.2412300,0.2412600,44394,1790737259999,10731.0841000,603,19931,4817.5738000,0
1790737260000,0.2412600,0.2412600,0.2400300,0.2400800,100672,1790737319999,24234.0594900,880,54693,13172.8063200,0
1790737320000,0.2400700,0.2405200,0.2398900,0.2402000,85672,1790737379999,20572.1155500,665,46325,11123.6713800,0
1790737380000,0.2401800,0.2407100,0.2401500,0.2407100,42448,1790737439999,10205.9948900,433,29958,7203.2579200,0
1790737440000,0.2407000,0.2412400,0.2406000,0.2411100,28946,1790737499999,6975.5215500,481,17392,4191.1207700,0
1790737500000,0.2411000,0.2414400,0.2408700,0.2413600,35918,1790737559999,8659.3011200,412,13671,3296.3167100,0
1790737560000,0.2413700,0.2414100,0.2408500,0.2408600,34173,1790737619999,8237.7623600,378,5160,1243.6638000,0
1790737620000,0.2408500,0.2409700,0.2402500,0.2408700,69578,1790737679999,16741.4314700,577,47611,11455.2797200,0
1790737680000,0.2408700,0.2409000,0.2404000,0.2404300,48694,1790737739999,11718.5568600,490,26430,6359.9198300,0
1790737740000,0.2404300,0.2406100,0.2403700,0.2404300,38958,1790737799999,9368.4906200,267,19420,4670.1272600,0
1790737800000,0.2404200,0.2407500,0.2377300,0.2399800,1045109,1790737859999,250035.3477300,2563,261370,62664.9578100,0
1790737860000,0.2399600,0.2401500,0.2394400,0.2395400,173808,1790737919999,41685.4189300,718,52569,12605.4533600,0
1790737920000,0.2395300,0.2401400,0.2395300,0.2399000,52053,1790737979999,12485.1171700,477,22590,5416.7771400,0
1790737980000,0.2399100,0.2400000,0.2395100,0.2398200,75950,1790738039999,18211.0062100,564,46182,11073.9736400,0
1790738040000,0.2398300,0.2398900,0.2387300,0.2392000,189437,1790738099999,45312.9553500,853,23448,5609.7094800,0
1790738100000,0.2392100,0.2400100,0.2391000,0.2399500,152233,1790738159999,36450.9811500,641,61016,14615.4625400,0
1790738160000,0.2399400,0.2400600,0.2379500,0.2381900,278209,1790738219999,66452.0673700,1413,83231,19929.2691500,0
1790738220000,0.2382300,0.2386400,0.2369600,0.2382600,563219,1790738279999,133958.7972500,1905,201475,47957.3482100,0
1790738280000,0.2382500,0.2382500,0.2375700,0.2378300,122004,1790738339999,29015.4377200,811,26341,6264.6984300,0
1790738340000,0.2378200,0.2380100,0.2374400,0.2376900,128430,1790738399999,30536.9180200,586,40914,9730.0745800,0
1790738400000,0.2376800,0.2380000,0.2375000,0.2379100,95527,1790738459999,22708.3590100,514,58015,13793.1805900,0
1790738460000,0.2379100,0.2385200,0.2379100,0.2384800,79262,1790738519999,18887.1542200,582,48023,11445.0417300,0
1790738520000,0.2384900,0.2392800,0.2384600,0.2392700,175426,1790738579999,41892.7746900,1104,107668,25715.1931000,0
1790738580000,0.2392700,0.2397200,0.2391500,0.2393800,150721,1790738639999,36082.4414500,792,119536,28619.9798700,0
1790738640000,0.2393900,0.2394800,0.2388000,0.2391000,53249,1790738699999,12728.1010900,416,19762,4723.6705900,0
1790738700000,0.2391100,0.2391200,0.2387100,0.2388700,54703,1790738759999,13070.9787500,485,30597,7311.7031900,0
1790738760000,0.2388700,0.2389800,0.2385500,0.2387200,77197,1790738819999,18430.9538300,430,52722,12588.7796000,0
1790738820000,0.2387100,0.2388900,0.2382400,0.2386200,138118,1790738879999,32941.8427700,663,28484,6796.9525600,0
1790738880000,0.2386300,0.2389800,0.2386300,0.2387600,75154,1790738939999,17944.6087300,317,39693,9478.7052200,0
1790738940000,0.2387700,0.2389100,0.2386500,0.2387100,43022,1790738999999,10271.8385800,211,18600,4441.0535300,0
1790739000000,0.2387000,0.2387900,0.2382600,0.2383800,52013,1790739059999,12406.6931900,561,25910,6180.7479600,0
1790739060000,0.2383900,0.2385000,0.2378900,0.2379000,106309,1790739119999,25320.0617200,689,34357,8184.7578900,0
1790739120000,0.2379000,0.2380100,0.2374100,0.2375900,100950,1790739179999,23994.0072500,562,11466,2727.2003500,0
1790739180000,0.2375900,0.2379300,0.2372900,0.2378000,115933,1790739239999,27543.6362300,828,36134,8586.6311700,0
1790739240000,0.2378100,0.2379300,0.2375500,0.2378900,72853,1790739299999,17317.7777400,444,26882,6391.4943600,0
1790739300000,0.2379000,0.2382000,0.2375500,0.2376000,85738,1790739359999,20396.4142400,655,51604,12279.2093000,0
1790739360000,0.2375800,0.2385500,0.2375600,0.2385500,71735,1790739419999,17076.5770700,651,57792,13759.5308900,0
1790739420000,0.2385100,0.2390400,0.2384500,0.2388400,77803,1790739479999,18579.1865700,433,65754,15701.2092400,0
1790739480000,0.2388500,0.2389800,0.2387400,0.2389300,47552,1790739539999,11359.0365300,355,31861,7610.9616600,0
1790739540000,0.2389300,0.2395300,0.2389300,0.2394400,49094,1790739599999,11746.3291500,427,27512,6583.0636100,0
1790739600000,0.2394400,0.2394900,0.2392700,0.2392800,39302,1790739659999,9407.5362900,257,22253,5326.9553500,0
1790739660000,0.2392800,0.2394000,0.2391500,0.2391500,31849,1790739719999,7620.8277300,219,9803,2345.9560700,0
1790739720000,0.2391600,0.2391700,0.2387000,0.2388400,55891,1790739779999,13354.4342100,442,29113,6956.4975900,0
1790739780000,0.2388300,0.2390200,0.2387500,0.2387500,21315,1790739839999,5091.6778100,169,15215,3634.5617700,0
1790739840000,0.2387500,0.2388600,0.2384100,0.2384100,23854,1790739899999,5694.0415000,226,11142,2660.0819300,0
1790739900000,0.2384200,0.2386800,0.2381800,0.2381900,53214,1790739959999,12687.8087900,550,29559,7049.7417700,0
1790739960000,0.2382000,0.2382500,0.2381200,0.2382000,16998,1790740019999,4048.6562900,151,7493,1784.7879000,0
1790740020000,0.2382000,0.2384800,0.2381500,0.2382600,37717,1790740079999,8988.2746100,404,22270,5306.8669300,0
1790740080000,0.2382800,0.2384200,0.2381000,0.2381600,37404,1790740139999,8910.3195800,341,16766,3993.9039800,0
1790740140000,0.2381500,0.2384400,0.2381100,0.2381100,23240,1790740199999,5537.4110200,212,14555,3468.0454500,0
1790740200000,0.2381000,0.2381000,0.2375000,0.2376200,102012,1790740259999,24255.0273000,729,20862,4961.9329800,0
1790740260000,0.2376100,0.2376100,0.2370100,0.2370100,76894,1790740319999,18253.5430400,508,28199,6697.2471600,0
1790740320000,0.2370300,0.2371000,0.2366300,0.2369700,109060,1790740379999,25839.4559800,567,22967,5442.8565000,0
1790740380000,0.2369600,0.2373500,0.2368600,0.2371700,74167,1790740439999,17585.1379100,594,52196,12376.4036300,0
1790740440000,0.2371800,0.2377000,0.2371800,0.2376700,54778,1790740499999,13005.6318300,335,38076,9039.2705700,0
1790740500000,0.2376800,0.2377700,0.2368100,0.2369300,109553,1790740559999,25982.6399200,720,30743,7295.0659200,0
1790740560000,0.2369200,0.2370400,0.2366400,0.2367600,57808,1790740619999,13693.1040300,537,24333,5764.7109200,0
1790740620000,0.2367600,0.2372400,0.2367600,0.2370200,46260,1790740679999,10962.8364700,334,34895,8269.1852700,0
1790740680000,0.2370300,0.2373400,0.2370000,0.2373400,22363,1790740739999,5303.6403200,213,16533,3921.1617600,0
1790740740000,0.2373400,0.2376000,0.2372100,0.2375900,34790,1790740799999,8262.1179400,349,18706,4442.4369500,0
1790740800000,0.2375500,0.2379700,0.2374800,0.2377500,132741,1790740859999,31559.7877500,822,92088,21897.3752200,0
1790740860000,0.2377400,0.2378000,0.2373300,0.2373500,48093,1790740919999,11422.4052000,495,21302,5059.5374400,0
1790740920000,0.2373600,0.2385200,0.2372600,0.2385200,113333,1790740979999,26956.4277600,743,75262,17911.3205800,0
1790740980000,0.2384600,0.2386400,0.2379100,0.2382700,103963,1790741039999,24771.1729600,792,47469,11308.7427800,0
1790741040000,0.2382700,0.2387900,0.2380600,0.2386700,79991,1790741099999,19073.4555600,657,55893,13326.6266000,0
1790741100000,0.2386800,0.2387600,0.2384000,0.2384100,23715,1790741159999,5658.0185200,231,3184,759.6986600,0
1790741160000,0.2384100,0.2393000,0.2381700,0.2383700,163097,1790741219999,38961.2436400,779,123446,29500.4407700,0
1790741220000,0.2383800,0.2386200,0.2380800,0.2385700,81738,1790741279999,19485.2217300,638,65609,15641.8524900,0
1790741280000,0.2385800,0.2385800,0.2380900,0.2380900,47002,1790741339999,11203.6724200,342,10702,2550.0965500,0
1790741340000,0.2381000,0.2381200,0.2375700,0.2377500,45881,1790741399999,10911.4860300,413,16177,3845.9245200,0
1790741400000,0.2377600,0.2382900,0.2377600,0.2379800,89144,1790741459999,21218.2254400,535,48905,11641.3523200,0
1790741460000,0.2379700,0.2386100,0.2379300,0.2385700,40082,1790741519999,9553.2008400,415,29430,7015.5185100,0
1790741520000,0.2385700,0.2387200,0.2381900,0.2381900,39814,1790741579999,9495.4226700,363,15706,3746.4205900,0
1790741580000,0.2381900,0.2384900,0.2381700,0.2382700,30911,1790741639999,7365.6755100,334,19866,4733.6839700,0
1790741640000,0.2382200,0.2385400,0.2382200,0.2384200,38028,1790741699999,9065.8886500,357,28039,6684.3541500,0
1790741700000,0.2384300,0.2392500,0.2382600,0.2391700,168514,1790741759999,40232.6604700,1007,94536,22576.5601300,0
1790741760000,0.2391700,0.2395500,0.2390300,0.2392900,93918,1790741819999,22480.8172600,555,33241,7955.7588500,0
1790741820000,0.2393200,0.2396300,0.2392600,0.2396300,37457,1790741879999,8969.1508300,295,27831,6664.2006500,0
1790741880000,0.2396400,0.2397100,0.2392800,0.2394500,36015,1790741939999,8625.4702000,331,17949,4298.6623100,0
1790741940000,0.2394600,0.2394600,0.2384700,0.2385200,91134,1790741999999,21767.6275700,498,18744,4477.0113100,0
1790742000000,0.2385300,0.2388000,0.2383800,0.2384700,66252,1790742059999,15803.8263000,277,44503,10616.5271400,0
1790742060000,0.2384600,0.2388600,0.2383800,0.2386200,47246,1790742119999,11273.2522900,382,36278,8656.2812200,0
1790742120000,0.2386200,0.2392300,0.2386000,0.2391400,61621,1790742179999,14734.0753600,322,17277,4130.1102400,0
1790742180000,0.2391300,0.2394200,0.2389800,0.2391900,64234,1790742239999,15365.9139600,430,24761,5922.9403500,0
1790742240000,0.2391800,0.2392900,0.2386600,0.2387000,46470,1790742299999,11103.9259700,420,23310,5570.8713700,0
1790742300000,0.2387000,0.2403400,0.2386600,0.2402100,142598,1790742359999,34180.1033800,846,113427,27181.9662600,0
1790742360000,0.2402100,0.2402100,0.2394100,0.2394300,40673,1790742419999,9746.5690300,393,16062,3849.0335600,0
1790742420000,0.2394300,0.2394600,0.2385600,0.2385800,118627,1790742479999,28334.5167400,561,42168,10067.1726700,0
1790742480000,0.2385900,0.2388300,0.2383200,0.2383200,31270,1790742539999,7460.7367600,291,10475,2500.2077800,0
1790742540000,0.2383200,0.2384300,0.2380800,0.2381100,64602,1790742599999,15387.5204200,250,42346,10086.5105500,0
1790742600000,0.2381100,0.2384200,0.2380400,0.2383400,35959,1790742659999,8567.5137800,299,22386,5333.5814400,0
1790742660000,0.2383300,0.2383300,0.2378400,0.2381000,46386,1790742719999,11041.2092900,476,16151,3844.3293300,0
1790742720000,0.2380900,0.2381700,0.2378400,0.2380400,51962,1790742779999,12367.1272600,372,23616,5620.6491500,0
1790742780000,0.2380300,0.2381900,0.2378300,0.2380200,27178,1790742839999,6468.8226700,214,13149,3129.9193000,0
1790742840000,0.2380300,0.2385700,0.2378300,0.2378400,44075,1790742899999,10501.2245000,383,21095,5027.1817500,0
1790742900000,0.2378500,0.2387000,0.2376700,0.2387000,105781,1790742959999,25188.6471600,594,92532,22036.4332400,0
1790742960000,0.2387000,0.2391000,0.2384000,0.2388300,53021,1790743019999,12658.4132700,558,22054,5266.0065800,0
1790743020000,0.2388200,0.2388200,0.2383000,0.2385100,28479,1790743079999,6791.8850600,312,11148,2658.3136000,0
1790743080000,0.2385200,0.2389400,0.2385200,0.2389000,27062,1790743139999,6460.6862200,293,16771,4003.1525600,0
1790743140000,0.2389100,0.2390700,0.2385500,0.2388600,162836,1790743199999,38867.6007900,398,16327,3898.2075100,0
1790743200000,0.2388500,0.2388600,0.2384300,0.2384300,50551,1790743259999,12066.1956300,360,13783,3289.5331900,0
1790743260000,0.2384300,0.2391200,0.2384200,0.2389600,37599,1790743319999,8977.9651200,322,21424,5115.1037300,0
1790743320000,0.2389500,0.2390800,0.2388800,0.2390500,23767,1790743379999,5679.9630500,209,9182,2194.4578500,0
1790743380000,0.2390400,0.2394700,0.2389200,0.2393700,40606,1790743439999,9709.9720000,314,17074,4083.8709000,0
1790743440000,0.2393900,0.2398100,0.2393800,0.2396900,42200,1790743499999,10109.1046700,301,25987,6225.5628100,0
1790743500000,0.2396800,0.2401000,0.2396600,0.2400000,67360,1790743559999,16163.7826400,332,47272,11344.2415600,0
1790743560000,0.2400100,0.2400800,0.2393800,0.2398900,36646,1790743619999,8784.6487600,418,17915,4293.7673000,0
1790743620000,0.2398900,0.2398900,0.2393500,0.2393500,29536,1790743679999,7077.9472300,295,10862,2603.5223200,0
1790743680000,0.2393600,0.2397000,0.2391900,0.2397000,12436,1790743739999,2977.0306400,197,6521,1561.5227400,0
1790743740000,0.2397100,0.2398600,0.2392800,0.2392800,21990,1790743799999,5270.9444800,281,9154,2194.5856500,0
1790743800000,0.2392700,0.2393300,0.2390400,0.2392700,54153,1790743859999,12953.6580500,373,11809,2824.7306500,0
1790743860000,0.2392600,0.2393900,0.2388900,0.2389600,22782,1790743919999,5446.8899900,260,11305,2702.8168900,0
1790743920000,0.2389700,0.2395400,0.2389100,0.2393500,56467,1790743979999,13512.8757800,337,35533,8506.0446100,0
1790743980000,0.2393200,0.2393200,0.2391000,0.2391500,30537,1790744039999,7304.0753600,218,4402,1052.9229900,0
1790744040000,0.2391400,0.2393300,0.2389800,0.2389800,20686,1790744099999,4948.4700300,185,9221,2206.0624100,0
1790744100000,0.2389700,0.2393200,0.2389300,0.2390300,26037,1790744159999,6225.9245800,278,12500,2988.6523700,0
1790744160000,0.2390200,0.2390400,0.2388400,0.2388400,13421,1790744219999,3207.1838700,134,6134,1465.9320300,0
1790744220000,0.2388300,0.2390000,0.2385900,0.2389100,44401,1790744279999,10601.5555200,344,10239,2445.3729200,0
1790744280000,0.2389100,0.2389100,0.2387300,0.2388800,12445,1790744339999,2972.0424400,177,7187,1716.2994400,0
1790744340000,0.2388900,0.2389100,0.2385000,0.2386800,44970,1790744399999,10731.7060600,485,10901,2601.9122400,0
1790744400000,0.2386800,0.2402300,0.2386000,0.2401400,93088,1790744459999,22288.4793000,782,83957,20101.0327300,0
1790744460000,0.2401300,0.2406000,0.2399400,0.2405900,108255,1790744519999,26010.8410700,877,70144,16855.9990100,0
1790744520000,0.2406000,0.2407900,0.2402000,0.2402600,74024,1790744579999,17804.3072800,696,21298,5123.1589500,0
1790744580000,0.2402600,0.2405200,0.2394300,0.2394700,61731,1790744639999,14821.3822100,609,22751,5464.9173400,0
1790744640000,0.2394700,0.2394800,0.2388800,0.2391700,154945,1790744699999,37042.8299600,664,110913,26513.8335600,0
1790744700000,0.2391800,0.2392700,0.2386700,0.2392700,40975,1790744759999,9789.4377700,477,16794,4012.5847000,0
1790744760000,0.2392800,0.2396300,0.2391200,0.2393700,53439,1790744819999,12795.9473800,455,34874,8350.5495200,0
1790744820000,0.2393700,0.2395000,0.2389000,0.2389000,35204,1790744879999,8422.5161600,393,14862,3557.0352200,0
1790744880000,0.2388900,0.2390100,0.2384800,0.2387300,49168,1790744939999,11737.4193400,519,20873,4983.0297600,0
1790744940000,0.2387100,0.2389300,0.2384400,0.2387600,40064,1790744999999,9562.6731600,440,23136,5523.0503600,0
1790745000000,0.2387400,0.2389600,0.2384700,0.2385400,44349,1790745059999,10585.2054100,428,20353,4857.6593200,0
1790745060000,0.2385300,0.2388800,0.2384200,0.2388800,25357,1790745119999,6052.3289900,314,14236,3398.2271000,0
1790745120000,0.2388800,0.2393900,0.2388200,0.2388200,44493,1790745179999,10637.9440600,477,18099,4328.3606800,0
1790745180000,0.2388100,0.2389600,0.2387200,0.2388100,25200,1790745239999,6018.9886500,257,13424,3206.3574100,0
1790745240000,0.2388000,0.2388100,0.2382900,0.2384000,60625,1790745299999,14458.5656900,513,15418,3677.5331000,0
1790745300000,0.2384000,0.2384600,0.2379100,0.2380200,85094,1790745359999,20263.8101600,564,12817,3051.6417800,0
1790745360000,0.2380200,0.2383000,0.2378600,0.2380100,86335,1790745419999,20550.9780100,667,44472,10584.7407900,0
1790745420000,0.2380000,0.2384800,0.2377600,0.2379300,155957,1790745479999,37136.0192800,1033,54561,12991.7686900,0
1790745480000,0.2379500,0.2387600,0.2379400,0.2386200,60793,1790745539999,14501.4053300,680,29789,7104.1875800,0
1790745540000,0.2386200,0.2392900,0.2384800,0.2390500,50721,1790745599999,12119.1444500,625,34121,8152.0069300,0
1790745600000,0.2390500,0.2393800,0.2386800,0.2390500,76554,1790745659999,18295.0285300,706,26369,6303.5186000,0
1790745660000,0.2390500,0.2390600,0.2383900,0.2385800,50993,1790745719999,12171.3512900,487,18058,4313.2982800,0
1790745720000,0.2385800,0.2389300,0.2384700,0.2389300,34382,1790745779999,8207.7203600,484,24198,5777.0785100,0
1790745780000,0.2389300,0.2393500,0.2389300,0.2393200,47460,1790745839999,11349.7757500,459,34961,8360.7452600,0
1790745840000,0.2393200,0.2400200,0.2391800,0.2399800,63727,1790745899999,15267.9675100,618,45250,10841.8279300,0
1790745900000,0.2400000,0.2401400,0.2389500,0.2390800,107138,1790745959999,25648.9993100,794,34433,8239.6162900,0
1790745960000,0.2390800,0.2395000,0.2390600,0.2391100,41190,1790746019999,9853.9256600,370,26474,6333.3254000,0
1790746020000,0.2391200,0.2398400,0.2391000,0.2395200,62411,1790746079999,14947.1524500,564,31690,7587.6858300,0
1790746080000,0.2395200,0.2399500,0.2393800,0.2399500,33647,1790746139999,8064.5190000,418,25299,6063.8671800,0
1790746140000,0.2399500,0.2411000,0.2399400,0.2402300,305722,1790746199999,73516.6003000,863,257353,61891.6632600,0
1790746200000,0.2402200,0.2410200,0.2399300,0.2409800,116962,1790746259999,28110.8845200,1006,55756,13407.4186000,0
1790746260000,0.2409900,0.2418700,0.2409500,0.2418300,220119,1790746319999,53135.9706000,1320,126799,30607.5720200,0
1790746320000,0.2418300,0.2419500,0.2407900,0.2410600,170005,1790746379999,41016.8941600,1312,61658,14877.3254800,0
1790746380000,0.2410600,0.2410700,0.2402900,0.2406200,67546,1790746439999,16252.8299000,765,42030,10112.3533300,0
1790746440000,0.2406100,0.2409900,0.2405900,0.2406700,86131,1790746499999,20738.4670100,640,54005,13005.1528800,0
1790746500000,0.2406600,0.2415500,0.2404200,0.2410800,219454,1790746559999,52892.7227200,1427,148318,35744.1443900,0
1790746560000,0.2410800,0.2413100,0.2405500,0.2406000,55747,1790746619999,13429.6153400,539,23850,5746.6028000,0
1790746620000,0.2405800,0.2406600,0.2401100,0.2401700,47110,1790746679999,11324.8705200,433,18548,4460.9797300,0
1790746680000,0.2401600,0.2406800,0.2401200,0.2404300,64884,1790746739999,15601.9687000,411,47410,11400.2150100,0
1790746740000,0.2404200,0.2407500,0.2404000,0.2404100,15498,1790746799999,3727.9373500,258,7411,1782.5349800,0
1790746800000,0.2404100,0.2406300,0.2398800,0.2399800,89230,1790746859999,21431.6445600,701,30654,7367.0531900,0
1790746860000,0.2399800,0.2401600,0.2399000,0.2399600,33761,1790746919999,8103.9210300,307,13501,3240.9264600,0
1790746920000,0.2399700,0.2400800,0.2399700,0.2400700,12851,1790746979999,3084.3848800,112,2316,555.9145800,0
1790746980000,0.2400700,0.2401500,0.2398500,0.2401100,31343,1790747039999,7521.5373600,290,14802,3551.9060000,0
1790747040000,0.2401100,0.2407300,0.2401100,0.2404200,66441,1790747099999,15982.5843500,504,45380,10917.3375900,0
1790747100000,0.2404200,0.2406400,0.2401600,0.2403100,32272,1790747159999,7759.1209800,417,13359,3212.3421500,0
1790747160000,0.2403100,0.2404100,0.2399800,0.2400000,36874,1790747219999,8858.0610500,524,18782,4512.0542800,0
1790747220000,0.2400000,0.2400500,0.2395700,0.2396200,49634,1790747279999,11902.6774600,397,8976,2152.7367700,0
1790747280000,0.2396300,0.2397000,0.2394800,0.2395700,16713,1790747339999,4003.7916700,264,6193,1483.7173600,0
1790747340000,0.2395700,0.2399300,0.2395500,0.2398400,10970,1790747399999,2629.2531200,158,7707,1847.2584800,0
1790747400000,0.2398400,0.2400700,0.2397900,0.2398900,22542,1790747459999,5407.4306500,227,5755,1380.7163400,0
1790747460000,0.2399500,0.2399500,0.2391300,0.2391300,53282,1790747519999,12759.4263700,398,14198,3402.1504000,0
1790747520000,0.2391200,0.2394700,0.2386800,0.2386900,79300,1790747579999,18954.7709400,578,30196,7223.5024600,0
1790747580000,0.2386800,0.2386800,0.2381100,0.2385000,79217,1790747639999,18881.4120000,517,32978,7860.3522000,0
1790747640000,0.2384300,0.2387500,0.2384000,0.2384000,27380,1790747699999,6532.5913600,297,19061,4547.9910200,0
1790747700000,0.2383900,0.2383900,0.2380600,0.2380800,26557,1790747759999,6325.2793400,206,1622,386.2584400,0
1790747760000,0.2380700,0.2383200,0.2380700,0.2382100,44646,1790747819999,10632.9257600,379,28737,6843.9300900,0
1790747820000,0.2382200,0.2386100,0.2382200,0.2383900,42338,1790747879999,10094.8285100,347,27805,6629.7972300,0
1790747880000,0.2384000,0.2391000,0.2383200,0.2389800,151787,1790747939999,36221.4178600,1176,94911,22652.1617500,0
1790747940000,0.2389600,0.2391600,0.2383200,0.2385100,29370,1790747999999,7010.2137100,461,12516,2987.4245000,0
1790748000000,0.2385100,0.2392400,0.2381600,0.2392000,72682,1790748059999,17342.6423700,878,39854,9514.2188300,0
1790748060000,0.2392100,0.2393600,0.2371700,0.2376300,368775,1790748119999,87739.7434000,1391,104254,24792.2103800,0
1790748120000,0.2376300,0.2376300,0.2367700,0.2373200,196389,1790748179999,46557.6323100,1058,63487,15049.7133500,0
1790748180000,0.2373200,0.2377700,0.2371300,0.2375900,122738,1790748239999,29139.2055100,813,49165,11673.4856000,0
1790748240000,0.2375800,0.2375800,0.2371400,0.2375800,47036,1790748299999,11165.8372200,389,21053,4996.5716900,0
1790748300000,0.2375900,0.2380900,0.2374600,0.2380100,48312,1790748359999,11488.8353800,482,33883,8057.8835700,0
1790748360000,0.2380000,0.2380400,0.2377300,0.2377300,86315,1790748419999,20530.7625600,427,39556,9410.3897800,0
1790748420000,0.2377200,0.2377900,0.2374000,0.2376200,39877,1790748479999,9473.5928500,392,16115,3828.2414400,0
1790748480000,0.2376100,0.2377200,0.2369000,0.2369300,66140,1790748539999,15696.8204400,539,22650,5376.4063400,0
1790748540000,0.2369300,0.2371600,0.2360000,0.2363200,294222,1790748599999,69558.2328600,1129,47547,11251.2258700,0
1790748600000,0.2363300,0.2368400,0.2363300,0.2368300,61621,1790748659999,14578.4345000,518,25387,6006.8107400,0
1790748660000,0.2368200,0.2369700,0.2361000,0.2363100,86611,1790748719999,20485.8958000,679,35337,8361.3594100,0
1790748720000,0.2363200,0.2363500,0.2357900,0.2359500,96622,1790748779999,22808.2300500,493,19449,4591.9418800,0
1790748780000,0.2359400,0.2361200,0.2358500,0.2360700,41486,1790748839999,9789.0219600,248,24576,5799.2897500,0
1790748840000,0.2360500,0.2362100,0.2356300,0.2358200,108404,1790748899999,25574.7603900,602,30451,7183.8974100,0
1790748900000,0.2358300,0.2364900,0.2358300,0.2358600,139694,1790748959999,32996.8285100,966,63914,15099.8955800,0
1790748960000,0.2358600,0.2363600,0.2349600,0.2362500,340639,1790749019999,80242.4169600,1611,151267,35655.4310400,0
1790749020000,0.2362800,0.2369200,0.2361600,0.2366300,114357,1790749079999,27063.3035500,682,61828,14629.4099800,0
1790749080000,0.2366300,0.2370900,0.2364400,0.2367800,89178,1790749139999,21115.7365800,577,32850,7776.7567900,0
1790749140000,0.2367900,0.2368700,0.2363100,0.2363400,49785,1790749199999,11772.6794000,390,36163,8551.3054200,0
1790749200000,0.2363400,0.2365600,0.2360000,0.2365600,60165,1790749259999,14211.7679300,574,29298,6920.1650200,0
1790749260000,0.2365300,0.2368800,0.2364400,0.2365800,102561,1790749319999,24268.2063700,667,74605,17652.9934300,0
1790749320000,0.2365900,0.2368000,0.2361700,0.2363000,46191,1790749379999,10919.8653200,444,21917,5181.5735600,0
1790749380000,0.2363000,0.2366100,0.2356400,0.2356800,108240,1790749439999,25551.1227100,766,27062,6390.3697900,0
1790749440000,0.2356800,0.2357500,0.2351100,0.2351900,99153,1790749499999,23340.0695800,609,27521,6481.6395800,0
1790749500000,0.2351800,0.2353200,0.2348100,0.2350600,114370,1790749559999,26878.5458600,667,25534,6001.2375000,0
1790749560000,0.2351200,0.2355200,0.2350900,0.2355100,88768,1790749619999,20888.3968700,647,61893,14564.3363700,0
1790749620000,0.2355200,0.2356600,0.2352800,0.2356600,48611,1790749679999,11447.7691000,562,29491,6946.3484400,0
1790749680000,0.2356600,0.2358500,0.2350800,0.2355700,164640,1790749739999,38770.0864800,1054,61742,14536.8026200,0
1790749740000,0.2355800,0.2358600,0.2354100,0.2356700,103211,1790749799999,24321.3378000,822,53728,12663.7910900,0
1790749800000,0.2356800,0.2357900,0.2350800,0.2353400,98078,1790749859999,23089.0494800,752,39161,9218.8105500,0
1790749860000,0.2353900,0.2354400,0.2350500,0.2354000,66265,1790749919999,15588.4374300,632,33148,7798.5341100,0
1790749920000,0.2353900,0.2353900,0.2345600,0.2350300,163921,1790749979999,38503.9801400,1255,59483,13973.0591500,0
1790749980000,0.2350200,0.2353400,0.2344900,0.2345200,133665,1790750039999,31390.7682400,1005,61069,14343.2772500,0
1790750040000,0.2345100,0.2346800,0.2340800,0.2343600,272966,1790750099999,63977.6749900,1623,77233,18108.0865800,0
1790750100000,0.2343700,0.2344000,0.2338500,0.2343200,102363,1790750159999,23964.9912200,760,34710,8128.8324200,0
1790750160000,0.2343200,0.2351700,0.2342300,0.2349600,132668,1790750219999,31143.8409100,941,78030,18314.9426600,0
1790750220000,0.2349700,0.2351500,0.2346400,0.2347100,50371,1790750279999,11830.1695700,445,18519,4349.7504800,0
1790750280000,0.2347200,0.2350800,0.2346000,0.2347500,73908,1790750339999,17352.4014100,625,48732,11441.4562900,0
1790750340000,0.2347500,0.2347700,0.2337100,0.2340600,207614,1790750399999,48613.1858200,946,52685,12341.5686800,0
1790750400000,0.2340700,0.2346700,0.2339500,0.2342500,107305,1790750459999,25141.4231100,947,44442,10413.9121600,0
1790750460000,0.2342400,0.2344000,0.2334400,0.2337200,169294,1790750519999,39585.2952200,1092,46365,10840.8166300,0
1790750520000,0.2337200,0.2346600,0.2337200,0.2346000,86049,1790750579999,20144.4273800,636,42491,9950.1095600,0
1790750580000,0.2345900,0.2349600,0.2344200,0.2345800,123954,1790750639999,29083.6790600,717,68925,16172.7185000,0
1790750640000,0.2345800,0.2347800,0.2341800,0.2343500,95653,1790750699999,22427.0395600,844,37586,8810.9096200,0
1790750700000,0.2343400,0.2343500,0.2336300,0.2342000,97211,1790750759999,22739.8498900,922,56372,13184.9592500,0
1790750760000,0.2342000,0.2343900,0.2339500,0.2340300,52801,1790750819999,12365.0320900,412,23734,5558.5862600,0
1790750820000,0.2340400,0.2341900,0.2336100,0.2337100,60456,1790750879999,14140.3141300,449,19550,4574.3323200,0
1790750880000,0.2337000,0.2339500,0.2333000,0.2338100,165124,1790750939999,38572.2204000,980,59173,13829.2847400,0
1790750940000,0.2338100,0.2340600,0.2336100,0.2340600,66122,1790750999999,15456.8666500,488,27613,6455.8460300,0
1790751000000,0.2340600,0.2345500,0.2340500,0.2341600,77392,1790751059999,18133.0706900,621,43427,10176.5504900,0
1790751060000,0.2341400,0.2347500,0.2340700,0.2347000,47273,1790751119999,11079.2719700,343,28233,6616.4741100,0
1790751120000,0.2347100,0.2350400,0.2346000,0.2349700,47710,1790751179999,11203.7632500,468,33655,7904.2625500,0
1790751180000,0.2349700,0.2352200,0.2348300,0.2351500,64080,1790751239999,15065.9008000,347,53319,12537.2882100,0
1790751240000,0.2351600,0.2351800,0.2348400,0.2350500,79323,1790751299999,18641.9262800,427,14994,3524.2970000,0
1790751300000,0.2350600,0.2367900,0.2350600,0.2367700,230514,1790751359999,54402.0957600,1049,187274,44208.4206000,0
1790751360000,0.2367800,0.2368100,0.2357900,0.2360200,134100,1790751419999,31693.9597600,793,49482,11690.5129000,0
1790751420000,0.2359900,0.2360100,0.2355600,0.2357900,53004,1790751479999,12496.2787400,415,28446,6706.3006600,0
1790751480000,0.2358000,0.2362200,0.2357900,0.2358900,60033,1790751539999,14167.5480900,307,34252,8084.9959800,0
1790751540000,0.2358900,0.2359700,0.2350700,0.2351800,132576,1790751599999,31208.6534800,695,46078,10844.6034400,0
1790751600000,0.2351700,0.2353000,0.2345300,0.2347800,149972,1790751659999,35232.5075700,875,48348,11358.0747600,0
1790751660000,0.2347900,0.2361400,0.2347800,0.2358600,163587,1790751719999,38515.9919600,1108,58723,13827.4779400,0
1790751720000,0.2358500,0.2367400,0.2358300,0.2366000,126138,1790751779999,29820.2319800,733,66840,15805.8785600,0
1790751780000,0.2366100,0.2367500,0.2360200,0.2360200,60846,1790751839999,14385.9729800,438,19515,4617.1863200,0
1790751840000,0.2360100,0.2361800,0.2358700,0.2358700,43332,1790751899999,10226.2529600,369,31440,7420.0982200,0
1790751900000,0.2358700,0.2359700,0.2355700,0.2355900,26981,1790751959999,6360.2309200,259,12380,2918.2683400,0
1790751960000,0.2356000,0.2356500,0.2347200,0.2352400,105164,1790752019999,24734.3320200,764,47689,11221.9572600,0
1790752020000,0.2352300,0.2353800,0.2349600,0.2351500,50453,1790752079999,11863.6914400,474,32225,7577.1448400,0
1790752080000,0.2351600,0.2355100,0.2349100,0.2350900,50931,1790752139999,11983.0724000,537,33225,7818.9838100,0
1790752140000,0.2350900,0.2351200,0.2347700,0.2350900,28562,1790752199999,6709.8606200,363,14747,3464.5293300,0
1790752200000,0.2350900,0.2351000,0.2343900,0.2348400,97888,1790752259999,22974.3517100,641,32864,7711.7221000,0
1790752260000,0.2348400,0.2353600,0.2344800,0.2344800,118972,1790752319999,27947.8086900,760,76496,17973.5833600,0
1790752320000,0.2344800,0.2345800,0.2340800,0.2341500,55699,1790752379999,13052.4478000,372,26841,6289.8203900,0
1790752380000,0.2341500,0.2343400,0.2340700,0.2343200,47209,1790752439999,11057.3286900,390,28303,6629.7117700,0
1790752440000,0.2343300,0.2349000,0.2343300,0.2345300,48358,1790752499999,11344.2554100,623,29232,6858.2858200,0
1790752500000,0.2345400,0.2346200,0.2336100,0.2341800,154789,1790752559999,36241.2286500,927,41686,9760.3249200,0
1790752560000,0.2341900,0.2348800,0.2341900,0.2348000,53971,1790752619999,12663.6424500,636,38255,8976.1095400,0
1790752620000,0.2348000,0.2351300,0.2343800,0.2350400,48977,1790752679999,11498.5396600,495,40431,9492.6340100,0
1790752680000,0.2350500,0.2356900,0.2350500,0.2355600,84145,1790752739999,19810.4989100,666,63986,15063.6922000,0
1790752740000,0.2355600,0.2363300,0.2355600,0.2363200,94912,1790752799999,22398.4149700,735,74076,17482.4983700,0
1790752800000,0.2363400,0.2367400,0.2357700,0.2360200,157840,1790752859999,37309.1773800,1078,78569,18575.1899800,0
1790752860000,0.2359900,0.2360400,0.2357900,0.2360200,38163,1790752919999,9003.0937000,292,27847,6569.5353400,0
1790752920000,0.2360100,0.2363500,0.2357600,0.2358600,69592,1790752979999,16427.9845000,538,41759,9859.7494700,0
1790752980000,0.2358400,0.2364600,0.2355300,0.2364000,73981,1790753039999,17454.1106200,511,41616,9823.6434400,0
1790753040000,0.2364100,0.2368100,0.2362900,0.2367000,168655,1790753099999,39898.0074700,620,95963,22698.1983600,0
1790753100000,0.2367100,0.2372800,0.2365200,0.2370900,135478,1790753159999,32104.2275700,688,77528,18373.1107000,0
1790753160000,0.2370900,0.2375500,0.2367200,0.2369900,113058,1790753219999,26805.0402800,958,70735,16772.4157100,0
1790753220000,0.2369600,0.2370300,0.2362200,0.2362200,98992,1790753279999,23419.4444400,586,32462,7677.9705400,0
1790753280000,0.2362200,0.2363700,0.2358400,0.2360200,56001,1790753339999,13219.2881800,409,33695,7953.3847500,0
1790753340000,0.2359400,0.2361700,0.2358100,0.2361600,48358,1790753399999,11408.6187200,297,16685,3937.8071700,0
1790753400000,0.2361500,0.2366200,0.2359000,0.2365500,64798,1790753459999,15307.9310200,522,38113,9005.1171200,0
1790753460000,0.2365400,0.2365800,0.2361600,0.2365800,28691,1790753519999,6781.9446500,417,19625,4639.2369300,0
1790753520000,0.2365900,0.2366900,0.2361000,0.2361100,27777,1790753579999,6567.2839500,316,7276,1720.6268700,0
1790753580000,0.2361000,0.2367700,0.2359000,0.2366000,73129,1790753639999,17294.6745300,601,55457,13116.9282900,0
1790753640000,0.2365900,0.2370900,0.2363600,0.2363900,71915,1790753699999,17030.1950100,509,54335,12871.0781000,0
1790753700000,0.2364000,0.2371800,0.2363800,0.2371800,72261,1790753759999,17100.4297100,379,26905,6366.9300200,0
1790753760000,0.2371900,0.2380100,0.2371900,0.2379800,135629,1790753819999,32231.6516400,816,94803,22530.4052300,0
1790753820000,0.2379700,0.2382000,0.2376700,0.2377800,77582,1790753879999,18464.7135300,510,51289,12208.6517500,0
1790753880000,0.2377900,0.2377900,0.2368600,0.2371900,110964,1790753939999,26316.8773600,772,49052,11632.2800700,0
1790753940000,0.2372000,0.2378500,0.2372000,0.2374700,49014,1790753999999,11643.7957100,443,24619,5848.7660800,0
1790754000000,0.2374800,0.2377100,0.2372700,0.2372700,44971,1790754059999,10680.5045000,429,20283,4817.4534900,0
1790754060000,0.2372700,0.2376300,0.2372400,0.2375100,32032,1790754119999,7604.6735500,371,20419,4847.2859600,0
1790754120000,0.2375100,0.2376000,0.2373400,0.2374200,30384,1790754179999,7215.4495800,263,12228,2903.6102300,0
1790754180000,0.2374300,0.2385000,0.2373800,0.2384600,238084,1790754239999,56695.6878700,964,187841,44727.3774000,0
1790754240000,0.2384600,0.2387500,0.2383800,0.2384500,89389,1790754299999,21322.3948800,336,57597,13738.2312500,0
1790754300000,0.2384500,0.2387400,0.2381300,0.2384000,101571,1790754359999,24221.4787700,652,52626,12551.5754500,0
1790754360000,0.2383900,0.2386800,0.2381600,0.2382900,37529,1790754419999,8947.3760900,473,13880,3309.0523000,0
1790754420000,0.2382900,0.2383900,0.2377500,0.2379900,112452,1790754479999,26765.4475800,598,44635,10623.6381800,0
1790754480000,0.2380000,0.2383100,0.2380000,0.2382700,29537,1790754539999,7034.9793900,238,18840,4487.5185400,0
1790754540000,0.2382800,0.2387500,0.2382800,0.2387300,48792,1790754599999,11637.7344700,361,32404,7729.1337000,0
1790754600000,0.2387400,0.2390000,0.2383700,0.2389700,56863,1790754659999,13576.7517300,401,44529,10633.9861600,0
1790754660000,0.2389700,0.2391800,0.2382900,0.2387400,94367,1790754719999,22532.5997900,691,31995,7640.3447100,0
1790754720000,0.2387500,0.2387500,0.2385000,0.2385900,42436,1790754779999,10125.7852600,393,19608,4679.1900000,0
1790754780000,0.2385800,0.2388200,0.2385000,0.2387600,23588,1790754839999,5629.7229400,244,11964,2855.3213400,0
1790754840000,0.2387600,0.2390600,0.2386200,0.2387100,48726,1790754899999,11636.6095100,432,29569,7062.2351700,0
1790754900000,0.2387000,0.2390800,0.2385400,0.2386200,74181,1790754959999,17717.0846500,481,62710,14978.0194300,0
1790754960000,0.2386000,0.2387000,0.2378100,0.2378500,51995,1790755019999,12385.8539100,460,15349,3655.9189600,0
1790755020000,0.2378600,0.2380300,0.2376200,0.2377200,62072,1790755079999,14759.5650500,443,15048,3578.9741800,0
1790755080000,0.2377300,0.2380600,0.2377300,0.2380400,24087,1790755139999,5730.0426500,214,12634,3005.5138400,0
1790755140000,0.2380400,0.2382400,0.2377100,0.2379500,99895,1790755199999,23775.0560700,586,49601,11807.9910600,0
1790755200000,0.2379400,0.2384500,0.2376600,0.2383100,93110,1790755259999,22173.3272900,792,70009,16676.4139500,0
1790755260000,0.2383200,0.2394800,0.2383200,0.2387900,265015,1790755319999,63321.1619600,1474,229827,54916.0367900,0
1790755320000,0.2387800,0.2397600,0.2384800,0.2397600,231325,1790755379999,55321.0053100,1262,176058,42109.3301200,0
1790755380000,0.2397500,0.2402700,0.2393700,0.2397500,261934,1790755439999,62832.4340900,1352,176896,42437.7647700,0
1790755440000,0.2397300,0.2397300,0.2386200,0.2391300,117240,1790755499999,28026.1016200,1003,66385,15865.2898400,0
1790755500000,0.2391300,0.2393700,0.2387900,0.2388300,55992,1790755559999,13383.8414100,536,20107,4807.9693200,0
1790755560000,0.2388200,0.2390000,0.2386400,0.2388500,47425,1790755619999,11327.4977800,397,15208,3632.4136600,0
1790755620000,0.2388300,0.2389300,0.2383500,0.2384600,49275,1790755679999,11754.7069000,369,25253,6022.5420000,0
1790755680000,0.2384600,0.2384600,0.2357200,0.2369500,776612,1790755739999,183865.2213200,2410,336884,79685.7456800,0
1790755740000,0.2369500,0.2371600,0.2365400,0.2369700,150599,1790755799999,35669.3822400,810,91814,21749.0188400,0
1790755800000,0.2370000,0.2373000,0.2368300,0.2371400,66399,1790755859999,15743.1475300,380,44012,10437.0679800,0
1790755860000,0.2371300,0.2372900,0.2363200,0.2364000,109694,1790755919999,25968.6676900,773,19813,4692.5788200,0
1790755920000,0.2364000,0.2366100,0.2359800,0.2364800,118837,1790755979999,28072.5938000,525,34857,8239.6217300,0
1790755980000,0.2364800,0.2364800,0.2361300,0.2361500,36179,1790756039999,8545.9799800,202,13162,3108.9904300,0
1790756040000,0.2361600,0.2362600,0.2358700,0.2361300,46252,1790756099999,10917.7358500,442,24812,5856.6591400,0
1790756100000,0.2361200,0.2368000,0.2357700,0.2368000,92423,1790756159999,21827.0372500,772,57241,13522.8615000,0
1790756160000,0.2367400,0.2375400,0.2367400,0.2372300,153954,1790756219999,36526.4026200,1146,71844,17044.0424300,0
1790756220000,0.2372300,0.2376700,0.2369600,0.2372900,75384,1790756279999,17895.6447700,712,47864,11364.7399400,0
1790756280000,0.2372900,0.2380500,0.2372000,0.2379600,93806,1790756339999,22297.0038600,754,74311,17667.8475800,0
1790756340000,0.2379400,0.2380100,0.2367900,0.2369500,79649,1790756399999,18911.2979700,874,37473,8896.7540600,0
1790756400000,0.2369500,0.2373600,0.2365700,0.2373100,90837,1790756459999,21530.6746400,938,51851,12291.7128400,0
1790756460000,0.2373300,0.2375800,0.2371400,0.2375500,52944,1790756519999,12568.5319800,519,33507,7955.7090700,0
1790756520000,0.2375600,0.2376700,0.2369600,0.2371000,151701,1790756579999,35988.1072000,772,24588,5835.6081700,0
1790756580000,0.2371100,0.2374900,0.2371100,0.2372800,27858,1790756639999,6611.0979900,324,19660,4665.8342000,0
1790756640000,0.2372600,0.2372700,0.2365700,0.2371000,75599,1790756699999,17908.5051600,566,32623,7726.1239900,0
1790756700000,0.2371000,0.2372000,0.2368300,0.2369900,62667,1790756759999,14853.2109900,614,32954,7812.3717100,0
1790756760000,0.2369700,0.2373700,0.2368200,0.2372700,32858,1790756819999,7792.0651500,435,27670,6562.6897800,0
1790756820000,0.2372600,0.2372700,0.2368600,0.2371200,26034,1790756879999,6171.4741600,403,12526,2968.9430100,0
1790756880000,0.2371300,0.2372100,0.2364900,0.2365900,56210,1790756939999,13310.3822600,553,21086,4992.4466800,0
1790756940000,0.2365800,0.2365800,0.2354300,0.2355500,113649,1790756999999,26812.4220300,694,31859,7513.6305600,0
1790757000000,0.2355400,0.2355800,0.2348200,0.2353700,216822,1790757059999,50993.7429600,1092,57089,13432.3678700,0
1790757060000,0.2353600,0.2354600,0.2350300,0.2350700,61979,1790757119999,14578.7617700,606,30517,7177.9257100,0
1790757120000,0.2350700,0.2350800,0.2345000,0.2348100,114537,1790757179999,26890.4631400,668,62187,14600.4402100,0
1790757180000,0.2348100,0.2351100,0.2346700,0.2347400,104285,1790757239999,24494.7891000,639,71782,16862.0580000,0
1790757240000,0.2347400,0.2353800,0.2347400,0.2350800,53859,1790757299999,12659.6764900,519,23569,5540.5450700,0
1790757300000,0.2350700,0.2351800,0.2347000,0.2348500,75265,1790757359999,17682.6088100,698,45078,10592.4346700,0
1790757360000,0.2348500,0.2351200,0.2348500,0.2348800,32186,1790757419999,7562.8065900,389,19603,4606.4568800,0
1790757420000,0.2348900,0.2351500,0.2346000,0.2350400,35640,1790757479999,8371.3097500,353,23460,5511.4904100,0
1790757480000,0.2350300,0.2359000,0.2349600,0.2356200,97506,1790757539999,22961.6672200,507,85473,20127.5489100,0
1790757540000,0.2356000,0.2356000,0.2353800,0.2354600,61783,1790757599999,14549.6008500,316,37527,8837.9962000,0
1790757600000,0.2354700,0.2355800,0.2352800,0.2354800,49515,1790757659999,11657.5254900,359,22220,5231.1806600,0
1790757660000,0.2355200,0.2355200,0.2349800,0.2352000,29559,1790757719999,6952.2512600,366,7587,1784.2471100,0
1790757720000,0.2351900,0.2351900,0.2347000,0.2349100,28756,1790757779999,6754.9008300,255,12712,2985.5630500,0
1790757780000,0.2349000,0.2350400,0.2345200,0.2345600,67258,1790757839999,15786.7960400,542,14058,3300.6961100,0
1790757840000,0.2345600,0.2348900,0.2343400,0.2348600,136510,1790757899999,32024.8801800,574,40566,9520.9666400,0
1790757900000,0.2348600,0.2353000,0.2346300,0.2347500,82396,1790757959999,19355.1764800,615,27000,6346.7845400,0
1790757960000,0.2347400,0.2366800,0.2347300,0.2366200,394844,1790758019999,93051.8032100,1591,339989,80109.4455400,0
1790758020000,0.2366300,0.2370800,0.2364400,0.2368900,130566,1790758079999,30924.9838900,755,68212,16154.1305700,0
1790758080000,0.2368700,0.2380100,0.2367000,0.2377300,390602,1790758139999,92697.1231200,1420,163509,38838.1323800,0
1790758140000,0.2377400,0.2381600,0.2376100,0.2378200,100508,1790758199999,23911.5863100,566,51463,12245.5353000,0
1790758200000,0.2378300,0.2382400,0.2378300,0.2379900,75630,1790758259999,18003.9969900,539,29101,6927.0162500,0
1790758260000,0.2380000,0.2382800,0.2371800,0.2374500,171163,1790758319999,40688.4806300,1108,67954,16146.7010500,0
1790758320000,0.2374600,0.2380400,0.2374000,0.2375200,69617,1790758379999,16544.8539600,578,48298,11478.7172100,0
1790758380000,0.2375400,0.2377300,0.2374000,0.2374400,30406,1790758439999,7223.8093400,305,10916,2593.7479200,0
1790758440000,0.2374400,0.2378800,0.2374400,0.2377400,56588,1790758499999,13450.2404100,466,29768,7074.8135000,0
1790758500000,0.2377300,0.2377300,0.2372900,0.2374900,36788,1790758559999,8738.7474700,381,20734,4925.5955500,0
1790758560000,0.2375000,0.2379000,0.2374800,0.2378300,30157,1790758619999,7166.3869400,309,18545,4407.3258900,0
1790758620000,0.2378400,0.2379100,0.2369500,0.2376300,225606,1790758679999,53563.3928400,888,48420,11498.6525400,0
1790758680000,0.2376600,0.2381200,0.2376500,0.2379900,124281,1790758739999,29571.0392500,755,93270,22194.6905700,0
1790758740000,0.2379900,0.2379900,0.2372100,0.2374500,63664,1790758799999,15120.2887600,596,30248,7182.5580600,0
1790758800000,0.2374600,0.2376600,0.2372700,0.2376300,64222,1790758859999,15250.8107900,626,24547,5829.9888700,0
1790758860000,0.2376300,0.2378100,0.2375700,0.2376300,27144,1790758919999,6451.6365600,295,14230,3382.4284600,0
1790758920000,0.2376500,0.2389300,0.2375700,0.2389300,172594,1790758979999,41134.1333600,1021,129896,30959.9305300,0
1790758980000,0.2389200,0.2393600,0.2387500,0.2389800,143555,1790759039999,34317.0269200,843,91595,21896.0231300,0
1790759040000,0.2389800,0.2392500,0.2387700,0.2392500,65065,1790759099999,15550.5760400,409,36915,8824.5892800,0
1790759100000,0.2392600,0.2402900,0.2392000,0.2397200,216735,1790759159999,51981.2027700,979,180327,43251.9042800,0
1790759160000,0.2397200,0.2401400,0.2393300,0.2398800,164758,1790759219999,39509.0860500,886,119739,28718.6997100,0
1790759220000,0.2398800,0.2398800,0.2392300,0.2393500,55352,1790759279999,13257.4244400,447,14073,3369.5004500,0
1790759280000,0.2393600,0.2393900,0.2388800,0.2389000,161142,1790759339999,38538.3590400,1016,83045,19859.3953300,0
1790759340000,0.2388900,0.2389000,0.2383300,0.2387500,132866,1790759399999,31705.0982700,1040,73623,17570.4319700,0
1790759400000,0.2387400,0.2389900,0.2385400,0.2386500,63495,1790759459999,15159.3235600,575,42183,10071.4294900,0
1790759460000,0.2386500,0.2388700,0.2385300,0.2387800,58705,1790759519999,14013.4257600,331,29403,7019.3470500,0
1790759520000,0.2387800,0.2389600,0.2385200,0.2386100,110720,1790759579999,26437.2144500,949,34743,8295.4277000,0
1790759580000,0.2386200,0.2390900,0.2386000,0.2388100,94395,1790759639999,22546.0862400,881,58503,13974.3717500,0
1790759640000,0.2388200,0.2394900,0.2383600,0.2387300,125068,1790759699999,29867.3208000,1012,68102,16262.8496800,0
1790759700000,0.2387200,0.2391000,0.2384500,0.2387600,44361,1790759759999,10591.6109100,428,29386,7017.2958400,0
1790759760000,0.2387600,0.2387600,0.2380700,0.2381800,106624,1790759819999,25411.5674000,440,39814,9492.0121100,0
1790759820000,0.2381700,0.2382200,0.2376800,0.2376800,92660,1790759879999,22047.4348900,598,26800,6378.7815000,0
1790759880000,0.2376700,0.2378700,0.2374300,0.2374800,87813,1790759939999,20865.7769000,557,42302,10052.6124900,0
1790759940000,0.2374800,0.2375800,0.2370000,0.2370700,86119,1790759999999,20431.5002600,488,26620,6317.2428700,0
1790760000000,0.2370700,0.2376500,0.2369200,0.2373600,101592,1790760059999,24106.6722500,788,55353,13135.2240500,0
1790760060000,0.2373600,0.2377600,0.2372200,0.2376900,83650,1790760119999,19863.8873200,642,62898,14936.5456600,0
1790760120000,0.2376800,0.2381300,0.2370000,0.2370800,91763,1790760179999,21804.3459500,716,47267,11230.7584400,0
1790760180000,0.2370700,0.2377400,0.2370700,0.2375600,82268,1790760239999,19538.8208600,528,58492,13891.6053900,0
1790760240000,0.2375500,0.2380400,0.2373900,0.2380300,35741,1790760299999,8495.2261000,346,25859,6147.0238500,0
1790760300000,0.2380400,0.2385100,0.2373300,0.2375000,78785,1790760359999,18739.1482700,737,46135,10975.1242400,0
1790760360000,0.2374900,0.2376900,0.2373100,0.2373600,55691,1790760419999,13223.8142900,414,19124,4541.5757900,0
1790760420000,0.2373600,0.2378900,0.2372600,0.2377800,83341,1790760479999,19796.9441900,351,68312,16225.7539000,0
1790760480000,0.2377800,0.2377800,0.2374600,0.2374600,139894,1790760539999,33229.1093800,357,22727,5399.1339200,0
1790760540000,0.2374500,0.2375600,0.2372600,0.2375200,40764,1790760599999,9676.9134700,269,14850,3525.8399700,0
1790760600000,0.2375300,0.2384600,0.2371400,0.2373300,154891,1790760659999,36850.1832100,1211,77489,18427.4464300,0
1790760660000,0.2373400,0.2381900,0.2373400,0.2377900,107520,1790760719999,25560.2098800,868,58103,13812.0353300,0
1790760720000,0.2378000,0.2404200,0.2378000,0.2402000,540047,1790760779999,129088.5370600,2459,347339,83014.5441200,0
1790760780000,0.2402000,0.2406400,0.2396200,0.2398200,150412,1790760839999,36120.3627100,1372,63992,15377.4738600,0
1790760840000,0.2398400,0.2408900,0.2398400,0.2400300,305141,1790760899999,73337.4486300,1978,188440,45293.5857100,0
1790760900000,0.2400200,0.2416700,0.2389900,0.2404900,702891,1790760959999,168863.2653100,3239,374309,89993.3485800,0
1790760960000,0.2404900,0.2404900,0.2398600,0.2400700,131081,1790761019999,31475.0171800,971,59295,14238.8674200,0
1790761020000,0.2400600,0.2402500,0.2393200,0.2393600,116950,1790761079999,28051.6883200,863,44290,10624.2884300,0
1790761080000,0.2393600,0.2393800,0.2389500,0.2393800,79387,1790761139999,18987.3626400,633,45488,10879.1749700,0
1790761140000,0.2393700,0.2397000,0.2391500,0.2395600,100384,1790761199999,24038.7129800,722,79001,18920.1632600,0
1790761200000,0.2395600,0.2396400,0.2391400,0.2391900,50744,1790761259999,12144.9529400,452,17809,4262.3877000,0
1790761260000,0.2392000,0.2392800,0.2388900,0.2392200,37538,1790761319999,8974.3229600,386,9196,2198.9435200,0
1790761320000,0.2392200,0.2394100,0.2390800,0.2390800,32366,1790761379999,7742.3030600,280,15283,3656.1945500,0
1790761380000,0.2390800,0.2391100,0.2385600,0.2386900,85297,1790761439999,20371.1839300,532,25859,6175.6177400,0
1790761440000,0.2386800,0.2387200,0.2384400,0.2385100,59215,1790761499999,14126.2614800,436,18612,4439.9539700,0
1790761500000,0.2385100,0.2386500,0.2382100,0.2385100,51385,1790761559999,12251.0884000,492,19049,4542.7572000,0
1790761560000,0.2385100,0.2392400,0.2383900,0.2390900,55421,1790761619999,13231.8170800,463,43854,10471.5353500,0
1790761620000,0.2390800,0.2390800,0.2386000,0.2386000,18327,1790761679999,4375.6607800,220,9501,2268.0858000,0
1790761680000,0.2386000,0.2387000,0.2384300,0.2387000,41654,1790761739999,9936.1984700,284,9054,2160.1358200,0
1790761740000,0.2386300,0.2387000,0.2383600,0.2386400,19192,1790761799999,4577.1316700,225,10452,2492.5307400,0
1790761800000,0.2386400,0.2389500,0.2385600,0.2389200,10101,1790761859999,2411.4454900,170,5897,1407.7677800,0
1790761860000,0.2389100,0.2394800,0.2388800,0.2392500,21541,1790761919999,5152.7632800,279,18311,4380.0807300,0
1790761920000,0.2392500,0.2392500,0.2382300,0.2383000,39494,1790761979999,9420.9959800,399,13629,3250.1600800,0
1790761980000,0.2383000,0.2383200,0.2380100,0.2380100,41826,1790762039999,9959.6619800,255,12557,2989.9421300,0
1790762040000,0.2380100,0.2384500,0.2379100,0.2383300,56609,1790762099999,13480.4744800,467,27852,6633.9101100,0
1790762100000,0.2383300,0.2387500,0.2383300,0.2384600,37187,1790762159999,8870.7425700,355,29011,6920.4466500,0
1790762160000,0.2384900,0.2384900,0.2379300,0.2379300,25917,1790762219999,6172.2705400,267,5486,1306.3045800,0
1790762220000,0.2379400,0.2383400,0.2379400,0.2380900,33721,1790762279999,8029.6834600,295,28306,6740.6054300,0
1790762280000,0.2380800,0.2380800,0.2378100,0.2379000,24023,1790762339999,5715.6970300,209,6484,1542.3063000,0
1790762340000,0.2379000,0.2380600,0.2377600,0.2379200,44083,1790762399999,10487.8641800,246,13256,3153.5337000,0
1790762400000,0.2379200,0.2389700,0.2378700,0.2389700,99395,1790762459999,23711.8192900,853,74184,17694.6678900,0
1790762460000,0.2389800,0.2391300,0.2384700,0.2384700,45166,1790762519999,10790.9495000,410,15047,3595.7017500,0
1790762520000,0.2384800,0.2385500,0.2377500,0.2381700,50517,1790762579999,12030.1547400,505,22016,5243.5223800,0
1790762580000,0.2381700,0.2385600,0.2381100,0.2381100,40360,1790762639999,9619.7048800,374,31239,7446.4799800,0
1790762640000,0.2381200,0.2388600,0.2381200,0.2384400,47921,1790762699999,11432.1830000,478,20159,4808.5485100,0
1790762700000,0.2384500,0.2385900,0.2384300,0.2385500,12905,1790762759999,3077.6475300,160,9404,2242.6944900,0
1790762760000,0.2385500,0.2386300,0.2382700,0.2383700,62857,1790762819999,14984.5685300,324,51791,12346.0815600,0
1790762820000,0.2383600,0.2386100,0.2383000,0.2383000,24262,1790762879999,5784.8633600,271,6508,1552.0481200,0
1790762880000,0.2383200,0.2387900,0.2373200,0.2377300,339387,1790762939999,80772.3453900,1133,119422,28404.8156600,0
1790762940000,0.2377400,0.2379500,0.2373500,0.2376700,123080,1790762999999,29251.5397700,754,46328,11009.5629900,0
1790763000000,0.2376700,0.2376700,0.2373600,0.2373600,28310,1790763059999,6722.4838500,229,13812,3279.9872600,0
1790763060000,0.2373700,0.2375100,0.2373200,0.2374500,28106,1790763119999,6672.5874400,218,22018,5227.3287100,0
1790763120000,0.2374500,0.2374500,0.2369600,0.2373400,66999,1790763179999,15887.3925200,381,14500,3439.8919400,0
1790763180000,0.2373500,0.2375900,0.2366200,0.2369300,144965,1790763239999,34360.1820900,872,32912,7802.2593200,0
1790763240000,0.2369300,0.2370900,0.2364700,0.2364700,55826,1790763299999,13216.8205500,360,21830,5171.7669200,0
1790763300000,0.2364600,0.2367500,0.2361900,0.2362700,132747,1790763359999,31379.0378800,683,85840,20291.1589500,0
1790763360000,0.2362700,0.2367200,0.2362100,0.2366000,66894,1790763419999,15817.6631900,536,51006,12061.2171200,0
1790763420000,0.2366100,0.2371100,0.2366100,0.2368900,56950,1790763479999,13493.6596500,567,31534,7471.4076200,0
1790763480000,0.2368900,0.2373300,0.2367600,0.2371200,92440,1790763539999,21910.9281700,656,64512,15289.6362800,0
1790763540000,0.2371300,0.2376200,0.2369800,0.2370500,67733,1790763599999,16074.8142900,641,38946,9242.7793700,0
1790763600000,0.2370500,0.2376800,0.2368600,0.2376800,30360,1790763659999,7204.6725000,326,22969,5450.8949600,0
1790763660000,0.2376700,0.2386200,0.2376700,0.2385200,107848,1790763719999,25688.3585800,856,80920,19272.1068000,0
1790763720000,0.2385100,0.2385200,0.2376100,0.2377900,75640,1790763779999,18014.3341100,400,19994,4758.3271100,0
1790763780000,0.2378000,0.2382400,0.2376000,0.2379700,73355,1790763839999,17458.4422100,608,48714,11594.7593100,0
1790763840000,0.2379600,0.2379600,0.2374700,0.2374700,54927,1790763899999,13057.1107500,410,24247,5764.2338700,0
1790763900000,0.2374900,0.2382000,0.2373100,0.2381700,91386,1790763959999,21712.2184100,850,59653,14176.1976800,0
1790763960000,0.2381700,0.2382600,0.2379500,0.2381100,47341,1790764019999,11270.1337800,351,30107,7167.1700000,0
1790764020000,0.2380300,0.2385800,0.2374300,0.2374300,148148,1790764079999,35250.8530500,886,51935,12364.7548900,0
1790764080000,0.2374200,0.2375200,0.2371800,0.2375200,22208,1790764139999,5270.5941800,246,10808,2565.0873400,0
1790764140000,0.2375200,0.2375700,0.2371300,0.2373300,35371,1790764199999,8393.7966100,268,16836,3995.2308300,0
1790764200000,0.2373300,0.2382300,0.2373300,0.2381900,69779,1790764259999,16603.1411200,557,51955,12361.6695200,0
1790764260000,0.2382000,0.2392200,0.2381700,0.2392200,211154,1790764319999,50407.9092000,792,160918,38420.3926900,0
1790764320000,0.2392200,0.2403300,0.2390100,0.2401100,277922,1790764379999,66605.4722800,1239,186380,44669.5130800,0
1790764380000,0.2401000,0.2404100,0.2398300,0.2401500,176545,1790764439999,42402.5493700,809,83444,20049.9548700,0
1790764440000,0.2401500,0.2411600,0.2397600,0.2409500,382345,1790764499999,91936.9257200,1466,306717,73756.8398400,0
1790764500000,0.2409300,0.2412300,0.2403700,0.2406100,155785,1790764559999,37525.8972500,936,65104,15684.9140500,0
1790764560000,0.2406100,0.2409500,0.2402300,0.2406100,104372,1790764619999,25113.6702500,664,66184,15925.2724100,0
1790764620000,0.2406000,0.2406200,0.2397600,0.2401700,78052,1790764679999,18747.8392000,497,27190,6530.2631100,0
1790764680000,0.2401700,0.2410000,0.2401400,0.2405500,124598,1790764739999,29982.7310400,648,87871,21146.5014100,0
1790764740000,0.2405400,0.2405400,0.2395400,0.2398300,176159,1790764799999,42277.3779100,987,74201,17797.9625700,0
1790764800000,0.2398200,0.2402200,0.2398000,0.2400500,47653,1790764859999,11437.8937800,366,17185,4124.8625300,0
1790764860000,0.2400400,0.2409100,0.2399500,0.2406200,208076,1790764919999,50031.2232700,793,88783,21350.4089200,0
1790764920000,0.2406200,0.2407500,0.2399700,0.2399700,65075,1790764979999,15643.3126000,541,23329,5608.3591200,0
1790764980000,0.2399900,0.2401700,0.2398700,0.2400600,70897,1790765039999,17017.8465900,410,29761,7144.2402100,0
1790765040000,0.2400900,0.2406300,0.2394900,0.2398900,139078,1790765099999,33374.9340500,885,79222,19011.6620800,0
1790765100000,0.2398800,0.2404500,0.2396900,0.2396900,76825,1790765159999,18442.1509800,633,43581,10461.1512900,0
1790765160000,0.2397100,0.2399700,0.2393700,0.2394700,76826,1790765219999,18409.9166700,469,27711,6644.9022700,0
1790765220000,0.2394700,0.2399200,0.2393500,0.2397300,36999,1790765279999,8866.0512800,369,26958,6460.9553800,0
1790765280000,0.2397300,0.2399900,0.2395300,0.2399900,58152,1790765339999,13940.7768200,367,16591,3977.4937700,0
1790765340000,0.2400000,0.2405700,0.2398800,0.2399800,64357,1790765399999,15457.0578800,623,32569,7822.1490100,0
1790765400000,0.2399900,0.2408000,0.2399900,0.2404300,50299,1790765459999,12096.9737300,487,35067,8433.5487500,0
1790765460000,0.2404300,0.2405800,0.2398100,0.2402900,106114,1790765519999,25469.5473300,555,25293,6074.0431000,0
1790765520000,0.2402400,0.2410000,0.2402200,0.2407200,47590,1790765579999,11454.5409800,364,25362,6104.5815700,0
1790765580000,0.2407200,0.2407200,0.2401500,0.2405200,50179,1790765639999,12062.3155500,301,17864,4295.6792800,0
1790765640000,0.2405200,0.2416100,0.2404100,0.2414800,155688,1790765699999,37536.1701200,662,135327,32632.2725700,0
1790765700000,0.2414700,0.2426600,0.2411300,0.2419200,425763,1790765759999,102981.3304400,1561,256867,62156.5485400,0
1790765760000,0.2420600,0.2420600,0.2410900,0.2412400,187129,1790765819999,45196.3504600,1002,94815,22892.5871400,0
1790765820000,0.2412200,0.2420000,0.2410900,0.2411000,48136,1790765879999,11621.0070400,493,22883,5524.4029100,0
1790765880000,0.2412000,0.2413000,0.2409000,0.2412000,203044,1790765939999,48934.2161000,556,68023,16400.6769000,0
1790765940000,0.2412000,0.2416500,0.2411600,0.2416100,41594,1790765999999,10043.5119400,258,30892,7460.7759700,0
1790766000000,0.2416100,0.2416100,0.2401000,0.2401100,126934,1790766059999,30543.5339000,1046,45509,10946.2321600,0
1790766060000,0.2401100,0.2403000,0.2394700,0.2396300,208209,1790766119999,49938.4997100,1013,71411,17126.4814300,0
1790766120000,0.2396300,0.2397000,0.2393500,0.2394800,99228,1790766179999,23765.5412800,458,31728,7599.2726400,0
1790766180000,0.2394800,0.2403600,0.2394800,0.2403000,140337,1790766239999,33667.8830800,712,95315,22869.1159200,0
1790766240000,0.2402900,0.2403700,0.2399000,0.2400800,74259,1790766299999,17830.7862900,496,36902,8861.6784900,0
1790766300000,0.2400900,0.2403600,0.2398800,0.2399700,104891,1790766359999,25186.0378800,715,31888,7658.0409700,0
1790766360000,0.2399600,0.2400200,0.2394100,0.2395900,59709,1790766419999,14310.5493000,516,11840,2837.7462300,0
1790766420000,0.2395700,0.2396600,0.2393000,0.2396200,53029,1790766479999,12697.2286600,380,17104,4096.9439800,0
1790766480000,0.2396200,0.2405400,0.2394200,0.2401100,114091,1790766539999,27380.0910600,899,70196,16848.6532900,0
1790766540000,0.2401200,0.2402700,0.2393500,0.2393800,69604,1790766599999,16699.3266100,641,37915,9099.5423300,0
1790766600000,0.2393900,0.2395900,0.2390600,0.2390900,98655,1790766659999,23609.0962600,774,51466,12318.2656500,0
1790766660000,0.2390800,0.2390800,0.2385700,0.2385800,111774,1790766719999,26698.5181300,630,72900,17413.6181900,0
1790766720000,0.2385900,0.2400800,0.2385800,0.2400800,53556,1790766779999,12820.7675300,581,40864,9779.4003300,0
1790766780000,0.2400700,0.2400700,0.2394500,0.2395300,64387,1790766839999,15435.3557600,470,14076,3374.5510800,0
1790766840000,0.2395300,0.2397400,0.2389400,0.2393300,197935,1790766899999,47366.0357000,666,50323,12051.9413500,0
1790766900000,0.2393400,0.2395500,0.2392100,0.2393600,28273,1790766959999,6768.0596300,315,13818,3308.3399000,0
1790766960000,0.2393700,0.2394900,0.2390700,0.2392300,49268,1790767019999,11783.9118800,406,15153,3625.6412100,0
1790767020000,0.2392200,0.2396000,0.2388300,0.2390400,99522,1790767079999,23809.3479700,603,65974,15787.4286200,0
1790767080000,0.2390400,0.2390400,0.2386800,0.2389700,25471,1790767139999,6083.0748200,292,12836,3065.4304100,0
1790767140000,0.2389800,0.2392800,0.2382800,0.2384000,70553,1790767199999,16837.2902100,588,21360,5098.8464900,0
1790767200000,0.2384000,0.2384200,0.2378700,0.2379400,54913,1790767259999,13075.8193500,390,19465,4634.6188700,0
1790767260000,0.2379400,0.2382800,0.2379400,0.2381400,60776,1790767319999,14474.2421400,337,39502,9407.3820100,0
1790767320000,0.2381500,0.2385200,0.2380900,0.2385000,86675,1790767379999,20656.4344200,354,50905,12135.8001500,0
1790767380000,0.2385000,0.2397800,0.2385000,0.2397300,49057,1790767439999,11737.7221900,498,39723,9506.8552800,0
1790767440000,0.2397300,0.2399100,0.2390600,0.2391400,74723,1790767499999,17898.1658900,508,39324,9422.0147000,0
1790767500000,0.2391200,0.2391200,0.2384300,0.2384700,77375,1790767559999,18475.4376400,482,29702,7091.2036200,0
1790767560000,0.2384700,0.2387200,0.2381500,0.2382300,102313,1790767619999,24397.6050100,478,61069,14566.4105100,0
1790767620000,0.2382300,0.2383700,0.2381200,0.2382800,33295,1790767679999,7931.2362400,199,16305,3884.7739700,0
1790767680000,0.2382800,0.2386800,0.2382800,0.2383800,32257,1790767739999,7691.9092600,302,23127,5515.2388500,0
1790767740000,0.2384000,0.2386200,0.2382900,0.2384100,25909,1790767799999,6179.0438800,257,16824,4012.2475000,0
1790767800000,0.2384200,0.2386300,0.2383200,0.2384300,32611,1790767859999,7776.2105400,263,23795,5674.3286400,0
1790767860000,0.2384200,0.2385000,0.2378900,0.2379600,78742,1790767919999,18756.4638800,640,36811,8771.7799200,0
1790767920000,0.2379700,0.2380300,0.2376300,0.2376900,109065,1790767979999,25935.3194400,429,50275,11955.2914500,0
1790767980000,0.2377000,0.2377500,0.2373600,0.2375100,104212,1790768039999,24760.9307300,378,57033,13553.4056900,0
1790768040000,0.2375100,0.2379700,0.2372300,0.2375800,204490,1790768099999,48566.9155500,848,66804,15872.2015900,0
1790768100000,0.2375800,0.2380100,0.2375700,0.2379700,54216,1790768159999,12892.6346300,388,49043,11663.0859300,0
1790768160000,0.2379700,0.2382900,0.2375700,0.2382600,127850,1790768219999,30425.0316200,823,110122,26206.4567100,0
1790768220000,0.2382600,0.2389900,0.2382000,0.2386000,236362,1790768279999,56411.0137700,1361,160346,38274.4440900,0
1790768280000,0.2385700,0.2390700,0.2385200,0.2388300,67232,1790768339999,16055.3347400,456,57889,13823.9017200,0
1790768340000,0.2388200,0.2393200,0.2386100,0.2393200,176093,1790768399999,42072.9094000,1030,127430,30450.0739700,0
1790768400000,0.2393300,0.2400300,0.2392300,0.2397600,82739,1790768459999,19829.9116700,627,57184,13706.6191000,0
1790768460000,0.2397600,0.2398600,0.2393000,0.2394400,71497,1790768519999,17130.1464100,548,47535,11389.4581700,0
1790768520000,0.2394600,0.2401600,0.2394500,0.2399300,130448,1790768579999,31281.2731700,541,91201,21871.7854500,0
1790768580000,0.2399300,0.2412000,0.2399200,0.2410000,108797,1790768639999,26175.5784100,726,57124,13738.4213400,0
1790768640000,0.2410100,0.2420000,0.2408000,0.2412900,264208,1790768699999,63789.6407600,1330,128272,30977.0618000,0
1790768700000,0.2413000,0.2413000,0.2398700,0.2401000,198755,1790768759999,47795.8461400,1196,106206,25544.7809100,0
1790768760000,0.2401000,0.2401100,0.2393800,0.2395000,172323,1790768819999,41300.7821800,1039,57469,13774.0088000,0
1790768820000,0.2394900,0.2394900,0.2384400,0.2385100,210905,1790768879999,50368.2525300,1000,77630,18535.8234500,0
1790768880000,0.2385800,0.2385800,0.2378700,0.2379300,128498,1790768939999,30618.6924800,716,42918,10230.1131900,0
1790768940000,0.2379200,0.2380700,0.2376600,0.2380500,132359,1790768999999,31484.0535400,598,71527,17015.7799900,0
1790769000000,0.2380400,0.2380400,0.2376000,0.2377600,87666,1790769059999,20847.6918400,658,51698,12294.3109800,0
1790769060000,0.2377900,0.2383600,0.2376500,0.2380300,64244,1790769119999,15293.1124300,578,37197,8855.7465300,0
1790769120000,0.2380400,0.2383300,0.2372800,0.2374000,166962,1790769179999,39675.7787600,785,84232,20016.9338100,0
1790769180000,0.2374000,0.2379600,0.2370500,0.2376900,149997,1790769239999,35617.7462200,625,66966,15908.6608400,0
1790769240000,0.2376900,0.2376900,0.2368900,0.2372500,209215,1790769299999,49618.7892800,791,103590,24566.4093200,0
1790769300000,0.2372400,0.2382500,0.2368500,0.2374800,415769,1790769359999,98796.9714800,1288,305436,72601.8605600,0
1790769360000,0.2374900,0.2382400,0.2374900,0.2379400,250073,1790769419999,59490.5526900,1185,166599,39636.8701000,0
1790769420000,0.2379300,0.2382600,0.2379000,0.2379600,34426,1790769479999,8196.5290200,362,17089,4068.3566900,0
1790769480000,0.2379500,0.2382800,0.2377400,0.2379700,67534,1790769539999,16072.2445400,419,32096,7638.9774200,0
1790769540000,0.2379800,0.2392000,0.2379800,0.2391600,377925,1790769599999,90210.1798300,1232,295829,70611.3782000,0
1790769600000,0.2391400,0.2396200,0.2387600,0.2393600,183041,1790769659999,43774.4920000,1233,115723,27669.9472200,0
1790769660000,0.2394100,0.2397900,0.2383300,0.2391900,336273,1790769719999,80346.9696600,1910,173362,41437.2481600,0
1790769720000,0.2392300,0.2396600,0.2390000,0.2390800,129291,1790769779999,30932.2820700,813,94558,22621.6863700,0
1790769780000,0.2391000,0.2397400,0.2390500,0.2392700,93663,1790769839999,22425.4757800,670,54119,12957.9358000,0
1790769840000,0.2392800,0.2399300,0.2392800,0.2397700,51374,1790769899999,12311.9651500,551,33219,7961.1123100,0
1790769900000,0.2397800,0.2405000,0.2393200,0.2404400,116062,1790769959999,27830.7560800,919,82091,19685.5077800,0
1790769960000,0.2404500,0.2406900,0.2400100,0.2400700,97393,1790770019999,23402.5488000,721,46146,11089.5868700,0
1790770020000,0.2400700,0.2402500,0.2399100,0.2401100,197882,1790770079999,47500.4466200,1027,138402,33223.6455500,0
1790770080000,0.2400900,0.2401600,0.2389400,0.2391400,332486,1790770139999,79685.4043200,1526,133657,32033.9454000,0
1790770140000,0.2392000,0.2399900,0.2383100,0.2388900,397670,1790770199999,95023.9204500,1875,205552,49107.0554200,0
1790770200000,0.2388700,0.2399300,0.2387100,0.2391200,193170,1790770259999,46234.3576700,852,144521,34596.8442800,0
1790770260000,0.2391100,0.2392500,0.2386900,0.2386900,79157,1790770319999,18916.7054800,487,30214,7223.1488500,0
1790770320000,0.2386900,0.2390300,0.2386100,0.2389700,68687,1790770379999,16403.6336000,418,53230,12712.4578700,0
1790770380000,0.2389800,0.2392800,0.2385300,0.2388200,75065,1790770439999,17928.6579500,508,35760,8542.7091800,0
1790770440000,0.2388200,0.2388200,0.2384800,0.2387200,37321,1790770499999,8904.6046400,280,22657,5405.6791900,0
1790770500000,0.2387100,0.2389400,0.2373700,0.2373900,163661,1790770559999,38953.5266200,1155,48782,11610.2693100,0
1790770560000,0.2373900,0.2419300,0.2369700,0.2405800,1777311,1790770619999,426259.0183600,5410,1210498,290127.9577100,0
1790770620000,0.2405700,0.2412000,0.2394400,0.2405000,638985,1790770679999,153588.9262900,3660,215436,51786.2203200,0
1790770680000,0.2405100,0.2418000,0.2405100,0.2409500,334623,1790770739999,80726.9606100,2265,181559,43797.9808200,0
1790770740000,0.2409500,0.2411000,0.2399500,0.2400100,160693,1790770799999,38646.4303100,1006,45639,10981.9468900,0
1790770800000,0.2400300,0.2402000,0.2395800,0.2398500,123726,1790770859999,29669.8271400,911,25159,6033.7528400,0
1790770860000,0.2398600,0.2402200,0.2395400,0.2400100,82215,1790770919999,19723.6272600,694,40439,9704.9318000,0
1790770920000,0.2400000,0.2404000,0.2395600,0.2402200,103824,1790770979999,24910.4528900,906,55373,13285.4772600,0
1790770980000,0.2402200,0.2405400,0.2392400,0.2392400,144356,1790771039999,34611.0625900,959,43558,10454.8586200,0
1790771040000,0.2392700,0.2396400,0.2387900,0.2396400,155569,1790771099999,37200.9300000,765,36843,8814.7489800,0
1790771100000,0.2396400,0.2404300,0.2391300,0.2391300,96131,1790771159999,23064.4632000,808,51707,12412.2289100,0
1790771160000,0.2391300,0.2394900,0.2387200,0.2388200,86702,1790771219999,20731.5082900,752,42436,10150.6151800,0
1790771220000,0.2388100,0.2408600,0.2387800,0.2398000,261113,1790771279999,62674.1607500,2073,188306,45186.7966500,0
1790771280000,0.2397900,0.2400400,0.2395100,0.2396700,45273,1790771339999,10852.8530900,409,13684,3280.1739900,0
1790771340000,0.2396600,0.2413300,0.2395300,0.2409700,200707,1790771399999,48229.1015300,1346,140811,33841.8438400,0
1790771400000,0.2409700,0.2438400,0.2395500,0.2434800,1128001,1790771459999,272492.6966600,5681,588701,142282.1628400,0
1790771460000,0.2435300,0.2456500,0.2430000,0.2452600,1153722,1790771519999,282100.2825000,5243,610193,149354.8460600,0
1790771520000,0.2452200,0.2459400,0.2443900,0.2449500,439672,1790771579999,107755.6665800,3321,186307,45686.3230500,0
1790771580000,0.2448900,0.2449100,0.2436300,0.2441700,419391,1790771639999,102412.3668300,2167,171859,41955.1313500,0
1790771640000,0.2441800,0.2458500,0.2439200,0.2456800,454456,1790771699999,111263.0814300,2388,260587,63802.6507000,0
1790771700000,0.2456700,0.2477600,0.2453800,0.2464100,808855,1790771759999,199308.1884600,4485,509852,125646.2501800,0
1790771760000,0.2464100,0.2466700,0.2447900,0.2449200,505527,1790771819999,124163.8979600,2901,189020,46447.0502200,0
1790771820000,0.2449100,0.2457200,0.2442500,0.2451600,336834,1790771879999,82548.4378800,2226,108970,26703.5013700,0
1790771880000,0.2451700,0.2460000,0.2445000,0.2456100,234190,1790771939999,57487.6231500,1578,112898,27717.3113100,0
1790771940000,0.2456000,0.2470100,0.2452100,0.2461400,284220,1790771999999,69939.5058700,1690,156888,38626.8564700,0
1790772000000,0.2462000,0.2491400,0.2462000,0.2488000,1269082,1790772059999,314908.8697000,5058,769196,190820.3830700,0
1790772060000,0.2487900,0.2511400,0.2482100,0.2495000,2490982,1790772119999,621489.2146000,8099,1411914,352332.3594400,0
1790772120000,0.2493500,0.2550000,0.2487400,0.2537000,3462439,1790772179999,872390.9130100,9683,2175577,548466.3351100,0
1790772180000,0.2538000,0.2575700,0.2525400,0.2564900,2444291,1790772239999,622757.3954900,9182,1164810,297099.7916800,0
1790772240000,0.2564600,0.2576800,0.2553500,0.2568300,1414299,1790772299999,362874.8314900,7351,584051,149939.7526300,0
1790772300000,0.2567800,0.2587900,0.2567300,0.2586600,1363880,1790772359999,351495.9215600,6045,620467,159946.4441100,0
1790772360000,0.2586500,0.2592300,0.2568700,0.2586400,1559683,1790772419999,402680.8065100,7172,791831,204552.5922200,0
1790772420000,0.2586300,0.2594600,0.2568200,0.2571400,2063481,1790772479999,532529.1423200,8251,919366,237487.2771400,0
1790772480000,0.2571300,0.2573300,0.2544500,0.2569300,1261848,1790772539999,322929.9474600,4538,416379,106646.8822000,0
1790772540000,0.2570300,0.2578700,0.2555200,0.2558300,706838,1790772599999,181464.5931000,3662,204151,52422.9408200,0
1790772600000,0.2558200,0.2564500,0.2548700,0.2550100,535757,1790772659999,136948.9794800,3354,260118,66512.4611200,0
1790772660000,0.2550200,0.2550200,0.2526900,0.2535300,889721,1790772719999,225819.3605100,4650,337673,85694.1118300,0
1790772720000,0.2534600,0.2542100,0.2527700,0.2536400,472765,1790772779999,119916.2891100,2789,277460,70387.2702700,0
1790772780000,0.2536400,0.2539500,0.2530700,0.2533000,336387,1790772839999,85315.3754400,1858,180952,45895.9167700,0
1790772840000,0.2532500,0.2539600,0.2531900,0.2533600,258975,1790772899999,65647.3196500,1455,117933,29896.9037300,0
1790772900000,0.2534100,0.2548400,0.2533600,0.2544400,673257,1790772959999,171072.0120100,3176,366119,93022.5841300,0
1790772960000,0.2544400,0.2546000,0.2521800,0.2529100,797804,1790773019999,202012.2719700,3822,354312,89778.9821700,0
1790773020000,0.2529100,0.2545200,0.2528400,0.2543100,298507,1790773079999,75703.4391800,2012,163843,41554.9073800,0
1790773080000,0.2543000,0.2552400,0.2543000,0.2549800,334504,1790773139999,85230.2227500,2109,209037,53263.8241000,0
1790773140000,0.2549800,0.2571200,0.2546400,0.2553300,653699,1790773199999,167179.7863400,2980,361492,92451.2990700,0
1790773200000,0.2553500,0.2558500,0.2534700,0.2540100,575907,1790773259999,146570.0493700,3712,219177,55779.1621200,0
1790773260000,0.2540100,0.2543900,0.2529500,0.2531500,343535,1790773319999,87157.8559300,2265,109796,27848.8705500,0
1790773320000,0.2531400,0.2540200,0.2516700,0.2537400,828171,1790773379999,209330.2547200,3045,259187,65573.0432700,0
1790773380000,0.2537300,0.2545400,0.2531200,0.2541500,393693,1790773439999,100006.9344300,2221,195775,49739.1878000,0
1790773440000,0.2542000,0.2542100,0.2536000,0.2541100,156429,1790773499999,39714.2865600,1028,69639,17680.6453000,0
1790773500000,0.2540800,0.2564000,0.2540800,0.2563300,561382,1790773559999,143385.2781900,3049,369811,94466.3821900,0
1790773560000,0.2563600,0.2578100,0.2563600,0.2571300,492997,1790773619999,126861.3365100,2790,247481,63688.2936600,0
1790773620000,0.2571400,0.2574400,0.2556100,0.2564200,568731,1790773679999,145807.1283100,3224,281779,72270.5491600,0
1790773680000,0.2564400,0.2575200,0.2563900,0.2575100,328927,1790773739999,84557.2607100,1576,177648,45673.0586800,0
1790773740000,0.2575100,0.2579900,0.2569900,0.2570100,425779,1790773799999,109615.3197500,2279,248092,63885.7462700,0
1790773800000,0.2570700,0.2571800,0.2563600,0.2568500,258325,1790773859999,66338.9224300,1436,87277,22415.8860400,0
1790773860000,0.2568400,0.2572000,0.2563000,0.2571400,183141,1790773919999,47014.1840400,1367,99215,25478.9457300,0
1790773920000,0.2570600,0.2578200,0.2560400,0.2572500,404919,1790773979999,104031.7706200,2029,160979,41355.5135500,0
1790773980000,0.2573300,0.2574800,0.2563500,0.2563500,156111,1790774039999,40094.2619500,1114,42150,10827.2579500,0
1790774040000,0.2563300,0.2563300,0.2552000,0.2561500,226018,1790774099999,57801.8826700,1485,64987,16621.0605000,0
1790774100000,0.2561600,0.2566900,0.2552300,0.2554900,178349,1790774159999,45673.0229600,1506,80575,20637.3843200,0
1790774160000,0.2554700,0.2558600,0.2553300,0.2556900,247562,1790774219999,63258.5071300,1084,172870,44171.9581400,0
1790774220000,0.2556900,0.2558100,0.2544200,0.2551400,355842,1790774279999,90704.7298900,1666,153280,39063.2050000,0
1790774280000,0.2551500,0.2560900,0.2547100,0.2556500,179224,1790774339999,45784.8754600,1191,63758,16291.5993300,0
1790774340000,0.2556400,0.2556400,0.2542400,0.2544600,159624,1790774399999,40692.2721900,1172,58919,15016.7137600,0
1790774400000,0.2544500,0.2550200,0.2542700,0.2546800,85740,1790774459999,21843.5818100,821,45901,11693.6842600,0
1790774460000,0.2546900,0.2550600,0.2543800,0.2546400,162163,1790774519999,41294.3102100,1177,59717,15210.7180700,0
1790774520000,0.2546200,0.2559800,0.2545900,0.2553000,89795,1790774579999,22934.1003400,952,49171,12558.2744000,0
1790774580000,0.2552900,0.2556500,0.2542100,0.2555300,288694,1790774639999,73598.7218300,1614,103992,26532.2058600,0
1790774640000,0.2554800,0.2565500,0.2554500,0.2565500,167756,1790774699999,42937.8366400,1306,91617,23451.9546300,0
1790774700000,0.2565500,0.2568000,0.2555200,0.2563700,239127,1790774759999,61253.3696400,1683,94232,24152.7770600,0
1790774760000,0.2563700,0.2581200,0.2563600,0.2580800,344767,1790774819999,88738.1161400,2247,195403,50277.8300100,0
1790774820000,0.2580800,0.2592200,0.2580500,0.2589000,434936,1790774879999,112549.4941500,2104,239416,61956.9694600,0
1790774880000,0.2589100,0.2589100,0.2568600,0.2571900,336729,1790774939999,86778.4463500,2791,155824,40160.1087300,0
1790774940000,0.2571900,0.2576600,0.2560400,0.2566700,360067,1790774999999,92423.5923700,1863,156039,40024.4161600,0
1790775000000,0.2566700,0.2569800,0.2555600,0.2568000,259080,1790775059999,66394.8034700,2190,104798,26872.5745000,0
1790775060000,0.2568000,0.2577600,0.2568000,0.2577600,187247,1790775119999,48167.7418500,1635,118773,30554.3667300,0
1790775120000,0.2577700,0.2584800,0.2564000,0.2569500,319584,1790775179999,82362.1928700,2315,182855,47131.0431200,0
1790775180000,0.2569600,0.2571400,0.2551800,0.2570800,297470,1790775239999,76215.6042600,2323,152986,39189.8815900,0
1790775240000,0.2570700,0.2575300,0.2562200,0.2564600,189788,1790775299999,48752.3175800,1881,101403,26048.3137700,0
1790775300000,0.2564500,0.2564500,0.2495400,0.2512000,1807237,1790775359999,455192.0783500,6457,471456,118754.2267700,0
1790775360000,0.2512200,0.2513800,0.2485200,0.2505900,1107986,1790775419999,277205.8169800,5190,396893,99398.1867700,0
1790775420000,0.2506800,0.2507600,0.2471000,0.2479100,1006376,1790775479999,250661.1619200,6272,276702,68956.8148200,0
1790775480000,0.2479500,0.2480000,0.2438200,0.2452400,2282460,1790775539999,560786.2620300,9725,949585,233441.6709100,0
1790775540000,0.2453100,0.2475700,0.2452100,0.2468200,924276,1790775599999,227625.4436600,5392,590561,145478.4389500,0
1790775600000,0.2467500,0.2483600,0.2446800,0.2449100,1085964,1790775659999,267794.9522800,5767,522359,128944.9792700,0
1790775660000,0.2449000,0.2462300,0.2434300,0.2455600,1070658,1790775719999,262168.9329300,5506,428204,104919.1906400,0
1790775720000,0.2455700,0.2472600,0.2452000,0.2468600,325071,1790775779999,80135.1666400,2435,173135,42684.8534800,0
1790775780000,0.2468700,0.2485000,0.2466900,0.2473600,600820,1790775839999,148784.4225300,3126,391074,96826.1299500,0
1790775840000,0.2473600,0.2498800,0.2471100,0.2493400,873959,1790775899999,217460.2141700,3364,627447,156069.2487200,0
1790775900000,0.2493500,0.2501700,0.2488100,0.2491200,331890,1790775959999,82815.0142600,2385,166374,41527.7552700,0
1790775960000,0.2491100,0.2505600,0.2491000,0.2504400,387757,1790776019999,96876.4218800,2111,236941,59202.6225400,0
1790776020000,0.2504100,0.2516500,0.2502600,0.2515200,394157,1790776079999,98933.3171200,2014,178662,44852.5285800,0
1790776080000,0.2514700,0.2538500,0.2508800,0.2533700,781126,1790776139999,197423.6188900,3321,502515,127012.9763900,0
1790776140000,0.2533100,0.2554700,0.2530800,0.2552400,585318,1790776199999,148917.7275500,2678,264401,67268.7427500,0
1790776200000,0.2552100,0.2554900,0.2533800,0.2545800,605081,1790776259999,154011.8792400,3432,252487,64275.3446900,0
1790776260000,0.2545800,0.2559600,0.2545500,0.2551000,521259,1790776319999,133014.0302600,2467,217391,55468.6620300,0
1790776320000,0.2550700,0.2552200,0.2536200,0.2538800,289259,1790776379999,73557.1567000,2023,138018,35093.2876700,0
1790776380000,0.2538800,0.2543900,0.2530700,0.2543100,315719,1790776439999,80046.5860300,2132,151929,38528.5753800,0
1790776440000,0.2543500,0.2545700,0.2530000,0.2533200,145576,1790776499999,36941.9701100,1587,61615,15636.3338300,0
1790776500000,0.2533100,0.2538800,0.2518100,0.2524900,483171,1790776559999,122098.0640500,2458,147567,37320.5476100,0
1790776560000,0.2525100,0.2536500,0.2522300,0.2529800,230583,1790776619999,58305.5272200,1784,140364,35493.2320900,0
1790776620000,0.2530600,0.2532300,0.2514400,0.2524600,248908,1790776679999,62753.9681200,1907,83238,20991.0660000,0
1790776680000,0.2524700,0.2534300,0.2522900,0.2528400,239702,1790776739999,60609.1198300,1743,107099,27090.9488800,0
1790776740000,0.2528500,0.2537600,0.2528400,0.2537100,209757,1790776799999,53147.6062100,1578,141721,35917.7376000,0
1790776800000,0.2536900,0.2544300,0.2520400,0.2525700,279790,1790776859999,70889.8492000,2343,88560,22442.0454400,0
1790776860000,0.2525600,0.2547600,0.2523800,0.2526600,253689,1790776919999,64322.5748100,2998,136942,34723.8521400,0
1790776920000,0.2526600,0.2529900,0.2518300,0.2523000,291743,1790776979999,73613.8667300,2988,175777,44359.9610800,0
1790776980000,0.2523100,0.2542600,0.2523100,0.2541100,179414,1790777039999,45455.3416100,2126,106622,27009.6622900,0
1790777040000,0.2541200,0.2552800,0.2539500,0.2542700,251416,1790777099999,64045.5077400,2168,118146,30094.2822900,0
1790777100000,0.2542600,0.2553800,0.2537200,0.2553000,159518,1790777159999,40576.8671900,1281,92228,23463.0011500,0
1790777160000,0.2553100,0.2569200,0.2553100,0.2563900,317231,1790777219999,81310.9346300,2360,191317,49033.4881100,0
1790777220000,0.2564000,0.2564000,0.2543700,0.2545500,280750,1790777279999,71683.8772200,1920,83784,21392.5460800,0
1790777280000,0.2545600,0.2546000,0.2527300,0.2534600,302272,1790777339999,76632.1182500,2000,116960,29658.2333100,0
1790777340000,0.2534500,0.2541000,0.2526300,0.2532100,336449,1790777399999,85266.8136400,1943,223860,56746.8915600,0
1790777400000,0.2532000,0.2534700,0.2523000,0.2523100,253442,1790777459999,64069.3899800,1859,143130,36180.6619800,0
1790777460000,0.2523200,0.2523800,0.2502700,0.2514900,668851,1790777519999,168045.5965800,3928,246115,61847.9814200,0
1790777520000,0.2514800,0.2518400,0.2506600,0.2508200,524833,1790777579999,131838.8824200,2672,259329,65147.9976600,0
1790777580000,0.2508200,0.2517100,0.2489500,0.2497400,456572,1790777639999,114220.0259500,2387,195348,48911.1650800,0
1790777640000,0.2497300,0.2516800,0.2496300,0.2513400,310752,1790777699999,77852.1144700,1797,149986,37586.6217100,0
1790777700000,0.2513300,0.2513600,0.2488600,0.2504800,565735,1790777759999,141453.8255200,2655,196109,49065.3870900,0
1790777760000,0.2504700,0.2507800,0.2492700,0.2498900,435280,1790777819999,108821.0326100,2648,241516,60396.4593000,0
1790777820000,0.2499000,0.2505700,0.2486700,0.2488500,295029,1790777879999,73614.4189800,2453,151936,37912.0710200,0
1790777880000,0.2488400,0.2493800,0.2477500,0.2484900,433616,1790777939999,107789.2253300,3258,226760,56388.5805600,0
1790777940000,0.2484900,0.2490200,0.2457300,0.2478900,1069084,1790777999999,264532.2439100,3721,359408,89062.9271800,0
1790778000000,0.2478800,0.2485000,0.2473600,0.2482900,412634,1790778059999,102315.0848700,2526,220477,54676.2872500,0
1790778060000,0.2483000,0.2487300,0.2472300,0.2472300,384539,1790778119999,95361.0524900,2238,145371,36062.5072000,0
1790778120000,0.2472300,0.2474500,0.2442700,0.2444700,872845,1790778179999,214317.4933400,3685,380809,93448.9049300,0
1790778180000,0.2444700,0.2452200,0.2419200,0.2451700,1983709,1790778239999,483168.0254300,7464,1123312,273797.2241700,0
1790778240000,0.2451400,0.2453700,0.2423600,0.2440100,666172,1790778299999,162399.4391200,3488,286755,69939.0554800,0
1790778300000,0.2440600,0.2448000,0.2435000,0.2445700,365218,1790778359999,89156.2771200,1943,230125,56189.3309400,0
1790778360000,0.2445400,0.2447000,0.2428700,0.2433600,368511,1790778419999,89794.3486400,2375,190721,46493.5594800,0
1790778420000,0.2433600,0.2435300,0.2414900,0.2420100,393121,1790778479999,95375.9917300,3114,176963,42972.9191100,0
1790778480000,0.2420100,0.2423300,0.2412400,0.2417900,301484,1790778539999,72870.8837300,2481,198064,47881.2527500,0
1790778540000,0.2417800,0.2427800,0.2407400,0.2427800,724761,1790778599999,175086.8629300,2784,374405,90498.0085300,0
1790778600000,0.2427900,0.2440500,0.2424500,0.2438700,543310,1790778659999,132100.3029700,2904,320345,77898.5557000,0
1790778660000,0.2438300,0.2450000,0.2428100,0.2444300,740155,1790778719999,180669.4192700,3909,398782,97426.6946700,0
1790778720000,0.2444800,0.2445000,0.2422200,0.2426200,393426,1790778779999,95868.1934800,3442,157868,38496.6785400,0
1790778780000,0.2426500,0.2438000,0.2419600,0.2437900,655560,1790778839999,159181.2847000,4467,349745,84968.8389700,0
1790778840000,0.2437900,0.2439300,0.2422300,0.2430100,351611,1790778899999,85506.9274000,3112,168711,41021.5866600,0
1790778900000,0.2430100,0.2433600,0.2425800,0.2430600,191329,1790778959999,46484.8430500,1828,118903,28892.3432000,0
1790778960000,0.2430900,0.2443000,0.2430900,0.2432500,273139,1790779019999,66557.4930600,1915,145358,35420.9848400,0
1790779020000,0.2432600,0.2446500,0.2427000,0.2438400,285439,1790779079999,69557.5683000,2121,179213,43676.2607000,0
1790779080000,0.2438000,0.2442300,0.2433400,0.2442100,296355,1790779139999,72245.7878000,2321,168193,41002.6897200,0
1790779140000,0.2442000,0.2442900,0.2431000,0.2432900,190989,1790779199999,46550.5052700,1472,93164,22706.0942700,0
1790779200000,0.2432800,0.2432800,0.2414400,0.2420900,440456,1790779259999,106572.7336000,2535,229898,55621.4205500,0
1790779260000,0.2420800,0.2429600,0.2411000,0.2429300,277037,1790779319999,67039.2939000,2527,161468,39101.4369800,0
1790779320000,0.2429300,0.2432800,0.2422700,0.2432600,276300,1790779379999,67067.3182900,1837,131386,31909.9740100,0
1790779380000,0.2432700,0.2437900,0.2422500,0.2422900,235336,1790779439999,57193.3607800,1665,109596,26643.5306500,0
1790779440000,0.2422900,0.2424300,0.2413100,0.2413900,151602,1790779499999,36674.8737900,1202,77317,18713.8780400,0
1790779500000,0.2413900,0.2417800,0.2408000,0.2414700,288204,1790779559999,69565.9752600,1976,191585,46247.1549300,0
1790779560000,0.2414800,0.2429600,0.2410400,0.2424400,427435,1790779619999,103510.2876900,2812,240859,58310.2696000,0
1790779620000,0.2424500,0.2436200,0.2423400,0.2430600,306040,1790779679999,74352.2107800,1912,196567,47759.5970900,0
1790779680000,0.2431400,0.2437700,0.2424300,0.2426600,212869,1790779739999,51710.0109400,1748,100491,24416.2643100,0
1790779740000,0.2426700,0.2428700,0.2419700,0.2427100,129903,1790779799999,31489.2828800,1189,59374,14398.6265600,0
1790779800000,0.2427000,0.2430400,0.2423000,0.2424400,165448,1790779859999,40135.9810600,1616,80753,19593.7225300,0
1790779860000,0.2424500,0.2433700,0.2424500,0.2429400,107696,1790779919999,26172.6467900,1081,59033,14344.8712900,0
1790779920000,0.2429500,0.2441800,0.2428600,0.2431800,228041,1790779979999,55542.5682300,2062,132116,32180.2911300,0
1790779980000,0.2431700,0.2436100,0.2430300,0.2430300,102153,1790780039999,24853.6745100,1134,58957,14344.6156200,0
1790780040000,0.2430500,0.2432400,0.2422100,0.2426000,258799,1790780099999,62812.2755900,1989,146442,35541.2412900,0
1790780100000,0.2426000,0.2436500,0.2423100,0.2435900,177122,1790780159999,43037.0051800,1472,122717,29817.8101200,0
1790780160000,0.2435800,0.2436200,0.2411700,0.2411700,368636,1790780219999,89338.1290400,2077,104765,25403.2822400,0
1790780220000,0.2411600,0.2411600,0.2400500,0.2402500,339468,1790780279999,81679.1527800,1898,130635,31443.8107600,0
1790780280000,0.2402200,0.2412400,0.2401500,0.2405300,139198,1790780339999,33520.5874900,1010,96910,23343.2595000,0
1790780340000,0.2405300,0.2413000,0.2403500,0.2408100,163258,1790780399999,39335.3652100,1263,91424,22028.8522200,0
1790780400000,0.2408200,0.2422900,0.2401900,0.2420700,256480,1790780459999,61839.0823100,2332,189988,45814.7477400,0
1790780460000,0.2420800,0.2429600,0.2412300,0.2421600,271021,1790780519999,65600.5936400,2161,144463,34977.3298900,0
1790780520000,0.2421700,0.2424600,0.2415500,0.2416600,129545,1790780579999,31342.6390600,1459,69018,16699.4330900,0
1790780580000,0.2416500,0.2424200,0.2413100,0.2423700,155817,1790780639999,37677.7176100,1736,93748,22671.8832100,0
1790780640000,0.2423600,0.2425000,0.2413800,0.2421700,141946,1790780699999,34353.9612100,1457,97268,23544.9549000,0
1790780700000,0.2421400,0.2425800,0.2418200,0.2418200,175985,1790780759999,42616.1956500,1089,41452,10042.1733900,0
1790780760000,0.2418200,0.2418500,0.2410100,0.2415800,120271,1790780819999,29044.6397400,1346,75913,18333.6263900,0
1790780820000,0.2416000,0.2420600,0.2413900,0.2419700,123167,1790780879999,29776.7986100,1035,69595,16826.0345900,0
1790780880000,0.2419700,0.2423300,0.2417300,0.2419300,139348,1790780939999,33725.7439800,1152,68262,16525.6803900,0
1790780940000,0.2419500,0.2432000,0.2419500,0.2432000,150365,1790780999999,36499.1182600,1375,107503,26091.7937000,0
1790781000000,0.2432000,0.2437400,0.2431200,0.2431600,119272,1790781059999,29033.5148500,953,53703,13071.2166700,0
1790781060000,0.2431600,0.2436800,0.2425900,0.2426500,126779,1790781119999,30822.0928400,1090,37746,9181.6939500,0
1790781120000,0.2426600,0.2427800,0.2417000,0.2420400,113107,1790781179999,27397.3603500,1438,51570,12491.5924400,0
1790781180000,0.2420400,0.2424100,0.2417800,0.2418400,60672,1790781239999,14690.8815700,762,26733,6473.6298800,0
1790781240000,0.2417800,0.2417900,0.2409600,0.2414800,160572,1790781299999,38763.9898100,1389,72689,17550.0081600,0
1790781300000,0.2414800,0.2418800,0.2411500,0.2416900,71123,1790781359999,17172.1733800,969,40739,9837.3924900,0
1790781360000,0.2416500,0.2422000,0.2413300,0.2419700,110861,1790781419999,26795.0296500,1241,64984,15707.4163800,0
1790781420000,0.2419700,0.2423000,0.2412300,0.2416200,86096,1790781479999,20813.8554500,1176,38058,9200.5219300,0
1790781480000,0.2416100,0.2421300,0.2402100,0.2403400,294237,1790781539999,70908.6007400,1756,135889,32772.7061600,0
1790781540000,0.2403500,0.2410800,0.2402000,0.2406500,168956,1790781599999,40656.5372100,1574,81669,19655.0568100,0
1790781600000,0.2406300,0.2406300,0.2396500,0.2401400,354349,1790781659999,85081.8376400,2150,132587,31844.6291800,0
1790781660000,0.2401400,0.2408500,0.2401100,0.2407300,78491,1790781719999,18877.0116400,907,44678,10747.6352000,0
1790781720000,0.2407200,0.2434400,0.2406100,0.2423200,1016668,1790781779999,246556.0438700,3027,556071,134895.8962800,0
1790781780000,0.2423300,0.2432000,0.2421200,0.2421600,415583,1790781839999,100898.9364000,2199,209693,50908.3045000,0
1790781840000,0.2421700,0.2422200,0.2397600,0.2397600,194711,1790781899999,46903.8266900,1565,66522,16034.3828100,0
1790781900000,0.2397700,0.2407600,0.2390000,0.2402800,308873,1790781959999,74108.6919100,2218,145226,34874.3956300,0
1790781960000,0.2402800,0.2403500,0.2394700,0.2395600,181453,1790782019999,43554.2264800,1283,97985,23520.7068500,0
1790782020000,0.2395500,0.2402700,0.2386100,0.2402700,575593,1790782079999,137657.6373800,2675,280765,67174.6251200,0
1790782080000,0.2402600,0.2410600,0.2399300,0.2409800,148349,1790782139999,35678.1448400,1239,92404,22229.4791800,0
1790782140000,0.2409800,0.2414900,0.2407700,0.2414200,129776,1790782199999,31299.9305500,901,82508,19903.7782700,0
1790782200000,0.2414300,0.2431300,0.2412900,0.2429900,270977,1790782259999,65631.3483300,1832,186351,45150.2960100,0
1790782260000,0.2429900,0.2449900,0.2428600,0.2449000,346123,1790782319999,84428.8720600,2386,214930,52434.8011100,0
1790782320000,0.2449300,0.2456700,0.2442700,0.2448800,554115,1790782379999,135797.4008200,3202,320293,78511.2925000,0
1790782380000,0.2448700,0.2451300,0.2438400,0.2444000,197093,1790782439999,48186.2346100,1608,84208,20590.2438800,0
1790782440000,0.2443900,0.2446000,0.2433900,0.2435800,262486,1790782499999,64005.1060900,1800,113886,27780.2395400,0
1790782500000,0.2435800,0.2443000,0.2428800,0.2429000,172702,1790782559999,42071.5794100,1407,77425,18863.8467200,0
1790782560000,0.2428800,0.2432000,0.2425700,0.2427000,100495,1790782619999,24409.9007600,937,57062,13860.4872500,0
1790782620000,0.2426900,0.2438900,0.2423700,0.2438600,116638,1790782679999,28333.7380200,1161,81932,19907.7576600,0
1790782680000,0.2438500,0.2442400,0.2432100,0.2433800,624693,1790782739999,152258.7902700,3045,341386,83222.4552700,0
1790782740000,0.2433700,0.2438900,0.2432500,0.2436500,79121,1790782799999,19267.2589300,879,45504,11082.1676700,0
1790782800000,0.2436100,0.2438400,0.2429400,0.2438000,215695,1790782859999,52508.9195200,1308,88844,21632.1344200,0
1790782860000,0.2438000,0.2448400,0.2438000,0.2444000,182296,1790782919999,44537.3496000,1352,113254,27667.5964200,0
1790782920000,0.2444000,0.2444500,0.2436800,0.2440000,87877,1790782979999,21448.0313900,866,37901,9249.4268300,0
1790782980000,0.2440500,0.2440700,0.2428300,0.2428800,109299,1790783039999,26605.3382800,744,33558,8161.4361100,0
1790783040000,0.2428900,0.2429700,0.2422800,0.2426800,77229,1790783099999,18744.9174400,725,35558,8630.9066400,0
1790783100000,0.2426500,0.2435100,0.2424500,0.2429900,1048525,1790783159999,254715.1817900,5000,504331,122545.4761300,0
1790783160000,0.2430000,0.2440800,0.2430000,0.2438800,225773,1790783219999,54971.0215700,1485,141157,34372.1548800,0
1790783220000,0.2438900,0.2448500,0.2435300,0.2447000,207511,1790783279999,50695.3354300,1551,145878,35641.7103200,0
1790783280000,0.2447000,0.2464600,0.2446500,0.2459100,368427,1790783339999,90568.6683400,1834,142177,34931.9770300,0
1790783340000,0.2459200,0.2463900,0.2454700,0.2458300,351203,1790783399999,86370.4709900,1663,131665,32390.2883300,0
1790783400000,0.2458300,0.2464100,0.2453300,0.2456700,258001,1790783459999,63424.0385500,1485,158475,38969.2375100,0
1790783460000,0.2456800,0.2486600,0.2452600,0.2469900,1070281,1790783519999,264474.4215100,3814,721035,178157.0294700,0
1790783520000,0.2469900,0.2478600,0.2461700,0.2467500,565214,1790783579999,139579.1299400,2339,244139,60296.6735200,0
1790783580000,0.2467600,0.2479100,0.2464600,0.2475400,228920,1790783639999,56606.0358000,1748,144384,35700.5263100,0
1790783640000,0.2474000,0.2488000,0.2473600,0.2480400,458308,1790783699999,113782.4487800,2266,246080,61110.1461400,0
1790783700000,0.2480300,0.2488500,0.2478700,0.2485100,290307,1790783759999,72098.8200300,1712,215110,53426.5111100,0
1790783760000,0.2485100,0.2495400,0.2481400,0.2492500,290561,1790783819999,72314.5618700,2052,209577,52161.6942700,0
1790783820000,0.2492500,0.2495000,0.2486600,0.2488100,198160,1790783879999,49379.0421900,1276,103767,25859.9589600,0
1790783880000,0.2488000,0.2490300,0.2482900,0.2483500,107925,1790783939999,26824.3256800,843,46297,11510.9061600,0
1790783940000,0.2483500,0.2483500,0.2477000,0.2481900,132156,1790783999999,32770.4665500,1053,65585,16262.5607800,0
1790784000000,0.2481700,0.2483400,0.2469300,0.2472100,226961,1790784059999,56197.5799500,1759,44219,10955.4420700,0
1790784060000,0.2471800,0.2479300,0.2470000,0.2474800,236184,1790784119999,58463.6963100,1652,112738,27905.9719900,0
1790784120000,0.2474500,0.2488500,0.2472400,0.2483600,143335,1790784179999,35535.6277100,1485,56276,13958.0479000,0
1790784180000,0.2483500,0.2490800,0.2479500,0.2487900,328852,1790784239999,81753.2886400,1750,97333,24202.1687300,0
1790784240000,0.2487900,0.2498800,0.2486200,0.2498200,237968,1790784299999,59342.5416900,1605,137089,34199.1962600,0
1790784300000,0.2498400,0.2499400,0.2489700,0.2494400,201941,1790784359999,50389.4804400,1441,137555,34322.5645300,0
1790784360000,0.2494500,0.2500500,0.2494500,0.2495100,341502,1790784419999,85309.6243500,1606,147609,36874.3309100,0
1790784420000,0.2495600,0.2495900,0.2481500,0.2488700,388570,1790784479999,96686.1554200,2300,195962,48762.5610400,0
1790784480000,0.2488700,0.2496700,0.2485000,0.2495500,214018,1790784539999,53285.3605900,1257,106937,26632.7278400,0
1790784540000,0.2495600,0.2498800,0.2487400,0.2488900,172183,1790784599999,42923.4412500,970,56468,14087.5523200,0
1790784600000,0.2488600,0.2493700,0.2486600,0.2487500,94760,1790784659999,23596.9135900,803,60827,15149.8326000,0
1790784660000,0.2487500,0.2494500,0.2485300,0.2491600,546796,1790784719999,136082.9558900,2789,270468,67330.3284400,0
1790784720000,0.2491600,0.2491700,0.2477400,0.2480900,188185,1790784779999,46721.2618000,1090,66298,16473.7445500,0
1790784780000,0.2480900,0.2494800,0.2480400,0.2494700,144528,1790784839999,35943.6709000,1054,101591,25263.1466800,0
1790784840000,0.2493600,0.2498600,0.2490800,0.2491000,117227,1790784899999,29249.6415100,824,55991,13975.8686000,0
1790784900000,0.2491100,0.2492100,0.2477700,0.2483300,142506,1790784959999,35369.2161700,1249,49269,12226.6869200,0
1790784960000,0.2483300,0.2490700,0.2482900,0.2488100,84717,1790785019999,21080.1197000,785,62028,15436.2015300,0
1790785020000,0.2488100,0.2488100,0.2472500,0.2473200,746041,1790785079999,184997.7130200,3652,317343,78725.8363100,0
1790785080000,0.2473500,0.2481800,0.2470500,0.2481600,127743,1790785139999,31608.1462200,982,64410,15939.5510400,0
1790785140000,0.2481700,0.2486200,0.2478600,0.2480100,112459,1790785199999,27916.9550500,771,34887,8662.1205100,0
1790785200000,0.2480000,0.2481900,0.2470500,0.2478400,175031,1790785259999,43321.6403100,965,57740,14301.9964000,0
1790785260000,0.2478400,0.2484600,0.2475500,0.2479800,118712,1790785319999,29450.9446900,1000,66789,16569.4970500,0
1790785320000,0.2480100,0.2484600,0.2474800,0.2477400,340778,1790785379999,84545.5020400,2063,166621,41350.6800300,0
1790785380000,0.2477500,0.2482700,0.2473900,0.2473900,112329,1790785439999,27844.1239900,844,52219,12947.4261300,0
1790785440000,0.2473700,0.2476300,0.2468900,0.2471100,141253,1790785499999,34918.9683600,1001,36582,9044.7468200,0
1790785500000,0.2471200,0.2472500,0.2467300,0.2470800,342124,1790785559999,84490.4912400,1960,169836,41949.1835300,0
1790785560000,0.2470900,0.2485000,0.2470200,0.2475600,763789,1790785619999,189274.2602400,3628,414514,102717.6245400,0
1790785620000,0.2475600,0.2478100,0.2472600,0.2476100,76848,1790785679999,19019.6164700,722,49635,12283.6365100,0
1790785680000,0.2475900,0.2478100,0.2472400,0.2474000,41220,1790785739999,10205.6207800,464,20968,5191.0600900,0
1790785740000,0.2473900,0.2475100,0.2467400,0.2471000,129293,1790785799999,31947.9832100,751,64681,15977.7977900,0
1790785800000,0.2471000,0.2478200,0.2465400,0.2466200,88962,1790785859999,21998.9600500,836,38054,9409.8995200,0
1790785860000,0.2465700,0.2476900,0.2461500,0.2469900,188446,1790785919999,46521.8837200,1112,58222,14377.3480800,0
1790785920000,0.2469800,0.2471900,0.2461600,0.2464200,94757,1790785979999,23360.8266800,708,54051,13324.6546700,0
1790785980000,0.2464300,0.2473600,0.2464300,0.2466100,137735,1790786039999,34001.9621000,1118,58215,14371.0663600,0
1790786040000,0.2466500,0.2471700,0.2456700,0.2458300,393736,1790786099999,97019.4577500,1752,117503,28966.7192300,0
1790786100000,0.2458200,0.2458200,0.2444900,0.2450700,401822,1790786159999,98521.8364800,1826,122878,30135.5979700,0
1790786160000,0.2451800,0.2458900,0.2451700,0.2452900,525471,1790786219999,129013.4456600,2195,313628,77011.9802800,0
1790786220000,0.2453000,0.2461000,0.2446800,0.2452600,186999,1790786279999,45883.9555400,1203,78986,19402.7355200,0
1790786280000,0.2452800,0.2460000,0.2452800,0.2458100,191934,1790786339999,47170.0823900,942,116847,28714.1251700,0
1790786340000,0.2458100,0.2478500,0.2457000,0.2478500,282093,1790786399999,69561.9281600,1838,183900,45337.3071700,0
1790786400000,0.2478500,0.2487100,0.2477400,0.2481300,201970,1790786459999,50137.2556800,1556,109729,27239.6270000,0
1790786460000,0.2481300,0.2488000,0.2478200,0.2481800,292040,1790786519999,72542.5769900,1835,145287,36091.7061300,0
1790786520000,0.2481700,0.2491100,0.2481700,0.2490000,148462,1790786579999,36909.8468700,1266,82401,20484.4266300,0
1790786580000,0.2490400,0.2507500,0.2490400,0.2507000,282518,1790786639999,70596.9313200,1651,163588,40888.3313000,0
1790786640000,0.2507000,0.2514400,0.2504300,0.2508500,251217,1790786699999,63029.9523900,1633,165409,41506.4715300,0
1790786700000,0.2508600,0.2515100,0.2502700,0.2513900,179167,1790786759999,44949.7726500,1230,103940,26087.8279500,0
1790786760000,0.2513900,0.2521300,0.2509100,0.2515400,373934,1790786819999,94100.8696100,2490,200867,50548.1433100,0
1790786820000,0.2516900,0.2522900,0.2514900,0.2520400,117818,1790786879999,29680.4329400,1015,62850,15835.8860900,0
1790786880000,0.2520300,0.2520300,0.2510000,0.2510800,169253,1790786939999,42557.4990600,1273,86812,21827.1891300,0
1790786940000,0.2510700,0.2523800,0.2510700,0.2523600,162176,1790786999999,40817.4668300,996,74491,18753.8145300,0
1790787000000,0.2523500,0.2528600,0.2521100,0.2521100,198537,1790787059999,50126.2985000,1113,67615,17077.4941400,0
1790787060000,0.2521100,0.2527800,0.2513300,0.2515400,280384,1790787119999,70681.2354100,1755,117788,29699.8027900,0
1790787120000,0.2515500,0.2523000,0.2505700,0.2511200,394731,1790787179999,99204.5919900,1816,175953,44210.3586200,0
1790787180000,0.2511300,0.2516100,0.2510100,0.2513700,88726,1790787239999,22302.4787400,728,57068,14344.1138600,0
1790787240000,0.2513600,0.2517600,0.2510600,0.2515600,115060,1790787299999,28930.4457800,903,53364,13415.7814700,0
1790787300000,0.2515600,0.2516200,0.2506800,0.2507900,99972,1790787359999,25110.1000900,861,46187,11602.2751200,0
1790787360000,0.2507900,0.2513900,0.2506300,0.2512800,111818,1790787419999,28068.6318600,859,46049,11559.1097700,0
1790787420000,0.2512800,0.2515600,0.2509500,0.2512500,109472,1790787479999,27518.6041100,574,50965,12809.6484600,0
1790787480000,0.2512100,0.2514300,0.2509300,0.2510700,40539,1790787539999,10182.8372400,395,20501,5149.9936300,0
1790787540000,0.2510700,0.2512000,0.2505400,0.2509300,121664,1790787599999,30534.2906800,574,38104,9561.0693300,0
1790787600000,0.2509500,0.2510100,0.2502600,0.2502700,134741,1790787659999,33780.5417800,997,56638,14202.3459500,0
1790787660000,0.2502800,0.2503700,0.2495100,0.2501400,249911,1790787719999,62470.9400600,1492,102458,25616.9091700,0
1790787720000,0.2501300,0.2506600,0.2498300,0.2499600,120204,1790787779999,30072.7879400,1013,57126,14294.6985900,0
1790787780000,0.2499400,0.2501700,0.2496000,0.2501300,117262,1790787839999,29298.7107800,954,98485,24607.7177200,0
1790787840000,0.2501400,0.2501800,0.2484300,0.2484600,229343,1790787899999,57174.3672800,1512,60792,15157.2069900,0
1790787900000,0.2484500,0.2492500,0.2475900,0.2480700,399336,1790787959999,99146.7910800,2469,112466,27927.5040700,0
1790787960000,0.2480600,0.2484200,0.2472600,0.2479700,179786,1790788019999,44558.4672200,1713,66756,16546.6587800,0
1790788020000,0.2479700,0.2490900,0.2479400,0.2490100,149944,1790788079999,37306.0016000,1164,99884,24851.0247000,0
1790788080000,0.2489900,0.2503600,0.2489800,0.2502800,167045,1790788139999,41730.7739900,1319,85106,21261.8173500,0
1790788140000,0.2502800,0.2507000,0.2491000,0.2492100,247616,1790788199999,61884.5175700,1493,96364,24090.5540200,0
1790788200000,0.2492200,0.2492500,0.2486300,0.2487500,84780,1790788259999,21104.6770800,636,60166,14977.8965600,0
1790788260000,0.2487600,0.2489100,0.2483900,0.2486700,104965,1790788319999,26101.8914400,775,60181,14966.1647900,0
1790788320000,0.2486900,0.2492900,0.2486800,0.2491100,51304,1790788379999,12772.2549900,465,25347,6309.3745800,0
1790788380000,0.2491000,0.2495700,0.2487600,0.2490800,103584,1790788439999,25807.8579600,642,35794,8919.8829300,0
1790788440000,0.2490900,0.2497000,0.2490300,0.2492400,73214,1790788499999,18260.6608300,580,35240,8787.2533400,0
1790788500000,0.2492500,0.2492500,0.2477700,0.2478900,277924,1790788559999,69061.6452300,1226,66608,16536.9633100,0
1790788560000,0.2479200,0.2483000,0.2477000,0.2479900,89613,1790788619999,22220.9857000,742,40145,9955.5504300,0
1790788620000,0.2479900,0.2485000,0.2476100,0.2477600,120961,1790788679999,30000.8466000,815,41981,10416.1265600,0
1790788680000,0.2477300,0.2482500,0.2475300,0.2480100,125885,1790788739999,31199.6058200,919,78703,19508.8500600,0
1790788740000,0.2480000,0.2485400,0.2472100,0.2472300,176921,1790788799999,43874.0260600,789,39663,9842.9407100,0
1790788800000,0.2472200,0.2479500,0.2466400,0.2475000,121407,1790788859999,30020.7833800,1119,62546,15466.6257700,0
1790788860000,0.2475100,0.2486600,0.2473700,0.2485200,109160,1790788919999,27061.7668000,734,66278,16433.5311600,0
1790788920000,0.2485200,0.2487200,0.2477300,0.2477500,101058,1790788979999,25077.0156400,915,46784,11610.6051100,0
1790788980000,0.2477400,0.2482900,0.2474900,0.2481100,94857,1790789039999,23521.5219400,610,40894,10140.8921100,0
1790789040000,0.2481000,0.2486600,0.2481000,0.2485600,45279,1790789099999,11248.6736500,503,25528,6341.0957400,0
1790789100000,0.2485700,0.2486300,0.2479500,0.2481500,67938,1790789159999,16869.3095500,564,29168,7243.4755200,0
1790789160000,0.2481400,0.2482800,0.2465900,0.2470300,185528,1790789219999,45915.8352500,1234,45252,11212.0092900,0
1790789220000,0.2470000,0.2491900,0.2468200,0.2490800,184359,1790789279999,45757.1104400,1287,131419,32616.2521200,0
1790789280000,0.2490800,0.2491400,0.2482800,0.2486600,121705,1790789339999,30265.4121700,870,38040,9457.2048900,0
1790789340000,0.2486800,0.2499900,0.2486600,0.2499200,141234,1790789399999,35243.1528200,926,96517,24086.8242500,0
1790789400000,0.2499100,0.2499100,0.2493400,0.2493900,67922,1790789459999,16953.5349100,843,32585,8133.5916300,0
1790789460000,0.2493900,0.2495400,0.2483600,0.2489300,92546,1790789519999,23032.8057600,1019,46533,11581.4010400,0
1790789520000,0.2489200,0.2494500,0.2485200,0.2488100,113786,1790789579999,28320.4611200,774,45992,11452.1253200,0
1790789580000,0.2488000,0.2488300,0.2481900,0.2483400,101681,1790789639999,25270.6987700,765,26136,6494.7549900,0
1790789640000,0.2483400,0.2483700,0.2476000,0.2477700,170293,1790789699999,42223.6160600,1257,69012,17114.4039100,0
1790789700000,0.2477600,0.2482800,0.2475600,0.2481400,106985,1790789759999,26533.4157500,735,41483,10287.7889100,0
1790789760000,0.2481400,0.2487400,0.2480000,0.2483100,124144,1790789819999,30831.2928100,757,67128,16673.9598400,0
1790789820000,0.2483100,0.2483100,0.2462400,0.2464100,318865,1790789879999,78734.2238700,2022,98756,24388.9878600,0
1790789880000,0.2464200,0.2474400,0.2461100,0.2472200,243060,1790789939999,59995.0203400,1064,153957,38022.5462000,0
1790789940000,0.2472100,0.2479600,0.2471700,0.2474800,114801,1790789999999,28417.8226500,909,68463,16948.8538400,0
1790790000000,0.2474900,0.2475300,0.2467400,0.2472700,143131,1790790059999,35364.8362100,1005,55207,13641.0017900,0
1790790060000,0.2472800,0.2475600,0.2464400,0.2466400,258210,1790790119999,63801.9560100,1279,124319,30708.0365000,0
1790790120000,0.2466400,0.2466400,0.2452500,0.2458200,185121,1790790179999,45499.9460200,1339,65850,16186.0002700,0
1790790180000,0.2458700,0.2468000,0.2458700,0.2464400,97388,1790790239999,23996.6222100,800,62695,15443.5856000,0
1790790240000,0.2464200,0.2464400,0.2454300,0.2456600,156643,1790790299999,38500.2149500,923,67780,16658.7248700,0
1790790300000,0.2456500,0.2468400,0.2450600,0.2467100,176313,1790790359999,43342.8503400,1177,79250,19495.2606800,0
1790790360000,0.2467100,0.2468500,0.2463000,0.2465000,76328,1790790419999,18824.0462400,653,26777,6603.7115800,0
1790790420000,0.2465300,0.2478000,0.2464200,0.2467600,152041,1790790479999,37576.0630400,1269,80515,19905.4293900,0
1790790480000,0.2467400,0.2485000,0.2467400,0.2483900,129162,1790790539999,32004.8146100,1182,78743,19511.6757700,0
1790790540000,0.2484400,0.2489000,0.2482900,0.2485600,139276,1790790599999,34617.2701700,1079,52007,12929.3504200,0
1790790600000,0.2485700,0.2487200,0.2480900,0.2481800,118345,1790790659999,29397.1635600,990,62607,15551.4767300,0
1790790660000,0.2481700,0.2485000,0.2477900,0.2477900,39444,1790790719999,9787.1521100,597,13527,3357.4033400,0
1790790720000,0.2478100,0.2479900,0.2470300,0.2470700,72473,1790790779999,17942.9778400,573,26885,6659.7826700,0
1790790780000,0.2470800,0.2473400,0.2466700,0.2467200,109396,1790790839999,27011.9313600,749,49255,12163.0582400,0
1790790840000,0.2467400,0.2467600,0.2460800,0.2460900,74338,1790790899999,18320.3961300,577,24180,5960.1447700,0
1790790900000,0.2460900,0.2466900,0.2460900,0.2466300,81304,1790790959999,20031.6888200,644,39831,9813.3761300,0
1790790960000,0.2465900,0.2470000,0.2464700,0.2467700,55660,1790791019999,13730.1618300,522,32875,8110.4463100,0
1790791020000,0.2467600,0.2468300,0.2462800,0.2462800,63846,1790791079999,15735.3204000,285,39985,9852.9048500,0
1790791080000,0.2462800,0.2472900,0.2462300,0.2471900,98528,1790791139999,24315.2880400,578,63500,15669.0346200,0
1790791140000,0.2472100,0.2474400,0.2467600,0.2467700,55053,1790791199999,13605.4366900,337,15589,3851.6642200,0
1790791200000,0.2467700,0.2479400,0.2466200,0.2467400,136741,1790791259999,33819.4352100,1081,55684,13776.1810100,0
1790791260000,0.2467800,0.2468900,0.2456100,0.2456100,101539,1790791319999,24990.6790900,842,42380,10432.6865900,0
1790791320000,0.2456000,0.2456000,0.2427800,0.2447700,711375,1790791379999,173802.6841100,2581,238848,58438.6055500,0
1790791380000,0.2447700,0.2453000,0.2444700,0.2445600,69991,1790791439999,17137.6151700,1072,31770,7780.2687800,0
1790791440000,0.2445700,0.2455000,0.2441500,0.2454100,141211,1790791499999,34593.9005000,1223,80947,19830.8791700,0
1790791500000,0.2453300,0.2453500,0.2440600,0.2440600,162737,1790791559999,39799.9260200,1049,72153,17637.7561100,0
1790791560000,0.2440400,0.2441700,0.2434400,0.2440200,104445,1790791619999,25465.8733300,1123,45661,11135.5498100,0
1790791620000,0.2440000,0.2443700,0.2437200,0.2442800,54474,1790791679999,13296.9707400,702,33074,8072.4760100,0
1790791680000,0.2442700,0.2447200,0.2438600,0.2447000,118950,1790791739999,29057.2163800,931,56914,13905.6516200,0
1790791740000,0.2447000,0.2460000,0.2444500,0.2456600,160852,1790791799999,39462.1423700,1161,133764,32820.6992700,0
1790791800000,0.2456500,0.2459700,0.2450600,0.2452800,108354,1790791859999,26610.1398600,1080,42828,10518.8784000,0
1790791860000,0.2452900,0.2456600,0.2452500,0.2454200,99309,1790791919999,24375.5956000,764,68013,16694.1805800,0
1790791920000,0.2454300,0.2456600,0.2452400,0.2455900,64465,1790791979999,15824.1486700,708,38148,9364.5927300,0
1790791980000,0.2455900,0.2459400,0.2449700,0.2453300,78591,1790792039999,19279.9510500,800,34422,8444.8315100,0
1790792040000,0.2453300,0.2458300,0.2448700,0.2448700,64226,1790792099999,15756.5680100,744,25516,6262.1518100,0
1790792100000,0.2448600,0.2448900,0.2441800,0.2445800,116992,1790792159999,28607.2440400,983,50313,12305.6468700,0
1790792160000,0.2445900,0.2449900,0.2444900,0.2445500,66400,1790792219999,16253.1242500,766,44520,10898.3628300,0
1790792220000,0.2445300,0.2447400,0.2437100,0.2439700,160737,1790792279999,39251.9393300,1058,50804,12407.1390900,0
1790792280000,0.2439700,0.2450000,0.2436300,0.2449800,58622,1790792339999,14332.6525900,756,44186,10805.3423000,0
1790792340000,0.2449700,0.2452900,0.2446000,0.2449000,109843,1790792399999,26910.4229000,1080,57313,14040.8629500,0
1790792400000,0.2449500,0.2449500,0.2443200,0.2446000,71581,1790792459999,17509.6394400,776,41807,10227.5897100,0
1790792460000,0.2446000,0.2446100,0.2440000,0.2442900,145959,1790792519999,35652.5624700,1012,84206,20572.9336900,0
1790792520000,0.2443000,0.2446100,0.2441100,0.2445300,43586,1790792579999,10649.0583100,556,30865,7542.4097400,0
1790792580000,0.2445000,0.2445200,0.2436700,0.2436700,59325,1790792639999,14478.5720700,483,28780,7023.2228200,0
1790792640000,0.2436700,0.2441300,0.2433800,0.2437600,54183,1790792699999,13204.1161300,572,31864,7766.5281200,0
1790792700000,0.2438000,0.2440400,0.2432100,0.2433300,84945,1790792759999,20696.0185300,673,52721,12849.1153800,0
1790792760000,0.2433400,0.2435100,0.2429500,0.2431400,82667,1790792819999,20104.2952800,803,44326,10781.2991900,0
1790792820000,0.2431300,0.2432500,0.2428200,0.2429700,53745,1790792879999,13060.9052700,436,27059,6576.6061200,0
1790792880000,0.2429600,0.2433700,0.2427300,0.2430300,82107,1790792939999,19956.6873700,733,44042,10704.0138500,0
1790792940000,0.2430300,0.2436100,0.2429100,0.2430200,91835,1790792999999,22341.1348200,725,42009,10218.6560800,0
1790793000000,0.2429900,0.2445600,0.2428900,0.2442800,201047,1790793059999,48964.1215800,1507,132424,32257.0812200,0
1790793060000,0.2442800,0.2449600,0.2436800,0.2436800,156859,1790793119999,38320.3002100,1308,88077,21518.8430100,0
1790793120000,0.2436700,0.2436700,0.2427600,0.2427600,91795,1790793179999,22325.3743700,629,28570,6949.2139500,0
1790793180000,0.2427500,0.2430700,0.2422900,0.2425700,173524,1790793239999,42093.2728000,948,84276,20450.2674500,0
1790793240000,0.2425700,0.2425900,0.2417200,0.2423800,139576,1790793299999,33789.5511100,809,49278,11936.6071000,0
1790793300000,0.2423700,0.2425500,0.2416700,0.2417600,56135,1790793359999,13587.2040600,512,18087,4378.5187200,0
1790793360000,0.2417900,0.2421300,0.2415000,0.2416800,127463,1790793419999,30819.7929200,804,74521,18024.0202700,0
1790793420000,0.2416900,0.2419000,0.2412600,0.2414700,90537,1790793479999,21868.0396200,610,41275,9969.8986900,0
1790793480000,0.2414800,0.2415800,0.2411400,0.2412600,84947,1790793539999,20500.7326100,506,53509,12912.7293200,0
1790793540000,0.2412600,0.2412600,0.2403900,0.2404600,237470,1790793599999,57177.1965000,1006,74295,17887.0729700,0
1790793600000,0.2404400,0.2408400,0.2400800,0.2404300,181003,1790793659999,43514.7545900,983,110599,26588.5855500,0
1790793660000,0.2404200,0.2404300,0.2393700,0.2398000,297008,1790793719999,71249.3028100,1250,83724,20084.6521900,0
1790793720000,0.2398000,0.2406700,0.2397800,0.2403500,127140,1790793779999,30537.1326300,857,83266,19998.9728500,0
1790793780000,0.2403600,0.2411300,0.2403600,0.2405900,146062,1790793839999,35152.9620200,732,113878,27400.8902400,0
1790793840000,0.2406000,0.2408400,0.2401900,0.2403100,44969,1790793899999,10811.5527200,384,14646,3520.7843000,0
1790793900000,0.2403100,0.2403900,0.2399200,0.2400800,93254,1790793959999,22396.8066000,570,32114,7713.4348400,0
1790793960000,0.2400800,0.2400900,0.2396300,0.2397000,79913,1790794019999,19165.9678900,490,41873,10042.2253400,0
1790794020000,0.2397100,0.2404400,0.2397100,0.2400100,46099,1790794079999,11070.2701800,428,16219,3894.2370800,0
1790794080000,0.2400000,0.2400400,0.2395800,0.2398000,54690,1790794139999,13114.2360400,536,15680,3761.4442500,0
1790794140000,0.2398000,0.2401700,0.2395800,0.2401000,81484,1790794199999,19545.2657600,636,54668,13112.2963400,0
1790794200000,0.2400900,0.2406200,0.2397200,0.2401700,138269,1790794259999,33200.4471300,1037,99917,23993.6318100,0
1790794260000,0.2401700,0.2403900,0.2396900,0.2400900,106767,1790794319999,25630.6306600,820,75632,18156.6970000,0
1790794320000,0.2400900,0.2408200,0.2396900,0.2406700,60681,1790794379999,14579.7669000,662,38977,9365.9891700,0
1790794380000,0.2406700,0.2409200,0.2399200,0.2399200,81440,1790794439999,19588.6690500,573,37228,8954.4856100,0
1790794440000,0.2399300,0.2402500,0.2396400,0.2401600,36748,1790794499999,8815.0151100,384,28465,6828.5012900,0
1790794500000,0.2401600,0.2406600,0.2401600,0.2405800,68160,1790794559999,16389.9444600,558,47893,11518.1626800,0
1790794560000,0.2405700,0.2405700,0.2402300,0.2405100,57390,1790794619999,13794.4245200,506,33551,8064.2312300,0
1790794620000,0.2405000,0.2408300,0.2403600,0.2406500,83550,1790794679999,20105.2014400,392,27305,6569.1468000,0
1790794680000,0.2407000,0.2416300,0.2405900,0.2414100,124684,1790794739999,30049.2577400,665,93151,22448.1027000,0
1790794740000,0.2414100,0.2414300,0.2406600,0.2406600,44262,1790794799999,10670.9532800,403,24113,5812.8212600,0
1790794800000,0.2406600,0.2409000,0.2399600,0.2401800,101910,1790794859999,24502.3480200,691,57707,13876.1115800,0
1790794860000,0.2401300,0.2407300,0.2399100,0.2399800,116690,1790794919999,28044.3696400,780,57174,13744.2316000,0
1790794920000,0.2399600,0.2405700,0.2396600,0.2405100,64901,1790794979999,15573.9516500,611,42974,10313.5470900,0
1790794980000,0.2405500,0.2408100,0.2401400,0.2402600,96227,1790795039999,23131.7363500,790,25397,6107.1670000,0
1790795040000,0.2402200,0.2408800,0.2402100,0.2406500,32066,1790795099999,7712.7762600,419,23490,5650.3931200,0
1790795100000,0.2406600,0.2414100,0.2405400,0.2407900,102801,1790795159999,24772.4763600,775,67205,16200.7603100,0
1790795160000,0.2407900,0.2409900,0.2404800,0.2407000,29398,1790795219999,7075.3607800,346,17995,4331.3122100,0
1790795220000,0.2407000,0.2410600,0.2407000,0.2410600,29092,1790795279999,7008.9329400,328,16312,3929.8990200,0
1790795280000,0.2410600,0.2410600,0.2401700,0.2401700,62695,1790795339999,15081.4177400,552,33462,8050.3049900,0
1790795340000,0.2401600,0.2404800,0.2401500,0.2404600,32997,1790795399999,7928.3752100,358,27831,6687.1724500,0
1790795400000,0.2404600,0.2404700,0.2396200,0.2398800,159095,1790795459999,38171.1089700,634,88937,21345.4103900,0
1790795460000,0.2398800,0.2398800,0.2393900,0.2395600,82770,1790795519999,19828.9040100,605,23243,5569.4274600,0
1790795520000,0.2395600,0.2395600,0.2387700,0.2395000,187594,1790795579999,44842.0647400,1188,57983,13863.8691300,0
1790795580000,0.2395200,0.2398200,0.2393300,0.2395900,80886,1790795639999,19376.7260600,573,38544,9237.5467100,0
1790795640000,0.2396000,0.2396700,0.2391600,0.2391600,53555,1790795699999,12823.0395200,538,29201,6992.0791000,0
1790795700000,0.2391500,0.2391500,0.2386500,0.2390100,97882,1790795759999,23382.2222900,805,64998,15527.7076900,0
1790795760000,0.2390100,0.2396500,0.2389600,0.2395900,95261,1790795819999,22795.9082600,562,61021,14603.0774600,0
1790795820000,0.2395800,0.2395800,0.2375100,0.2380200,518330,1790795879999,123473.6930700,2489,137650,32780.9512000,0
1790795880000,0.2380100,0.2383700,0.2377200,0.2383500,108271,1790795939999,25778.9466200,831,68402,16287.9145700,0
1790795940000,0.2383400,0.2391900,0.2382500,0.2391700,89767,1790795999999,21424.3235400,582,67467,16102.1896800,0
1790796000000,0.2391800,0.2393700,0.2384800,0.2389400,96077,1790796059999,22956.7369400,710,55025,13147.8260300,0
1790796060000,0.2389500,0.2399400,0.2389000,0.2396300,148302,1790796119999,35532.3467000,1064,107098,25658.9093200,0
1790796120000,0.2395800,0.2395800,0.2386600,0.2390600,105601,1790796179999,25244.3671000,813,37364,8930.5397700,0
1790796180000,0.2390500,0.2390500,0.2381600,0.2383900,77492,1790796239999,18483.0196600,683,19191,4579.2115400,0
1790796240000,0.2383800,0.2384400,0.2380900,0.2382600,89403,1790796299999,21302.5419600,710,46618,11109.2439900,0
1790796300000,0.2382200,0.2386700,0.2379500,0.2386200,127432,1790796359999,30377.8320400,952,61934,14770.4654200,0
1790796360000,0.2386600,0.2392500,0.2378700,0.2378700,109474,1790796419999,26122.8468500,859,56860,13580.9321300,0
1790796420000,0.2378700,0.2386900,0.2377600,0.2384400,74551,1790796479999,17751.3585600,637,43357,10326.7348000,0
1790796480000,0.2384400,0.2387700,0.2381700,0.2385300,46732,1790796539999,11145.2541400,498,32991,7869.7725400,0
1790796540000,0.2385400,0.2387100,0.2381400,0.2384000,105750,1790796599999,25214.8346200,805,52697,12566.1159600,0
1790796600000,0.2384100,0.2387800,0.2381100,0.2386700,73651,1790796659999,17562.6340800,789,48251,11507.0115100,0
1790796660000,0.2386900,0.2390700,0.2385400,0.2387600,62770,1790796719999,14992.6568400,614,30521,7290.1459100,0
1790796720000,0.2387700,0.2389800,0.2383100,0.2386300,48095,1790796779999,11475.6489800,572,31812,7590.6939300,0
1790796780000,0.2386200,0.2396200,0.2386200,0.2396200,88953,1790796839999,21280.4813600,626,79613,19045.7379400,0
1790796840000,0.2396300,0.2399600,0.2387900,0.2393800,102354,1790796899999,24499.6302000,818,37414,8958.9732900,0
1790796900000,0.2393900,0.2401500,0.2391800,0.2397600,149004,1790796959999,35696.9022100,1182,69376,16624.5203300,0
1790796960000,0.2397900,0.2403100,0.2397900,0.2398800,36826,1790797019999,8841.0204400,397,24313,5836.4283300,0
1790797020000,0.2398800,0.2401000,0.2395900,0.2400900,43274,1790797079999,10380.3760300,573,27226,6531.8125600,0
1790797080000,0.2400700,0.2407500,0.2400200,0.2405100,74317,1790797139999,17873.0131300,559,57823,13905.5350100,0
1790797140000,0.2405400,0.2406200,0.2400300,0.2404500,67963,1790797199999,16333.5757500,674,42682,10257.6771100,0
1790797200000,0.2404400,0.2404400,0.2398600,0.2399700,42751,1790797259999,10264.1751300,430,16201,3890.0521200,0
1790797260000,0.2399600,0.2404300,0.2398300,0.2398800,57120,1790797319999,13719.8198200,444,38368,9218.6159100,0
1790797320000,0.2398500,0.2399800,0.2394700,0.2396700,38169,1790797379999,9149.4059000,445,19366,4642.6157900,0
1790797380000,0.2396600,0.2398200,0.2394400,0.2395600,36560,1790797439999,8758.5824100,300,25876,6198.5731100,0
1790797440000,0.2395300,0.2395300,0.2386900,0.2391500,305773,1790797499999,73080.1231800,790,222184,53100.3866900,0
1790797500000,0.2391600,0.2396400,0.2389900,0.2392400,71179,1790797559999,17031.2579000,573,41407,9907.7886400,0
1790797560000,0.2392400,0.2396000,0.2391100,0.2393700,33009,1790797619999,7899.4754300,350,22333,5344.3447700,0
1790797620000,0.2393700,0.2397000,0.2380800,0.2384100,135069,1790797679999,32262.8509300,956,38014,9086.0656500,0
1790797680000,0.2384200,0.2391600,0.2383200,0.2386200,117299,1790797739999,28005.8231200,1106,61782,14748.2894600,0
1790797740000,0.2386300,0.2387400,0.2381100,0.2381600,70309,1790797799999,16758.5074200,552,28988,6909.4480100,0
1790797800000,0.2381500,0.2382800,0.2366600,0.2369600,380645,1790797859999,90341.7292700,2001,122004,28966.7677200,0
1790797860000,0.2369500,0.2369500,0.2359000,0.2367700,371987,1790797919999,87946.8795100,1877,154878,36624.9182800,0
1790797920000,0.2367700,0.2372700,0.2366500,0.2372300,138870,1790797979999,32916.7941800,898,74266,17608.6107400,0
1790797980000,0.2372100,0.2377000,0.2366800,0.2370200,96215,1790798039999,22824.4199300,794,41791,9913.5498700,0
1790798040000,0.2370200,0.2375200,0.2365400,0.2365400,172007,1790798099999,40774.3293700,1121,89715,21277.0614400,0
1790798100000,0.2365500,0.2379600,0.2363700,0.2379000,121808,1790798159999,28876.0490200,966,81627,19353.0945200,0
1790798160000,0.2379100,0.2379400,0.2371200,0.2373200,54167,1790798219999,12867.9739100,571,23244,5521.9239400,0
1790798220000,0.2373500,0.2376500,0.2371600,0.2373300,31794,1790798279999,7548.3039300,402,16915,4015.4158300,0
1790798280000,0.2373200,0.2373700,0.2368700,0.2371800,109514,1790798339999,25974.9388800,671,78128,18533.8077300,0
1790798340000,0.2371700,0.2377400,0.2370300,0.2375400,82452,1790798399999,19578.3519300,941,43049,10222.1729800,0
1790798400000,0.2375000,0.2385600,0.2375000,0.2384200,235906,1790798459999,56190.8568500,2229,137618,32782.5957300,0
1790798460000,0.2384100,0.2387000,0.2375800,0.2385700,165883,1790798519999,39498.3987800,1931,78295,18648.2380100,0
1790798520000,0.2385600,0.2386900,0.2375400,0.2379000,127671,1790798579999,30410.7252000,1351,59731,14229.3552800,0
1790798580000,0.2379000,0.2380300,0.2375500,0.2378900,69481,1790798639999,16521.7989900,1018,39488,9390.8522200,0
1790798640000,0.2378900,0.2383300,0.2373700,0.2382000,78054,1790798699999,18551.4546700,964,33098,7867.8870500,0
1790798700000,0.2382100,0.2389900,0.2380600,0.2383900,95054,1790798759999,22664.7258100,1156,45500,10849.1828600,0
1790798760000,0.2383900,0.2386900,0.2375600,0.2381400,145654,1790798819999,34666.5661800,1168,48582,11560.0363000,0
1790798820000,0.2381200,0.2383800,0.2376000,0.2380200,108968,1790798879999,25939.2154000,804,76850,18297.5912900,0
1790798880000,0.2380300,0.2382700,0.2378100,0.2380600,63555,1790798939999,15126.8554400,624,34673,8253.4124500,0
1790798940000,0.2380700,0.2385900,0.2380500,0.2382600,91985,1790798999999,21919.2483000,544,48408,11536.1598400,0
1790799000000,0.2382500,0.2386300,0.2381600,0.2385900,44263,1790799059999,10550.3394600,368,32934,7850.7425600,0
1790799060000,0.2385800,0.2389100,0.2377800,0.2378400,83812,1790799119999,19973.4322300,569,33784,8061.9712500,0
1790799120000,0.2378500,0.2380400,0.2376400,0.2379100,30548,1790799179999,7264.7822400,329,10895,2591.2828200,0
1790799180000,0.2379000,0.2381900,0.2378600,0.2381600,27803,1790799239999,6616.3910300,324,20631,4909.7835900,0
1790799240000,0.2381600,0.2389500,0.2381200,0.2389200,210903,1790799299999,50305.1068000,694,187158,44640.2259900,0
1790799300000,0.2389300,0.2394700,0.2387900,0.2389800,104407,1790799359999,24968.6100200,617,83509,19972.2977300,0
1790799360000,0.2389900,0.2391100,0.2385200,0.2387500,71367,1790799419999,17044.2321700,404,18096,4321.0307000,0
1790799420000,0.2387700,0.2389400,0.2386400,0.2387600,25281,1790799479999,6036.9138800,278,13829,3302.5013100,0
1790799480000,0.2387600,0.2394800,0.2387400,0.2393900,73748,1790799539999,17647.6317500,461,63695,15241.2758600,0
1790799540000,0.2393800,0.2398500,0.2392100,0.2397600,83637,1790799599999,20039.5028500,514,71012,17015.7843100,0
1790799600000,0.2397700,0.2403200,0.2369500,0.2371000,641258,1790799659999,152931.9473300,2219,170212,40557.3264900,0
1790799660000,0.2371100,0.2374200,0.2365200,0.2369800,348289,1790799719999,82532.9239500,1634,186448,44187.0474600,0
1790799720000,0.2369900,0.2381400,0.2367400,0.2380400,242493,1790799779999,57554.6359300,1379,134880,32006.1266500,0
1790799780000,0.2381000,0.2386100,0.2380300,0.2381700,64039,1790799839999,15258.5624800,530,31123,7415.2865600,0
1790799840000,0.2381800,0.2386700,0.2379400,0.2382200,67498,1790799899999,16085.1245000,493,26502,6316.9287100,0
1790799900000,0.2382300,0.2385800,0.2381700,0.2384300,55178,1790799959999,13153.1606600,483,33739,8043.4175300,0
1790799960000,0.2384400,0.2386000,0.2381200,0.2382000,33838,1790800019999,8065.3778700,392,13968,3329.4708800,0
1790800020000,0.2382300,0.2384500,0.2378700,0.2378900,41684,1790800079999,9926.3598500,440,18345,4369.8284900,0
1790800080000,0.2379000,0.2380900,0.2377000,0.2378900,39363,1790800139999,9363.9956200,383,28169,6701.2345900,0
1790800140000,0.2379000,0.2382400,0.2374800,0.2375700,94659,1790800199999,22525.9568600,479,28865,6870.0553700,0
1790800200000,0.2375700,0.2377500,0.2355500,0.2360400,730847,1790800259999,172691.6399700,1988,149196,35236.4045300,0
1790800260000,0.2360500,0.2361800,0.2347100,0.2350300,962328,1790800319999,226282.0782000,2742,466135,109603.0052200,0
1790800320000,0.2350700,0.2359000,0.2350700,0.2354000,285440,1790800379999,67189.8303700,1023,195205,45953.6043700,0
1790800380000,0.2354100,0.2358500,0.2351400,0.2355600,143756,1790800439999,33836.8426600,760,74625,17565.9494000,0
1790800440000,0.2355600,0.2361000,0.2353000,0.2358000,107366,1790800499999,25308.7750200,686,51137,12053.5812800,0
1790800500000,0.2358100,0.2366600,0.2356400,0.2362000,143955,1790800559999,34011.7585700,948,100189,23677.9854600,0
1790800560000,0.2362100,0.2367700,0.2361400,0.2362900,102140,1790800619999,24147.2419500,760,57010,13477.5277900,0
1790800620000,0.2362900,0.2368600,0.2357500,0.2366900,108623,1790800679999,25676.1375600,765,70474,16659.4972300,0
1790800680000,0.2366900,0.2368200,0.2357700,0.2358600,81156,1790800739999,19172.6213300,672,30346,7169.8866000,0
1790800740000,0.2358600,0.2367700,0.2357100,0.2364700,100987,1790800799999,23847.9685900,665,74924,17691.9585000,0
1790800800000,0.2364500,0.2368200,0.2362100,0.2362900,48032,1790800859999,11359.7994800,405,39431,9326.3769700,0
1790800860000,0.2362800,0.2363700,0.2359800,0.2361300,66593,1790800919999,15729.8474600,402,21153,4996.1417900,0
1790800920000,0.2361200,0.2362400,0.2358100,0.2359300,41543,1790800979999,9804.7210400,228,8135,1919.9704800,0
1790800980000,0.2359400,0.2362000,0.2358600,0.2359600,46768,1790801039999,11037.6097400,306,35023,8265.6600700,0
1790801040000,0.2359600,0.2361800,0.2355700,0.2358300,315679,1790801099999,74442.4626700,654,236103,55673.4825300,0
1790801100000,0.2358300,0.2361600,0.2353500,0.2360800,102146,1790801159999,24069.0540300,453,78196,18425.6699600,0
1790801160000,0.2361100,0.2362800,0.2356800,0.2360000,54685,1790801219999,12903.3992200,521,15393,3633.6996600,0
1790801220000,0.2360100,0.2362500,0.2358800,0.2361000,37410,1790801279999,8830.0677300,382,14207,3353.8940100,0
1790801280000,0.2360900,0.2361100,0.2354400,0.2356800,62881,1790801339999,14822.9925600,476,16720,3941.8125500,0
1790801340000,0.2356700,0.2357800,0.2350800,0.2355900,71127,1790801399999,16741.6692900,616,45307,10664.8582300,0
1790801400000,0.2356000,0.2356900,0.2351900,0.2354100,74394,1790801459999,17514.7092500,481,26093,6144.1950000,0
1790801460000,0.2354200,0.2358900,0.2353500,0.2357900,37625,1790801519999,8865.5558000,347,25994,6125.1884200,0
1790801520000,0.2357900,0.2362900,0.2356900,0.2362200,78034,1790801579999,18418.0781000,364,35440,8365.6855800,0
1790801580000,0.2362100,0.2362700,0.2360000,0.2361200,13952,1790801639999,3294.3764700,154,5872,1386.4633300,0
1790801640000,0.2361100,0.2361100,0.2354200,0.2354800,20156,1790801699999,4752.5658200,245,2411,568.1192400,0
1790801700000,0.2354800,0.2354800,0.2350100,0.2350900,58174,1790801759999,13685.5371700,449,41343,9726.5281500,0
1790801760000,0.2350800,0.2354400,0.2348600,0.2352900,28893,1790801819999,6794.2395700,402,15339,3607.7580400,0
1790801820000,0.2352800,0.2353400,0.2343900,0.2348800,162193,1790801879999,38061.7790000,857,25833,6065.6485900,0
1790801880000,0.2348700,0.2359200,0.2347500,0.2356100,212504,1790801939999,50048.4750800,1035,162940,38383.7693800,0
1790801940000,0.2356000,0.2360400,0.2355200,0.2359600,45813,1790801999999,10804.7099500,387,33820,7976.4164400,0
1790802000000,0.2359700,0.2363200,0.2357900,0.2359000,76157,1790802059999,17978.8718700,605,49477,11680.3700900,0
1790802060000,0.2359100,0.2362400,0.2357900,0.2358200,73114,1790802119999,17255.1427500,558,38883,9178.7400300,0
1790802120000,0.2358400,0.2360200,0.2354200,0.2360200,40006,1790802179999,9427.6658200,628,18083,4262.0646300,0
1790802180000,0.2360100,0.2371100,0.2360000,0.2364700,242933,1790802239999,57505.9050500,1083,136043,32209.8926500,0
1790802240000,0.2364600,0.2366700,0.2363300,0.2364300,51556,1790802299999,12191.9904400,472,28546,6750.7786900,0
1790802300000,0.2364200,0.2364200,0.2358100,0.2358100,31630,1790802359999,7467.3945100,397,6996,1651.9381900,0
1790802360000,0.2358100,0.2360900,0.2357400,0.2360400,47696,1790802419999,11253.6070800,434,31461,7422.9002100,0
1790802420000,0.2360400,0.2361800,0.2356300,0.2356700,57900,1790802479999,13658.4549800,479,29061,6857.2433000,0
1790802480000,0.2356700,0.2356700,0.2349900,0.2352200,87250,1790802539999,20522.7077000,655,33235,7817.2103000,0
1790802540000,0.2352100,0.2356400,0.2350800,0.2355500,46212,1790802599999,10879.1200900,379,31799,7485.9553800,0
1790802600000,0.2355900,0.2356900,0.2342200,0.2350700,566155,1790802659999,132989.7919600,1332,211412,49651.5598800,0
1790802660000,0.2350400,0.2358300,0.2347500,0.2355700,78415,1790802719999,18460.7822700,351,56486,13302.1877100,0
1790802720000,0.2355800,0.2360200,0.2353900,0.2358700,55210,1790802779999,13014.8719400,350,35883,8459.2198800,0
1790802780000,0.2358500,0.2358500,0.2349100,0.2350200,102245,1790802839999,24059.2846200,386,21128,4969.3335400,0
1790802840000,0.2350200,0.2357900,0.2349600,0.2354300,47818,1790802899999,11252.3007700,276,28604,6729.0377200,0
1790802900000,0.2354200,0.2355400,0.2352000,0.2352700,56945,1790802959999,13406.8104500,178,28418,6691.4768700,0
1790802960000,0.2352600,0.2357100,0.2343600,0.2353500,380417,1790803019999,89364.5262500,856,114050,26799.9235300,0
1790803020000,0.2354000,0.2357800,0.2351300,0.2356400,65754,1790803079999,15485.1645700,282,32063,7553.2489700,0
1790803080000,0.2357300,0.2359400,0.2354800,0.2356800,80185,1790803139999,18904.5192300,265,59127,13939.9086200,0
1790803140000,0.2356300,0.2358400,0.2354000,0.2354600,50492,1790803199999,11896.5231700,190,18735,4413.8260700,0
1790803200000,0.2354500,0.2357800,0.2352900,0.2357800,44443,1790803259999,10466.7272300,165,35017,8248.0331500,0
1790803260000,0.2357600,0.2359700,0.2351900,0.2351900,42505,1790803319999,10015.2711500,181,21870,5153.3746900,0
1790803320000,0.2352000,0.2355700,0.2351800,0.2355700,41358,1790803379999,9735.9561300,171,32251,7593.6393400,0
1790803380000,0.2355500,0.2358500,0.2353100,0.2353600,48885,1790803439999,11517.2011100,270,25848,6091.9476900,0
1790803440000,0.2353900,0.2356300,0.2345100,0.2345100,47469,1790803499999,11154.3608100,236,8657,2036.6173200,0
1790803500000,0.2345100,0.2348400,0.2341900,0.2344500,121015,1790803559999,28367.7267900,314,28056,6579.4685900,0
1790803560000,0.2344500,0.2349600,0.2343600,0.2349300,32605,1790803619999,7652.6867500,216,16541,3882.6414900,0
1790803620000,0.2349300,0.2349900,0.2344100,0.2346300,41685,1790803679999,9781.2576700,198,14125,3313.2107900,0
1790803680000,0.2345900,0.2345900,0.2344100,0.2345100,18714,1790803739999,4388.3681500,122,6995,1640.2957800,0
1790803740000,0.2344900,0.2350800,0.2344900,0.2346300,76390,1790803799999,17932.3435400,187,54263,12737.7479100,0
1790803800000,0.2345900,0.2346600,0.2343700,0.2344500,10914,1790803859999,2559.1363400,85,4922,1154.0297500,0
1790803860000,0.2344500,0.2345000,0.2341100,0.2341700,45261,1790803919999,10604.1563000,229,22537,5280.5644000,0
1790803920000,0.2341800,0.2344300,0.2341000,0.2341800,32291,1790803979999,7563.6239100,163,15252,3573.0964200,0
1790803980000,0.2342100,0.2349300,0.2342000,0.2349200,40303,1790804039999,9457.8962500,174,31465,7382.7565500,0
1790804040000,0.2349900,0.2352500,0.2349400,0.2352000,33553,1790804099999,7890.2190700,105,22924,5391.3942700,0
1790804100000,0.2352700,0.2355100,0.2352700,0.2354100,32475,1790804159999,7644.6705500,129,23811,5605.1341400,0
1790804160000,0.2354500,0.2356900,0.2354100,0.2355000,48875,1790804219999,11512.5119100,151,31747,7478.5431900,0
1790804220000,0.2355000,0.2357400,0.2355000,0.2356300,33598,1790804279999,7917.3771100,95,25664,6047.8397900,0
1790804280000,0.2357200,0.2372600,0.2357200,0.2369900,214881,1790804339999,50824.5755900,536,162354,38400.2968700,0
1790804340000,0.2370400,0.2373000,0.2370400,0.2371200,67092,1790804399999,15912.8976300,239,49739,11797.5723300,0
1790804400000,0.2371100,0.2374000,0.2369600,0.2374000,46510,1790804459999,11031.3282300,210,28662,6799.5927400,0
1790804460000,0.2374100,0.2374900,0.2372900,0.2373900,18356,1790804519999,4357.6701800,116,9896,2349.4052500,0
1790804520000,0.2373900,0.2375100,0.2368200,0.2368800,36790,1790804579999,8726.9960300,213,11806,2800.9555600,0
1790804580000,0.2369600,0.2370600,0.2368800,0.2369700,15495,1790804639999,3671.9226200,89,6616,1567.9213300,0
1790804640000,0.2370100,0.2375700,0.2368100,0.2368100,46812,1790804699999,11108.1624400,213,37077,8799.0861800,0
1790804700000,0.2368000,0.2373800,0.2367900,0.2372500,255613,1790804759999,60579.7563700,168,244317,57900.4338500,0
1790804760000,0.2373000,0.2375200,0.2373000,0.2375200,13344,1790804819999,3168.0948700,101,10850,2575.9571700,0
1790804820000,0.2375200,0.2376900,0.2374900,0.2375200,8682,1790804879999,2062.5044000,71,5001,1187.9657000,0
1790804880000,0.2375500,0.2375500,0.2370400,0.2371600,20336,1790804939999,4825.9327800,169,6903,1637.4473100,0
1790804940000,0.2371300,0.2371300,0.2366800,0.2369300,70813,1790804999999,16774.2339900,200,56105,13289.7575000,0
1790805000000,0.2369100,0.2372200,0.2369100,0.2371200,25620,1790805059999,6074.0288200,147,21921,5197.0825100,0
1790805060000,0.2371200,0.2371800,0.2368500,0.2368600,25469,1790805119999,6036.3575600,207,13418,3180.6651600,0
1790805120000,0.2368400,0.2368600,0.2366200,0.2366300,14242,1790805179999,3371.3934100,90,3324,786.7846400,0
1790805180000,0.2366300,0.2368100,0.2366300,0.2367600,15999,1790805239999,3787.5824600,105,11856,2806.7286400,0
1790805240000,0.2367700,0.2375100,0.2367700,0.2374700,108145,1790805299999,25671.5299200,195,105582,25063.2445200,0
1790805300000,0.2374700,0.2374700,0.2369600,0.2370900,114438,1790805359999,27124.0860500,149,96847,22950.0313200,0
1790805360000,0.2371000,0.2371800,0.2370700,0.2371700,9108,1790805419999,2159.5723600,63,7038,1668.7751600,0
1790805420000,0.2371800,0.2375900,0.2371600,0.2375800,18112,1790805479999,4299.4742200,104,16640,3950.1459500,0
1790805480000,0.2376000,0.2376100,0.2374900,0.2374900,7421,1790805539999,1762.8545100,43,1113,264.4364600,0
1790805540000,0.2374800,0.2374800,0.2370200,0.2370200,19737,1790805599999,4681.2779700,87,4275,1013.6480000,0
1790805600000,0.2370000,0.2371400,0.2369800,0.2371400,26040,1790805659999,6172.3121200,98,21505,5097.2144200,0
1790805660000,0.2371500,0.2372500,0.2368700,0.2368900,39507,1790805719999,9365.4932600,169,7649,1813.5265600,0
1790805720000,0.2368800,0.2368800,0.2365300,0.2365300,24402,1790805779999,5775.7876600,131,2366,560.0212300,0
1790805780000,0.2365300,0.2365300,0.2361100,0.2362100,28204,1790805839999,6663.5583700,259,14269,3370.9627000,0
1790805840000,0.2361800,0.2361800,0.2339300,0.2344100,498382,1790805899999,117040.0420600,998,78958,18538.7228300,0
1790805900000,0.2344100,0.2348700,0.2341800,0.2347900,142067,1790805959999,33314.6182600,534,74311,17423.1645100,0
1790805960000,0.2347900,0.2348000,0.2343200,0.2343200,27339,1790806019999,6412.7797300,210,7871,1846.5577900,0
1790806020000,0.2343200,0.2344400,0.2340700,0.2343100,83508,1790806079999,19560.4372100,307,19994,4685.2046400,0
1790806080000,0.2343100,0.2348300,0.2342500,0.2346600,88565,1790806139999,20774.6321900,313,58001,13602.6184600,0
1790806140000,0.2346700,0.2347000,0.2346100,0.2346300,21098,1790806199999,4951.0149300,89,13856,3251.6149100,0
1790806200000,0.2346600,0.2353500,0.2345700,0.2353400,62954,1790806259999,14797.5135500,245,51969,12215.9673500,0
1790806260000,0.2353200,0.2355800,0.2353100,0.2355800,42063,1790806319999,9905.1203500,128,34713,8174.1976000,0
1790806320000,0.2355800,0.2360500,0.2355800,0.2360200,52777,1790806379999,12447.2337100,289,22779,5373.0507600,0
1790806380000,0.2360400,0.2361800,0.2358900,0.2360400,22947,1790806439999,5416.7091000,134,13211,3118.4396200,0
1790806440000,0.2360800,0.2363100,0.2359500,0.2363100,77774,1790806499999,18361.6611400,171,67615,15963.6344100,0
1790806500000,0.2363200,0.2367800,0.2363200,0.2367800,34688,1790806559999,8203.9016100,117,26586,6287.8173800,0
1790806560000,0.2367800,0.2370600,0.2367400,0.2369700,51688,1790806619999,12248.2230100,188,28205,6683.9619300,0
1790806620000,0.2369700,0.2372500,0.2369500,0.2372500,37333,1790806679999,8851.7800400,131,19698,4670.9837600,0
1790806680000,0.2372600,0.2380100,0.2372600,0.2378600,129882,1790806739999,30874.1248000,490,91587,21767.8039100,0
1790806740000,0.2378600,0.2381600,0.2377600,0.2378600,48968,1790806799999,11652.3211800,192,32290,7684.0433000,0
1790806800000,0.2378700,0.2384600,0.2378700,0.2383100,48331,1790806859999,11516.0502000,230,37369,8902.9395600,0
1790806860000,0.2383400,0.2386900,0.2383000,0.2386300,43804,1790806919999,10448.5880300,233,35697,8515.8522400,0
1790806920000,0.2386200,0.2391300,0.2386200,0.2391200,46625,1790806979999,11139.1068200,228,41721,9967.2631400,0
1790806980000,0.2391300,0.2394400,0.2387200,0.2394200,129779,1790807039999,31029.7929500,365,81401,19469.7733900,0
1790807040000,0.2394300,0.2400600,0.2393600,0.2394700,302641,1790807099999,72572.2696300,669,226104,54219.1750300,0
1790807100000,0.2394500,0.2397400,0.2390100,0.2397400,64717,1790807159999,15481.8014300,331,57166,13675.8193100,0
1790807160000,0.2397200,0.2406000,0.2397200,0.2405300,154723,1790807219999,37168.4957800,608,137032,32919.1402400,0
1790807220000,0.2405200,0.2411100,0.2404300,0.2410400,76126,1790807279999,18331.7829300,439,52551,12656.1882600,0
1790807280000,0.2410800,0.2423000,0.2410800,0.2419700,251531,1790807339999,60812.0570600,1048,176197,42591.6412100,0
1790807340000,0.2419800,0.2426100,0.2419800,0.2424300,82113,1790807399999,19896.3597500,290,62758,15206.8819700,0
1790807400000,0.2424200,0.2426000,0.2419000,0.2421300,115862,1790807459999,28047.1215600,397,61229,14820.7014900,0
1790807460000,0.2421100,0.2427600,0.2421100,0.2422800,71487,1790807519999,17331.2613100,307,40386,9787.6488900,0
1790807520000,0.2422400,0.2422400,0.2414400,0.2414900,116293,1790807579999,28119.3005800,559,21286,5147.5459500,0
1790807580000,0.2415400,0.2420500,0.2415400,0.2417900,97842,1790807639999,23658.8247100,330,71652,17325.8150900,0
1790807640000,0.2418200,0.2421700,0.2415400,0.2415800,155526,1790807699999,37640.2778100,286,12800,3096.6396600,0
1790807700000,0.2416000,0.2416700,0.2409800,0.2410500,64706,1790807759999,15615.9240900,370,17767,4290.5424400,0
1790807760000,0.2411600,0.2413900,0.2411100,0.2413700,17825,1790807819999,4301.4280200,114,4854,1171.3287200,0
1790807820000,0.2413700,0.2413700,0.2411200,0.2412400,24564,1790807879999,5926.3685100,136,8998,2170.3502200,0
1790807880000,0.2412400,0.2416100,0.2412400,0.2413400,60840,1790807939999,14686.1505400,253,30894,7457.9470100,0
1790807940000,0.2413200,0.2415000,0.2411300,0.2415000,40845,1790807999999,9858.8674600,147,12964,3128.2014700,0
1790808000000,0.2415200,0.2422100,0.2415200,0.2422100,94656,1790808059999,22903.7906300,236,67946,16437.7873400,0
1790808060000,0.2422300,0.2422500,0.2417500,0.2418500,38730,1790808119999,9372.2082600,246,8511,2059.5466400,0
1790808120000,0.2418300,0.2420600,0.2418200,0.2418900,51865,1790808179999,12549.6616400,170,35274,8536.0283100,0
1790808180000,0.2418800,0.2422200,0.2418500,0.2419200,27118,1790808239999,6563.6278200,149,6756,1635.2815300,0
1790808240000,0.2419400,0.2427300,0.2419400,0.2427300,35244,1790808299999,8541.0778000,221,26293,6372.4695200,0
1790808300000,0.2427300,0.2429500,0.2425000,0.2425400,52754,1790808359999,12806.5156000,311,24313,5903.2187000,0
1790808360000,0.2425200,0.2425400,0.2419200,0.2419300,78040,1790808419999,18899.6312000,402,36594,8861.5072300,0
1790808420000,0.2419500,0.2419900,0.2411900,0.2416200,149322,1790808479999,36068.3966900,457,24000,5797.6646500,0
1790808480000,0.2416900,0.2420000,0.2413700,0.2414200,68204,1790808539999,16483.2195700,572,28310,6842.6545600,0
1790808540000,0.2413900,0.2422100,0.2413900,0.2422100,63788,1790808599999,15432.2559900,431,31558,7634.1072300,0
1790808600000,0.2422000,0.2424500,0.2419400,0.2421400,53805,1790808659999,13035.6119700,324,32337,7835.5350700,0
1790808660000,0.2421500,0.2422400,0.2415900,0.2417700,54903,1790808719999,13285.2037900,305,16959,4102.7494400,0
1790808720000,0.2417700,0.2422700,0.2417200,0.2421100,39444,1790808779999,9542.7299400,197,28939,7000.5069800,0
1790808780000,0.2421000,0.2421000,0.2415600,0.2418200,32187,1790808839999,7782.9120800,197,13169,3184.1475200,0
1790808840000,0.2418200,0.2422000,0.2418200,0.2422000,22079,1790808899999,5344.6247200,112,12284,2973.5524600,0
1790808900000,0.2422100,0.2426600,0.2422000,0.2424900,91763,1790808959999,22245.0212100,448,52128,12636.3062600,0
1790808960000,0.2424800,0.2425900,0.2422800,0.2424900,64302,1790809019999,15589.6799400,300,37120,8998.8839500,0
1790809020000,0.2424500,0.2425700,0.2421300,0.2421300,44262,1790809079999,10729.2227000,264,18843,4568.0779900,0
1790809080000,0.2421200,0.2422500,0.2418700,0.2418700,41545,1790809139999,10059.0161800,245,14193,3436.5533700,0
1790809140000,0.2418700,0.2418900,0.2414000,0.2414300,106510,1790809199999,25734.7171700,467,25257,6102.8952100,0
1790809200000,0.2415000,0.2422200,0.2414300,0.2420100,58250,1790809259999,14082.6619500,351,29603,7156.1505200,0
1790809260000,0.2420100,0.2421300,0.2415700,0.2418300,62389,1790809319999,15093.1975700,545,21229,5135.8737700,0
1790809320000,0.2418500,0.2425900,0.2418500,0.2424900,61243,1790809379999,14838.6138000,529,27450,6651.3424000,0
1790809380000,0.2424800,0.2437200,0.2419400,0.2433400,179688,1790809439999,43665.4500200,1252,109376,26592.1510800,0
1790809440000,0.2433500,0.2438500,0.2429500,0.2432300,181947,1790809499999,44284.1049400,926,82827,20160.1281700,0
1790809500000,0.2432000,0.2441700,0.2425100,0.2425400,188080,1790809559999,45824.5205400,852,110461,26919.7981800,0
1790809560000,0.2425500,0.2430000,0.2422800,0.2424400,99946,1790809619999,24249.4986700,681,39569,9600.4827300,0
1790809620000,0.2424700,0.2424700,0.2417400,0.2419200,72721,1790809679999,17606.1184600,564,26951,6524.6923700,0
1790809680000,0.2418400,0.2418400,0.2402400,0.2405800,171940,1790809739999,41431.6525300,1029,35067,8450.2924500,0
1790809740000,0.2406100,0.2406100,0.2400600,0.2404700,65215,1790809799999,15675.6551100,548,26727,6424.7264700,0
1790809800000,0.2404600,0.2406400,0.2400100,0.2405700,86897,1790809859999,20878.3311900,567,14652,3522.1534700,0
1790809860000,0.2405700,0.2406900,0.2399700,0.2403400,95078,1790809919999,22847.6486800,875,46908,11270.9458600,0
1790809920000,0.2403100,0.2404600,0.2399900,0.2404500,73946,1790809979999,17763.6183000,498,41490,9965.6175200,0
1790809980000,0.2404500,0.2410700,0.2403400,0.2408900,81778,1790810039999,19692.8779000,566,40986,9869.0360400,0
1790810040000,0.2408900,0.2408900,0.2403000,0.2405400,125936,1790810099999,30301.3469900,574,47091,11331.7267400,0
1790810100000,0.2405100,0.2412100,0.2403600,0.2411200,72223,1790810159999,17396.9294900,474,37136,8944.6105700,0
1790810160000,0.2411200,0.2421600,0.2407200,0.2417800,156146,1790810219999,37717.2841300,858,98705,23846.7125600,0
1790810220000,0.2417600,0.2421600,0.2416600,0.2418000,78553,1790810279999,19002.8303000,555,35280,8534.5593600,0
1790810280000,0.2417900,0.2424900,0.2416100,0.2423800,54471,1790810339999,13187.1781300,409,31277,7570.5865400,0
1790810340000,0.2423700,0.2429200,0.2421900,0.2428000,35769,1790810399999,8675.8241200,314,23658,5737.1850600,0
1790810400000,0.2428000,0.2428100,0.2421900,0.2425600,47803,1790810459999,11594.8530500,462,16932,4107.4856800,0
1790810460000,0.2425400,0.2438000,0.2424500,0.2428400,163602,1790810519999,39797.9540400,939,79722,19391.1677900,0
1790810520000,0.2428400,0.2428900,0.2422800,0.2423800,33163,1790810579999,8040.4481300,283,12354,2995.0593200,0
1790810580000,0.2424500,0.2428900,0.2423500,0.2427100,40743,1790810639999,9887.4666700,306,24927,6049.8659400,0
1790810640000,0.2427200,0.2428600,0.2421800,0.2426800,47498,1790810699999,11518.7455200,331,21393,5187.0258800,0
1790810700000,0.2427000,0.2431100,0.2423900,0.2425800,63456,1790810759999,15408.1807600,521,29286,7110.3363800,0
1790810760000,0.2425700,0.2431300,0.2425100,0.2428100,56654,1790810819999,13753.8521100,419,39381,9559.2935000,0
1790810820000,0.2428200,0.2428700,0.2422600,0.2424900,55145,1790810879999,13371.8838300,399,19589,4750.3848500,0
1790810880000,0.2425200,0.2425200,0.2420200,0.2422700,44797,1790810939999,10851.2071900,360,18576,4499.0875000,0
1790810940000,0.2422800,0.2423300,0.2419400,0.2422800,39290,1790810999999,9512.8313000,276,14825,3589.3174100,0
1790811000000,0.2422800,0.2427200,0.2419100,0.2425500,57125,1790811059999,13842.8671500,436,39725,9626.0498700,0
1790811060000,0.2425200,0.2426000,0.2418200,0.2419300,43023,1790811119999,10424.0478700,376,16107,3901.9001100,0
1790811120000,0.2419100,0.2420800,0.2414400,0.2415500,78978,1790811179999,19088.2824900,373,56697,13701.8863300,0
1790811180000,0.2415300,0.2415300,0.2404400,0.2407100,144136,1790811239999,34710.7483600,763,59801,14397.5066500,0
1790811240000,0.2407200,0.2408200,0.2403900,0.2406800,77551,1790811299999,18660.5649800,459,36215,8713.5871500,0
1790811300000,0.2406400,0.2410800,0.2399000,0.2401300,244457,1790811359999,58747.2054900,1135,48889,11758.9551900,0
1790811360000,0.2401400,0.2406300,0.2395600,0.2396900,385548,1790811419999,92559.7743400,1560,133133,31977.8756200,0
1790811420000,0.2397900,0.2400200,0.2394000,0.2399300,295499,1790811479999,70825.8887200,1298,90514,21700.5995400,0
1790811480000,0.2399400,0.2399400,0.2392600,0.2395100,294667,1790811539999,70585.6521900,1219,79499,19045.6870700,0
1790811540000,0.2394900,0.2395100,0.2388600,0.2392800,366453,1790811599999,87638.6315300,1561,131998,31572.9259100,0
1790811600000,0.2392900,0.2397600,0.2386000,0.2397400,264358,1790811659999,63184.0245000,1173,99130,23702.6871700,0
1790811660000,0.2397400,0.2400000,0.2388500,0.2390100,73833,1790811719999,17681.0722500,569,33800,8097.7963900,0
1790811720000,0.2390200,0.2390400,0.2380000,0.2382800,123453,1790811779999,29424.8263000,452,28057,6684.6553200,0
1790811780000,0.2383000,0.2385200,0.2380600,0.2383500,51472,1790811839999,12262.7282600,294,20368,4853.2192400,0
1790811840000,0.2383700,0.2387000,0.2383100,0.2384900,81226,1790811899999,19371.2914300,296,35356,8432.5159100,0
1790811900000,0.2384800,0.2386300,0.2382500,0.2383900,49542,1790811959999,11814.7193400,262,38706,9230.9788100,0
1790811960000,0.2383900,0.2383900,0.2381100,0.2382600,37503,1790812019999,8932.4359700,230,27414,6529.3869200,0
1790812020000,0.2382300,0.2382300,0.2376900,0.2377500,113048,1790812079999,26893.5238700,387,50148,11927.6151100,0
1790812080000,0.2377300,0.2378200,0.2373900,0.2378000,119806,1790812139999,28463.6579000,420,45548,10823.3168600,0
1790812140000,0.2378000,0.2385300,0.2377800,0.2382400,60076,1790812199999,14313.2562200,359,31280,7451.5710100,0
1790812200000,0.2382400,0.2383100,0.2378500,0.2378700,59800,1790812259999,14238.4071500,512,34474,8208.9281000,0
1790812260000,0.2378800,0.2384600,0.2378100,0.2378900,76743,1790812319999,18274.6009900,534,46626,11104.5131900,0
1790812320000,0.2379400,0.2382900,0.2375600,0.2376400,96842,1790812379999,23043.9386000,558,63280,15062.3995200,0
1790812380000,0.2376500,0.2379900,0.2376500,0.2377000,24289,1790812439999,5776.4096100,266,12952,3080.2314500,0
1790812440000,0.2376900,0.2377600,0.2373400,0.2373400,29387,1790812499999,6981.3491600,288,9778,2322.8151900,0
1790812500000,0.2374000,0.2380000,0.2373900,0.2377200,36687,1790812559999,8723.5323700,239,20164,4793.9966100,0
1790812560000,0.2377300,0.2381700,0.2376300,0.2381000,47386,1790812619999,11271.2380900,304,25870,6153.0002300,0
1790812620000,0.2380600,0.2385100,0.2379200,0.2385100,35323,1790812679999,8414.7005300,217,22963,5471.0395900,0
1790812680000,0.2385100,0.2385100,0.2379200,0.2382700,79496,1790812739999,18941.5921100,379,32360,7708.5245400,0
1790812740000,0.2382800,0.2383500,0.2380900,0.2382000,31623,1790812799999,7533.1012900,182,11300,2692.2181800,0
