open_time,open,high,low,close,volume,close_time,quote_asset_volume,count,taker_buy_volume,taker_buy_quote_volume,ignore
1790553600000,154.500,154.560,154.280,154.460,1286.9,1790553659999,198708.8290,960,378.1,58365.4490,0
1790553660000,154.470,154.510,154.370,154.510,519.5,1790553719999,80229.6420,617,188.0,29036.6980,0
1790553720000,154.510,154.710,154.400,154.400,508.9,1790553779999,78644.3920,672,274.8,42467.2250,0
1790553780000,154.400,154.510,154.390,154.500,1107.3,1790553839999,171007.5480,532,380.0,58693.8350,0
1790553840000,154.490,154.500,154.350,154.440,328.9,1790553899999,50790.8240,400,197.3,30468.2880,0
1790553900000,154.440,154.450,154.300,154.300,413.1,1790553959999,63770.0490,281,124.2,19170.2950,0
1790553960000,154.300,154.540,154.280,154.430,476.3,1790554019999,73563.0780,476,233.5,36057.5730,0
1790554020000,154.420,154.420,154.170,154.270,569.5,1790554079999,87898.7450,427,168.0,25917.7450,0
1790554080000,154.260,154.280,154.030,154.030,359.0,1790554139999,55348.2390,436,84.1,12968.9730,0
1790554140000,154.020,154.230,154.020,154.060,445.3,1790554199999,68634.5480,492,385.5,59416.1920,0
1790554200000,154.050,154.150,154.050,154.090,182.8,1790554259999,28173.1620,205,132.8,20466.9560,0
1790554260000,154.090,154.310,154.070,154.200,169.3,1790554319999,26104.1130,371,108.5,16726.7120,0
1790554320000,154.190,154.430,154.160,154.420,266.6,1790554379999,41138.3410,383,218.5,33719.3500,0
1790554380000,154.420,154.440,154.350,154.390,350.2,1790554439999,54072.2140,377,152.7,23576.5910,0
1790554440000,154.380,154.540,154.380,154.500,162.4,1790554499999,25087.3400,255,76.4,11801.6180,0
1790554500000,154.490,154.750,154.490,154.750,1334.3,1790554559999,206314.8640,840,1142.6,176678.1310,0
1790554560000,154.760,155.040,154.730,154.980,490.0,1790554619999,75913.5020,565,247.9,38401.5960,0
1790554620000,154.970,155.000,154.850,154.880,380.9,1790554679999,59003.6650,473,165.7,25667.0680,0
1790554680000,154.880,155.090,154.800,155.070,275.9,1790554739999,42759.0410,365,169.8,26321.6740,0
1790554740000,155.060,155.440,155.060,155.440,1265.4,1790554799999,196470.5470,954,884.7,137353.5320,0
1790554800000,155.420,155.550,155.160,155.510,2578.0,1790554859999,400652.4180,1294,1641.3,255140.6380,0
1790554860000,155.500,156.160,155.470,156.130,1788.5,1790554919999,278742.0390,1606,1196.6,186544.1590,0
1790554920000,156.120,156.280,155.940,155.980,3188.7,1790554979999,497794.3800,1914,1098.2,171437.4990,0
1790554980000,155.980,156.130,155.720,155.810,1354.5,1790555039999,211162.2350,1005,882.7,137607.6330,0
1790555040000,155.830,155.880,155.670,155.670,1050.1,1790555099999,163612.0620,663,584.4,91046.1580,0
1790555100000,155.660,155.840,155.550,155.840,660.6,1790555159999,102826.8560,792,437.7,68127.3010,0
1790555160000,155.850,156.120,155.710,155.710,837.3,1790555219999,130533.1630,773,475.9,74194.6630,0
1790555220000,155.710,155.850,155.530,155.540,1118.7,1790555279999,174148.2190,879,383.1,59638.2860,0
1790555280000,155.530,155.570,155.250,155.550,987.8,1790555339999,153466.7130,752,261.0,40562.0600,0
1790555340000,155.550,155.830,155.550,155.700,760.0,1790555399999,118369.5990,737,297.4,46312.5420,0
1790555400000,155.700,155.780,155.540,155.670,542.6,1790555459999,84435.1120,751,299.4,46589.1800,0
1790555460000,155.660,155.680,154.850,155.040,1684.2,1790555519999,261356.8510,2098,678.1,105265.0690,0
1790555520000,155.040,155.070,154.290,154.380,1335.0,1790555579999,206473.9140,1679,361.1,55881.8910,0
1790555580000,154.390,154.770,154.050,154.060,1213.6,1790555639999,187453.4970,1374,625.5,96688.8750,0
1790555640000,154.070,154.480,154.000,154.180,2164.8,1790555699999,333778.1950,1639,1580.8,243741.0220,0
1790555700000,154.180,154.340,153.640,153.860,2738.4,1790555759999,421335.3200,1692,349.3,53792.0010,0
1790555760000,153.870,154.100,153.600,153.780,979.9,1790555819999,150716.6500,1123,615.1,94616.5360,0
1790555820000,153.780,154.070,153.760,153.870,608.8,1790555879999,93682.4990,694,355.2,54662.8590,0
1790555880000,153.880,153.990,153.770,153.800,813.8,1790555939999,125215.4740,682,313.9,48296.0960,0
1790555940000,153.800,153.880,153.550,153.550,1023.7,1790555999999,157395.7030,847,495.8,76249.0250,0
1790556000000,153.540,153.700,153.520,153.580,555.3,1790556059999,85302.5430,666,324.2,49801.4590,0
1790556060000,153.570,153.620,153.460,153.620,596.8,1790556119999,91630.5240,566,398.0,61105.5670,0
1790556120000,153.610,153.650,153.460,153.490,1176.3,1790556179999,180634.3890,852,698.9,107326.7240,0
1790556180000,153.490,153.650,153.480,153.540,1463.2,1790556239999,224725.4440,739,1175.5,180542.7770,0
1790556240000,153.530,153.760,153.500,153.660,712.2,1790556299999,109415.5790,629,412.0,63298.4300,0
1790556300000,153.670,154.190,153.650,154.190,1084.8,1790556359999,167012.4350,890,520.2,80063.8200,0
1790556360000,154.180,154.340,154.010,154.280,413.8,1790556419999,63821.3250,638,195.6,30168.8620,0
1790556420000,154.290,154.480,154.210,154.450,438.4,1790556479999,67675.2380,644,213.6,32975.3380,0
1790556480000,154.440,154.710,154.370,154.680,356.8,1790556539999,55162.2410,530,209.6,32399.2040,0
1790556540000,154.680,154.860,154.640,154.850,311.1,1790556599999,48157.6870,481,124.8,19318.5100,0
1790556600000,154.840,155.180,154.770,155.100,587.4,1790556659999,91017.4420,593,396.6,61442.4850,0
1790556660000,155.090,155.250,155.060,155.100,391.9,1790556719999,60802.5380,478,141.6,21971.6340,0
1790556720000,155.100,155.130,154.740,154.740,518.4,1790556779999,80327.7580,626,160.7,24899.8280,0
1790556780000,154.730,154.740,154.540,154.560,772.8,1790556839999,119492.9210,621,235.5,36410.4330,0
1790556840000,154.570,154.600,154.150,154.200,459.9,1790556899999,71036.1700,576,123.4,19067.6220,0
1790556900000,154.200,154.240,154.010,154.010,634.0,1790556959999,97734.5910,474,301.4,46463.5530,0
1790556960000,154.010,154.070,153.820,153.850,310.9,1790557019999,47859.4410,444,120.0,18472.5790,0
1790557020000,153.840,153.840,153.630,153.630,311.4,1790557079999,47874.6540,321,129.4,19892.5400,0
1790557080000,153.630,153.890,153.610,153.610,536.1,1790557139999,82410.7600,533,226.5,34820.0480,0
1790557140000,153.610,153.750,153.560,153.570,441.6,1790557199999,67842.9430,447,205.1,31515.8190,0
1790557200000,153.560,153.780,153.480,153.660,767.8,1790557259999,117978.0100,978,353.2,54266.8910,0
1790557260000,153.670,153.780,153.180,153.260,3142.7,1790557319999,482080.4800,1580,518.7,79542.2530,0
1790557320000,153.270,153.690,153.230,153.560,751.1,1790557379999,115255.9870,1182,495.0,75944.2040,0
1790557380000,153.570,153.740,153.120,153.290,999.7,1790557439999,153361.8380,1173,591.0,90673.7520,0
1790557440000,153.290,153.600,153.120,153.580,1430.4,1790557499999,219313.9900,1220,836.7,128325.7580,0
1790557500000,153.590,153.640,153.090,153.090,561.7,1790557559999,86096.5190,728,123.6,18951.3980,0
1790557560000,153.090,153.540,152.730,153.460,2346.2,1790557619999,359030.3310,1691,856.8,131117.4220,0
1790557620000,153.460,154.430,153.460,154.350,871.8,1790557679999,134271.8370,1161,523.1,80537.6090,0
1790557680000,154.340,154.340,154.060,154.260,387.6,1790557739999,59761.3590,520,202.6,31230.8530,0
1790557740000,154.250,154.250,153.380,153.510,940.1,1790557799999,144608.4870,1045,330.2,50785.9570,0
1790557800000,153.510,153.540,153.190,153.280,863.0,1790557859999,132405.2160,897,522.5,80189.3240,0
1790557860000,153.290,153.470,153.220,153.440,777.1,1790557919999,119158.7190,713,520.1,79743.6360,0
1790557920000,153.430,153.570,153.060,153.120,681.8,1790557979999,104529.4870,790,178.3,27345.1300,0
1790557980000,153.130,153.200,152.950,153.000,1793.0,1790558039999,274359.0990,697,209.8,32108.7940,0
1790558040000,153.000,153.180,152.990,153.010,596.8,1790558099999,91358.4590,530,245.1,37516.5900,0
1790558100000,153.010,153.180,152.790,153.080,1395.1,1790558159999,213354.0110,1223,744.6,113878.6680,0
1790558160000,153.080,153.240,152.880,153.160,1261.8,1790558219999,193070.4730,1104,829.2,126888.6840,0
1790558220000,153.160,153.380,152.380,152.620,3988.1,1790558279999,609509.3930,2929,1517.3,231942.1390,0
1790558280000,152.630,153.340,152.630,153.280,1696.8,1790558339999,259433.3760,1185,1026.6,156921.6590,0
1790558340000,153.270,153.340,152.950,153.280,1566.9,1790558399999,239940.5540,1701,851.1,130327.3010,0
1790558400000,153.280,153.410,153.130,153.370,1531.3,1790558459999,234726.5660,1510,726.3,111349.8620,0
1790558460000,153.370,154.020,153.360,153.960,1155.4,1790558519999,177624.9640,1462,784.3,120545.6630,0
1790558520000,153.960,153.960,153.500,153.500,1256.3,1790558579999,193218.2130,1523,638.5,98200.8350,0
1790558580000,153.490,154.000,153.310,153.560,1025.2,1790558639999,157598.7220,1412,526.4,80901.7310,0
1790558640000,153.560,153.670,153.380,153.560,396.0,1790558699999,60785.9230,811,245.9,37744.3830,0
1790558700000,153.560,153.720,153.450,153.720,330.3,1790558759999,50717.6730,628,177.1,27194.9410,0
1790558760000,153.730,153.890,153.490,153.860,2607.4,1790558819999,400666.2570,1043,409.7,62982.5600,0
1790558820000,153.860,154.060,153.730,153.790,327.0,1790558879999,50339.1520,609,201.6,31032.5430,0
1790558880000,153.790,153.910,153.670,153.800,242.7,1790558939999,37314.9430,574,127.2,19554.7080,0
1790558940000,153.810,153.930,153.660,153.670,271.6,1790558999999,41765.4580,485,91.8,14116.9400,0
1790559000000,153.660,154.060,153.620,153.670,486.9,1790559059999,74885.0830,943,201.5,30975.6970,0
1790559060000,153.670,153.910,153.600,153.700,520.0,1790559119999,79974.5970,870,339.9,52281.1880,0
1790559120000,153.700,153.810,153.450,153.800,334.6,1790559179999,51408.7190,724,92.0,14134.2090,0
1790559180000,153.800,153.900,153.670,153.720,619.7,1790559239999,95287.3640,622,443.6,68205.2560,0
1790559240000,153.710,153.910,153.620,153.630,268.4,1790559299999,41271.5870,597,60.5,9302.8860,0
1790559300000,153.630,153.780,153.210,153.640,1326.2,1790559359999,203546.5830,1052,696.8,107011.9030,0
1790559360000,153.650,153.730,153.380,153.380,323.7,1790559419999,49704.1330,662,84.2,12932.4240,0
1790559420000,153.370,153.480,153.240,153.240,191.9,1790559479999,29435.3760,484,65.8,10094.6930,0
1790559480000,153.250,153.380,153.050,153.110,876.5,1790559539999,134224.9540,775,147.5,22596.0260,0
1790559540000,153.100,153.390,153.000,153.390,260.5,1790559599999,39890.2130,493,142.7,21858.0470,0
1790559600000,153.390,153.390,153.090,153.090,272.0,1790559659999,41679.4570,598,95.2,14588.1700,0
1790559660000,153.080,153.450,153.040,153.360,263.5,1790559719999,40376.6220,600,134.7,20634.6190,0
1790559720000,153.370,153.510,153.120,153.120,243.6,1790559779999,37352.7180,568,106.6,16347.7960,0
1790559780000,153.110,153.160,153.030,153.030,253.3,1790559839999,38779.7370,438,125.9,19275.5990,0
1790559840000,153.020,153.020,152.730,152.770,740.4,1790559899999,113173.5290,873,229.4,35062.0100,0
1790559900000,152.760,153.050,152.710,152.840,993.9,1790559959999,152019.9770,646,473.9,72488.2060,0
1790559960000,152.840,152.910,152.740,152.830,419.5,1790560019999,64107.1090,567,182.8,27936.3540,0
1790560020000,152.840,153.150,152.810,153.130,746.6,1790560079999,114247.3550,799,588.3,90031.5690,0
1790560080000,153.130,153.190,152.730,152.730,329.0,1790560139999,50339.1140,639,150.7,23057.4120,0
1790560140000,152.720,152.820,151.920,152.090,3101.2,1790560199999,472176.0540,2331,698.4,106412.9920,0
1790560200000,152.100,152.640,151.770,152.490,2661.4,1790560259999,404650.0600,1939,1149.2,174865.2370,0
1790560260000,152.490,152.740,152.390,152.580,644.5,1790560319999,98389.2150,896,340.8,52033.4090,0
1790560320000,152.580,152.710,152.300,152.560,525.5,1790560379999,80159.1010,868,207.0,31571.7180,0
1790560380000,152.570,152.740,152.520,152.630,529.5,1790560439999,80822.0900,755,217.9,33263.8640,0
1790560440000,152.640,152.780,152.460,152.460,404.1,1790560499999,61667.3120,656,199.2,30402.2080,0
1790560500000,152.450,152.590,152.310,152.430,272.5,1790560559999,41542.4940,570,124.0,18903.8000,0
1790560560000,152.420,152.800,152.280,152.800,547.1,1790560619999,83409.3730,718,273.9,41788.6460,0
1790560620000,152.810,152.980,152.190,152.190,970.3,1790560679999,148090.1610,1173,375.6,57336.2430,0
1790560680000,152.190,152.310,152.090,152.290,353.1,1790560739999,53741.6690,675,230.4,35062.4030,0
1790560740000,152.290,152.300,152.090,152.230,375.1,1790560799999,57100.1310,515,115.7,17612.2650,0
1790560800000,152.230,152.280,151.780,151.830,1864.0,1790560859999,283343.2970,1953,721.0,109636.6300,0
1790560860000,151.840,152.290,151.740,152.200,1222.3,1790560919999,185730.7660,1750,484.0,73564.6130,0
1790560920000,152.200,152.200,151.570,151.980,1890.8,1790560979999,287075.7130,2264,463.3,70361.2290,0
1790560980000,151.980,152.090,151.560,152.040,2185.0,1790561039999,331671.9860,2317,780.8,118554.0470,0
1790561040000,152.050,152.250,151.720,152.040,1361.7,1790561099999,206995.2850,1643,377.7,57426.1670,0
1790561100000,152.050,152.290,152.030,152.200,1359.1,1790561159999,206790.2710,1515,401.8,61140.8040,0
1790561160000,152.200,152.400,151.980,152.390,854.6,1790561219999,130078.4110,1234,408.5,62195.5700,0
1790561220000,152.380,152.390,152.130,152.160,782.4,1790561279999,119128.2760,1166,258.5,39367.6040,0
1790561280000,152.160,152.770,152.000,152.680,604.0,1790561339999,92118.8610,1079,303.0,46217.2330,0
1790561340000,152.690,152.830,152.480,152.520,1092.1,1790561399999,166726.6240,1005,301.1,45959.2900,0
1790561400000,152.530,152.860,152.530,152.830,422.8,1790561459999,64591.0970,733,209.3,31971.3790,0
1790561460000,152.830,153.140,152.820,153.090,864.4,1790561519999,132288.7230,831,301.2,46088.7140,0
1790561520000,153.090,153.370,153.070,153.330,682.4,1790561579999,104556.5210,862,484.3,74218.0420,0
1790561580000,153.340,153.410,153.270,153.340,345.8,1790561639999,53026.6770,519,122.5,18785.3790,0
1790561640000,153.350,153.520,153.190,153.340,469.4,1790561699999,71987.9210,719,116.3,17836.7760,0
1790561700000,153.350,153.370,152.930,153.150,517.7,1790561759999,79294.8080,872,241.0,36911.7450,0
1790561760000,153.140,153.160,153.000,153.090,411.4,1790561819999,62982.0570,801,194.9,29839.6390,0
1790561820000,153.090,153.290,153.010,153.010,465.2,1790561879999,71263.4380,825,106.1,16252.1450,0
1790561880000,153.020,153.070,152.820,152.830,329.4,1790561939999,50365.8900,627,85.8,13118.4550,0
1790561940000,152.830,152.950,152.680,152.890,423.8,1790561999999,64761.0020,681,123.8,18915.3690,0
1790562000000,152.890,153.070,152.810,153.010,205.9,1790562059999,31487.6160,530,67.3,10293.4940,0
1790562060000,153.000,153.140,151.800,152.080,5361.4,1790562119999,816175.8260,3513,1115.5,169693.3390,0
1790562120000,152.070,152.110,151.610,151.690,2661.5,1790562179999,404117.4680,2508,880.7,133739.9780,0
1790562180000,151.690,151.890,151.600,151.670,2173.0,1790562239999,329655.6270,1617,1052.3,159676.6410,0
1790562240000,151.680,152.670,151.640,152.470,4417.3,1790562299999,672144.1580,2962,2983.9,454274.3790,0
1790562300000,152.460,152.580,152.220,152.260,771.1,1790562359999,117526.9020,1100,340.7,51932.6910,0
1790562360000,152.260,152.780,152.230,152.690,694.2,1790562419999,105848.5600,938,303.7,46328.5250,0
1790562420000,152.680,152.980,152.460,152.480,672.2,1790562479999,102704.9380,1016,185.8,28384.2300,0
1790562480000,152.490,152.510,152.290,152.340,437.8,1790562539999,66720.9050,720,145.7,22203.9580,0
1790562540000,152.340,152.390,152.100,152.140,347.5,1790562599999,52900.3680,528,83.4,12695.8610,0
1790562600000,152.140,152.180,151.880,151.940,394.6,1790562659999,59995.0860,694,207.7,31584.6730,0
1790562660000,151.940,152.020,151.820,151.820,323.6,1790562719999,49154.7860,701,131.2,19929.0080,0
1790562720000,151.820,151.930,151.300,151.410,6261.3,1790562779999,948358.0050,2284,2797.7,423594.4070,0
1790562780000,151.420,151.460,150.820,150.850,5014.3,1790562839999,757816.8540,3038,808.2,122147.3890,0
1790562840000,150.840,151.130,150.610,151.080,2690.3,1790562899999,405762.9170,1511,885.9,133646.6850,0
1790562900000,151.090,151.260,151.000,151.100,1129.5,1790562959999,170701.4740,1059,256.7,38795.0530,0
1790562960000,151.110,151.220,150.980,151.090,1389.7,1790563019999,209978.6420,1343,365.2,55183.4890,0
1790563020000,151.100,151.170,151.010,151.080,726.3,1790563079999,109736.5450,782,129.9,19627.4890,0
1790563080000,151.080,151.420,151.050,151.100,790.9,1790563139999,119616.3950,865,391.2,59167.9920,0
1790563140000,151.090,151.180,150.870,151.110,847.1,1790563199999,127937.3110,999,290.4,43875.3900,0
1790563200000,151.100,151.300,150.920,151.260,782.1,1790563259999,118158.4470,761,227.1,34311.1810,0
1790563260000,151.250,151.390,151.070,151.080,513.7,1790563319999,77707.5010,605,167.7,25364.7280,0
1790563320000,151.090,151.250,150.960,151.070,625.0,1790563379999,94443.7130,826,201.1,30389.2400,0
1790563380000,151.080,151.210,151.000,151.170,316.3,1790563439999,47794.5870,477,94.9,14338.3470,0
1790563440000,151.160,151.660,151.150,151.470,5514.2,1790563499999,835547.2540,1781,3342.8,506403.5460,0
1790563500000,151.470,151.660,151.360,151.630,947.1,1790563559999,143491.8560,964,248.5,37662.5110,0
1790563560000,151.620,151.690,151.300,151.370,748.3,1790563619999,113384.2940,937,250.5,37955.7400,0
1790563620000,151.370,151.420,150.930,151.010,524.4,1790563679999,79265.5960,959,139.0,21019.2300,0
1790563680000,151.000,151.100,150.880,151.070,899.3,1790563739999,135772.0660,736,226.6,34213.5670,0
1790563740000,151.060,151.180,150.990,151.070,895.0,1790563799999,135194.9110,574,303.3,45815.6140,0
1790563800000,151.060,151.230,151.030,151.120,695.5,1790563859999,105124.1470,881,466.9,70574.5240,0
1790563860000,151.110,151.260,150.930,150.970,1534.9,1790563919999,231922.6340,1095,249.9,37761.5860,0
1790563920000,150.970,151.240,150.850,151.220,1440.3,1790563979999,217487.0850,1057,349.8,52824.8380,0
1790563980000,151.230,151.390,151.140,151.300,559.1,1790564039999,84569.5290,654,271.8,41117.7300,0
1790564040000,151.290,151.350,151.180,151.280,559.5,1790564099999,84639.3340,629,314.3,47551.6570,0
1790564100000,151.300,151.390,151.260,151.290,134.2,1790564159999,20306.8520,235,63.2,9562.7240,0
1790564160000,151.290,151.290,151.130,151.130,214.9,1790564219999,32495.2800,249,41.0,6199.3000,0
1790564220000,151.130,151.270,151.130,151.180,224.5,1790564279999,33943.9010,347,124.6,18838.8580,0
1790564280000,151.180,151.320,151.170,151.170,385.5,1790564339999,58311.0270,363,276.3,41794.3650,0
1790564340000,151.160,151.170,151.050,151.170,188.9,1790564399999,28542.9910,290,101.5,15337.0960,0
1790564400000,151.170,151.680,151.170,151.570,768.7,1790564459999,116449.8020,1063,446.2,67583.5130,0
1790564460000,151.570,151.700,151.520,151.550,1047.5,1790564519999,158822.8550,660,620.6,94099.2680,0
1790564520000,151.540,151.570,151.080,151.110,601.3,1790564579999,91017.3480,772,222.5,33692.6950,0
1790564580000,151.110,151.230,151.110,151.110,507.3,1790564639999,76679.5120,525,234.5,35443.5130,0
1790564640000,151.100,151.290,151.090,151.270,161.6,1790564699999,24436.2110,385,93.2,14092.8840,0
1790564700000,151.270,151.370,151.010,151.020,400.9,1790564759999,60615.9470,569,169.7,25651.2790,0
1790564760000,151.010,151.150,150.910,150.980,556.4,1790564819999,84021.7520,765,191.0,28843.2310,0
1790564820000,150.980,151.220,150.980,151.150,659.1,1790564879999,99587.8130,619,393.6,59467.3580,0
1790564880000,151.150,151.180,151.010,151.050,380.3,1790564939999,57448.6570,467,212.7,32129.2180,0
1790564940000,151.050,151.250,151.010,151.250,465.4,1790564999999,70320.0370,398,309.3,46735.6990,0
1790565000000,151.250,151.450,151.250,151.450,408.9,1790565059999,61887.9710,304,291.9,44179.7370,0
1790565060000,151.450,151.450,150.910,150.930,884.4,1790565119999,133725.4060,724,303.2,45813.3240,0
1790565120000,150.940,151.010,150.770,150.850,900.0,1790565179999,135771.8710,550,381.4,57552.2940,0
1790565180000,150.860,151.150,150.860,151.090,869.0,1790565239999,131245.3180,696,573.3,86576.4580,0
1790565240000,151.090,151.120,150.970,150.990,691.0,1790565299999,104365.6700,580,443.4,66964.3090,0
1790565300000,150.980,151.100,150.820,150.930,898.5,1790565359999,135640.6510,915,579.8,87526.9950,0
1790565360000,150.940,151.250,150.880,151.250,708.4,1790565419999,106976.3500,613,460.3,69520.6130,0
1790565420000,151.260,151.430,151.190,151.430,501.9,1790565479999,75951.6630,494,353.6,53505.0160,0
1790565480000,151.420,151.600,151.230,151.260,2132.0,1790565539999,322882.5440,1329,1573.5,238321.9440,0
1790565540000,151.260,151.460,151.240,151.290,894.3,1790565599999,135360.7520,843,615.5,93158.1610,0
1790565600000,151.290,151.530,151.290,151.530,688.1,1790565659999,104162.4530,736,457.0,69169.2850,0
1790565660000,151.530,151.530,151.370,151.400,386.9,1790565719999,58593.8680,557,252.6,38256.7270,0
1790565720000,151.400,151.400,151.030,151.100,334.9,1790565779999,50628.5460,567,80.7,12196.3710,0
1790565780000,151.110,151.180,151.000,151.050,202.7,1790565839999,30630.7700,438,95.5,14433.1440,0
1790565840000,151.060,151.180,150.950,151.050,248.0,1790565899999,37455.0430,436,149.7,22608.0820,0
1790565900000,151.060,151.070,150.640,150.890,1024.5,1790565959999,154457.0360,1025,306.4,46197.1520,0
1790565960000,150.890,150.960,150.620,150.680,476.1,1790566019999,71792.3020,605,185.4,27956.3760,0
1790566020000,150.670,150.730,150.510,150.590,677.6,1790566079999,102039.6700,805,178.7,26916.4760,0
1790566080000,150.600,150.780,150.530,150.530,320.7,1790566139999,48317.7730,501,187.6,28266.8770,0
1790566140000,150.540,150.540,150.110,150.250,2844.9,1790566199999,427656.5580,2020,591.2,88877.3750,0
1790566200000,150.260,150.590,150.260,150.360,2004.8,1790566259999,301574.5440,1332,1421.6,213876.0670,0
1790566260000,150.360,150.480,150.160,150.290,585.7,1790566319999,88013.1200,893,222.1,33374.0220,0
1790566320000,150.300,150.340,149.700,149.850,3524.5,1790566379999,528454.3240,2222,953.5,143022.0430,0
1790566380000,149.860,150.060,149.850,149.930,576.4,1790566439999,86428.6890,924,215.1,32250.4930,0
1790566440000,149.930,150.330,149.930,150.100,724.3,1790566499999,108759.2910,865,327.6,49187.0210,0
1790566500000,150.100,150.440,150.000,150.390,595.0,1790566559999,89413.3380,749,238.1,35777.1270,0
1790566560000,150.390,150.660,150.390,150.630,628.0,1790566619999,94521.0480,783,375.6,56531.6310,0
1790566620000,150.640,151.030,150.630,150.900,833.0,1790566679999,125674.8090,1002,592.5,89382.4350,0
1790566680000,150.900,151.240,150.860,151.230,399.6,1790566739999,60373.9810,578,296.9,44861.3010,0
1790566740000,151.230,151.240,150.880,151.050,333.0,1790566799999,50303.9820,652,151.6,22893.5940,0
1790566800000,151.040,151.090,150.860,150.920,295.7,1790566859999,44643.0750,534,141.8,21410.1270,0
1790566860000,150.920,151.050,150.760,151.050,362.9,1790566919999,54759.3900,564,261.2,39414.1660,0
1790566920000,151.050,151.190,151.040,151.090,519.1,1790566979999,78453.7780,550,168.9,25522.4870,0
1790566980000,151.080,151.230,151.040,151.140,740.6,1790567039999,111948.1910,644,612.6,92603.1730,0
1790567040000,151.130,151.140,150.900,150.910,334.3,1790567099999,50471.7690,409,169.0,25515.6720,0
1790567100000,150.910,150.910,150.690,150.690,162.5,1790567159999,24502.5650,397,68.0,10253.6850,0
1790567160000,150.690,150.770,150.610,150.660,183.3,1790567219999,27620.5100,362,65.0,9794.3110,0
1790567220000,150.660,150.840,150.640,150.810,258.3,1790567279999,38943.0080,500,148.4,22371.4960,0
1790567280000,150.800,150.920,150.660,150.830,234.3,1790567339999,35334.1460,508,142.5,21487.1960,0
1790567340000,150.840,151.020,150.650,150.830,669.2,1790567399999,100923.0530,872,261.4,39413.4210,0
1790567400000,150.820,150.830,150.630,150.830,399.3,1790567459999,60180.9670,434,318.8,48045.5890,0
1790567460000,150.830,150.920,150.690,150.840,142.7,1790567519999,21517.3900,411,58.3,8790.4440,0
1790567520000,150.830,150.830,150.630,150.680,152.0,1790567579999,22913.2550,326,61.1,9208.7270,0
1790567580000,150.680,150.810,150.600,150.620,392.3,1790567639999,59097.0530,360,102.3,15412.1870,0
1790567640000,150.620,150.730,150.450,150.480,1408.9,1790567699999,212170.4300,525,167.7,25252.4800,0
1790567700000,150.480,150.530,150.390,150.430,305.7,1790567759999,45996.6180,356,60.0,9027.6580,0
1790567760000,150.430,150.480,150.330,150.330,138.5,1790567819999,20827.2670,292,79.0,11879.7130,0
1790567820000,150.330,150.390,150.250,150.280,123.5,1790567879999,18563.4210,291,32.1,4825.4880,0
1790567880000,150.290,150.370,150.260,150.340,229.9,1790567939999,34559.1180,364,144.3,21691.9500,0
1790567940000,150.340,150.370,150.080,150.170,400.0,1790567999999,60085.0600,589,198.4,29806.7490,0
1790568000000,150.170,150.410,149.860,149.860,1469.4,1790568059999,220549.8430,1225,708.0,106363.2680,0
1790568060000,149.860,149.970,149.610,149.770,1568.1,1790568119999,234868.2910,1472,614.2,92008.5630,0
1790568120000,149.760,149.840,149.600,149.630,1072.8,1790568179999,160624.0720,937,581.9,87116.9660,0
1790568180000,149.640,149.720,149.300,149.620,3841.9,1790568239999,574235.0150,1437,2265.2,338616.0440,0
1790568240000,149.630,149.710,149.190,149.390,1899.3,1790568299999,283667.4690,1225,404.8,60488.0440,0
1790568300000,149.390,149.630,149.340,149.580,622.1,1790568359999,92969.4500,836,235.0,35120.2690,0
1790568360000,149.590,149.930,149.520,149.930,768.6,1790568419999,115061.4310,1002,408.5,61158.6940,0
1790568420000,149.920,150.090,149.920,150.070,844.0,1790568479999,126612.3090,643,658.1,98729.9010,0
1790568480000,150.070,150.340,149.840,149.870,718.6,1790568539999,107838.5420,890,426.1,63953.4320,0
1790568540000,149.880,150.160,149.870,150.110,338.2,1790568599999,50736.3180,567,179.0,26854.8010,0
1790568600000,150.110,150.200,149.990,150.100,393.6,1790568659999,59085.8180,544,281.9,42320.7590,0
1790568660000,150.110,150.140,149.920,149.920,181.2,1790568719999,27184.3420,378,71.5,10727.7330,0
1790568720000,149.910,150.070,149.760,150.010,419.6,1790568779999,62919.4700,643,305.7,45843.1880,0
1790568780000,150.010,150.160,149.990,150.020,257.5,1790568839999,38642.7450,407,176.5,26486.5050,0
1790568840000,150.020,150.070,149.940,149.940,222.4,1790568899999,33361.0800,325,84.7,12704.6520,0
1790568900000,149.930,150.170,149.820,149.870,400.3,1790568959999,60048.7060,662,265.0,39758.7570,0
1790568960000,149.860,149.910,149.580,149.710,406.4,1790569019999,60849.1330,584,183.8,27516.0200,0
1790569020000,149.710,150.210,149.680,150.210,248.9,1790569079999,37321.7590,511,149.3,22385.7590,0
1790569080000,150.220,150.480,150.220,150.480,303.0,1790569139999,45566.5170,456,245.2,36875.2030,0
1790569140000,150.480,150.640,150.470,150.540,310.6,1790569199999,46769.0300,427,169.5,25522.2660,0
1790569200000,150.540,150.700,150.540,150.580,250.7,1790569259999,37761.7970,445,179.7,27067.8680,0
1790569260000,150.570,150.710,150.510,150.600,292.2,1790569319999,44009.4350,472,143.5,21611.7710,0
1790569320000,150.600,150.670,150.470,150.600,184.7,1790569379999,27811.9710,393,125.8,18944.2990,0
1790569380000,150.610,150.670,150.570,150.670,125.4,1790569439999,18887.9690,232,82.6,12441.3930,0
1790569440000,150.670,150.740,150.560,150.670,354.4,1790569499999,53387.2780,587,197.1,29690.8200,0
1790569500000,150.670,150.700,150.430,150.570,231.2,1790569559999,34800.3820,441,132.8,19989.5460,0
1790569560000,150.580,150.580,150.390,150.390,126.3,1790569619999,19004.8440,287,47.8,7192.5420,0
1790569620000,150.390,150.430,150.270,150.300,202.4,1790569679999,30432.3420,394,74.8,11248.7050,0
1790569680000,150.300,150.350,150.200,150.240,223.6,1790569739999,33595.1660,350,133.9,20117.0900,0
1790569740000,150.230,150.300,150.210,150.260,161.7,1790569799999,24295.5160,292,91.3,13718.0160,0
1790569800000,150.250,150.280,150.170,150.280,217.6,1790569859999,32690.0090,394,154.7,23241.2380,0
1790569860000,150.290,150.310,150.050,150.150,243.8,1790569919999,36607.5430,484,61.1,9172.5470,0
1790569920000,150.160,150.250,150.150,150.190,176.6,1790569979999,26529.8400,283,56.9,8547.2850,0
1790569980000,150.180,150.200,150.090,150.120,214.2,1790570039999,32163.8220,300,124.7,18724.7660,0
1790570040000,150.110,150.170,150.020,150.150,84.4,1790570099999,12667.8830,237,59.4,8915.5300,0
1790570100000,150.150,150.200,149.990,150.090,227.3,1790570159999,34107.6790,415,80.8,12125.3910,0
1790570160000,150.090,150.130,150.010,150.090,126.9,1790570219999,19043.7420,228,72.0,10804.7350,0
1790570220000,150.090,150.120,149.900,150.050,231.3,1790570279999,34700.6500,406,125.0,18750.6720,0
1790570280000,150.060,150.240,150.010,150.170,180.9,1790570339999,27156.9180,366,134.5,20190.4340,0
1790570340000,150.170,150.290,150.080,150.080,261.6,1790570399999,39298.9980,350,105.8,15895.4960,0
1790570400000,150.070,150.130,149.970,150.060,215.0,1790570459999,32262.8920,382,66.9,10038.4960,0
1790570460000,150.060,150.100,150.040,150.070,101.2,1790570519999,15186.9630,197,61.5,9229.3030,0
1790570520000,150.070,150.370,150.070,150.320,300.2,1790570579999,45106.4950,414,220.7,33168.4430,0
1790570580000,150.320,150.400,150.270,150.270,139.7,1790570639999,21005.1970,291,81.7,12284.9090,0
1790570640000,150.270,150.280,150.220,150.220,136.3,1790570699999,20478.3660,148,99.1,14888.9720,0
1790570700000,150.220,150.230,149.750,149.820,1877.1,1790570759999,281312.7020,1196,674.1,100990.4920,0
1790570760000,149.830,149.870,149.780,149.780,228.0,1790570819999,34164.1830,269,55.7,8347.0940,0
1790570820000,149.780,149.840,149.730,149.750,412.1,1790570879999,61733.5870,415,239.9,35941.2720,0
1790570880000,149.760,149.820,149.660,149.810,199.4,1790570939999,29860.0320,370,66.1,9896.5050,0
1790570940000,149.810,149.830,149.770,149.790,193.4,1790570999999,28972.7900,217,48.4,7250.4080,0
1790571000000,149.800,150.070,149.780,150.060,1141.7,1790571059999,171202.5780,1008,727.6,109106.2510,0
1790571060000,150.070,150.110,150.040,150.070,173.4,1790571119999,26025.1040,295,64.6,9695.4520,0
1790571120000,150.070,150.260,150.050,150.200,109.4,1790571179999,16430.5750,238,46.9,7042.9270,0
1790571180000,150.200,150.270,150.140,150.230,224.7,1790571239999,33750.1640,317,67.0,10063.6810,0
1790571240000,150.230,150.230,150.100,150.130,192.6,1790571299999,28927.8410,203,43.0,6457.0890,0
1790571300000,150.130,150.140,150.020,150.130,117.8,1790571359999,17678.3290,229,54.8,8223.9010,0
1790571360000,150.130,150.240,150.060,150.060,162.4,1790571419999,24386.6850,346,54.5,8184.8960,0
1790571420000,150.050,150.300,150.050,150.300,280.2,1790571479999,42068.9030,354,201.1,30197.7230,0
1790571480000,150.300,150.340,150.250,150.270,142.5,1790571539999,21418.1480,217,57.4,8627.7090,0
1790571540000,150.270,150.310,150.140,150.270,171.7,1790571599999,25795.5210,260,86.7,13024.9000,0
1790571600000,150.270,150.680,150.190,150.670,731.2,1790571659999,110037.3120,788,582.2,87614.9310,0
1790571660000,150.660,150.720,150.400,150.410,392.1,1790571719999,59043.5390,641,206.7,31129.8740,0
1790571720000,150.400,150.400,150.030,150.110,377.0,1790571779999,56611.7740,658,167.3,25118.1560,0
1790571780000,150.100,150.160,149.960,150.080,1023.8,1790571839999,153645.8250,548,211.9,31806.8380,0
1790571840000,150.070,150.070,149.920,149.950,286.5,1790571899999,42969.4310,383,153.1,22963.5800,0
1790571900000,149.960,150.420,149.930,150.330,958.9,1790571959999,144065.6360,897,620.2,93156.0840,0
1790571960000,150.320,150.360,150.150,150.170,262.6,1790572019999,39459.6500,415,102.6,15418.5780,0
1790572020000,150.160,150.170,149.950,150.000,312.1,1790572079999,46832.5160,460,58.9,8841.2300,0
1790572080000,150.000,150.010,149.890,149.910,305.3,1790572139999,45780.3780,416,69.2,10376.5980,0
1790572140000,149.910,149.960,149.890,149.910,102.8,1790572199999,15410.6160,207,48.4,7255.8290,0
1790572200000,149.910,150.040,149.860,150.010,328.1,1790572259999,49195.3760,421,206.0,30886.6220,0
1790572260000,150.020,150.060,149.930,149.930,218.1,1790572319999,32718.3170,310,75.8,11371.3700,0
1790572320000,149.930,150.020,149.790,149.800,343.5,1790572379999,51496.0470,490,129.8,19462.8450,0
1790572380000,149.810,149.830,149.550,149.680,658.4,1790572439999,98532.1080,652,209.6,31376.0410,0
1790572440000,149.680,149.790,149.440,149.750,792.7,1790572499999,118609.3370,851,528.5,79075.6340,0
1790572500000,149.760,149.960,149.690,149.870,712.1,1790572559999,106699.0590,684,319.1,47826.3840,0
1790572560000,149.860,149.860,149.410,149.600,532.8,1790572619999,79694.7150,844,171.7,25681.0850,0
1790572620000,149.610,149.900,149.600,149.900,255.0,1790572679999,38175.4040,597,154.1,23072.5000,0
1790572680000,149.890,149.910,149.620,149.860,339.5,1790572739999,50854.9670,613,153.6,23007.4130,0
1790572740000,149.860,149.950,149.790,149.890,245.2,1790572799999,36741.6390,416,94.0,14086.0250,0
1790572800000,149.890,149.920,149.660,149.820,416.4,1790572859999,62364.1550,540,125.6,18814.7190,0
1790572860000,149.810,149.950,149.750,149.870,230.2,1790572919999,34496.1170,333,131.9,19768.9820,0
1790572920000,149.860,149.890,149.620,149.630,278.5,1790572979999,41712.6300,404,109.2,16355.8870,0
1790572980000,149.640,149.670,149.410,149.510,575.4,1790573039999,86037.7730,787,243.2,36370.0210,0
1790573040000,149.510,149.600,149.450,149.470,340.4,1790573099999,50903.0770,441,104.9,15687.8770,0
1790573100000,149.490,149.670,149.450,149.530,242.9,1790573159999,36328.8780,469,111.9,16736.9830,0
1790573160000,149.530,149.760,149.460,149.740,561.5,1790573219999,84022.6110,760,165.1,24708.2430,0
1790573220000,149.750,149.860,149.710,149.830,779.7,1790573279999,116790.2140,609,400.1,59939.1220,0
1790573280000,149.820,149.850,149.510,149.590,624.7,1790573339999,93513.1170,691,74.4,11140.9080,0
1790573340000,149.600,149.610,149.410,149.510,606.5,1790573399999,90660.4940,654,183.1,27373.7860,0
1790573400000,149.500,149.500,149.310,149.370,816.5,1790573459999,121961.9730,789,204.8,30596.3510,0
1790573460000,149.360,149.430,149.130,149.170,881.5,1790573519999,131569.6810,958,274.2,40942.0210,0
1790573520000,149.180,149.180,148.820,149.060,2079.1,1790573579999,309720.4190,1843,660.3,98375.5190,0
1790573580000,149.060,149.070,148.610,148.670,1344.2,1790573639999,199959.0630,1365,411.5,61219.8210,0
1790573640000,148.670,148.750,148.520,148.550,957.7,1790573699999,142340.8150,1065,359.0,53361.6750,0
1790573700000,148.550,148.730,148.530,148.610,1122.5,1790573759999,166816.1750,981,677.2,100637.4520,0
1790573760000,148.610,148.620,148.320,148.570,1291.2,1790573819999,191668.5530,1073,283.1,42033.2180,0
1790573820000,148.570,148.800,148.440,148.770,475.0,1790573879999,70618.8780,642,241.6,35920.4640,0
1790573880000,148.730,148.810,148.320,148.350,505.2,1790573939999,75050.6770,728,216.8,32202.4380,0
1790573940000,148.340,148.520,148.200,148.350,1157.5,1790573999999,171742.5570,1032,519.8,77138.0650,0
1790574000000,148.350,148.690,148.270,148.650,479.2,1790574059999,71147.3120,587,224.7,33363.2750,0
1790574060000,148.660,148.960,148.650,148.950,789.8,1790574119999,117521.2970,763,511.6,76111.5960,0
1790574120000,148.940,149.480,148.900,149.420,782.7,1790574179999,116799.8220,946,623.3,93013.5150,0
1790574180000,149.410,149.450,149.020,149.440,712.2,1790574239999,106297.0350,955,480.5,71708.3210,0
1790574240000,149.430,149.830,149.400,149.810,1344.9,1790574299999,201269.2770,1002,1052.5,157509.4140,0
1790574300000,149.810,150.010,149.560,149.570,534.1,1790574359999,80065.9640,790,345.5,51803.8420,0
1790574360000,149.560,149.790,149.360,149.700,387.9,1790574419999,58008.8040,867,206.8,30928.3370,0
1790574420000,149.700,150.020,149.700,149.910,682.0,1790574479999,102243.4430,815,497.3,74552.6190,0
1790574480000,149.900,149.950,149.610,149.620,443.4,1790574539999,66419.8280,534,229.9,34437.6170,0
1790574540000,149.610,149.610,149.460,149.500,214.2,1790574599999,32033.0400,289,86.5,12934.3460,0
1790574600000,149.500,149.510,149.270,149.270,522.3,1790574659999,78007.6530,480,405.9,60624.9820,0
1790574660000,149.270,149.430,149.210,149.390,218.7,1790574719999,32651.7550,456,82.9,12376.7900,0
1790574720000,149.390,149.570,149.360,149.570,257.6,1790574779999,38492.7130,423,153.0,22862.1330,0
1790574780000,149.570,149.640,149.380,149.410,216.2,1790574839999,32331.8640,468,94.5,14130.8140,0
1790574840000,149.410,149.660,149.400,149.580,257.4,1790574899999,38494.2250,373,169.0,25270.1340,0
1790574900000,149.580,149.690,149.540,149.660,396.6,1790574959999,59340.4010,403,303.8,45454.1030,0
1790574960000,149.650,149.870,149.640,149.850,234.5,1790575019999,35125.2910,354,194.0,29058.0320,0
1790575020000,149.850,149.890,149.800,149.800,352.7,1790575079999,52845.9170,330,153.6,23013.9330,0
1790575080000,149.810,150.040,149.760,150.040,428.8,1790575139999,64292.9230,405,372.1,55797.1340,0
1790575140000,150.030,150.150,149.990,150.080,792.2,1790575199999,118881.8660,550,504.2,75672.4190,0
1790575200000,150.070,150.250,150.020,150.040,468.1,1790575259999,70276.3050,609,307.2,46116.9830,0
1790575260000,150.030,150.150,149.990,150.110,681.3,1790575319999,102250.5860,717,533.1,80010.1270,0
1790575320000,150.110,150.160,149.980,149.980,294.3,1790575379999,44164.9840,409,168.3,25255.3770,0
1790575380000,149.990,150.150,149.840,149.920,380.9,1790575439999,57130.0180,489,169.7,25449.7880,0
1790575440000,149.920,150.140,149.830,149.910,324.6,1790575499999,48691.2250,576,184.7,27707.6110,0
1790575500000,149.910,150.140,149.900,150.140,345.6,1790575559999,51844.4580,491,194.5,29181.9710,0
1790575560000,150.130,150.390,150.130,150.350,271.0,1790575619999,40733.4100,524,199.0,29909.8370,0
1790575620000,150.360,150.500,150.170,150.270,904.5,1790575679999,135987.8030,1185,412.9,62082.6370,0
1790575680000,150.260,150.370,150.160,150.320,609.2,1790575739999,91529.7610,629,453.2,68090.3300,0
1790575740000,150.330,150.480,150.330,150.460,292.2,1790575799999,43950.9660,343,269.6,40551.2990,0
1790575800000,150.460,150.550,150.460,150.520,263.2,1790575859999,39611.5440,307,232.8,35035.8000,0
1790575860000,150.520,150.650,150.500,150.580,289.7,1790575919999,43622.0080,474,214.7,32327.3610,0
1790575920000,150.550,150.640,150.550,150.630,170.0,1790575979999,25601.7230,265,116.0,17469.7590,0
1790575980000,150.630,150.700,150.480,150.500,290.5,1790576039999,43749.5280,380,161.8,24369.2890,0
1790576040000,150.510,150.520,150.270,150.290,269.6,1790576099999,40537.5730,421,175.9,26447.9730,0
1790576100000,150.280,150.280,150.100,150.140,226.5,1790576159999,34005.2880,336,61.6,9249.2950,0
1790576160000,150.130,150.230,150.040,150.130,317.3,1790576219999,47635.3440,528,157.5,23642.3020,0
1790576220000,150.130,150.130,149.770,149.770,465.8,1790576279999,69837.4770,412,45.0,6749.4540,0
1790576280000,149.760,149.810,149.680,149.680,160.0,1790576339999,23960.2330,305,48.7,7293.2170,0
1790576340000,149.680,149.680,149.460,149.470,357.1,1790576399999,53408.6530,374,120.6,18037.5240,0
1790576400000,149.470,149.590,149.310,149.350,475.6,1790576459999,71073.2210,574,120.4,17991.7260,0
1790576460000,149.360,149.520,149.170,149.370,561.9,1790576519999,83878.3060,754,215.9,32233.8110,0
1790576520000,149.360,149.410,149.080,149.140,310.1,1790576579999,46257.3740,437,65.9,9829.9310,0
1790576580000,149.150,149.600,149.150,149.200,1783.2,1790576639999,266333.1490,1212,1415.4,211422.3290,0
1790576640000,149.210,149.220,149.040,149.040,473.0,1790576699999,70528.4670,455,238.6,35576.2400,0
1790576700000,149.050,149.070,148.860,148.860,529.5,1790576759999,78881.5540,505,129.9,19351.7790,0
1790576760000,148.880,149.130,148.810,149.040,201.5,1790576819999,30019.0030,372,105.7,15745.3170,0
1790576820000,149.030,149.060,148.840,148.890,266.3,1790576879999,39662.5980,362,94.5,14073.6140,0
1790576880000,148.900,149.120,148.900,149.120,1217.0,1790576939999,181382.4200,332,1091.0,162601.9680,0
1790576940000,149.110,149.170,149.000,149.000,373.0,1790576999999,55614.9860,413,147.2,21947.4680,0
1790577000000,149.000,149.240,148.950,149.170,224.5,1790577059999,33472.6050,527,117.2,17474.0930,0
1790577060000,149.180,149.310,149.090,149.180,826.8,1790577119999,123361.0660,877,239.8,35780.6170,0
1790577120000,149.210,149.430,149.180,149.390,230.0,1790577179999,34342.4110,433,171.8,25653.6040,0
1790577180000,149.380,149.380,149.200,149.290,420.7,1790577239999,62810.7400,620,263.6,39359.1800,0
1790577240000,149.280,149.370,149.120,149.320,298.6,1790577299999,44559.6380,443,184.6,27546.1100,0
1790577300000,149.310,149.500,149.230,149.390,184.9,1790577359999,27620.6750,371,109.2,16312.8380,0
1790577360000,149.390,149.460,149.240,149.240,168.8,1790577419999,25207.2930,308,66.7,9963.8080,0
1790577420000,149.240,149.240,148.530,148.630,3038.6,1790577479999,452264.2870,1623,897.9,133577.1360,0
1790577480000,148.630,148.750,148.530,148.610,595.8,1790577539999,88560.5450,676,401.2,59633.1450,0
1790577540000,148.610,148.670,148.540,148.580,383.6,1790577599999,57004.7180,490,195.1,28991.8130,0
1790577600000,148.590,148.760,148.530,148.620,487.3,1790577659999,72433.9440,581,266.7,39641.4810,0
1790577660000,148.630,149.050,148.580,149.050,1787.2,1790577719999,266068.0030,1305,1144.9,170432.9350,0
1790577720000,149.060,149.350,149.060,149.250,1153.9,1790577779999,172194.5010,987,683.3,101963.2060,0
1790577780000,149.290,149.390,149.050,149.060,476.2,1790577839999,71084.5230,604,208.5,31128.2170,0
1790577840000,149.060,149.110,148.950,148.970,567.6,1790577899999,84590.3520,467,386.0,57530.3530,0
1790577900000,148.970,149.180,148.920,149.180,272.1,1790577959999,40552.3830,433,210.1,31311.1650,0
1790577960000,149.180,149.310,149.130,149.130,554.1,1790578019999,82671.5610,534,135.8,20262.6200,0
1790578020000,149.120,149.120,148.940,149.050,274.6,1790578079999,40920.5980,478,117.8,17554.3050,0
1790578080000,149.050,149.050,148.860,148.970,286.0,1790578139999,42596.2170,392,63.5,9460.0940,0
1790578140000,148.960,148.970,148.870,148.950,177.9,1790578199999,26495.1390,272,60.8,9055.3320,0
1790578200000,148.940,148.940,148.700,148.740,1001.0,1790578259999,148952.7870,994,236.0,35116.6140,0
1790578260000,148.740,148.760,148.640,148.690,517.2,1790578319999,76902.9500,518,123.7,18393.2880,0
1790578320000,148.690,148.820,148.640,148.750,475.2,1790578379999,70678.3220,520,101.9,15153.7120,0
1790578380000,148.750,149.130,148.540,149.100,1821.8,1790578439999,271127.3520,1573,1064.0,158385.6500,0
1790578440000,149.100,149.110,148.920,148.990,143.1,1790578499999,21323.8460,405,65.2,9716.7180,0
1790578500000,149.000,149.020,148.750,148.750,317.6,1790578559999,47278.2410,440,85.3,12696.7560,0
1790578560000,148.740,148.790,148.700,148.700,110.8,1790578619999,16480.4980,214,64.1,9534.6670,0
1790578620000,148.700,148.790,148.670,148.790,117.0,1790578679999,17398.8740,215,71.0,10558.9000,0
1790578680000,148.780,148.800,148.700,148.770,260.0,1790578739999,38682.2770,206,90.4,13447.9050,0
1790578740000,148.760,148.980,148.740,148.920,254.3,1790578799999,37847.0900,338,203.0,30211.5490,0
1790578800000,148.910,149.140,148.710,149.060,1013.0,1790578859999,150836.7010,962,458.9,68390.7650,0
1790578860000,149.050,149.490,148.970,149.490,278.1,1790578919999,41479.9300,598,199.8,29804.4450,0
1790578920000,149.490,149.550,149.310,149.500,398.8,1790578979999,59599.4630,747,196.7,29395.0350,0
1790578980000,149.510,149.590,149.240,149.340,542.2,1790579039999,81020.9190,618,364.8,54504.4240,0
1790579040000,149.350,149.360,149.050,149.330,243.1,1790579099999,36271.1910,618,127.6,19038.5850,0
1790579100000,149.320,149.320,148.930,148.940,503.0,1790579159999,75003.2240,736,284.5,42423.0020,0
1790579160000,148.940,149.010,148.830,148.830,303.9,1790579219999,45251.2240,555,113.2,16856.7220,0
1790579220000,148.840,149.080,148.760,148.900,548.9,1790579279999,81760.1590,718,232.8,34672.6270,0
1790579280000,148.900,148.910,148.830,148.880,375.8,1790579339999,55941.9180,348,184.3,27435.4520,0
1790579340000,148.890,148.930,148.810,148.850,573.0,1790579399999,85288.6110,357,133.8,19918.8500,0
1790579400000,148.840,149.010,148.690,148.730,423.7,1790579459999,63029.7990,503,139.3,20723.6610,0
1790579460000,148.740,148.780,148.720,148.770,161.0,1790579519999,23951.1620,231,46.7,6946.6360,0
1790579520000,148.760,148.760,148.590,148.600,189.4,1790579579999,28156.4540,267,95.1,14136.3240,0
1790579580000,148.590,148.600,148.460,148.480,453.6,1790579639999,67359.2770,389,68.3,10144.3170,0
1790579640000,148.480,148.520,148.410,148.520,156.7,1790579699999,23263.1440,288,65.3,9694.4000,0
1790579700000,148.520,148.670,148.470,148.670,419.2,1790579759999,62286.2100,513,274.4,40780.3280,0
1790579760000,148.660,148.720,148.500,148.580,164.5,1790579819999,24449.3740,402,77.3,11487.5820,0
1790579820000,148.580,148.730,148.440,148.440,644.1,1790579879999,95748.0460,615,312.0,46388.7630,0
1790579880000,148.440,148.560,148.370,148.490,525.4,1790579939999,77994.1430,513,165.8,24616.3300,0
1790579940000,148.490,148.630,148.480,148.550,97.4,1790579999999,14469.7950,266,33.5,4976.1820,0
1790580000000,148.550,148.650,148.500,148.650,311.0,1790580059999,46199.2450,419,61.4,9122.2500,0
1790580060000,148.650,148.660,148.400,148.470,189.1,1790580119999,28073.8720,351,55.1,8179.6260,0
1790580120000,148.470,148.470,148.140,148.160,691.1,1790580179999,102455.6750,595,84.0,12450.9690,0
1790580180000,148.170,148.320,147.950,147.960,1861.8,1790580239999,275680.3240,1115,420.4,62297.5800,0
1790580240000,147.960,148.020,147.850,147.890,511.0,1790580299999,75597.5250,582,146.0,21601.3720,0
1790580300000,147.890,148.080,147.820,147.820,1015.6,1790580359999,150236.9190,1091,453.1,67031.3730,0
1790580360000,147.820,147.870,147.680,147.800,1110.7,1790580419999,164117.8130,895,442.3,65360.8990,0
1790580420000,147.800,147.870,147.620,147.650,466.8,1790580479999,68944.3440,567,169.3,25009.7080,0
1790580480000,147.650,147.800,147.650,147.770,939.1,1790580539999,138719.2230,614,621.1,91742.8330,0
1790580540000,147.770,147.780,147.610,147.660,444.9,1790580599999,65704.0050,505,244.8,36152.8590,0
1790580600000,147.670,147.780,147.650,147.690,540.2,1790580659999,79796.5260,489,311.2,45967.3000,0
1790580660000,147.680,147.730,147.440,147.570,1027.2,1790580719999,151577.4210,805,405.5,59841.6110,0
1790580720000,147.580,147.670,147.280,147.320,1622.3,1790580779999,239194.8830,1419,489.1,72122.2700,0
1790580780000,147.320,147.410,147.240,147.400,2976.6,1790580839999,438596.7600,735,2182.3,321563.4860,0
1790580840000,147.390,147.510,147.170,147.500,3766.6,1790580899999,554977.6460,1132,2731.8,402514.6750,0
1790580900000,147.500,147.830,147.470,147.700,1281.1,1790580959999,189199.9840,984,776.1,114631.1530,0
1790580960000,147.690,147.900,147.660,147.710,602.6,1790581019999,89058.2860,707,157.0,23204.7090,0
1790581020000,147.710,147.840,147.600,147.840,282.0,1790581079999,41651.0760,412,146.6,21654.1850,0
1790581080000,147.830,147.830,147.600,147.650,596.5,1790581139999,88118.0770,582,273.2,40359.3220,0
1790581140000,147.660,147.750,147.530,147.560,338.2,1790581199999,49943.3080,368,136.1,20095.8910,0
1790581200000,147.560,147.970,147.560,147.880,815.8,1790581259999,120508.0140,589,635.8,93905.9590,0
1790581260000,147.870,147.960,147.710,147.760,290.2,1790581319999,42895.2910,552,150.0,22169.8050,0
1790581320000,147.760,147.760,147.590,147.600,330.3,1790581379999,48771.0600,328,104.3,15396.9920,0
1790581380000,147.600,147.610,147.390,147.410,454.7,1790581439999,67067.3590,462,98.3,14499.9050,0
1790581440000,147.420,147.440,147.280,147.390,741.2,1790581499999,109222.1370,614,228.4,33660.5290,0
1790581500000,147.380,147.520,147.330,147.380,711.0,1790581559999,104817.3290,536,336.9,49671.4000,0
1790581560000,147.380,147.520,147.310,147.450,669.8,1790581619999,98759.2130,610,490.8,72369.2120,0
1790581620000,147.450,147.500,147.370,147.470,301.6,1790581679999,44470.8370,349,85.6,12621.9070,0
1790581680000,147.470,147.750,147.470,147.700,489.2,1790581739999,72195.7580,457,271.1,40003.2260,0
1790581740000,147.690,147.690,147.220,147.320,788.2,1790581799999,116181.5880,875,349.9,51558.5770,0
1790581800000,147.320,147.550,147.320,147.510,497.1,1790581859999,73297.9120,622,240.7,35488.9080,0
1790581860000,147.520,147.650,147.470,147.610,308.5,1790581919999,45529.5220,370,120.3,17755.5460,0
1790581920000,147.620,147.650,147.270,147.270,244.0,1790581979999,35991.6230,424,86.9,12826.0140,0
1790581980000,147.280,147.410,147.240,147.350,664.2,1790582039999,97848.8140,555,505.9,74531.9170,0
1790582040000,147.360,147.450,147.310,147.340,213.2,1790582099999,31421.1870,266,102.0,15029.5140,0
1790582100000,147.350,147.650,147.350,147.570,264.9,1790582159999,39074.3900,429,159.1,23462.8930,0
1790582160000,147.570,147.570,147.210,147.300,824.8,1790582219999,121517.1730,789,235.2,34654.0990,0
1790582220000,147.290,147.330,147.060,147.070,477.0,1790582279999,70214.9030,613,72.2,10628.9700,0
1790582280000,147.070,147.270,147.060,147.210,369.4,1790582339999,54363.2130,406,169.2,24896.6470,0
1790582340000,147.210,147.210,146.790,146.890,1706.1,1790582399999,250680.3110,1042,409.3,60134.9280,0
1790582400000,146.880,147.070,146.720,147.050,2564.1,1790582459999,376676.5810,1642,632.6,92945.5290,0
1790582460000,147.050,147.470,147.050,147.350,1216.9,1790582519999,179227.6010,1411,574.9,84660.3810,0
1790582520000,147.360,147.740,147.350,147.680,903.6,1790582579999,133356.8250,919,565.9,83519.8910,0
1790582580000,147.680,147.770,147.390,147.440,515.5,1790582639999,76097.9970,663,254.9,37628.7600,0
1790582640000,147.440,147.680,147.330,147.670,555.8,1790582699999,81993.9560,684,378.6,55844.9720,0
1790582700000,147.660,147.660,147.450,147.450,777.0,1790582759999,114635.6440,700,504.0,74357.6640,0
1790582760000,147.440,147.650,147.410,147.600,722.1,1790582819999,106527.2280,644,564.7,83309.0000,0
1790582820000,147.590,147.890,147.580,147.710,2065.3,1790582879999,305187.8710,979,473.0,69892.3560,0
1790582880000,147.700,148.110,147.690,147.920,1258.8,1790582939999,186273.0270,1370,758.3,112201.6840,0
1790582940000,147.920,148.050,147.830,148.040,764.5,1790582999999,113126.8380,877,396.3,58638.9610,0
1790583000000,148.030,148.130,147.950,148.130,397.5,1790583059999,58847.0530,757,219.3,32465.8730,0
1790583060000,148.130,148.220,148.050,148.180,310.6,1790583119999,46017.3090,481,215.1,31867.5700,0
1790583120000,148.170,148.310,148.110,148.300,662.9,1790583179999,98261.2870,715,458.9,68023.9450,0
1790583180000,148.300,148.310,148.160,148.310,289.1,1790583239999,42859.6760,534,139.3,20648.9410,0
1790583240000,148.300,148.460,148.270,148.460,591.5,1790583299999,87763.9930,492,445.7,66124.4770,0
1790583300000,148.460,148.540,148.350,148.470,500.5,1790583359999,74307.5810,874,250.0,37117.6070,0
1790583360000,148.470,148.670,148.450,148.670,648.6,1790583419999,96348.8440,571,458.3,68080.3300,0
1790583420000,148.660,148.750,148.610,148.650,504.8,1790583479999,75057.0810,794,402.2,59802.1070,0
1790583480000,148.650,148.650,148.410,148.420,382.7,1790583539999,56833.1930,793,158.6,23546.9180,0
1790583540000,148.420,148.420,148.290,148.290,292.0,1790583599999,43315.3040,451,163.3,24222.9190,0
1790583600000,148.280,148.350,148.180,148.220,359.5,1790583659999,53298.4590,460,196.9,29190.8010,0
1790583660000,148.220,148.320,148.190,148.240,331.6,1790583719999,49163.2740,479,171.4,25409.5090,0
1790583720000,148.230,148.230,148.100,148.180,494.2,1790583779999,73224.0160,613,351.0,52005.6620,0
1790583780000,148.170,148.170,147.990,148.010,517.3,1790583839999,76594.3900,663,219.6,32517.4950,0
1790583840000,148.010,148.010,147.810,147.820,301.9,1790583899999,44653.1370,456,123.3,18237.2480,0
1790583900000,147.830,148.030,147.830,147.910,387.9,1790583959999,57395.4200,423,232.7,34427.7550,0
1790583960000,147.910,148.130,147.900,148.090,369.8,1790584019999,54734.0590,544,265.3,39265.9220,0
1790584020000,148.090,148.160,147.740,147.750,351.2,1790584079999,51944.4870,502,131.2,19409.7820,0
1790584080000,147.750,147.900,147.740,147.760,531.8,1790584139999,78593.6300,476,184.2,27223.4390,0
1790584140000,147.770,147.870,147.770,147.870,323.8,1790584199999,47862.0100,433,102.0,15076.8440,0
1790584200000,147.880,148.090,147.880,148.000,328.7,1790584259999,48644.6430,576,209.4,30989.3850,0
1790584260000,148.000,148.120,148.000,148.100,211.0,1790584319999,31247.0870,391,102.3,15149.6050,0
1790584320000,148.100,148.240,148.090,148.120,333.0,1790584379999,49340.0420,457,273.6,40538.3480,0
1790584380000,148.120,148.140,148.010,148.060,146.1,1790584439999,21634.6080,355,57.7,8543.9540,0
1790584440000,148.050,148.060,147.860,148.020,433.5,1790584499999,64141.2140,635,137.1,20284.4730,0
1790584500000,148.020,148.140,147.940,147.950,470.8,1790584559999,69715.8680,531,333.2,49348.3330,0
1790584560000,147.940,147.940,147.790,147.890,463.8,1790584619999,68576.9970,544,106.1,15686.9550,0
1790584620000,147.900,147.900,147.660,147.670,766.8,1790584679999,113287.1080,641,89.3,13193.8280,0
1790584680000,147.660,147.870,147.510,147.850,342.9,1790584739999,50644.3860,648,194.5,28729.7700,0
1790584740000,147.850,147.850,147.550,147.690,310.8,1790584799999,45887.7050,569,175.7,25937.7210,0
1790584800000,147.700,147.870,147.590,147.590,419.4,1790584859999,61950.2000,672,94.2,13913.5990,0
1790584860000,147.590,147.620,147.490,147.560,286.1,1790584919999,42218.2760,321,221.2,32641.2860,0
1790584920000,147.550,147.580,147.380,147.560,442.8,1790584979999,65322.0150,562,246.4,36348.1170,0
1790584980000,147.570,147.590,147.460,147.490,213.8,1790585039999,31543.1280,293,72.6,10711.1000,0
1790585040000,147.500,147.540,147.390,147.480,418.1,1790585099999,61656.5620,431,177.8,26222.8210,0
1790585100000,147.480,147.530,147.420,147.470,209.0,1790585159999,30822.9500,286,123.0,18139.4870,0
1790585160000,147.470,147.600,147.390,147.540,566.9,1790585219999,83595.8660,639,157.0,23155.5550,0
1790585220000,147.550,147.700,147.520,147.680,306.4,1790585279999,45234.4760,426,180.5,26644.8530,0
1790585280000,147.680,147.680,147.410,147.410,189.9,1790585339999,28017.4350,327,58.1,8570.1020,0
1790585340000,147.420,147.540,147.400,147.480,195.5,1790585399999,28832.2660,320,110.0,16222.2320,0
1790585400000,147.480,147.700,147.470,147.670,384.7,1790585459999,56791.7030,424,195.7,28891.8960,0
1790585460000,147.660,147.970,147.660,147.970,227.3,1790585519999,33610.1910,391,90.7,13410.2950,0
1790585520000,147.960,148.000,147.780,147.880,963.2,1790585579999,142459.4970,471,175.8,26000.5870,0
1790585580000,147.880,148.120,147.840,148.070,727.5,1790585639999,107669.3330,637,611.7,90538.9140,0
1790585640000,148.060,148.060,147.770,147.770,342.8,1790585699999,50710.7550,437,169.2,25029.0510,0
1790585700000,147.760,147.910,147.620,147.860,541.5,1790585759999,79998.3180,661,175.2,25895.3450,0
1790585760000,147.870,148.030,147.860,148.000,427.3,1790585819999,63227.8480,380,363.0,53713.0680,0
1790585820000,147.990,148.040,147.950,147.980,132.5,1790585879999,19609.1370,229,93.9,13896.7830,0
1790585880000,147.980,148.010,147.760,147.790,255.5,1790585939999,37778.9450,356,94.2,13925.3880,0
1790585940000,147.800,147.820,147.760,147.770,151.1,1790585999999,22331.2430,203,75.3,11128.3390,0
1790586000000,147.770,148.020,147.760,148.000,313.8,1790586059999,46414.6850,608,179.3,26518.2780,0
1790586060000,147.990,148.000,147.660,147.700,292.1,1790586119999,43188.3000,510,153.1,22637.3330,0
1790586120000,147.700,147.700,146.840,146.960,2303.2,1790586179999,338911.3160,1688,322.7,47465.3060,0
1790586180000,146.950,147.060,146.320,146.560,4308.1,1790586239999,631744.8160,2553,1034.5,151761.7580,0
1790586240000,146.560,146.770,146.510,146.740,671.4,1790586299999,98445.7260,965,302.9,44414.9920,0
1790586300000,146.740,146.780,146.530,146.690,1013.9,1790586359999,148680.7070,1001,297.2,43580.7790,0
1790586360000,146.700,146.700,146.410,146.490,649.9,1790586419999,95208.1020,1042,226.2,33138.2930,0
1790586420000,146.490,146.940,146.400,146.790,1566.5,1790586479999,229894.8810,1061,516.4,75791.2150,0
1790586480000,146.800,146.900,146.650,146.830,766.5,1790586539999,112519.7830,827,321.9,47249.1180,0
1790586540000,146.830,146.830,146.350,146.410,1116.4,1790586599999,163583.9480,994,161.5,23673.7320,0
1790586600000,146.420,146.770,146.410,146.760,809.1,1790586659999,118572.3120,721,633.0,92764.6140,0
1790586660000,146.760,147.070,146.720,146.960,621.3,1790586719999,91299.9000,894,416.7,61248.1070,0
1790586720000,146.960,147.210,146.950,147.100,474.7,1790586779999,69832.4340,886,255.7,37616.1950,0
1790586780000,147.090,147.420,147.070,147.380,382.2,1790586839999,56274.0260,748,190.0,27975.7990,0
1790586840000,147.380,147.590,147.380,147.540,266.2,1790586899999,39271.1560,369,143.0,21096.5000,0
1790586900000,147.530,148.130,147.510,148.030,598.2,1790586959999,88428.5180,750,455.7,67357.4810,0
1790586960000,148.030,148.300,147.680,147.740,1304.0,1790587019999,193008.0070,1196,721.2,106756.7350,0
1790587020000,147.730,147.730,147.440,147.680,424.1,1790587079999,62586.7020,781,216.7,31976.3640,0
1790587080000,147.680,147.770,147.630,147.720,699.5,1790587139999,103313.8470,638,275.1,40627.8250,0
1790587140000,147.710,148.060,147.700,148.000,474.5,1790587199999,70222.5400,707,228.6,33825.9950,0
1790587200000,148.000,148.010,147.620,147.660,596.1,1790587259999,88114.8680,725,170.7,25232.2980,0
1790587260000,147.660,147.880,147.650,147.790,536.4,1790587319999,79264.5570,571,348.8,51537.6480,0
1790587320000,147.800,147.870,147.600,147.650,287.7,1790587379999,42490.6350,517,190.7,28162.3040,0
1790587380000,147.660,147.760,147.610,147.610,239.4,1790587439999,35355.1000,391,183.1,27040.9230,0
1790587440000,147.610,147.660,147.410,147.480,415.8,1790587499999,61334.2220,396,188.9,27865.1510,0
1790587500000,147.480,147.560,147.410,147.430,236.8,1790587559999,34920.3760,324,132.2,19494.8540,0
1790587560000,147.440,147.500,147.080,147.150,530.6,1790587619999,78112.7050,609,241.4,35534.5510,0
1790587620000,147.150,147.240,146.990,147.010,713.7,1790587679999,105002.3270,550,276.2,40633.9910,0
1790587680000,147.020,147.250,147.020,147.160,242.9,1790587739999,35731.1470,360,160.6,23624.2710,0
1790587740000,147.250,147.350,147.220,147.300,228.7,1790587799999,33684.5170,420,136.2,20060.8730,0
1790587800000,147.300,147.360,147.180,147.350,203.1,1790587859999,29905.7040,357,96.9,14268.9700,0
1790587860000,147.350,147.380,147.160,147.190,144.2,1790587919999,21238.1480,408,69.6,10251.2500,0
1790587920000,147.190,147.290,147.150,147.230,116.1,1790587979999,17092.4390,298,61.9,9112.9410,0
1790587980000,147.220,147.220,147.060,147.060,104.0,1790588039999,15300.0040,245,50.8,7473.0870,0
1790588040000,147.070,147.080,146.740,146.830,853.7,1790588099999,125379.5250,750,230.1,33792.8160,0
1790588100000,146.840,146.990,146.840,146.990,236.1,1790588159999,34684.7140,285,163.0,23945.2970,0
1790588160000,146.980,147.060,146.900,147.010,179.2,1790588219999,26337.3940,351,45.1,6630.0460,0
1790588220000,147.020,147.080,146.870,146.900,463.2,1790588279999,68073.6260,548,126.9,18650.3920,0
1790588280000,146.910,147.010,146.770,146.770,220.4,1790588339999,32364.8770,388,106.0,15565.9840,0
1790588340000,146.760,146.880,146.690,146.690,455.3,1790588399999,66845.7300,396,344.1,50520.4710,0
1790588400000,146.690,146.830,146.620,146.820,274.8,1790588459999,40313.0000,397,127.3,18676.6420,0
1790588460000,146.810,146.910,146.740,146.910,118.2,1790588519999,17351.1230,244,70.2,10305.3260,0
1790588520000,146.910,146.910,146.680,146.860,337.7,1790588579999,49565.7510,416,178.9,26254.9020,0
1790588580000,146.860,146.910,146.670,146.670,122.4,1790588639999,17970.6260,308,56.5,8295.5000,0
1790588640000,146.670,146.700,146.380,146.510,851.0,1790588699999,124688.8650,734,205.8,30167.3740,0
1790588700000,146.510,146.600,146.390,146.460,638.2,1790588759999,93502.8410,651,370.1,54230.0250,0
1790588760000,146.460,146.580,146.420,146.470,487.9,1790588819999,71468.3820,472,95.4,13974.8130,0
1790588820000,146.470,146.630,146.430,146.560,291.7,1790588879999,42745.6300,345,84.4,12368.3860,0
1790588880000,146.560,146.810,146.560,146.750,384.3,1790588939999,56385.3110,491,301.2,44191.5740,0
1790588940000,146.750,146.930,146.750,146.850,193.0,1790588999999,28344.1220,266,58.3,8560.0580,0
1790589000000,146.860,147.070,146.860,147.020,542.7,1790589059999,79764.9120,525,383.8,56413.7440,0
1790589060000,147.030,147.030,146.790,146.840,616.6,1790589119999,90608.3820,304,85.3,12523.5830,0
1790589120000,146.850,146.890,146.510,146.510,200.7,1790589179999,29443.3530,380,67.2,9855.6780,0
1790589180000,146.500,146.510,146.350,146.350,229.7,1790589239999,33631.8420,278,110.6,16192.8120,0
1790589240000,146.350,146.530,146.330,146.390,361.0,1790589299999,52855.9510,363,101.1,14801.5080,0
1790589300000,146.400,146.430,146.280,146.360,533.0,1790589359999,78013.5250,396,181.0,26498.0960,0
1790589360000,146.350,146.390,146.270,146.360,581.9,1790589419999,85151.7160,524,315.8,46211.6730,0
1790589420000,146.360,146.550,146.310,146.500,550.3,1790589479999,80585.2640,554,406.3,59496.1230,0
1790589480000,146.500,146.520,146.430,146.520,187.0,1790589539999,27390.1570,202,153.2,22439.6480,0
1790589540000,146.530,146.580,146.450,146.580,474.8,1790589599999,69565.7330,437,303.6,44485.7950,0
1790589600000,146.580,147.130,146.580,147.070,1036.1,1790589659999,152159.5210,802,874.3,128386.8140,0
1790589660000,147.070,147.130,146.940,147.020,178.5,1790589719999,26242.7120,395,65.6,9644.0750,0
1790589720000,147.020,147.280,147.020,147.170,246.6,1790589779999,36297.5750,521,148.3,21828.3290,0
1790589780000,147.180,147.590,147.160,147.490,826.7,1790589839999,121907.8070,661,709.3,104598.2630,0
1790589840000,147.480,147.620,147.390,147.390,383.5,1790589899999,56578.7210,501,243.5,35924.5500,0
1790589900000,147.390,147.400,147.080,147.080,394.6,1790589959999,58097.0920,594,168.7,24844.2590,0
1790589960000,147.100,147.190,147.030,147.150,209.8,1790590019999,30860.7030,376,120.3,17693.5360,0
1790590020000,147.140,147.250,146.990,147.180,481.2,1790590079999,70819.6450,576,186.6,27457.4320,0
1790590080000,147.170,147.200,146.990,147.020,860.7,1790590139999,126574.7790,493,175.1,25752.2120,0
1790590140000,147.030,147.180,147.030,147.170,241.4,1790590199999,35507.7170,377,171.5,25223.4880,0
1790590200000,147.160,147.160,146.920,146.920,1010.8,1790590259999,148707.4450,468,199.0,29271.3210,0
1790590260000,146.910,147.040,146.760,146.960,249.7,1790590319999,36688.3640,486,162.6,23894.3050,0
1790590320000,146.960,147.070,146.870,146.890,384.7,1790590379999,56532.6770,562,214.3,31495.1720,0
1790590380000,146.890,147.070,146.860,146.950,232.0,1790590439999,34088.0750,372,170.8,25094.8560,0
1790590440000,146.960,147.070,146.870,147.070,239.9,1790590499999,35249.4610,301,180.3,26490.8960,0
1790590500000,147.070,147.340,147.070,147.320,200.6,1790590559999,29531.0940,494,136.7,20125.0810,0
1790590560000,147.320,147.340,147.170,147.340,153.5,1790590619999,22606.3830,319,100.1,14743.3050,0
1790590620000,147.330,147.350,147.160,147.160,112.4,1790590679999,16553.4080,324,44.8,6598.5920,0
1790590680000,147.150,147.300,147.030,147.160,258.6,1790590739999,38046.3560,452,89.7,13198.3090,0
1790590740000,147.150,147.260,147.100,147.140,349.8,1790590799999,51482.1460,439,278.2,40943.6630,0
1790590800000,147.130,147.160,147.030,147.090,435.6,1790590859999,64062.8380,475,114.1,16782.6550,0
1790590860000,147.090,147.150,147.020,147.100,251.6,1790590919999,37015.4360,373,159.7,23495.7410,0
1790590920000,147.100,147.240,147.100,147.110,211.3,1790590979999,31097.3490,315,105.9,15585.0460,0
1790590980000,147.110,147.240,147.050,147.240,187.4,1790591039999,27570.6370,252,149.6,22009.1640,0
1790591040000,147.240,147.470,147.240,147.420,323.6,1790591099999,47698.9000,459,237.1,34947.6740,0
1790591100000,147.420,147.650,147.420,147.630,184.8,1790591159999,27262.1340,285,113.8,16788.8160,0
1790591160000,147.620,147.680,147.500,147.600,550.1,1790591219999,81186.2540,522,256.3,37835.3660,0
1790591220000,147.600,147.610,147.300,147.380,406.4,1790591279999,59906.6630,613,119.1,17555.0620,0
1790591280000,147.370,147.480,147.330,147.360,197.7,1790591339999,29142.8720,282,158.0,23291.3990,0
1790591340000,147.360,147.370,147.280,147.360,175.8,1790591399999,25901.3380,251,79.1,11654.3610,0
1790591400000,147.370,147.400,147.230,147.270,217.5,1790591459999,32038.6160,413,114.9,16925.2030,0
1790591460000,147.280,147.630,147.240,147.630,226.2,1790591519999,33330.6040,370,155.0,22843.1260,0
1790591520000,147.620,147.620,147.350,147.580,164.9,1790591579999,24318.0860,416,102.3,15083.3320,0
1790591580000,147.590,147.820,147.480,147.780,610.0,1790591639999,90100.1660,682,470.2,69455.7560,0
1790591640000,147.730,147.800,147.700,147.730,529.4,1790591699999,78214.6870,530,116.1,17155.0400,0
1790591700000,147.730,147.890,147.680,147.850,446.1,1790591759999,65934.4140,564,243.6,36012.1890,0
1790591760000,147.860,148.000,147.820,147.870,392.5,1790591819999,58062.5660,512,312.9,46289.4290,0
1790591820000,147.870,148.090,147.870,147.980,276.7,1790591879999,40949.2110,429,192.2,28440.9240,0
1790591880000,147.980,148.050,147.900,148.050,333.8,1790591939999,49399.3250,423,245.1,36272.7610,0
1790591940000,148.040,148.150,148.010,148.030,717.1,1790591999999,106190.2540,658,313.0,46350.9250,0
1790592000000,148.030,148.140,147.980,147.980,697.7,1790592059999,103297.7360,647,341.0,50491.4700,0
1790592060000,147.980,148.070,147.890,148.000,733.1,1790592119999,108479.3760,704,309.6,45819.9190,0
1790592120000,147.990,148.160,147.970,148.080,528.0,1790592179999,78177.3070,584,296.0,43828.6200,0
1790592180000,148.080,148.160,147.980,148.050,641.8,1790592239999,95029.3500,703,311.5,46129.5520,0
1790592240000,148.050,148.140,148.010,148.070,576.5,1790592299999,85355.4500,648,325.0,48118.9760,0
1790592300000,148.060,148.130,147.960,148.070,355.8,1790592359999,52678.1150,594,171.6,25408.6370,0
1790592360000,148.070,148.240,148.070,148.220,518.6,1790592419999,76843.0140,517,307.4,45549.0260,0
1790592420000,148.210,148.310,148.020,148.050,391.3,1790592479999,57958.9990,549,132.6,19642.0440,0
1790592480000,148.050,148.140,147.810,147.950,1695.6,1790592539999,250984.1160,1094,1245.1,184336.9860,0
1790592540000,147.950,148.030,147.840,147.860,531.6,1790592599999,78643.9930,637,305.5,45197.4000,0
1790592600000,147.850,148.380,147.820,148.160,1822.7,1790592659999,270003.8490,1526,1219.0,180557.9240,0
1790592660000,148.170,148.310,147.960,148.020,1202.9,1790592719999,178212.3140,1037,710.1,105242.9220,0
1790592720000,148.030,148.380,148.030,148.310,723.6,1790592779999,107255.9500,965,472.3,69994.4700,0
1790592780000,148.310,148.310,148.020,148.040,312.4,1790592839999,46290.4470,623,119.9,17767.8580,0
1790592840000,148.040,148.110,147.920,147.940,388.5,1790592899999,57498.1880,655,179.8,26610.7840,0
1790592900000,147.940,147.980,147.850,147.970,217.4,1790592959999,32157.3310,386,75.1,11108.6670,0
1790592960000,147.980,148.070,147.880,147.940,213.6,1790593019999,31605.5180,521,96.5,14278.4390,0
1790593020000,147.940,148.060,147.890,147.890,164.0,1790593079999,24266.4600,269,106.3,15727.2270,0
1790593080000,147.890,147.890,147.750,147.750,128.9,1790593139999,19052.6630,270,41.0,6060.1200,0
1790593140000,147.750,147.780,147.680,147.750,303.8,1790593199999,44875.5190,304,205.2,30309.8360,0
1790593200000,147.750,148.150,147.620,148.000,914.3,1790593259999,135285.2060,1579,588.2,87038.2480,0
1790593260000,148.000,148.350,147.880,148.080,488.0,1790593319999,72291.6300,1080,225.9,33466.7400,0
1790593320000,148.080,148.190,148.030,148.160,499.2,1790593379999,73925.3960,602,366.9,54333.4010,0
1790593380000,148.160,148.280,148.010,148.110,390.1,1790593439999,57782.2560,624,167.7,24838.1070,0
1790593440000,148.110,148.190,147.930,148.190,362.5,1790593499999,53675.8940,604,199.6,29557.1690,0
1790593500000,148.200,148.240,148.030,148.170,259.1,1790593559999,38385.3060,453,160.9,23836.2840,0
1790593560000,148.160,148.260,148.120,148.200,359.5,1790593619999,53276.6070,424,207.4,30735.6160,0
1790593620000,148.200,148.410,148.100,148.150,1880.9,1790593679999,278851.8570,709,403.4,59806.1040,0
1790593680000,148.140,148.200,148.030,148.120,294.4,1790593739999,43610.0880,528,173.8,25747.2740,0
1790593740000,148.120,148.170,148.090,148.100,325.9,1790593799999,48274.4220,317,90.8,13449.9780,0
1790593800000,148.090,148.090,147.940,148.020,399.5,1790593859999,59128.9840,397,92.6,13708.1970,0
1790593860000,148.020,148.020,147.890,147.890,133.8,1790593919999,19797.0390,265,47.0,6954.5070,0
1790593920000,147.890,147.960,147.880,147.940,120.4,1790593979999,17810.2480,248,56.6,8372.4620,0
1790593980000,147.930,148.040,147.820,147.890,348.5,1790594039999,51563.7820,524,223.9,33128.9100,0
1790594040000,147.890,147.910,147.840,147.860,67.4,1790594099999,9967.1560,175,32.0,4732.1010,0
1790594100000,147.860,148.000,147.800,147.940,227.9,1790594159999,33707.4600,450,122.6,18133.0270,0
1790594160000,147.930,148.140,147.740,148.000,731.0,1790594219999,108119.7290,1083,293.1,43361.6330,0
1790594220000,147.990,148.330,147.990,148.330,1088.7,1790594279999,161358.1640,1128,933.3,138330.1420,0
1790594280000,148.340,148.340,147.970,147.970,633.4,1790594339999,93863.6460,647,248.2,36764.8610,0
1790594340000,147.960,147.970,147.770,147.950,291.1,1790594399999,43046.5050,516,127.2,18809.5300,0
1790594400000,147.950,147.960,147.730,147.940,478.8,1790594459999,70782.8290,566,244.0,36072.9180,0
1790594460000,147.940,147.940,147.790,147.860,268.8,1790594519999,39742.2860,297,111.4,16468.5440,0
1790594520000,147.860,148.070,147.860,147.990,196.0,1790594579999,29002.1230,474,85.1,12592.6090,0
1790594580000,147.980,148.250,147.890,148.240,611.7,1790594639999,90569.5070,620,319.8,47369.0170,0
1790594640000,148.230,148.250,148.050,148.210,179.6,1790594699999,26607.5560,390,61.7,9139.3550,0
1790594700000,148.200,148.200,148.030,148.030,290.6,1790594759999,43042.3420,374,138.0,20440.2310,0
1790594760000,148.020,148.120,147.980,148.120,295.3,1790594819999,43719.8330,317,65.4,9683.5610,0
1790594820000,148.120,148.120,147.870,147.880,307.5,1790594879999,45499.1190,381,85.8,12691.7110,0
1790594880000,147.870,147.930,147.870,147.910,103.1,1790594939999,15247.0510,131,61.8,9139.3900,0
1790594940000,147.900,148.000,147.900,147.920,163.4,1790594999999,24175.5130,172,79.8,11806.2690,0
1790595000000,147.920,147.970,147.850,147.870,156.3,1790595059999,23119.3230,318,73.9,10931.7370,0
1790595060000,147.870,148.100,147.870,148.070,248.6,1790595119999,36796.0570,354,110.4,16336.9580,0
1790595120000,148.070,148.130,148.010,148.020,115.3,1790595179999,17072.1420,248,76.3,11297.5480,0
1790595180000,148.020,148.020,147.900,147.990,159.4,1790595239999,23584.6300,278,63.9,9453.4490,0
1790595240000,147.990,148.100,147.940,148.100,369.3,1790595299999,54650.8150,281,205.0,30339.2860,0
1790595300000,148.100,148.200,148.060,148.110,228.2,1790595359999,33800.7610,320,119.1,17641.3180,0
1790595360000,148.100,148.140,148.070,148.090,143.2,1790595419999,21207.7150,243,82.0,12144.1330,0
1790595420000,148.100,148.220,148.090,148.150,192.6,1790595479999,28534.4160,277,132.0,19556.9090,0
1790595480000,148.140,148.150,148.080,148.080,158.6,1790595539999,23492.1770,263,112.4,16649.1840,0
1790595540000,148.080,148.180,148.040,148.110,132.6,1790595599999,19640.0690,244,75.0,11108.7850,0
1790595600000,148.120,148.230,148.010,148.230,316.9,1790595659999,46933.9110,467,193.4,28642.9950,0
1790595660000,148.240,148.400,148.090,148.290,1091.4,1790595719999,161748.5270,726,354.5,52571.5700,0
1790595720000,148.290,148.420,148.230,148.310,403.4,1790595779999,59837.4030,525,272.4,40408.9870,0
1790595780000,148.310,148.440,148.270,148.290,374.7,1790595839999,55584.5300,411,182.9,27133.9120,0
1790595840000,148.280,148.280,148.160,148.160,338.3,1790595899999,50138.7940,328,101.7,15071.4150,0
1790595900000,148.150,148.150,148.020,148.090,144.0,1790595959999,21322.5880,239,98.8,14629.0220,0
1790595960000,148.090,148.120,148.020,148.090,177.9,1790596019999,26343.6070,262,138.4,20495.3550,0
1790596020000,148.090,148.090,147.930,147.930,172.7,1790596079999,25563.4850,236,70.2,10390.6390,0
1790596080000,147.930,147.930,147.630,147.730,1374.4,1790596139999,203093.8930,714,259.5,38355.3060,0
1790596140000,147.740,147.770,147.650,147.670,381.6,1790596199999,56363.3920,395,155.3,22937.4900,0
1790596200000,147.660,147.830,147.650,147.780,406.4,1790596259999,60049.0840,369,275.7,40733.7280,0
1790596260000,147.780,147.850,147.760,147.830,150.1,1790596319999,22185.5670,208,89.1,13170.0460,0
1790596320000,147.820,147.970,147.780,147.780,187.0,1790596379999,27648.2330,363,106.5,15744.6060,0
1790596380000,147.770,147.790,147.550,147.580,223.0,1790596439999,32924.3110,314,65.5,9670.1720,0
1790596440000,147.570,147.600,147.490,147.590,212.5,1790596499999,31349.2960,237,48.7,7185.4640,0
1790596500000,147.580,147.670,147.580,147.670,138.3,1790596559999,20412.9960,204,97.0,14317.2660,0
1790596560000,147.680,147.900,147.680,147.750,908.8,1790596619999,134258.9830,404,748.3,110539.0380,0
1790596620000,147.760,147.870,147.760,147.820,139.5,1790596679999,20619.6570,200,97.8,14455.3180,0
1790596680000,147.820,147.860,147.770,147.810,198.9,1790596739999,29399.1680,206,96.8,14307.9980,0
1790596740000,147.820,147.910,147.710,147.870,418.9,1790596799999,61911.2000,430,318.8,47115.8910,0
1790596800000,147.870,147.960,147.620,147.690,488.2,1790596859999,72149.0410,638,259.6,38365.5040,0
1790596860000,147.680,147.820,147.550,147.770,460.1,1790596919999,67943.4790,589,324.3,47891.8210,0
1790596920000,147.770,147.770,147.500,147.560,698.6,1790596979999,103106.1720,718,139.7,20613.7880,0
1790596980000,147.560,147.620,147.500,147.550,435.1,1790597039999,64202.4100,379,174.9,25808.9030,0
1790597040000,147.560,148.250,147.560,148.250,1467.7,1790597099999,217067.3130,1724,1080.2,159756.9530,0
1790597100000,148.230,148.580,148.180,148.520,1324.3,1790597159999,196538.7160,1007,834.2,123803.0020,0
1790597160000,148.510,149.180,148.500,149.030,1537.4,1790597219999,228928.8750,1574,1047.5,155984.4470,0
1790597220000,149.030,149.360,148.920,149.300,1197.2,1790597279999,178577.8830,1202,741.0,110550.8810,0
1790597280000,149.310,149.350,148.900,149.060,1609.4,1790597339999,240028.0790,1206,563.7,84079.1740,0
1790597340000,149.060,149.380,149.060,149.380,988.9,1790597399999,147546.0750,718,783.1,116835.9630,0
1790597400000,149.390,149.530,149.160,149.180,1376.5,1790597459999,205655.3210,1084,749.3,111978.2820,0
1790597460000,149.180,149.370,149.120,149.190,1158.4,1790597519999,172870.5940,1074,591.1,88212.5670,0
1790597520000,149.200,149.250,149.020,149.070,575.9,1790597579999,85878.0820,844,194.2,28959.8910,0
1790597580000,149.060,149.160,148.930,148.990,610.2,1790597639999,90942.4290,621,315.4,47007.6190,0
1790597640000,148.990,149.070,148.830,148.990,863.6,1790597699999,128585.7790,831,275.1,40961.5530,0
1790597700000,148.980,149.090,148.900,148.950,917.8,1790597759999,136761.7340,843,620.6,92480.3640,0
1790597760000,148.960,149.750,148.960,149.750,1749.9,1790597819999,261356.2960,1392,1447.5,216130.9800,0
1790597820000,149.750,149.830,149.640,149.820,603.7,1790597879999,90389.3500,958,279.9,41909.6580,0
1790597880000,149.820,150.300,149.770,149.920,3436.5,1790597939999,515808.9220,1992,2245.6,337054.5530,0
1790597940000,149.920,150.270,149.920,150.200,1635.2,1790597999999,245531.5270,1168,1070.6,160754.9840,0
1790598000000,150.190,150.340,150.140,150.340,956.0,1790598059999,143642.8300,723,715.3,107479.0190,0
1790598060000,150.340,150.370,149.920,149.940,1488.7,1790598119999,223493.8560,1210,594.0,89168.4530,0
1790598120000,149.930,149.940,149.630,149.630,1966.5,1790598179999,294640.3060,1358,691.1,103543.1840,0
1790598180000,149.630,149.750,149.520,149.750,801.2,1790598239999,119870.8480,799,361.2,54046.5630,0
1790598240000,149.750,149.950,149.680,149.770,497.0,1790598299999,74451.6780,631,349.9,52413.6980,0
1790598300000,149.780,149.790,149.470,149.520,1037.2,1790598359999,155191.8830,835,424.0,63449.2080,0
1790598360000,149.510,149.860,149.510,149.630,679.2,1790598419999,101650.3100,960,434.5,65023.9440,0
1790598420000,149.640,149.870,149.620,149.860,257.3,1790598479999,38534.0040,507,143.4,21472.1450,0
1790598480000,149.850,149.990,149.670,149.670,364.1,1790598539999,54568.6190,546,191.3,28674.4380,0
1790598540000,149.670,149.740,149.510,149.570,950.5,1790598599999,142194.9290,729,286.4,42847.1750,0
1790598600000,149.560,149.600,149.450,149.550,592.4,1790598659999,88583.8530,621,321.1,48015.4660,0
1790598660000,149.550,149.700,149.530,149.650,387.8,1790598719999,58032.9780,430,278.3,41648.9000,0
1790598720000,149.650,149.690,149.570,149.670,225.2,1790598779999,33693.8580,345,133.0,19898.8180,0
1790598780000,149.670,149.730,149.570,149.720,565.2,1790598839999,84593.2450,442,457.2,68431.2770,0
1790598840000,149.730,150.090,149.670,150.090,561.8,1790598899999,84133.3410,536,390.2,58440.3020,0
1790598900000,150.090,150.140,149.890,150.070,1803.3,1790598959999,270522.3790,1220,1216.8,182545.6610,0
1790598960000,150.060,150.060,149.780,149.910,436.7,1790599019999,65444.0910,618,196.0,29370.4910,0
1790599020000,149.900,149.970,149.740,149.790,1361.1,1790599079999,204018.5920,744,1158.5,173657.8870,0
1790599080000,149.780,149.870,149.580,149.580,220.8,1790599139999,33060.0330,477,130.0,19465.0390,0
1790599140000,149.580,149.710,149.440,149.670,669.7,1790599199999,100165.0790,773,397.0,59390.9700,0
1790599200000,149.670,149.820,149.480,149.520,989.8,1790599259999,148127.3310,966,658.5,98570.2360,0
1790599260000,149.520,149.610,149.330,149.380,1499.3,1790599319999,224066.7820,1069,425.9,63648.1860,0
1790599320000,149.380,149.440,149.250,149.310,355.5,1790599379999,53088.4950,458,155.9,23281.4770,0
1790599380000,149.300,149.400,149.290,149.310,193.7,1790599439999,28926.8170,346,86.3,12888.4410,0
1790599440000,149.300,149.700,149.300,149.690,268.1,1790599499999,40073.5640,443,191.1,28566.5580,0
1790599500000,149.700,150.110,149.700,150.100,251.2,1790599559999,37663.4460,405,162.1,24302.6190,0
1790599560000,150.110,150.380,150.110,150.220,664.2,1790599619999,99777.0110,684,378.6,56878.7600,0
1790599620000,150.230,150.290,150.020,150.020,428.2,1790599679999,64276.9490,539,214.7,32229.2870,0
1790599680000,150.010,150.160,149.880,149.950,376.4,1790599739999,56481.0960,510,245.8,36890.3620,0
1790599740000,149.960,150.010,149.880,149.890,254.2,1790599799999,38116.8060,341,100.0,14992.7780,0
1790599800000,149.900,150.110,149.820,150.050,403.8,1790599859999,60557.1810,465,144.9,21726.4520,0
1790599860000,150.050,150.080,149.900,149.900,295.6,1790599919999,44341.0690,346,73.9,11088.0040,0
1790599920000,149.900,150.480,149.870,150.430,581.8,1790599979999,87443.0980,776,457.1,68697.0130,0
1790599980000,150.420,150.560,150.290,150.530,707.4,1790600039999,106420.3690,701,459.8,69179.1680,0
1790600040000,150.520,150.620,150.470,150.620,373.2,1790600099999,56186.8610,451,184.5,27777.2770,0
1790600100000,150.620,150.750,150.310,150.460,603.8,1790600159999,90936.5670,909,242.6,36538.2770,0
1790600160000,150.450,150.450,150.220,150.240,278.5,1790600219999,41857.3420,451,87.1,13090.4440,0
1790600220000,150.230,150.600,150.160,150.520,455.2,1790600279999,68458.9750,578,214.2,32205.8500,0
1790600280000,150.510,150.540,150.320,150.490,273.0,1790600339999,41067.3840,440,132.9,19990.7760,0
1790600340000,150.480,150.480,150.310,150.420,262.2,1790600399999,39425.8110,329,143.0,21500.0060,0
1790600400000,150.410,150.410,150.040,150.070,318.3,1790600459999,47800.4050,576,97.0,14565.6400,0
1790600460000,150.070,150.130,150.000,150.080,368.0,1790600519999,55225.7170,615,154.7,23217.2290,0
1790600520000,150.080,150.080,149.810,149.810,330.1,1790600579999,49503.6380,490,159.2,23877.9820,0
1790600580000,149.810,149.870,149.610,149.680,563.1,1790600639999,84322.5270,729,329.7,49367.6920,0
1790600640000,149.670,149.820,149.660,149.760,319.9,1790600699999,47898.7090,429,187.8,28118.8540,0
1790600700000,149.750,149.880,149.680,149.750,1236.8,1790600759999,185292.6690,569,1112.4,166662.2290,0
1790600760000,149.750,149.920,149.630,149.850,456.2,1790600819999,68349.1110,512,377.5,56557.5910,0
1790600820000,149.850,150.220,149.820,150.060,526.9,1790600879999,79080.7370,721,389.4,58445.4390,0
1790600880000,150.050,150.090,149.760,149.800,207.2,1790600939999,31053.2070,436,76.5,11462.0330,0
1790600940000,149.790,149.790,149.630,149.640,211.7,1790600999999,31690.0030,309,59.1,8847.3360,0
1790601000000,149.640,149.790,149.480,149.590,835.5,1790601059999,125006.1890,775,591.8,88559.6870,0
1790601060000,149.600,149.780,149.540,149.750,261.9,1790601119999,39203.1950,467,132.8,19879.2000,0
1790601120000,149.740,149.840,149.630,149.690,328.3,1790601179999,49151.3910,547,148.7,22265.5050,0
1790601180000,149.690,149.830,149.660,149.790,214.4,1790601239999,32109.8860,427,117.1,17536.8860,0
1790601240000,149.800,150.150,149.800,150.120,321.6,1790601299999,48253.8190,502,260.7,39116.3840,0
1790601300000,150.120,150.270,150.020,150.140,826.7,1790601359999,124153.3170,781,500.6,75178.8750,0
1790601360000,150.150,150.290,149.960,149.960,188.7,1790601419999,28338.4710,432,64.4,9670.8790,0
1790601420000,149.960,150.200,149.820,149.850,310.8,1790601479999,46630.0530,598,172.8,25925.2190,0
1790601480000,149.840,149.860,149.620,149.740,412.1,1790601539999,61716.2800,602,171.1,25626.9500,0
1790601540000,149.750,150.010,149.610,149.960,428.4,1790601599999,64180.1270,533,311.1,46623.2060,0
1790601600000,149.950,150.010,149.910,149.990,377.5,1790601659999,56617.1810,340,178.5,26772.3450,0
1790601660000,149.980,150.260,149.940,149.970,619.6,1790601719999,93024.7040,747,407.4,61162.7220,0
1790601720000,149.960,150.080,149.900,149.990,502.7,1790601779999,75403.4750,512,202.8,30416.2060,0
1790601780000,149.980,150.170,149.900,150.130,152.8,1790601839999,22928.8510,366,69.6,10444.6720,0
1790601840000,150.120,150.290,150.090,150.220,135.7,1790601899999,20382.0300,291,79.0,11864.5500,0
1790601900000,150.230,150.500,150.160,150.500,492.7,1790601959999,74055.1300,562,290.0,43593.4390,0
1790601960000,150.490,150.620,150.330,150.330,535.1,1790602019999,80525.2940,640,385.1,57958.7270,0
1790602020000,150.320,150.390,150.210,150.290,323.4,1790602079999,48607.4910,443,236.2,35501.2910,0
1790602080000,150.280,150.500,150.240,150.500,262.7,1790602139999,39505.9070,457,144.9,21793.1020,0
1790602140000,150.500,150.560,150.400,150.400,501.7,1790602199999,75493.4770,551,196.4,29555.6520,0
1790602200000,150.410,150.940,150.090,150.090,1478.2,1790602259999,222685.7830,1715,827.8,124764.0210,0
1790602260000,150.090,150.300,149.790,149.910,1459.8,1790602319999,219039.1020,1784,780.6,117163.6890,0
1790602320000,149.920,150.060,149.790,149.890,471.8,1790602379999,70744.0590,1047,257.8,38657.5480,0
1790602380000,149.890,150.000,149.650,149.760,738.5,1790602439999,110607.9000,997,278.9,41780.2700,0
1790602440000,149.750,150.040,149.580,149.860,494.8,1790602499999,74133.2760,852,211.8,31728.9480,0
1790602500000,149.860,150.170,149.490,149.490,877.6,1790602559999,131476.8490,1304,361.6,54216.9950,0
1790602560000,149.480,149.780,149.280,149.620,779.7,1790602619999,116608.2130,1210,450.9,67456.9840,0
1790602620000,149.620,150.200,149.610,149.910,1005.2,1790602679999,150783.0700,1396,506.7,76005.9350,0
1790602680000,149.910,150.300,149.910,150.290,383.6,1790602739999,57575.2320,803,219.8,32991.4670,0
1790602740000,150.300,150.810,150.300,150.470,718.8,1790602799999,108280.7260,1028,266.6,40151.7740,0
1790602800000,150.480,150.570,150.220,150.510,1014.9,1790602859999,152593.1540,1330,453.4,68181.7640,0
1790602860000,150.520,150.690,150.280,150.420,454.4,1790602919999,68377.5650,920,176.0,26481.5360,0
1790602920000,150.430,150.630,150.410,150.460,398.9,1790602979999,60041.3520,765,243.5,36649.5030,0
1790602980000,150.470,150.780,150.350,150.690,844.0,1790603039999,127137.6220,1091,534.4,80499.0320,0
1790603040000,150.680,150.680,150.260,150.530,521.2,1790603099999,78421.4280,893,169.0,25424.0320,0
1790603100000,150.520,150.620,150.300,150.370,819.2,1790603159999,123257.4790,1100,188.3,28328.9510,0
1790603160000,150.360,150.360,150.110,150.290,1158.1,1790603219999,173933.4720,783,923.3,138664.2840,0
1790603220000,150.290,150.560,150.270,150.360,352.0,1790603279999,52942.5200,794,181.3,27271.6470,0
1790603280000,150.370,150.560,150.340,150.350,330.4,1790603339999,49707.0390,686,156.3,23518.7750,0
1790603340000,150.350,150.350,149.740,149.740,693.7,1790603399999,104038.3180,1001,165.4,24806.3440,0
1790603400000,149.730,149.730,149.180,149.400,2263.7,1790603459999,338217.0520,1224,498.3,74469.4290,0
1790603460000,149.410,149.510,149.200,149.320,922.8,1790603519999,137814.6430,1118,406.5,60701.0360,0
1790603520000,149.320,149.570,149.190,149.500,771.1,1790603579999,115167.7480,774,302.2,45150.2620,0
1790603580000,149.490,149.730,149.490,149.560,780.3,1790603639999,116750.0530,1079,284.4,42553.9420,0
1790603640000,149.570,150.020,149.560,150.010,1403.6,1790603699999,210196.4480,1157,790.1,118352.4930,0
1790603700000,150.000,150.180,149.660,149.660,812.7,1790603759999,121839.6090,951,327.1,49067.6820,0
1790603760000,149.660,149.660,149.420,149.570,455.6,1790603819999,68119.0350,691,139.7,20889.1360,0
1790603820000,149.570,149.790,149.550,149.750,160.1,1790603879999,23959.5580,362,111.9,16747.1160,0
1790603880000,149.760,149.780,149.460,149.460,203.3,1790603939999,30411.4600,407,43.6,6522.5820,0
1790603940000,149.450,149.610,149.370,149.390,516.2,1790603999999,77167.1090,465,185.7,27764.2040,0
1790604000000,149.380,149.380,148.900,148.970,1089.4,1790604059999,162456.1130,1099,401.4,59888.7380,0
1790604060000,148.970,149.050,148.640,148.690,638.4,1790604119999,95046.9550,799,137.6,20494.1170,0
1790604120000,148.700,149.020,148.620,148.870,841.0,1790604179999,125160.5060,939,553.7,82409.5800,0
1790604180000,148.870,148.990,148.650,148.680,348.9,1790604239999,51899.3060,604,104.6,15556.6020,0
1790604240000,148.700,148.700,148.410,148.480,743.8,1790604299999,110479.1850,754,169.0,25100.7070,0
1790604300000,148.490,148.670,148.330,148.360,889.3,1790604359999,132009.5720,914,172.3,25588.9150,0
1790604360000,148.370,148.830,148.140,148.820,1426.8,1790604419999,211865.0270,1431,686.6,101973.9900,0
1790604420000,148.830,149.050,148.620,148.940,538.3,1790604479999,80134.4630,861,294.6,43856.1080,0
1790604480000,148.950,149.110,148.830,148.850,506.4,1790604539999,75443.3000,705,236.6,35255.1670,0
1790604540000,148.850,148.900,148.540,148.590,368.8,1790604599999,54849.9690,544,125.2,18620.6380,0
1790604600000,148.580,148.700,148.350,148.370,841.5,1790604659999,124994.2290,931,528.2,78473.4610,0
1790604660000,148.370,148.750,148.290,148.730,426.2,1790604719999,63289.4720,878,259.6,38547.2300,0
1790604720000,148.730,148.780,148.550,148.680,307.1,1790604779999,45655.8170,674,114.6,17039.4950,0
1790604780000,148.670,148.670,148.220,148.330,436.5,1790604839999,64769.8570,674,187.0,27751.5580,0
1790604840000,148.330,148.330,147.950,148.170,801.4,1790604899999,118691.6160,872,316.6,46907.7470,0
1790604900000,148.160,148.220,147.670,147.690,1848.9,1790604959999,273387.2430,1293,451.4,66821.2520,0
1790604960000,147.700,147.820,147.530,147.780,2369.8,1790605019999,349829.1580,1171,388.6,57383.2690,0
1790605020000,147.790,148.030,147.440,147.670,3420.3,1790605079999,504907.7060,1905,841.6,124306.3410,0
1790605080000,147.670,147.780,147.320,147.350,1066.9,1790605139999,157394.0950,1175,321.1,47376.3120,0
1790605140000,147.350,147.870,147.340,147.750,918.1,1790605199999,135591.3420,1066,728.8,107648.8840,0
1790605200000,147.750,148.140,147.580,148.090,1135.5,1790605259999,168064.4470,1118,866.2,128230.4440,0
1790605260000,148.090,148.360,148.070,148.320,561.2,1790605319999,83168.6360,784,271.1,40176.9880,0
1790605320000,148.330,148.720,148.330,148.710,862.1,1790605379999,128053.2950,1031,641.0,95216.6900,0
1790605380000,148.700,148.700,148.240,148.300,310.8,1790605439999,46145.9130,543,86.9,12892.2370,0
1790605440000,148.300,148.480,148.100,148.480,609.9,1790605499999,90447.3610,795,441.5,65480.2880,0
1790605500000,148.470,148.580,148.160,148.190,409.3,1790605559999,60734.8400,788,132.2,19614.0460,0
1790605560000,148.190,148.200,147.630,147.720,587.3,1790605619999,86849.4920,841,291.4,43087.0430,0
1790605620000,147.720,147.790,147.110,147.130,1518.2,1790605679999,223686.6320,1066,353.7,52101.9890,0
1790605680000,147.140,147.220,146.750,146.770,2036.0,1790605739999,299224.7500,1702,492.4,72392.3070,0
1790605740000,146.770,146.800,146.060,146.450,3688.4,1790605799999,539799.6590,2351,942.1,137927.8640,0
1790605800000,146.440,147.020,146.430,146.920,1114.3,1790605859999,163542.5210,1738,571.0,83807.7590,0
1790605860000,146.920,146.950,146.330,146.360,1348.2,1790605919999,197800.0970,1675,728.7,106921.2770,0
1790605920000,146.360,147.090,145.830,146.190,9309.4,1790605979999,1361930.2660,5195,3791.1,554652.1840,0
1790605980000,146.180,147.010,146.140,146.870,2854.1,1790606039999,418469.4450,2533,1063.5,155871.0700,0
1790606040000,146.860,147.090,146.740,146.950,1424.3,1790606099999,209311.4930,1433,833.6,122518.7080,0
1790606100000,146.950,147.280,146.790,147.280,1681.0,1790606159999,247226.4190,1579,1026.6,151011.6300,0
1790606160000,147.290,147.520,147.170,147.200,1186.6,1790606219999,174871.4000,1484,842.4,124146.2180,0
1790606220000,147.200,147.340,146.950,146.950,2237.8,1790606279999,329272.1130,1527,1670.8,245856.8910,0
1790606280000,146.950,146.960,146.620,146.710,505.3,1790606339999,74158.8530,857,281.8,41352.7790,0
1790606340000,146.720,147.320,146.640,147.120,1300.9,1790606399999,191291.2920,1374,921.5,135521.8500,0
1790606400000,147.110,147.320,146.880,146.920,1738.1,1790606459999,255550.5390,1416,477.5,70214.9860,0
1790606460000,146.930,146.930,146.360,146.430,797.9,1790606519999,116911.1550,1326,278.8,40851.1470,0
1790606520000,146.440,146.440,145.510,145.860,5230.3,1790606579999,762738.8120,3253,1564.4,228224.0220,0
1790606580000,145.870,145.930,145.280,145.320,2781.4,1790606639999,404900.1020,2562,1213.9,176764.1200,0
1790606640000,145.310,145.620,145.180,145.570,1811.9,1790606699999,263472.2540,1869,777.1,113009.5840,0
1790606700000,145.580,145.670,145.300,145.540,1428.2,1790606759999,207718.8920,1828,690.8,100474.7540,0
1790606760000,145.550,145.940,145.430,145.810,838.0,1790606819999,122101.5340,1376,438.8,63936.4030,0
1790606820000,145.810,145.810,144.700,144.900,11739.0,1790606879999,1703021.9900,4051,3865.5,560671.4230,0
1790606880000,144.900,145.570,144.790,145.470,2217.7,1790606939999,322142.0010,2215,1246.2,181069.6350,0
1790606940000,145.460,145.610,145.350,145.390,635.3,1790606999999,92432.7270,971,299.2,43536.8660,0
1790607000000,145.390,145.570,145.330,145.470,1235.4,1790607059999,179729.1310,1341,584.7,85077.2330,0
1790607060000,145.470,145.520,144.400,144.470,1942.9,1790607119999,281459.3870,1896,323.1,46831.1120,0
1790607120000,144.460,144.830,143.980,144.510,7647.9,1790607179999,1103869.6700,4507,3563.8,514560.0930,0
1790607180000,144.520,144.890,143.900,144.810,6461.6,1790607239999,933913.5010,2854,5073.1,733461.8520,0
1790607240000,144.810,145.210,144.780,144.830,1477.7,1790607299999,214243.9050,1829,823.7,119438.7620,0
1790607300000,144.830,144.830,144.370,144.520,1146.7,1790607359999,165831.0840,1668,653.8,94554.3260,0
1790607360000,144.530,145.070,144.380,144.920,1281.0,1790607419999,185351.8290,1608,755.7,109386.4200,0
1790607420000,144.930,145.320,144.930,145.180,888.9,1790607479999,129017.1610,1054,541.6,78606.0180,0
1790607480000,145.190,145.300,144.730,144.820,943.2,1790607539999,136709.9030,1137,500.0,72473.0190,0
1790607540000,144.830,145.240,144.800,145.240,802.8,1790607599999,116432.1310,923,523.9,75973.9170,0
1790607600000,145.250,145.710,145.090,145.450,1252.1,1790607659999,182051.3090,1834,842.5,122521.5600,0
1790607660000,145.460,145.780,145.460,145.550,1074.2,1790607719999,156475.3680,1496,702.4,102334.7540,0
1790607720000,145.560,145.800,145.510,145.780,833.7,1790607779999,121448.3790,1275,559.1,81447.6370,0
1790607780000,145.770,145.910,145.650,145.840,1151.6,1790607839999,167957.0030,848,380.6,55507.9160,0
1790607840000,145.840,145.840,145.460,145.550,927.6,1790607899999,135055.0880,1048,243.9,35527.2260,0
1790607900000,145.560,145.830,145.480,145.760,1049.0,1790607959999,152803.0990,1241,608.7,88651.0700,0
1790607960000,145.750,145.780,145.430,145.780,1205.0,1790608019999,175473.0000,1271,484.3,70524.3680,0
1790608020000,145.790,145.790,145.320,145.430,521.6,1790608079999,75920.4780,948,229.4,33388.3700,0
1790608080000,145.440,145.560,145.350,145.520,472.7,1790608139999,68767.0780,847,169.7,24687.5040,0
1790608140000,145.520,146.230,145.420,146.230,950.8,1790608199999,138680.6910,1321,601.8,87791.5570,0
1790608200000,146.240,146.290,145.780,145.800,2000.6,1790608259999,292159.2040,1086,334.8,48913.7590,0
1790608260000,145.790,145.790,144.980,144.980,1019.4,1790608319999,148151.9000,1455,556.6,80901.3680,0
1790608320000,144.990,145.450,144.850,145.290,1134.8,1790608379999,164707.4950,1430,723.0,104984.2110,0
1790608380000,145.290,145.340,144.960,145.080,697.4,1790608439999,101222.3870,1198,262.8,38146.4980,0
1790608440000,145.090,145.240,144.900,144.900,1101.8,1790608499999,159882.9980,1303,639.2,92771.7550,0
1790608500000,144.900,145.000,144.670,144.840,1141.4,1790608559999,165325.0940,1441,809.2,117209.2470,0
1790608560000,144.830,144.900,144.670,144.700,486.4,1790608619999,70423.2460,923,304.2,44043.7470,0
1790608620000,144.700,144.870,144.290,144.430,2237.8,1790608679999,323699.0550,1757,1399.5,202572.8410,0
1790608680000,144.440,144.500,144.050,144.130,2770.6,1790608739999,399532.6850,2164,969.3,139766.3410,0
1790608740000,144.140,144.460,144.090,144.380,1331.1,1790608799999,192092.1390,1268,643.3,92831.7000,0
1790608800000,144.380,144.760,144.330,144.520,985.7,1790608859999,142507.3560,1229,481.6,69631.3920,0
1790608860000,144.530,144.720,144.180,144.710,696.1,1790608919999,100561.5530,1318,321.4,46440.6720,0
1790608920000,144.720,144.870,144.400,144.410,743.3,1790608979999,107571.6920,1047,392.8,56848.6430,0
1790608980000,144.410,145.110,144.250,145.050,923.7,1790609039999,133663.0560,1412,517.5,74918.4930,0
1790609040000,145.040,145.220,144.830,145.020,1261.8,1790609099999,183022.0280,1380,577.4,83743.9800,0
1790609100000,145.020,145.440,144.920,145.360,1693.1,1790609159999,245837.2920,1937,1054.3,153089.1760,0
1790609160000,145.360,145.780,145.250,145.780,659.3,1790609219999,95921.0940,1084,379.7,55254.3280,0
1790609220000,145.780,145.810,145.540,145.640,1105.1,1790609279999,161010.7550,1211,448.8,65389.6490,0
1790609280000,145.630,145.780,145.460,145.780,1232.5,1790609339999,179475.0110,989,827.3,120472.3420,0
1790609340000,145.790,145.860,145.470,145.550,980.1,1790609399999,142781.1470,1003,611.3,89055.3950,0
1790609400000,145.560,145.610,145.200,145.460,916.9,1790609459999,133361.9210,1416,457.5,66551.1770,0
1790609460000,145.470,145.470,145.250,145.290,580.8,1790609519999,84428.2960,935,217.4,31598.5600,0
1790609520000,145.290,145.710,145.250,145.590,479.9,1790609579999,69836.4950,909,243.3,35402.8530,0
1790609580000,145.590,145.600,145.280,145.300,635.6,1790609639999,92458.2850,955,321.8,46802.4100,0
1790609640000,145.300,145.410,145.220,145.400,363.2,1790609699999,52773.6990,591,254.0,36908.4380,0
1790609700000,145.400,145.620,145.390,145.610,1170.4,1790609759999,170277.8670,860,661.6,96279.0680,0
1790609760000,145.600,146.200,145.600,146.150,761.1,1790609819999,111074.9190,1214,472.7,68983.4660,0
1790609820000,146.140,146.160,145.750,146.020,904.7,1790609879999,132035.9750,1085,390.6,57007.1320,0
1790609880000,146.030,146.320,145.880,146.190,496.6,1790609939999,72584.2570,741,330.6,48321.3270,0
1790609940000,146.190,146.190,145.760,146.090,428.1,1790609999999,62508.4690,744,154.0,22477.3770,0
1790610000000,146.090,146.140,145.860,145.880,939.4,1790610059999,137108.7910,757,147.7,21563.0860,0
1790610060000,145.880,145.990,145.810,145.970,231.5,1790610119999,33775.3210,420,144.6,21098.8390,0
1790610120000,145.980,146.090,145.690,145.730,587.5,1790610179999,85721.2450,673,320.2,46726.3680,0
1790610180000,145.730,145.740,145.470,145.500,280.9,1790610239999,40907.8350,545,97.2,14159.8500,0
1790610240000,145.500,145.630,145.440,145.520,542.3,1790610299999,78908.2340,599,347.3,50532.5870,0
1790610300000,145.530,145.810,145.440,145.770,468.9,1790610359999,68294.8130,591,310.8,45276.4730,0
1790610360000,145.780,146.200,145.610,145.850,788.4,1790610419999,115024.0660,1116,523.9,76429.5780,0
1790610420000,145.850,145.950,145.730,145.900,405.6,1790610479999,59149.2530,609,164.3,23958.0170,0
1790610480000,145.900,145.920,145.710,145.750,263.3,1790610539999,38391.2720,594,96.9,14128.4550,0
1790610540000,145.760,145.930,145.760,145.930,292.1,1790610599999,42594.6340,512,183.7,26789.1790,0
1790610600000,145.930,146.350,145.930,146.240,918.6,1790610659999,134316.7240,886,406.7,59481.4400,0
1790610660000,146.230,146.270,145.880,145.880,730.5,1790610719999,106684.3980,878,256.5,37469.1980,0
1790610720000,145.880,146.000,145.680,145.830,212.7,1790610779999,31020.3620,588,81.5,11886.6650,0
1790610780000,145.820,145.930,145.710,145.780,262.8,1790610839999,38316.8010,483,109.1,15906.4170,0
1790610840000,145.790,146.170,145.730,146.170,304.4,1790610899999,44420.6980,630,167.7,24476.2560,0
1790610900000,146.170,146.330,146.100,146.100,348.0,1790610959999,50890.6260,570,103.4,15119.7750,0
1790610960000,146.100,146.130,145.940,146.030,224.0,1790611019999,32715.6150,480,90.4,13202.7460,0
1790611020000,146.030,146.220,145.930,145.980,397.7,1790611079999,58096.8330,576,188.4,27525.6810,0
1790611080000,145.980,146.000,145.830,145.850,210.5,1790611139999,30714.8590,304,112.4,16400.0480,0
1790611140000,145.840,145.980,145.790,145.830,279.4,1790611199999,40754.4270,378,98.6,14382.4220,0
1790611200000,145.830,145.950,145.650,145.880,744.3,1790611259999,108518.7740,1030,317.7,46323.2430,0
1790611260000,145.890,146.180,145.720,145.930,759.8,1790611319999,110847.1380,1258,345.3,50379.3500,0
1790611320000,145.930,145.940,145.500,145.500,571.0,1790611379999,83205.9260,780,216.9,31606.0960,0
1790611380000,145.500,145.500,145.100,145.300,1777.1,1790611439999,258096.6100,1141,304.8,44288.9360,0
1790611440000,145.300,145.700,145.290,145.600,506.9,1790611499999,73792.1160,789,273.2,39764.6870,0
1790611500000,145.590,145.750,145.500,145.590,653.4,1790611559999,95134.4480,812,445.4,64848.9140,0
1790611560000,145.600,145.810,145.520,145.810,256.2,1790611619999,37316.6070,651,119.7,17435.4250,0
1790611620000,145.810,146.360,145.800,146.150,586.5,1790611679999,85673.6840,872,368.1,53756.8660,0
1790611680000,146.150,146.480,146.150,146.370,574.9,1790611739999,84145.4380,832,257.6,37694.7270,0
1790611740000,146.370,146.480,146.220,146.480,768.0,1790611799999,112391.0690,906,383.4,56107.7990,0
1790611800000,146.480,146.530,146.370,146.430,377.8,1790611859999,55332.5690,597,182.1,26670.1800,0
1790611860000,146.430,146.580,146.350,146.440,277.0,1790611919999,40573.9370,503,146.8,21501.9830,0
1790611920000,146.450,146.580,146.310,146.410,415.8,1790611979999,60897.3850,787,169.8,24874.4550,0
1790611980000,146.410,146.460,146.320,146.340,185.4,1790612039999,27140.0480,330,124.0,18152.0940,0
1790612040000,146.340,146.380,146.230,146.360,286.7,1790612099999,41942.5280,396,115.5,16897.9800,0
1790612100000,146.350,146.440,146.190,146.280,623.2,1790612159999,91189.2690,703,231.6,33888.9060,0
1790612160000,146.280,146.740,146.090,146.720,1557.9,1790612219999,228094.1940,2077,896.1,131200.3530,0
1790612220000,146.720,147.440,146.580,147.400,2425.1,1790612279999,357033.3730,1984,1992.6,293432.4380,0
1790612280000,147.410,147.620,146.930,146.930,2207.3,1790612339999,325238.2020,1734,1216.0,179234.1170,0
1790612340000,146.930,147.470,146.860,147.470,521.2,1790612399999,76683.9030,883,290.0,42677.1240,0
1790612400000,147.480,147.850,147.300,147.710,1346.1,1790612459999,198647.4800,1616,604.9,89295.0980,0
1790612460000,147.710,147.970,147.620,147.770,813.5,1790612519999,120240.6120,1365,481.1,71117.5540,0
1790612520000,147.780,148.040,147.750,147.860,1234.4,1790612579999,182525.7830,1416,463.3,68511.3120,0
1790612580000,147.860,148.400,147.650,148.250,1529.8,1790612639999,226480.1490,1606,786.8,116426.5200,0
1790612640000,148.260,148.570,148.190,148.410,1247.3,1790612699999,185071.8960,1226,567.3,84185.6720,0
1790612700000,148.420,148.540,148.360,148.390,511.8,1790612759999,75968.0530,712,159.7,23704.9220,0
1790612760000,148.390,148.880,148.330,148.850,1230.4,1790612819999,182883.5160,1323,606.4,90132.9690,0
1790612820000,148.840,149.050,148.690,149.010,3266.2,1790612879999,486314.8370,1544,1422.2,211866.7900,0
1790612880000,149.010,149.010,148.800,148.890,3768.5,1790612939999,560914.2590,1454,603.6,89874.3050,0
1790612940000,148.890,149.070,148.520,148.710,4483.0,1790612999999,666996.3560,1443,497.6,74043.3260,0
1790613000000,148.710,148.840,148.520,148.690,1927.0,1790613059999,286455.1600,1570,872.4,129682.8630,0
1790613060000,148.680,148.860,148.510,148.610,980.2,1790613119999,145681.7760,1225,275.3,40927.4990,0
1790613120000,148.620,148.740,148.410,148.410,897.6,1790613179999,133390.2050,1190,400.5,59528.9610,0
1790613180000,148.410,148.540,148.220,148.340,1551.2,1790613239999,230164.1630,1062,914.6,135702.8220,0
1790613240000,148.350,148.570,148.340,148.420,356.4,1790613299999,52910.0230,684,161.0,23901.7910,0
1790613300000,148.430,148.630,148.380,148.490,1008.1,1790613359999,149721.7320,876,635.7,94416.6400,0
1790613360000,148.480,148.560,148.420,148.430,264.0,1790613419999,39202.0200,529,114.6,17016.6490,0
1790613420000,148.440,148.490,148.180,148.330,818.5,1790613479999,121367.0370,815,144.1,21375.6450,0
1790613480000,148.320,148.330,148.000,148.010,505.4,1790613539999,74858.4820,553,129.4,19162.2760,0
1790613540000,148.020,148.090,147.930,147.950,376.2,1790613599999,55684.6440,377,198.2,29338.6350,0
1790613600000,147.960,148.110,147.940,148.000,271.9,1790613659999,40249.5050,434,159.5,23610.0270,0
1790613660000,148.010,148.100,147.570,147.620,447.9,1790613719999,66209.6410,665,129.4,19128.0080,0
1790613720000,147.620,147.720,147.490,147.550,745.3,1790613779999,109995.6230,833,372.7,55008.1980,0
1790613780000,147.550,147.600,147.270,147.400,992.7,1790613839999,146324.3780,851,428.9,63228.9520,0
1790613840000,147.410,147.520,147.320,147.410,440.4,1790613899999,64932.4950,544,224.1,33043.1770,0
1790613900000,147.410,147.470,147.270,147.270,1003.9,1790613959999,147914.9490,1063,250.3,36882.4490,0
1790613960000,147.270,147.300,147.030,147.120,770.8,1790614019999,113412.7770,969,308.7,45423.8350,0
1790614020000,147.110,147.330,147.010,147.170,430.4,1790614079999,63353.1460,678,231.4,34064.4980,0
1790614080000,147.160,147.220,147.030,147.030,279.7,1790614139999,41158.5190,387,148.5,21852.5920,0
1790614140000,147.030,147.150,146.960,146.970,601.8,1790614199999,88484.9360,580,235.5,34629.2610,0
1790614200000,146.970,147.290,146.970,147.190,806.3,1790614259999,118624.7870,780,562.1,82707.2500,0
1790614260000,147.190,147.330,146.990,147.260,917.7,1790614319999,135063.6440,888,480.4,70719.9820,0
1790614320000,147.260,147.550,147.090,147.420,774.7,1790614379999,114156.0890,863,448.9,66151.4920,0
1790614380000,147.420,147.420,147.210,147.400,309.4,1790614439999,45578.9660,620,111.7,16455.6860,0
1790614440000,147.400,147.500,147.280,147.470,865.1,1790614499999,127525.0380,770,693.1,102171.3960,0
1790614500000,147.470,147.510,147.360,147.400,316.4,1790614559999,46648.1940,460,178.5,26317.0650,0
1790614560000,147.400,147.510,147.270,147.270,339.8,1790614619999,50089.7580,560,163.7,24132.5720,0
1790614620000,147.280,147.390,147.220,147.350,270.6,1790614679999,39859.3840,458,201.2,29636.8980,0
1790614680000,147.350,147.600,147.350,147.510,530.3,1790614739999,78239.1570,596,465.6,68695.8980,0
1790614740000,147.500,147.590,147.420,147.540,321.7,1790614799999,47448.9280,436,219.1,32316.5140,0
1790614800000,147.540,147.570,147.120,147.130,522.0,1790614859999,76921.3540,766,254.6,37515.8370,0
1790614860000,147.240,147.240,147.010,147.050,303.5,1790614919999,44651.6780,584,102.9,15140.5410,0
1790614920000,147.050,147.650,147.000,147.640,687.3,1790614979999,101201.6160,1104,469.4,69135.2870,0
1790614980000,147.630,147.810,146.980,147.210,1173.3,1790615039999,172960.2430,1587,405.9,59829.4100,0
1790615040000,147.210,147.220,147.070,147.090,296.4,1790615099999,43613.2140,603,160.3,23586.4380,0
1790615100000,147.100,147.130,146.990,146.990,274.8,1790615159999,40413.7700,436,105.8,15560.1350,0
1790615160000,146.980,147.100,146.870,147.060,367.4,1790615219999,53992.0420,516,185.5,27263.8190,0
1790615220000,147.060,147.060,146.770,146.770,665.0,1790615279999,97686.0270,743,177.6,26089.3730,0
1790615280000,146.770,146.790,146.660,146.670,308.3,1790615339999,45234.5560,403,89.5,13134.1230,0
1790615340000,146.680,146.770,146.590,146.590,387.2,1790615399999,56783.9290,414,148.0,21707.3080,0
1790615400000,146.590,146.810,146.570,146.680,687.9,1790615459999,100898.0550,540,254.3,37293.0110,0
1790615460000,146.680,148.250,146.670,148.240,4748.3,1790615519999,700765.7160,3916,2274.3,335605.2690,0
1790615520000,148.240,148.690,148.090,148.560,1679.0,1790615579999,249112.4730,2628,993.8,147450.8640,0
1790615580000,148.550,149.370,148.450,149.290,1694.4,1790615639999,252321.6040,2277,1214.3,180845.9760,0
1790615640000,149.280,149.980,149.260,149.980,2801.9,1790615699999,419087.8690,2604,1911.9,285994.7470,0
1790615700000,149.990,150.090,149.270,149.680,3304.9,1790615759999,494733.6370,2363,1370.7,205271.9790,0
1790615760000,149.690,150.180,149.630,150.040,1844.8,1790615819999,276607.1620,2038,944.3,141561.4690,0
1790615820000,150.040,150.060,149.490,149.580,1105.8,1790615879999,165572.0270,1687,434.4,65021.4810,0
1790615880000,149.560,149.570,149.010,149.020,2174.2,1790615939999,324250.4490,1498,454.0,67740.8370,0
1790615940000,149.010,149.180,148.920,148.990,600.3,1790615999999,89495.5700,1023,351.4,52393.3090,0
1790616000000,149.000,149.070,148.800,148.940,717.5,1790616059999,106844.7810,1019,253.5,37753.8370,0
1790616060000,148.930,149.150,148.890,148.960,877.8,1790616119999,130791.5640,959,580.7,86526.0620,0
1790616120000,148.970,149.020,148.800,148.940,394.0,1790616179999,58675.6320,688,189.8,28265.6980,0
1790616180000,148.950,149.320,148.760,148.830,552.1,1790616239999,82282.7240,906,242.7,36186.9160,0
1790616240000,148.840,148.970,148.810,148.890,474.4,1790616299999,70641.1110,727,326.0,48544.3720,0
1790616300000,148.890,149.030,148.890,148.980,193.6,1790616359999,28838.6310,315,66.8,9950.2740,0
1790616360000,148.970,148.980,148.630,148.630,516.2,1790616419999,76824.1980,669,188.8,28110.3260,0
1790616420000,148.640,148.700,148.310,148.380,624.6,1790616479999,92736.4670,737,192.6,28599.7490,0
1790616480000,148.380,148.520,148.360,148.460,248.0,1790616539999,36809.3740,348,163.9,24325.8710,0
1790616540000,148.450,148.560,148.260,148.260,428.2,1790616599999,63546.9580,510,102.8,15256.0750,0
1790616600000,148.250,148.970,148.230,148.890,431.1,1790616659999,64060.3520,750,321.7,47799.5340,0
1790616660000,148.910,148.940,148.650,148.880,207.6,1790616719999,30880.7780,565,138.8,20646.3420,0
1790616720000,148.880,149.100,148.770,149.080,410.1,1790616779999,61056.4530,617,173.0,25765.3040,0
1790616780000,149.080,149.120,148.740,148.740,254.5,1790616839999,37908.8790,438,112.6,16773.9380,0
1790616840000,148.730,148.740,148.350,148.350,349.7,1790616899999,51933.8220,519,128.7,19110.6080,0
1790616900000,148.350,148.590,148.330,148.590,710.9,1790616959999,105478.4840,503,627.7,93128.9650,0
1790616960000,148.590,148.740,148.550,148.600,211.4,1790617019999,31423.7410,527,127.4,18936.5530,0
1790617020000,148.600,148.640,148.160,148.190,328.7,1790617079999,48764.1780,510,116.7,17308.5650,0
1790617080000,148.200,148.630,148.170,148.540,450.0,1790617139999,66781.8720,632,309.4,45921.0560,0
1790617140000,148.540,148.590,148.310,148.310,235.4,1790617199999,34946.0240,422,104.7,15545.0310,0
1790617200000,148.320,148.420,148.200,148.300,294.7,1790617259999,43700.5800,430,163.9,24303.9470,0
1790617260000,148.310,148.610,148.310,148.610,326.9,1790617319999,48527.4850,544,222.4,33010.2320,0
1790617320000,148.610,148.610,148.270,148.490,386.5,1790617379999,57346.2430,563,286.5,42503.0950,0
1790617380000,148.500,148.530,148.370,148.380,260.2,1790617439999,38626.7980,490,109.6,16270.9560,0
1790617440000,148.380,148.440,148.300,148.430,248.0,1790617499999,36795.2990,298,84.2,12491.9640,0
1790617500000,148.410,148.610,148.370,148.460,595.0,1790617559999,88370.2540,724,485.5,72111.3790,0
1790617560000,148.470,148.530,148.430,148.450,148.7,1790617619999,22078.7900,250,87.5,12992.9550,0
1790617620000,148.450,148.480,148.140,148.220,501.6,1790617679999,74371.7790,505,175.5,26023.4920,0
1790617680000,148.220,148.380,148.160,148.320,336.0,1790617739999,49811.0590,413,96.9,14367.4180,0
1790617740000,148.310,148.310,148.110,148.190,159.7,1790617799999,23669.7660,276,74.1,10980.3160,0
1790617800000,148.200,148.200,147.970,148.000,233.1,1790617859999,34522.2610,305,114.4,16941.9710,0
1790617860000,148.010,148.120,147.970,148.050,154.4,1790617919999,22857.3050,305,101.9,15084.5540,0
1790617920000,148.060,148.250,148.030,148.250,230.0,1790617979999,34070.4490,417,166.4,24649.1110,0
1790617980000,148.250,148.250,148.000,148.000,211.8,1790618039999,31366.8470,406,84.3,12483.5780,0
1790618040000,148.010,148.120,148.000,148.020,177.0,1790618099999,26208.0150,265,99.6,14748.0790,0
1790618100000,148.030,148.090,147.910,148.090,703.4,1790618159999,104092.2690,711,214.6,31762.5310,0
1790618160000,148.100,148.270,148.050,148.180,233.9,1790618219999,34660.0390,370,123.8,18343.8090,0
1790618220000,148.180,148.380,148.180,148.360,621.7,1790618279999,92228.0100,458,575.8,85420.9490,0
1790618280000,148.350,148.380,148.280,148.290,138.5,1790618339999,20545.0580,266,47.6,7059.9090,0
1790618340000,148.300,148.310,148.240,148.240,88.2,1790618399999,13078.5650,143,45.1,6687.1720,0
1790618400000,148.230,148.250,147.980,148.000,246.3,1790618459999,36471.0410,344,77.7,11503.1480,0
1790618460000,148.010,148.270,147.930,148.260,366.4,1790618519999,54262.5030,714,204.5,30286.1050,0
1790618520000,148.250,148.720,148.190,148.720,339.8,1790618579999,50460.1840,613,288.2,42797.9480,0
1790618580000,148.720,148.870,148.630,148.660,274.0,1790618639999,40761.7930,566,157.0,23358.2720,0
1790618640000,148.670,148.970,148.670,148.940,332.6,1790618699999,49492.9960,554,177.3,26386.4110,0
1790618700000,148.950,149.120,148.950,149.010,370.8,1790618759999,55260.9750,514,266.8,39760.3600,0
1790618760000,149.010,149.090,148.730,148.850,125.2,1790618819999,18639.5070,391,57.9,8620.0000,0
1790618820000,148.840,148.840,148.680,148.770,166.9,1790618879999,24826.2130,404,96.9,14412.8160,0
1790618880000,148.760,149.080,148.730,148.990,422.7,1790618939999,62944.1620,492,290.9,43307.8440,0
1790618940000,149.020,149.030,148.860,148.930,473.4,1790618999999,70503.2640,399,310.5,46237.9210,0
1790619000000,148.920,149.160,148.900,149.050,240.7,1790619059999,35879.0280,459,137.2,20450.5390,0
1790619060000,149.060,149.380,149.060,149.380,3021.7,1790619119999,451131.7420,991,2477.1,369820.1030,0
1790619120000,149.390,149.460,149.330,149.390,423.1,1790619179999,63210.8820,445,350.9,52424.5840,0
1790619180000,149.390,149.650,149.280,149.650,1382.0,1790619239999,206541.0940,876,971.2,145146.4900,0
1790619240000,149.660,149.720,149.540,149.630,439.4,1790619299999,65760.0390,484,266.8,39931.1380,0
1790619300000,149.630,149.670,149.480,149.510,864.2,1790619359999,129247.6020,801,291.0,43527.3110,0
1790619360000,149.520,149.720,149.480,149.700,483.8,1790619419999,72388.7700,494,341.4,51089.5350,0
1790619420000,149.700,149.720,149.160,149.170,684.1,1790619479999,102222.9430,708,357.7,53426.0360,0
1790619480000,149.180,149.470,149.160,149.360,321.7,1790619539999,48040.1220,468,214.4,32014.3570,0
1790619540000,149.360,149.360,149.180,149.220,221.0,1790619599999,32986.6480,356,122.2,18238.5640,0
1790619600000,149.210,149.210,148.900,148.900,417.7,1790619659999,62241.5670,604,158.3,23588.7200,0
1790619660000,148.910,149.000,148.840,148.920,258.7,1790619719999,38527.0720,385,150.6,22427.5330,0
1790619720000,148.920,149.330,148.900,149.280,390.0,1790619779999,58169.4600,614,312.5,46611.2730,0
1790619780000,149.280,149.400,149.190,149.220,492.9,1790619839999,73596.9640,631,376.0,56143.1920,0
1790619840000,149.200,149.340,149.110,149.320,221.8,1790619899999,33100.3500,401,183.9,27444.3120,0
1790619900000,149.330,149.490,149.260,149.360,257.4,1790619959999,38446.7320,497,174.1,26001.1120,0
1790619960000,149.350,149.510,149.290,149.510,166.1,1790620019999,24812.1580,273,114.8,17149.9090,0
1790620020000,149.520,149.780,149.500,149.580,977.5,1790620079999,146340.3160,685,868.2,129985.0110,0
1790620080000,149.590,149.600,149.370,149.370,170.5,1790620139999,25481.9690,320,60.3,9011.3530,0
1790620140000,149.380,149.430,149.340,149.370,152.8,1790620199999,22826.1360,218,67.4,10068.3950,0
1790620200000,149.370,149.450,149.130,149.450,498.3,1790620259999,74410.4650,710,341.4,50978.8890,0
1790620260000,149.450,149.470,149.100,149.240,978.4,1790620319999,146135.2980,593,224.5,33502.9170,0
1790620320000,149.240,149.240,148.770,148.770,256.5,1790620379999,38207.3010,534,139.1,20718.6200,0
1790620380000,148.770,149.030,148.700,148.700,542.7,1790620439999,80778.6190,626,165.8,24683.3530,0
1790620440000,148.710,149.170,148.710,149.170,358.8,1790620499999,53456.6840,589,245.3,36543.2380,0
1790620500000,149.170,149.170,148.940,149.070,210.7,1790620559999,31403.0150,449,89.6,13353.7900,0
1790620560000,149.070,149.180,148.920,149.180,179.3,1790620619999,26721.8720,430,155.3,23144.7860,0
1790620620000,149.180,149.190,148.940,149.040,477.5,1790620679999,71158.5670,495,222.3,33127.5500,0
1790620680000,149.040,149.160,149.010,149.020,1786.0,1790620739999,266312.3060,595,180.3,26880.4090,0
1790620740000,149.020,149.040,148.750,148.820,154.8,1790620799999,23054.2770,302,116.1,17291.7840,0
1790620800000,148.830,148.850,148.710,148.840,181.6,1790620859999,27018.4840,347,109.2,16247.2600,0
1790620860000,148.850,148.850,148.540,148.730,367.2,1790620919999,54581.1420,422,134.2,19947.4560,0
1790620920000,148.740,148.910,148.700,148.840,251.5,1790620979999,37430.6150,449,208.8,31076.7670,0
1790620980000,148.840,148.960,148.790,148.960,199.1,1790621039999,29633.9730,334,108.9,16210.3870,0
1790621040000,148.970,149.050,148.880,148.880,268.8,1790621099999,40045.4960,365,127.4,18980.2290,0
1790621100000,148.870,148.870,148.600,148.630,707.0,1790621159999,105158.0230,659,440.4,65511.7940,0
1790621160000,148.640,148.790,148.520,148.560,158.4,1790621219999,23540.0240,403,120.4,17892.0750,0
1790621220000,148.560,148.710,148.290,148.710,332.4,1790621279999,49350.7470,651,191.1,28375.0530,0
1790621280000,148.710,149.050,148.520,148.860,755.4,1790621339999,112438.0510,890,635.9,94661.0080,0
1790621340000,148.860,149.030,148.580,148.960,817.0,1790621399999,121614.4720,815,398.8,59374.0390,0
1790621400000,148.970,149.220,148.900,149.080,392.5,1790621459999,58517.4280,563,217.8,32464.7790,0
1790621460000,149.070,149.080,148.940,149.050,116.5,1790621519999,17360.8980,264,67.3,10029.0420,0
1790621520000,149.050,149.470,149.050,149.470,249.2,1790621579999,37203.4050,462,217.9,32533.3370,0
1790621580000,149.470,149.610,149.400,149.400,563.3,1790621639999,84219.7760,725,304.6,45538.5400,0
1790621640000,149.400,149.410,149.170,149.370,254.4,1790621699999,37991.5200,436,84.2,12572.3640,0
1790621700000,149.370,149.370,149.220,149.220,174.3,1790621759999,26020.2000,346,86.9,12973.5330,0
1790621760000,149.220,149.280,149.120,149.140,160.6,1790621819999,23961.9830,307,41.8,6236.8880,0
1790621820000,149.140,149.250,149.130,149.170,271.3,1790621879999,40479.9790,212,214.9,32065.7730,0
1790621880000,149.160,149.220,149.130,149.160,162.7,1790621939999,24271.2390,263,121.5,18125.4750,0
1790621940000,149.150,149.200,149.130,149.130,95.5,1790621999999,14244.5080,148,54.4,8113.7930,0
1790622000000,149.130,149.220,148.960,149.010,402.5,1790622059999,60007.2770,518,188.8,28148.6990,0
1790622060000,149.020,149.020,148.840,148.940,600.8,1790622119999,89464.5650,679,234.4,34902.7150,0
1790622120000,148.930,148.930,148.660,148.690,478.1,1790622179999,71129.7720,718,182.6,27170.6050,0
1790622180000,148.700,148.700,148.520,148.530,258.4,1790622239999,38396.5460,467,93.5,13893.5870,0
1790622240000,148.530,148.590,148.380,148.380,379.3,1790622299999,56322.2570,409,131.8,19570.8970,0
1790622300000,148.380,148.400,148.220,148.380,385.6,1790622359999,57195.8640,482,262.6,38957.5190,0
1790622360000,148.390,148.420,148.040,148.040,266.6,1790622419999,39518.6040,444,66.3,9830.2140,0
1790622420000,148.040,148.200,147.880,148.000,617.2,1790622479999,91368.8820,647,208.3,30848.8370,0
1790622480000,148.000,148.110,147.850,148.020,535.8,1790622539999,79289.0250,561,206.5,30554.7650,0
1790622540000,148.020,148.020,147.720,147.770,463.0,1790622599999,68461.4330,385,168.8,24957.8780,0
1790622600000,147.780,147.870,147.700,147.790,323.5,1790622659999,47807.3830,523,152.4,22522.6860,0
1790622660000,147.800,147.890,147.750,147.770,227.9,1790622719999,33691.8340,322,144.7,21393.0200,0
1790622720000,147.760,148.180,147.760,148.160,396.0,1790622779999,58582.0950,554,313.8,46405.3440,0
1790622780000,148.160,148.340,148.150,148.300,716.0,1790622839999,106161.1210,753,537.1,79638.6650,0
1790622840000,148.290,148.290,148.080,148.150,331.9,1790622899999,49180.0690,461,262.6,38911.5470,0
1790622900000,148.150,148.160,147.880,148.150,833.6,1790622959999,123354.3630,847,121.3,17956.4560,0
1790622960000,148.160,148.320,147.960,147.970,273.0,1790623019999,40445.0720,475,126.0,18671.6750,0
1790623020000,147.970,148.160,147.910,148.050,262.1,1790623079999,38797.0480,497,126.1,18663.5290,0
1790623080000,148.040,148.190,147.990,148.150,491.2,1790623139999,72726.6950,589,216.9,32117.4440,0
1790623140000,148.140,148.160,147.880,148.100,309.3,1790623199999,45771.2950,459,211.0,31222.7620,0
1790623200000,148.090,148.090,147.830,147.830,160.6,1790623259999,23763.3000,334,89.6,13257.8110,0
1790623260000,147.820,147.860,147.640,147.720,332.0,1790623319999,49045.1250,527,176.3,26042.9840,0
1790623320000,147.700,147.820,147.650,147.670,418.2,1790623379999,61779.7890,374,346.1,51129.8180,0
1790623380000,147.680,147.700,147.550,147.570,200.5,1790623439999,29597.9560,284,97.2,14349.4370,0
1790623440000,147.570,147.700,147.570,147.620,222.6,1790623499999,32859.5940,304,115.0,16976.2370,0
1790623500000,147.610,147.640,147.580,147.610,103.7,1790623559999,15306.5490,239,72.9,10760.3850,0
1790623560000,147.610,147.740,147.550,147.600,673.7,1790623619999,99482.3630,462,581.3,85842.5720,0
1790623620000,147.600,147.660,147.530,147.540,165.8,1790623679999,24470.2050,303,100.9,14892.7550,0
1790623680000,147.530,147.640,147.530,147.580,142.4,1790623739999,21017.7630,202,65.6,9681.6640,0
1790623740000,147.570,147.580,147.360,147.440,527.4,1790623799999,77765.7970,475,188.6,27808.6740,0
1790623800000,147.440,147.570,147.390,147.430,174.7,1790623859999,25762.2420,333,103.3,15233.6720,0
1790623860000,147.430,147.560,147.350,147.400,227.8,1790623919999,33580.5420,419,119.0,17541.2200,0
1790623920000,147.400,147.530,147.230,147.340,473.1,1790623979999,69732.5970,690,119.6,17629.7860,0
1790623980000,147.350,147.440,146.990,147.010,300.6,1790624039999,44226.5940,591,96.9,14261.6670,0
1790624040000,147.020,147.160,146.890,147.050,977.8,1790624099999,143715.0680,687,330.7,48620.9220,0
1790624100000,147.050,147.060,146.900,146.950,396.7,1790624159999,58306.9360,486,122.3,17976.5650,0
1790624160000,146.960,147.020,146.830,146.900,357.1,1790624219999,52461.5640,486,238.6,35050.6220,0
1790624220000,146.900,146.920,146.430,146.440,972.6,1790624279999,142658.1760,825,101.8,14935.6200,0
1790624280000,146.440,146.640,146.330,146.430,1949.8,1790624339999,285676.0980,1068,1383.0,202648.8670,0
1790624340000,146.450,146.540,146.250,146.350,1341.4,1790624399999,196296.3470,911,191.6,28043.0490,0
1790624400000,146.350,146.360,146.050,146.090,773.2,1790624459999,113045.2420,634,215.8,31553.8570,0
1790624460000,146.100,146.380,146.000,146.340,7528.3,1790624519999,1100054.0700,1329,6775.0,989945.8980,0
1790624520000,146.340,146.670,146.300,146.640,996.2,1790624579999,145989.7970,890,577.1,84579.3720,0
1790624580000,146.640,146.830,146.560,146.630,703.6,1790624639999,103206.4120,720,369.6,54209.8190,0
1790624640000,146.630,146.800,146.540,146.670,468.2,1790624699999,68671.6250,544,234.1,34331.4880,0
1790624700000,146.670,146.970,146.630,146.960,836.9,1790624759999,122807.5170,759,416.6,61146.1920,0
1790624760000,146.970,147.000,146.670,146.680,436.6,1790624819999,64090.6860,549,226.2,33215.6140,0
1790624820000,146.690,146.760,146.560,146.560,185.9,1790624879999,27266.2900,399,76.1,11162.0270,0
1790624880000,146.560,146.600,146.430,146.470,349.6,1790624939999,51220.5210,502,212.4,31116.3310,0
1790624940000,146.480,146.500,146.350,146.420,702.3,1790624999999,102834.4870,631,416.1,60927.2220,0
1790625000000,146.420,146.630,146.400,146.500,724.4,1790625059999,106147.6500,495,241.4,35370.9210,0
1790625060000,146.500,146.840,146.480,146.840,215.9,1790625119999,31655.3240,426,162.9,23884.8630,0
1790625120000,146.840,147.030,146.840,147.010,139.8,1790625179999,20541.3000,325,86.7,12737.8870,0
1790625180000,147.000,147.090,146.850,146.890,187.2,1790625239999,27511.9810,327,79.5,11682.0810,0
1790625240000,146.890,146.940,146.740,146.740,229.7,1790625299999,33729.8090,430,134.3,19720.3280,0
1790625300000,146.750,146.890,146.670,146.690,273.4,1790625359999,40123.4030,365,94.9,13929.2080,0
1790625360000,146.690,146.740,146.600,146.740,217.9,1790625419999,31960.9020,350,119.5,17530.2770,0
1790625420000,146.740,146.750,146.680,146.710,128.8,1790625479999,18895.4040,249,70.9,10401.0980,0
1790625480000,146.720,146.820,146.720,146.810,108.7,1790625539999,15954.5020,185,91.7,13459.3070,0
1790625540000,146.810,146.810,146.630,146.630,244.7,1790625599999,35905.6300,363,87.5,12838.2380,0
1790625600000,146.630,147.070,146.630,146.760,630.8,1790625659999,92689.6320,809,523.1,76869.3560,0
1790625660000,146.750,146.750,146.090,146.200,1242.1,1790625719999,181768.2830,1309,249.9,36583.1250,0
1790625720000,146.200,146.710,146.000,146.700,807.1,1790625779999,118063.2350,1133,423.6,61975.9080,0
1790625780000,146.690,147.050,146.670,146.910,396.8,1790625839999,58273.3770,618,290.7,42686.9650,0
1790625840000,146.920,147.590,146.810,147.470,566.2,1790625899999,83465.0850,735,499.0,73566.0490,0
1790625900000,147.460,147.780,147.460,147.660,467.7,1790625959999,69052.6590,573,393.5,58094.8050,0
1790625960000,147.660,147.870,147.540,147.870,306.1,1790626019999,45212.3720,477,219.3,32392.3030,0
1790626020000,147.870,148.000,147.760,147.990,498.9,1790626079999,73770.1490,538,232.4,34376.3800,0
1790626080000,148.000,148.120,147.930,148.090,330.4,1790626139999,48903.7850,381,91.9,13603.0420,0
1790626140000,148.090,148.120,147.910,148.120,287.0,1790626199999,42482.9210,456,123.7,18310.2910,0
1790626200000,148.110,148.120,147.960,148.100,107.5,1790626259999,15916.7960,308,35.3,5226.2170,0
1790626260000,148.090,148.090,147.930,147.930,177.8,1790626319999,26317.0020,308,70.6,10450.0560,0
1790626320000,147.930,147.930,147.600,147.760,138.8,1790626379999,20501.4630,402,62.8,9275.0080,0
1790626380000,147.760,147.910,147.710,147.820,176.1,1790626439999,26029.7180,394,84.7,12519.0580,0
1790626440000,147.820,147.880,147.760,147.760,151.8,1790626499999,22438.2220,264,81.4,12032.1780,0
1790626500000,147.760,147.770,147.620,147.640,165.6,1790626559999,24457.1910,343,52.0,7681.0900,0
1790626560000,147.630,147.630,147.420,147.470,370.5,1790626619999,54642.3940,528,142.7,21047.3450,0
1790626620000,147.480,147.530,147.390,147.390,98.1,1790626679999,14466.6530,280,30.2,4453.7950,0
1790626680000,147.380,147.520,147.350,147.520,95.5,1790626739999,14078.8540,270,51.8,7637.1180,0
1790626740000,147.530,147.750,147.530,147.750,114.1,1790626799999,16845.3790,315,74.6,11014.0010,0
1790626800000,147.760,147.930,147.760,147.790,116.0,1790626859999,17151.1910,260,61.5,9092.9190,0
1790626860000,147.790,147.800,147.720,147.800,96.2,1790626919999,14216.1510,203,54.8,8098.3580,0
1790626920000,147.810,147.930,147.760,147.850,150.5,1790626979999,22252.7860,280,107.7,15925.7950,0
1790626980000,147.860,148.000,147.730,147.770,357.4,1790627039999,52844.7170,450,149.9,22164.4450,0
1790627040000,147.770,148.220,147.710,148.220,317.3,1790627099999,46982.8880,443,282.1,41777.0840,0
1790627100000,148.230,148.230,148.040,148.050,440.9,1790627159999,65325.7910,396,302.5,44820.9610,0
1790627160000,148.050,148.050,147.920,148.040,216.1,1790627219999,31978.3610,262,136.2,20156.1510,0
1790627220000,148.040,148.040,147.860,147.960,239.0,1790627279999,35359.6750,341,127.2,18817.2610,0
1790627280000,147.960,148.080,147.890,148.080,121.3,1790627339999,17948.2590,251,91.2,13494.6860,0
1790627340000,148.080,148.210,147.980,148.050,410.3,1790627399999,60758.7030,521,210.6,31182.6430,0
1790627400000,148.050,148.100,147.980,148.010,181.9,1790627459999,26929.1320,293,99.5,14729.8020,0
1790627460000,148.000,148.130,147.920,148.030,215.0,1790627519999,31828.4590,328,144.0,21316.3830,0
1790627520000,148.030,148.100,147.940,147.970,283.2,1790627579999,41926.9830,370,185.9,27522.7890,0
1790627580000,147.970,148.080,147.920,147.990,148.8,1790627639999,22022.2050,281,95.6,14149.9240,0
1790627640000,147.980,148.010,147.900,148.010,90.1,1790627699999,13331.9100,187,41.8,6184.8780,0
1790627700000,148.010,148.040,147.840,147.870,183.1,1790627759999,27086.4090,278,64.2,9497.4980,0
1790627760000,147.860,147.950,147.800,147.860,142.7,1790627819999,21101.4880,315,69.6,10291.7410,0
1790627820000,147.860,147.860,147.630,147.760,580.1,1790627879999,85695.2710,458,49.2,7268.3580,0
1790627880000,147.760,147.790,147.730,147.740,262.4,1790627939999,38773.4910,199,53.2,7860.7350,0
1790627940000,147.750,147.920,147.690,147.920,116.7,1790627999999,17250.6520,221,95.3,14087.1950,0
1790628000000,147.910,147.950,147.840,147.860,192.0,1790628059999,28397.3150,251,57.6,8518.9520,0
1790628060000,147.870,147.980,147.870,147.960,56.2,1790628119999,8314.7660,140,36.7,5429.4220,0
1790628120000,147.970,147.980,147.680,147.680,111.0,1790628179999,16410.9470,273,26.8,3961.7330,0
1790628180000,147.670,147.670,147.360,147.560,468.1,1790628239999,69035.4820,542,80.4,11859.5690,0
1790628240000,147.560,147.590,147.500,147.550,185.6,1790628299999,27384.6760,257,78.3,11551.9170,0
1790628300000,147.550,147.560,147.420,147.450,125.6,1790628359999,18528.3070,215,72.1,10636.3780,0
1790628360000,147.450,147.720,147.420,147.720,143.1,1790628419999,21115.7970,330,96.2,14193.9420,0
1790628420000,147.720,147.830,147.680,147.680,152.1,1790628479999,22477.6900,236,63.9,9444.3540,0
1790628480000,147.680,147.720,147.560,147.600,116.6,1790628539999,17215.6190,303,44.6,6585.8130,0
1790628540000,147.610,147.670,147.540,147.630,441.6,1790628599999,65189.5570,336,82.9,12235.8580,0
1790628600000,147.630,147.630,147.380,147.400,184.3,1790628659999,27178.0530,314,27.7,4083.7860,0
1790628660000,147.390,147.420,147.320,147.350,124.5,1790628719999,18347.5850,250,49.4,7280.0710,0
1790628720000,147.350,147.380,147.200,147.300,255.3,1790628779999,37598.9090,373,174.4,25684.1470,0
1790628780000,147.280,147.350,147.260,147.300,94.5,1790628839999,13920.0290,193,46.9,6908.5500,0
1790628840000,147.300,147.370,147.260,147.260,125.2,1790628899999,18443.5750,216,57.3,8440.2370,0
1790628900000,147.250,147.500,147.240,147.460,179.6,1790628959999,26466.1420,252,122.9,18111.7200,0
1790628960000,147.460,147.620,147.460,147.580,179.9,1790629019999,26547.2880,255,104.4,15406.5750,0
1790629020000,147.580,147.790,147.570,147.610,215.6,1790629079999,31841.8640,403,85.0,12553.4570,0
1790629080000,147.620,147.670,147.600,147.620,73.3,1790629139999,10821.8090,163,21.5,3174.2580,0
1790629140000,147.630,147.740,147.630,147.740,77.0,1790629199999,11371.3690,212,40.9,6040.3440,0
1790629200000,147.750,148.100,147.750,148.050,246.3,1790629259999,36447.9990,369,151.8,22462.0090,0
1790629260000,148.050,148.300,148.050,148.280,439.5,1790629319999,65123.7010,482,184.4,27322.5330,0
1790629320000,148.280,148.340,148.130,148.260,585.2,1790629379999,86736.8710,653,106.7,15813.4510,0
1790629380000,148.250,148.320,148.170,148.180,257.4,1790629439999,38157.9290,459,71.3,10569.4720,0
1790629440000,148.180,148.340,148.160,148.230,297.0,1790629499999,44030.6850,436,137.5,20384.5950,0
1790629500000,148.240,148.300,148.030,148.030,138.3,1790629559999,20494.9260,336,50.2,7441.4390,0
1790629560000,148.020,148.150,147.950,148.080,266.1,1790629619999,39402.8560,447,114.6,16967.7250,0
1790629620000,148.090,148.170,147.860,147.860,241.4,1790629679999,35729.1710,376,88.1,13038.5980,0
1790629680000,147.860,148.140,147.860,148.100,226.5,1790629739999,33519.5680,402,78.4,11600.1620,0
1790629740000,148.100,148.230,148.090,148.190,282.5,1790629799999,41855.8430,333,128.6,19056.6950,0
1790629800000,148.200,148.220,147.980,148.010,231.6,1790629859999,34301.3450,317,49.5,7331.1210,0
1790629860000,148.020,148.100,147.960,148.050,222.8,1790629919999,32975.8040,330,130.4,19298.2940,0
1790629920000,148.060,148.060,147.890,147.940,108.5,1790629979999,16051.2770,179,73.2,10828.2230,0
1790629980000,147.940,147.960,147.750,147.810,244.5,1790630039999,36141.5480,277,68.8,10171.9920,0
1790630040000,147.810,147.860,147.730,147.760,151.9,1790630099999,22448.0200,212,99.5,14704.0590,0
1790630100000,147.750,147.790,147.540,147.580,260.7,1790630159999,38501.0120,274,113.2,16721.7600,0
1790630160000,147.550,147.690,147.510,147.580,90.6,1790630219999,13372.9460,174,42.8,6316.1700,0
1790630220000,147.580,147.580,147.250,147.270,249.5,1790630279999,36766.9030,395,99.4,14642.5900,0
1790630280000,147.270,147.300,147.100,147.130,592.4,1790630339999,87172.8060,421,37.4,5504.1270,0
1790630340000,147.130,147.500,147.130,147.460,133.3,1790630399999,19638.1180,233,98.7,14539.2430,0
1790630400000,147.480,147.480,147.250,147.250,243.1,1790630459999,35825.9640,288,64.6,9521.3280,0
1790630460000,147.240,147.320,147.000,147.020,544.6,1790630519999,80136.2770,542,112.9,16619.5820,0
1790630520000,147.020,147.130,147.020,147.040,319.5,1790630579999,46991.2360,244,72.4,10648.2470,0
1790630580000,147.040,147.090,146.980,147.000,92.1,1790630639999,13540.7270,127,38.3,5630.5880,0
1790630640000,147.020,147.100,146.980,147.000,158.1,1790630699999,23244.2320,160,54.6,8026.1340,0
1790630700000,147.000,147.080,146.880,147.020,141.8,1790630759999,20838.8520,223,85.7,12592.0970,0
1790630760000,147.020,147.020,146.880,146.930,270.4,1790630819999,39729.5480,260,84.0,12341.8340,0
1790630820000,146.930,146.930,146.710,146.760,333.8,1790630879999,48996.3660,366,88.5,12990.0490,0
1790630880000,146.760,146.930,146.750,146.910,258.4,1790630939999,37946.9880,282,180.6,26520.5090,0
1790630940000,146.930,146.930,146.770,146.800,211.0,1790630999999,30978.2450,207,52.5,7707.7830,0
1790631000000,146.820,147.050,146.820,146.950,246.7,1790631059999,36257.1260,256,169.3,24881.5790,0
1790631060000,146.950,147.000,146.690,146.690,246.1,1790631119999,36136.4570,352,92.8,13626.3900,0
1790631120000,146.690,146.730,146.510,146.680,1105.1,1790631179999,162011.9830,602,294.8,43240.0400,0
1790631180000,146.670,146.930,146.630,146.900,147.4,1790631239999,21627.3170,221,77.9,11429.8160,0
1790631240000,146.890,147.030,146.860,147.020,259.4,1790631299999,38124.1040,187,220.9,32467.7060,0
1790631300000,147.010,147.010,146.860,146.860,89.0,1790631359999,13077.9070,110,3.3,485.1160,0
1790631360000,146.860,146.980,146.850,146.940,162.1,1790631419999,23812.9560,183,130.4,19155.8850,0
1790631420000,146.940,147.040,146.850,146.910,745.8,1790631479999,109619.1400,344,638.1,93796.7460,0
1790631480000,146.900,146.900,146.590,146.590,321.6,1790631539999,47194.3790,327,67.6,9920.3920,0
1790631540000,146.590,146.590,146.410,146.450,327.4,1790631599999,47952.5020,251,42.1,6167.0340,0
1790631600000,146.450,146.530,146.400,146.430,240.4,1790631659999,35207.7880,261,80.7,11818.1140,0
1790631660000,146.430,146.430,146.300,146.420,270.1,1790631719999,39530.2780,217,174.4,25523.1390,0
1790631720000,146.420,146.460,146.320,146.350,186.0,1790631779999,27230.3240,272,13.0,1903.3950,0
1790631780000,146.350,146.440,146.340,146.440,166.0,1790631839999,24297.7990,163,134.1,19629.0220,0
1790631840000,146.430,146.480,146.400,146.470,102.3,1790631899999,14982.1750,132,50.0,7322.7140,0
1790631900000,146.470,146.500,146.460,146.500,95.7,1790631959999,14017.3990,73,92.1,13490.1330,0
1790631960000,146.500,146.500,146.210,146.210,403.9,1790632019999,59115.5500,340,69.0,10099.4500,0
1790632020000,146.220,146.220,146.070,146.090,135.9,1790632079999,19857.8640,208,59.6,8707.7240,0
1790632080000,146.090,146.120,146.060,146.100,160.9,1790632139999,23506.1260,234,77.1,11264.4060,0
1790632140000,146.100,146.200,146.100,146.180,129.3,1790632199999,18897.1470,201,102.2,14936.7240,0
1790632200000,146.180,146.180,146.110,146.110,366.3,1790632259999,53538.6840,157,18.4,2689.5260,0
1790632260000,146.100,146.100,145.870,146.020,1453.4,1790632319999,212134.4830,861,205.2,29952.2710,0
1790632320000,146.030,146.240,146.020,146.240,138.1,1790632379999,20180.4330,246,120.0,17535.9300,0
1790632380000,146.240,146.290,145.950,145.960,282.3,1790632439999,41250.0800,392,104.3,15233.4710,0
1790632440000,145.970,145.970,145.870,145.950,146.8,1790632499999,21420.5600,217,59.1,8623.1190,0
1790632500000,145.950,146.040,145.940,146.000,95.5,1790632559999,13943.0500,121,60.6,8846.6950,0
1790632560000,146.010,146.040,145.980,146.030,43.1,1790632619999,6292.9990,96,33.1,4832.9890,0
1790632620000,146.040,146.090,145.940,146.000,114.7,1790632679999,16748.4730,216,57.1,8336.6960,0
1790632680000,146.000,146.060,145.990,146.060,55.7,1790632739999,8132.5050,89,38.8,5665.2740,0
1790632740000,146.060,146.060,145.800,145.870,359.6,1790632799999,52456.3940,400,31.3,4565.4200,0
1790632800000,145.870,145.910,145.650,145.660,336.0,1790632859999,48986.5470,484,95.7,13953.9770,0
1790632860000,145.660,145.680,145.480,145.560,653.4,1790632919999,95125.1240,672,261.1,38018.6490,0
1790632920000,145.570,145.780,145.320,145.780,1112.8,1790632979999,161935.8030,1194,708.6,103128.0400,0
1790632980000,145.790,146.010,145.700,145.740,673.5,1790633039999,98277.5520,740,200.3,29220.4030,0
1790633040000,145.750,146.060,145.720,145.880,542.4,1790633099999,79125.5690,908,332.9,48560.2770,0
1790633100000,145.870,145.870,145.570,145.590,324.4,1790633159999,47267.2490,583,90.0,13113.1500,0
1790633160000,145.590,145.650,145.150,145.210,2054.2,1790633219999,298514.0740,1557,1388.9,201794.9680,0
1790633220000,145.210,145.500,145.200,145.460,3831.9,1790633279999,556540.7890,620,3605.5,523618.4800,0
1790633280000,145.470,145.930,145.470,145.920,202.0,1790633339999,29434.7200,402,187.1,27265.2740,0
1790633340000,145.930,145.930,145.580,145.590,466.8,1790633399999,68021.5790,651,195.4,28463.5700,0
1790633400000,145.600,145.670,145.490,145.530,295.3,1790633459999,42983.1840,584,137.8,20055.0260,0
1790633460000,145.540,145.550,145.440,145.510,311.6,1790633519999,45338.1290,516,188.4,27413.0280,0
1790633520000,145.500,145.560,145.430,145.440,351.2,1790633579999,51101.4270,400,161.0,23424.6290,0
1790633580000,145.440,145.680,145.440,145.670,346.5,1790633639999,50435.4600,443,173.5,25252.6170,0
1790633640000,145.670,145.710,145.580,145.580,248.5,1790633699999,36199.5920,253,86.8,12645.9230,0
1790633700000,145.580,145.670,145.540,145.600,213.6,1790633759999,31100.9690,252,150.2,21869.1830,0
1790633760000,145.610,145.700,145.570,145.680,90.8,1790633819999,13224.6770,238,51.3,7471.3930,0
1790633820000,145.680,146.070,145.680,146.060,395.4,1790633879999,57705.4180,591,311.8,45501.8150,0
1790633880000,146.060,146.130,146.030,146.030,168.9,1790633939999,24675.5190,245,128.9,18832.7050,0
1790633940000,146.020,146.100,145.970,146.060,92.7,1790633999999,13536.3750,199,44.3,6468.4290,0
1790634000000,146.050,146.050,145.780,145.940,172.7,1790634059999,25198.5740,416,55.8,8138.2030,0
1790634060000,145.930,146.040,145.900,146.030,88.2,1790634119999,12877.2820,142,70.1,10235.3720,0
1790634120000,146.030,146.100,146.020,146.070,339.3,1790634179999,49558.0590,336,288.9,42196.8270,0
1790634180000,146.060,146.090,145.960,146.040,193.5,1790634239999,28259.1630,338,120.2,17554.6790,0
1790634240000,146.030,146.140,146.010,146.020,75.2,1790634299999,10984.3360,188,30.2,4410.8260,0
1790634300000,146.030,146.060,145.960,146.060,91.8,1790634359999,13404.1960,229,46.8,6833.2650,0
1790634360000,146.050,146.170,146.040,146.170,106.3,1790634419999,15533.6980,242,79.5,11617.8930,0
1790634420000,146.170,146.220,146.150,146.220,122.9,1790634479999,17964.4960,159,98.9,14456.4830,0
1790634480000,146.210,146.210,146.120,146.120,119.6,1790634539999,17482.6520,213,33.1,4837.8450,0
1790634540000,146.120,146.170,146.030,146.140,221.7,1790634599999,32389.2910,270,101.1,14768.3040,0
1790634600000,146.140,146.220,146.100,146.110,114.4,1790634659999,16720.4870,254,51.5,7526.6050,0
1790634660000,146.100,146.100,145.970,145.970,87.5,1790634719999,12777.1280,210,39.7,5796.9870,0
1790634720000,145.960,146.260,145.940,146.260,177.9,1790634779999,25985.0520,435,121.8,17792.8090,0
1790634780000,146.250,146.300,146.220,146.300,86.5,1790634839999,12651.5810,194,37.2,5441.0360,0
1790634840000,146.300,146.340,146.100,146.200,174.0,1790634899999,25444.6700,361,53.9,7878.3600,0
1790634900000,146.210,146.630,146.210,146.570,439.2,1790634959999,64319.8140,480,393.4,57610.3450,0
1790634960000,146.580,146.920,146.550,146.910,545.1,1790635019999,80003.7520,569,422.2,61968.5230,0
1790635020000,146.910,147.030,146.830,146.990,299.3,1790635079999,43984.2770,474,120.3,17682.3550,0
1790635080000,146.980,147.100,146.950,147.090,160.8,1790635139999,23643.1230,293,47.4,6968.5550,0
1790635140000,147.080,147.090,146.930,146.970,243.2,1790635199999,35753.5130,398,38.4,5646.5440,0
1790635200000,146.970,147.110,146.970,147.080,188.2,1790635259999,27674.5840,332,118.8,17467.4080,0
1790635260000,147.070,147.080,147.000,147.080,98.9,1790635319999,14541.8700,281,30.0,4410.9580,0
1790635320000,147.070,147.120,147.010,147.120,136.7,1790635379999,20106.1620,196,89.5,13164.3370,0
1790635380000,147.120,147.240,147.120,147.220,200.6,1790635439999,29523.7540,378,105.0,15453.7600,0
1790635440000,147.220,147.230,147.070,147.190,130.7,1790635499999,19231.3730,309,48.7,7165.8140,0
1790635500000,147.190,147.210,147.100,147.210,185.5,1790635559999,27298.3150,248,84.6,12449.1520,0
1790635560000,147.200,147.240,147.130,147.230,78.6,1790635619999,11569.1150,188,15.1,2222.6710,0
1790635620000,147.220,147.220,147.090,147.090,109.1,1790635679999,16052.6520,170,53.7,7900.2520,0
1790635680000,147.090,147.090,147.010,147.070,48.9,1790635739999,7191.2450,143,21.5,3161.5850,0
1790635740000,147.070,147.140,147.060,147.100,141.0,1790635799999,20738.9810,162,73.2,10766.5240,0
1790635800000,147.100,147.110,147.040,147.080,97.5,1790635859999,14339.7830,179,44.8,6588.6740,0
1790635860000,147.090,147.180,147.080,147.180,73.3,1790635919999,10784.6630,121,23.7,3486.8100,0
1790635920000,147.180,147.220,147.090,147.150,139.4,1790635979999,20512.9440,204,47.3,6959.3570,0
1790635980000,147.160,147.190,147.100,147.140,78.5,1790636039999,11550.6580,151,29.6,4355.1350,0
1790636040000,147.140,147.260,147.140,147.260,246.3,1790636099999,36257.2530,282,181.5,26717.5360,0
1790636100000,147.270,147.450,147.270,147.430,272.2,1790636159999,40114.4010,239,196.0,28881.8850,0
1790636160000,147.430,147.670,147.370,147.530,2736.0,1790636219999,403848.0990,620,652.6,96249.3170,0
1790636220000,147.520,147.520,147.400,147.460,430.6,1790636279999,63492.1790,246,81.7,12044.4340,0
1790636280000,147.450,147.450,147.340,147.390,199.3,1790636339999,29369.7330,141,50.9,7499.9450,0
1790636340000,147.390,147.430,147.390,147.410,62.2,1790636399999,9169.1830,66,29.3,4319.0870,0
1790636400000,147.410,147.500,147.380,147.490,154.6,1790636459999,22795.0160,262,84.9,12517.4380,0
1790636460000,147.500,147.660,147.440,147.650,877.8,1790636519999,129507.7860,561,518.4,76495.8810,0
1790636520000,147.640,147.910,147.630,147.870,1322.2,1790636579999,195418.6470,776,1225.6,181150.6390,0
1790636580000,147.870,147.950,147.860,147.940,170.4,1790636639999,25201.4320,213,119.7,17703.3640,0
1790636640000,147.940,148.100,147.940,147.980,400.8,1790636699999,59331.3020,532,199.2,29483.7070,0
1790636700000,147.980,147.980,147.760,147.780,413.3,1790636759999,61089.5910,518,215.7,31880.5590,0
1790636760000,147.770,147.850,147.660,147.790,631.1,1790636819999,93260.8070,746,393.7,58187.6390,0
1790636820000,147.780,147.920,147.710,147.920,175.8,1790636879999,25985.2100,323,114.5,16925.9450,0
1790636880000,147.910,147.950,147.760,147.770,172.2,1790636939999,25461.0050,360,49.4,7302.4980,0
1790636940000,147.770,147.840,147.730,147.730,227.8,1790636999999,33670.4520,326,73.3,10834.0390,0
1790637000000,147.730,147.740,147.600,147.630,100.9,1790637059999,14897.7460,236,54.3,8017.1780,0
1790637060000,147.640,147.640,147.570,147.570,87.0,1790637119999,12841.0650,180,12.3,1815.4830,0
1790637120000,147.580,147.700,147.570,147.630,101.1,1790637179999,14925.3030,260,53.7,7926.8150,0
1790637180000,147.630,147.630,147.450,147.450,336.2,1790637239999,49620.9780,375,227.4,33567.1590,0
1790637240000,147.460,147.580,147.440,147.580,100.3,1790637299999,14792.0940,173,70.9,10455.7980,0
1790637300000,147.590,147.870,147.590,147.830,104.0,1790637359999,15369.8830,242,63.7,9412.0400,0
1790637360000,147.830,147.940,147.770,147.910,238.2,1790637419999,35221.8000,367,137.4,20316.6270,0
1790637420000,147.920,148.040,147.900,148.020,158.5,1790637479999,23453.1630,178,81.7,12088.7910,0
1790637480000,148.030,148.160,148.030,148.160,392.1,1790637539999,58077.6710,327,286.9,42498.0090,0
1790637540000,148.170,148.210,148.080,148.180,112.2,1790637599999,16624.7550,248,44.6,6608.0520,0
1790637600000,148.180,148.230,148.080,148.170,181.8,1790637659999,26937.5040,234,101.0,14964.4960,0
1790637660000,148.170,148.190,148.120,148.180,260.0,1790637719999,38521.0980,280,219.2,32476.4470,0
1790637720000,148.190,148.300,148.190,148.260,378.4,1790637779999,56101.8790,260,164.2,24341.6010,0
1790637780000,148.270,148.380,148.170,148.360,663.6,1790637839999,98389.8760,499,325.0,48199.2150,0
1790637840000,148.360,148.460,148.320,148.460,267.0,1790637899999,39612.1560,295,210.5,31229.7860,0
1790637900000,148.470,148.540,148.390,148.540,388.1,1790637959999,57619.8460,379,180.8,26843.1750,0
1790637960000,148.540,148.750,148.540,148.740,513.8,1790638019999,76380.1750,384,443.1,65869.4010,0
1790638020000,148.750,148.750,148.640,148.710,230.2,1790638079999,34233.1920,294,79.4,11807.6380,0
1790638080000,148.720,148.740,148.690,148.690,149.7,1790638139999,22262.9640,163,37.2,5532.4400,0
1790638140000,148.690,148.820,148.680,148.820,250.3,1790638199999,37228.9220,234,159.2,23678.9860,0
1790638200000,148.830,148.870,148.790,148.820,297.7,1790638259999,44307.0920,266,105.6,15715.8640,0
1790638260000,148.830,148.850,148.700,148.770,266.2,1790638319999,39605.8550,303,188.2,28001.8820,0
1790638320000,148.780,148.870,148.740,148.790,352.3,1790638379999,52422.0290,362,224.3,33378.6800,0
1790638380000,148.800,148.830,148.740,148.820,472.6,1790638439999,70325.1790,274,364.1,54182.8490,0
1790638440000,148.820,148.860,148.780,148.780,159.3,1790638499999,23706.2560,200,81.6,12143.2830,0
1790638500000,148.790,148.880,148.790,148.860,142.1,1790638559999,21147.4870,141,59.6,8869.3510,0
1790638560000,148.860,148.940,148.860,148.860,226.1,1790638619999,33666.3420,261,146.1,21753.9840,0
1790638620000,148.860,148.920,148.860,148.920,92.3,1790638679999,13742.7110,105,42.7,6357.3630,0
1790638680000,148.920,148.950,148.840,148.940,163.0,1790638739999,24268.7310,195,125.9,18745.4320,0
1790638740000,148.940,148.950,148.880,148.950,170.5,1790638799999,25390.5940,184,59.6,8875.2780,0
1790638800000,148.950,149.140,148.940,149.140,457.7,1790638859999,68194.9030,296,358.2,53366.8290,0
1790638860000,149.140,149.140,149.010,149.010,257.0,1790638919999,38310.6700,246,74.5,11104.8560,0
1790638920000,149.020,149.030,148.930,148.930,253.5,1790638979999,37763.7690,254,70.3,10473.1850,0
1790638980000,148.920,149.060,148.910,149.060,341.4,1790639039999,50852.5190,239,284.8,42423.5310,0
1790639040000,149.070,149.070,148.980,149.050,107.4,1790639099999,16005.1430,163,54.9,8181.5410,0
1790639100000,149.060,149.060,148.900,148.900,303.3,1790639159999,45200.2760,286,61.6,9180.2690,0
1790639160000,148.900,149.090,148.830,149.090,230.0,1790639219999,34253.2700,410,96.4,14357.5940,0
1790639220000,149.090,149.190,149.090,149.140,141.2,1790639279999,21059.9610,221,63.0,9395.9820,0
1790639280000,149.150,149.160,149.040,149.130,255.3,1790639339999,38064.1750,279,154.5,23033.3900,0
1790639340000,149.130,149.220,149.130,149.190,304.8,1790639399999,45475.6300,213,182.5,27228.0080,0
1790639400000,149.190,149.210,148.970,149.040,930.6,1790639459999,138693.0330,561,492.0,73333.4770,0
1790639460000,149.040,149.100,149.020,149.070,81.7,1790639519999,12178.1360,132,44.2,6588.4470,0
1790639520000,149.070,149.100,149.030,149.100,90.3,1790639579999,13460.6070,143,54.5,8124.2190,0
1790639580000,149.110,149.190,149.100,149.170,120.0,1790639639999,17897.0630,129,71.1,10603.1690,0
1790639640000,149.170,149.240,149.160,149.240,70.1,1790639699999,10458.3650,131,47.8,7131.3770,0
1790639700000,149.240,149.330,149.230,149.250,504.9,1790639759999,75369.0660,362,315.6,47114.1700,0
1790639760000,149.260,149.400,149.260,149.400,352.0,1790639819999,52573.6210,309,202.8,30286.3420,0
1790639820000,149.400,149.450,149.370,149.370,129.3,1790639879999,19321.3510,145,24.0,3586.1140,0
1790639880000,149.360,149.420,149.340,149.420,216.8,1790639939999,32386.6800,164,138.4,20675.2510,0
1790639940000,149.410,149.410,149.350,149.380,97.5,1790639999999,14565.2650,140,31.6,4720.5850,0
