open_time,open,high,low,close,volume,close_time,quote_asset_volume,count,taker_buy_volume,taker_buy_quote_volume,ignore
1790553600000,0.86420,0.86460,0.86260,0.86420,45227.9,1790553659999,39058.390080,614,21149.0,18265.921700,0
1790553660000,0.86420,0.86550,0.86300,0.86510,33231.4,1790553719999,28719.305360,494,14909.6,12884.615460,0
1790553720000,0.86520,0.86720,0.86250,0.86360,72685.2,1790553779999,62843.944910,928,23430.0,20254.652810,0
1790553780000,0.86360,0.86440,0.86270,0.86350,23973.3,1790553839999,20706.117400,471,9143.5,7896.008050,0
1790553840000,0.86350,0.86390,0.86240,0.86350,22272.7,1790553899999,19226.337310,464,9052.8,7814.402190,0
1790553900000,0.86340,0.86340,0.86210,0.86210,18465.5,1790553959999,15933.657000,295,4285.7,3697.806140,0
1790553960000,0.86210,0.86330,0.86130,0.86280,34115.0,1790554019999,29405.680930,414,11322.4,9762.784450,0
1790554020000,0.86270,0.86300,0.86190,0.86270,12714.1,1790554079999,10965.803740,208,5172.0,4461.076950,0
1790554080000,0.86260,0.86290,0.86180,0.86190,18959.7,1790554139999,16352.945670,280,9108.7,7856.587200,0
1790554140000,0.86180,0.86250,0.86080,0.86090,23619.2,1790554199999,20351.794220,329,10972.0,9455.795370,0
1790554200000,0.86080,0.86130,0.85890,0.85890,54579.1,1790554259999,46947.863490,437,8130.9,6997.525020,0
1790554260000,0.85890,0.86240,0.85870,0.86220,109405.1,1790554319999,94201.294770,749,94323.7,81237.735640,0
1790554320000,0.86220,0.86390,0.86170,0.86360,38287.3,1790554379999,33047.855100,564,28374.4,24494.984660,0
1790554380000,0.86340,0.86420,0.86260,0.86260,17610.6,1790554439999,15204.273620,340,7040.7,6080.048850,0
1790554440000,0.86280,0.86340,0.86240,0.86310,13764.1,1790554499999,11877.073240,278,8294.4,7157.267580,0
1790554500000,0.86310,0.86550,0.86310,0.86530,39097.9,1790554559999,33789.175880,449,34967.1,30220.246790,0
1790554560000,0.86530,0.86640,0.86500,0.86550,36557.2,1790554619999,31646.194830,511,23606.3,20435.927950,0
1790554620000,0.86540,0.86560,0.86410,0.86430,16483.8,1790554679999,14255.394860,325,7746.2,6699.641610,0
1790554680000,0.86420,0.86510,0.86360,0.86490,16148.3,1790554739999,13956.306770,245,10497.0,9073.108380,0
1790554740000,0.86490,0.86700,0.86480,0.86680,17300.5,1790554799999,14981.800350,377,11119.7,9630.591010,0
1790554800000,0.86670,0.86790,0.86610,0.86700,24653.5,1790554859999,21373.589810,343,8469.6,7341.568310,0
1790554860000,0.86700,0.86950,0.86550,0.86810,131779.2,1790554919999,114355.317240,1198,68497.3,59469.833480,0
1790554920000,0.86810,0.86980,0.86660,0.86900,47329.2,1790554979999,41100.663890,769,40262.3,34964.663850,0
1790554980000,0.86890,0.87120,0.86880,0.87090,72151.9,1790555039999,62770.542830,825,46285.2,40272.598820,0
1790555040000,0.87090,0.87330,0.87080,0.87190,68245.4,1790555099999,59510.111100,748,41211.9,35945.137410,0
1790555100000,0.87190,0.87210,0.87060,0.87140,26596.4,1790555159999,23176.600750,443,8806.5,7675.624320,0
1790555160000,0.87140,0.87490,0.87140,0.87380,149853.5,1790555219999,130988.667970,1109,111271.2,97275.177590,0
1790555220000,0.87380,0.87460,0.87200,0.87300,52171.2,1790555279999,45549.344100,638,16295.5,14228.114490,0
1790555280000,0.87260,0.87260,0.87020,0.87200,47904.6,1790555339999,41732.285540,578,21523.9,18750.345280,0
1790555340000,0.87190,0.87410,0.87190,0.87270,22115.6,1790555399999,19313.409840,337,13151.4,11483.688450,0
1790555400000,0.87270,0.87420,0.87150,0.87420,67330.2,1790555459999,58782.461310,572,50759.4,44310.872990,0
1790555460000,0.87400,0.87400,0.86810,0.86880,346534.9,1790555519999,302181.980930,1304,48051.9,41832.615470,0
1790555520000,0.86890,0.86910,0.86320,0.86390,142899.7,1790555579999,123711.944910,1396,73186.9,63352.355530,0
1790555580000,0.86390,0.86560,0.86030,0.86090,62175.1,1790555639999,53652.517780,916,24458.1,21121.318420,0
1790555640000,0.86080,0.86360,0.86010,0.86210,69389.3,1790555699999,59841.046720,964,47964.2,41377.038440,0
1790555700000,0.86220,0.86300,0.85800,0.85840,123592.8,1790555759999,106389.152460,934,17362.4,14943.159930,0
1790555760000,0.85860,0.86050,0.85680,0.85790,73324.1,1790555819999,62932.640390,1053,22239.8,19096.804200,0
1790555820000,0.85800,0.86040,0.85700,0.85900,29911.5,1790555879999,25678.930870,579,15051.4,12920.909670,0
1790555880000,0.85890,0.85960,0.85760,0.85840,24655.6,1790555939999,21164.477180,504,10680.4,9169.005230,0
1790555940000,0.85840,0.85840,0.85600,0.85600,40694.0,1790555999999,34872.444570,527,19426.5,16658.983030,0
1790556000000,0.85590,0.85590,0.85350,0.85510,84009.6,1790556059999,71798.154280,875,24197.8,20677.032880,0
1790556060000,0.85520,0.85710,0.85520,0.85700,31238.1,1790556119999,26739.028920,457,23292.8,19940.762050,0
1790556120000,0.85710,0.85750,0.85590,0.85640,19134.0,1790556179999,16395.862030,399,11417.4,9784.234770,0
1790556180000,0.85660,0.85820,0.85630,0.85730,18481.9,1790556239999,15849.798410,319,10364.8,8888.762940,0
1790556240000,0.85740,0.86080,0.85740,0.86030,52272.0,1790556299999,44927.156830,492,42660.9,36669.657480,0
1790556300000,0.86030,0.86540,0.85990,0.86470,122018.2,1790556359999,105351.218310,991,99176.7,85637.724100,0
1790556360000,0.86490,0.86680,0.86350,0.86500,60558.0,1790556419999,52436.150760,773,46137.1,39953.018370,0
1790556420000,0.86490,0.86850,0.86470,0.86840,64190.0,1790556479999,55615.033040,775,55116.2,47753.626560,0
1790556480000,0.86790,0.86810,0.86620,0.86740,90724.7,1790556539999,78652.188540,785,33231.3,28814.534070,0
1790556540000,0.86770,0.86990,0.86730,0.86880,63854.6,1790556599999,55481.469140,776,19976.8,17351.786600,0
1790556600000,0.86890,0.87150,0.86890,0.87060,40635.2,1790556659999,35347.584010,577,24320.0,21158.509020,0
1790556660000,0.87060,0.87250,0.87030,0.87210,104032.9,1790556719999,90646.667660,1018,65644.2,57205.874270,0
1790556720000,0.87210,0.87240,0.86790,0.86840,46210.6,1790556779999,40226.959220,889,19820.0,17250.266600,0
1790556780000,0.86840,0.86910,0.86720,0.86890,66902.4,1790556839999,58068.857340,575,18505.7,16071.585810,0
1790556840000,0.86900,0.87010,0.86660,0.86680,46771.0,1790556899999,40620.131370,549,11802.8,10257.295160,0
1790556900000,0.86670,0.86670,0.86410,0.86420,29145.4,1790556959999,25216.975970,431,6933.2,5999.058290,0
1790556960000,0.86410,0.86440,0.86280,0.86320,52913.9,1790557019999,45693.740990,448,33363.5,28817.619810,0
1790557020000,0.86330,0.86330,0.86090,0.86130,39043.5,1790557079999,33646.138240,463,3235.3,2790.800060,0
1790557080000,0.86120,0.86450,0.86100,0.86350,85763.9,1790557139999,74062.518020,638,69782.9,60267.941450,0
1790557140000,0.86350,0.86390,0.86210,0.86290,15030.7,1790557199999,12973.035260,338,6873.4,5932.786100,0
1790557200000,0.86280,0.86390,0.86130,0.86310,63695.6,1790557259999,54965.620450,886,31927.7,27556.315130,0
1790557260000,0.86310,0.86480,0.86100,0.86200,73927.5,1790557319999,63807.136070,1033,37202.7,32134.315830,0
1790557320000,0.86210,0.86690,0.86140,0.86630,62430.8,1790557379999,53992.423460,989,41796.3,36147.920010,0
1790557380000,0.86620,0.86640,0.86150,0.86280,72245.6,1790557439999,62424.390650,1314,33132.7,28635.082030,0
1790557440000,0.86280,0.86480,0.86130,0.86480,34996.2,1790557499999,30186.553080,625,21233.6,18313.007600,0
1790557500000,0.86490,0.86550,0.86170,0.86170,21562.9,1790557559999,18618.403690,533,7217.5,6233.533420,0
1790557560000,0.86170,0.86200,0.85930,0.86170,70505.6,1790557619999,60671.228340,953,27459.7,23629.186410,0
1790557620000,0.86170,0.86980,0.86120,0.86870,76063.5,1790557679999,65820.811520,1103,57799.1,50008.124730,0
1790557680000,0.86890,0.86990,0.86700,0.86990,54904.2,1790557739999,47659.805910,873,24368.0,21161.307010,0
1790557740000,0.87000,0.87000,0.86520,0.86610,52585.1,1790557799999,45631.186300,892,22018.9,19093.518030,0
1790557800000,0.86620,0.86670,0.86390,0.86450,23752.6,1790557859999,20559.796270,602,8288.6,7177.001990,0
1790557860000,0.86450,0.86510,0.86320,0.86510,38616.1,1790557919999,33363.273890,473,16549.1,14301.734480,0
1790557920000,0.86500,0.86610,0.86110,0.86120,40258.4,1790557979999,34773.440790,634,20006.9,17302.989180,0
1790557980000,0.86100,0.86120,0.85830,0.85990,49142.6,1790558039999,42234.594190,720,18212.0,15655.067880,0
1790558040000,0.86000,0.86160,0.85820,0.85820,150929.5,1790558099999,129786.336690,1113,35346.0,30395.767910,0
1790558100000,0.85830,0.85960,0.85580,0.85710,73185.3,1790558159999,62772.961080,956,33083.4,28396.280030,0
1790558160000,0.85710,0.85740,0.85490,0.85630,51802.0,1790558219999,44343.105770,843,22786.1,19515.399480,0
1790558220000,0.85620,0.85750,0.85380,0.85420,36469.7,1790558279999,31212.301770,648,12597.2,10787.841100,0
1790558280000,0.85420,0.86030,0.85410,0.85900,60707.0,1790558339999,52051.431660,817,48340.5,41461.759250,0
1790558340000,0.85910,0.85910,0.85560,0.85900,61703.4,1790558399999,52915.642280,913,20997.2,18013.139530,0
1790558400000,0.85900,0.86010,0.85820,0.85870,57444.2,1790558459999,49347.834250,717,34018.4,29225.528910,0
1790558460000,0.85860,0.86630,0.85860,0.86570,94093.1,1790558519999,81109.930270,1019,57996.0,50050.430770,0
1790558520000,0.86560,0.86580,0.86280,0.86300,92827.8,1790558579999,80258.021920,940,59978.2,51862.616720,0
1790558580000,0.86280,0.86660,0.86100,0.86290,76617.9,1790558639999,66180.444680,1012,29829.6,25792.137510,0
1790558640000,0.86280,0.86340,0.86160,0.86260,19495.6,1790558699999,16811.323730,531,8183.5,7057.493170,0
1790558700000,0.86250,0.86440,0.86180,0.86440,33468.3,1790558759999,28878.025420,562,18226.5,15733.061320,0
1790558760000,0.86440,0.86660,0.86400,0.86660,38254.8,1790558819999,33097.019650,532,14601.4,12634.116940,0
1790558820000,0.86660,0.86730,0.86460,0.86480,30405.1,1790558879999,26334.871960,553,16274.6,14100.200720,0
1790558880000,0.86490,0.86490,0.86320,0.86440,22592.5,1790558939999,19527.401420,422,8702.4,7523.334160,0
1790558940000,0.86450,0.86510,0.86280,0.86300,16544.9,1790558999999,14290.563710,434,8188.0,7073.319930,0
1790559000000,0.86290,0.86640,0.86230,0.86300,62428.7,1790559059999,53944.170130,748,17182.6,14855.165580,0
1790559060000,0.86290,0.86440,0.86230,0.86340,42451.1,1790559119999,36648.372640,555,12748.5,11006.675230,0
1790559120000,0.86340,0.86540,0.86220,0.86510,47314.0,1790559179999,40884.133620,612,16082.8,13900.383860,0
1790559180000,0.86510,0.86580,0.86330,0.86330,45685.2,1790559239999,39477.053200,525,11495.2,9941.190050,0
1790559240000,0.86350,0.86570,0.86300,0.86350,34112.2,1790559299999,29485.264200,533,16467.0,14232.525300,0
1790559300000,0.86350,0.86400,0.86040,0.86270,66043.9,1790559359999,56971.270500,784,28088.3,24238.915670,0
1790559360000,0.86270,0.86290,0.85970,0.86000,34807.7,1790559419999,29978.524610,570,8744.0,7530.445150,0
1790559420000,0.85990,0.86060,0.85910,0.85920,28889.0,1790559479999,24841.354880,469,13541.2,11647.201050,0
1790559480000,0.85940,0.86080,0.85860,0.85880,47246.9,1790559539999,40606.882180,588,23550.0,20245.836540,0
1790559540000,0.85870,0.85910,0.85720,0.85850,47015.8,1790559599999,40341.365250,559,18652.7,16007.677340,0
1790559600000,0.85850,0.85860,0.85600,0.85600,28220.1,1790559659999,24189.406330,566,6547.1,5615.177250,0
1790559660000,0.85610,0.85910,0.85500,0.85880,59686.2,1790559719999,51132.232600,719,30008.9,25721.343190,0
1790559720000,0.85880,0.85960,0.85730,0.85730,20774.7,1790559779999,17838.571620,418,8442.0,7251.669200,0
1790559780000,0.85720,0.85760,0.85530,0.85610,48533.3,1790559839999,41551.744540,595,14106.6,12084.578570,0
1790559840000,0.85610,0.85630,0.85400,0.85400,73575.0,1790559899999,62905.532800,778,19310.9,16514.351560,0
1790559900000,0.85400,0.85710,0.85380,0.85480,59592.0,1790559959999,50989.381360,610,26799.2,22931.023810,0
1790559960000,0.85470,0.85520,0.85380,0.85420,33308.2,1790560019999,28450.547090,424,10174.3,8690.527750,0
1790560020000,0.85430,0.85660,0.85380,0.85650,34153.1,1790560079999,29202.380910,509,19930.4,17042.081930,0
1790560080000,0.85640,0.85830,0.85510,0.85630,227981.0,1790560139999,195259.675430,1325,85129.6,72937.529440,0
1790560140000,0.85600,0.85830,0.85130,0.85260,292729.4,1790560199999,250574.849860,1823,156264.3,133859.529080,0
1790560200000,0.85250,0.85910,0.85180,0.85870,156863.7,1790560259999,134242.590550,1470,94419.2,80823.584860,0
1790560260000,0.85870,0.86150,0.85840,0.86040,70788.1,1790560319999,60888.589900,832,31419.9,27028.600310,0
1790560320000,0.86030,0.86080,0.85720,0.86000,40917.1,1790560379999,35149.956110,698,15141.6,13013.106040,0
1790560380000,0.86010,0.86240,0.85980,0.86200,37215.6,1790560439999,32052.215140,483,25988.5,22382.824460,0
1790560440000,0.86200,0.86290,0.85860,0.85930,44113.1,1790560499999,37961.267160,693,21040.8,18108.241030,0
1790560500000,0.85940,0.85990,0.85680,0.85870,90651.1,1790560559999,77752.993860,662,15830.5,13587.609660,0
1790560560000,0.85870,0.86240,0.85700,0.86240,39464.6,1790560619999,33895.670920,579,21966.3,18878.634270,0
1790560620000,0.86250,0.86410,0.85750,0.85750,64211.4,1790560679999,55346.325560,831,20248.1,17455.821930,0
1790560680000,0.85750,0.85900,0.85690,0.85820,81539.1,1790560739999,69969.184730,632,55257.8,47422.182310,0
1790560740000,0.85820,0.85820,0.85710,0.85750,19233.6,1790560799999,16492.787310,260,8098.9,6944.132520,0
1790560800000,0.85730,0.85760,0.85270,0.85280,67331.5,1790560859999,57562.971600,900,33974.9,29051.674570,0
1790560860000,0.85280,0.85680,0.85140,0.85500,109945.1,1790560919999,93850.722960,1259,50226.8,42888.585370,0
1790560920000,0.85510,0.85510,0.85100,0.85310,87638.7,1790560979999,74727.224130,1259,38867.0,33142.364920,0
1790560980000,0.85300,0.85390,0.84930,0.85320,150860.7,1790561039999,128425.359690,1258,67355.8,57389.975790,0
1790561040000,0.85330,0.85530,0.85190,0.85390,47073.0,1790561099999,40164.332210,835,21450.7,18306.880840,0
1790561100000,0.85400,0.85590,0.85260,0.85370,35163.9,1790561159999,30042.938870,709,12564.9,10736.669830,0
1790561160000,0.85350,0.85450,0.85210,0.85400,43552.7,1790561219999,37180.375740,735,10676.9,9113.238040,0
1790561220000,0.85410,0.85470,0.85220,0.85310,23528.6,1790561279999,20086.002320,577,12281.7,10482.535840,0
1790561280000,0.85320,0.85900,0.85280,0.85830,61543.4,1790561339999,52682.556120,796,39370.5,33708.403820,0
1790561340000,0.85830,0.85930,0.85720,0.85760,53663.0,1790561399999,46050.625820,666,36371.8,31209.029870,0
1790561400000,0.85770,0.85930,0.85720,0.85830,43878.3,1790561459999,37669.500520,559,27498.4,23609.964720,0
1790561460000,0.85840,0.86350,0.85840,0.86340,54819.8,1790561519999,47210.599220,835,44105.1,37981.002090,0
1790561520000,0.86340,0.86510,0.86250,0.86510,51626.9,1790561579999,44580.380620,718,35649.6,30790.953730,0
1790561580000,0.86470,0.86610,0.86110,0.86190,216663.0,1790561639999,187066.992150,1255,50480.3,43617.928510,0
1790561640000,0.86190,0.86310,0.86060,0.86200,36903.2,1790561699999,31794.792400,509,22182.5,19111.626200,0
1790561700000,0.86200,0.86250,0.85930,0.86060,45767.8,1790561759999,39397.626170,604,12666.5,10902.712570,0
1790561760000,0.86050,0.86050,0.85850,0.86000,45337.4,1790561819999,38979.428960,646,25708.1,22108.994210,0
1790561820000,0.86000,0.86280,0.85950,0.86030,26944.2,1790561879999,23202.169550,520,15590.2,13420.754600,0
1790561880000,0.86030,0.86050,0.85860,0.85910,22899.6,1790561939999,19681.932180,390,6897.6,5927.642890,0
1790561940000,0.85900,0.85960,0.85770,0.85920,47240.1,1790561999999,40560.200870,546,25428.1,21835.219590,0
1790562000000,0.85920,0.86010,0.85810,0.85880,26139.3,1790562059999,22458.663700,445,16141.2,13870.258750,0
1790562060000,0.85880,0.86000,0.85710,0.85710,28012.1,1790562119999,24048.976530,496,12240.8,10511.852960,0
1790562120000,0.85720,0.85740,0.85500,0.85500,33981.7,1790562179999,29105.050590,420,10142.6,8690.309770,0
1790562180000,0.85500,0.85520,0.85210,0.85420,193056.9,1790562239999,164782.639720,1155,43820.3,37419.813530,0
1790562240000,0.85420,0.85800,0.85360,0.85620,75152.3,1790562299999,64319.537630,728,57895.0,49553.571540,0
1790562300000,0.85610,0.85630,0.85450,0.85480,23344.4,1790562359999,19966.288740,302,8135.3,6958.077700,0
1790562360000,0.85480,0.85910,0.85440,0.85880,44998.7,1790562419999,38546.925900,557,30079.7,25763.959150,0
1790562420000,0.85870,0.86130,0.85830,0.85870,28315.1,1790562479999,24346.952400,530,10270.4,8828.752870,0
1790562480000,0.85860,0.85880,0.85700,0.85750,20617.4,1790562539999,17688.015480,341,7371.1,6322.882020,0
1790562540000,0.85740,0.85740,0.85590,0.85600,19526.3,1790562599999,16725.884730,335,6203.4,5312.734720,0
1790562600000,0.85620,0.85640,0.85270,0.85320,40338.9,1790562659999,34481.509460,487,11415.9,9756.974330,0
1790562660000,0.85330,0.85400,0.85220,0.85220,23453.0,1790562719999,20003.427660,422,8702.8,7423.188230,0
1790562720000,0.85220,0.85350,0.85080,0.85130,39736.9,1790562779999,33855.544160,491,11407.8,9719.797540,0
1790562780000,0.85140,0.85380,0.85040,0.85230,56539.5,1790562839999,48141.917690,698,25646.7,21849.052810,0
1790562840000,0.85220,0.85360,0.85210,0.85310,10951.2,1790562899999,9339.161670,324,6502.6,5546.051050,0
1790562900000,0.85310,0.85570,0.85250,0.85530,27434.1,1790562959999,23441.729340,450,21073.7,18007.015690,0
1790562960000,0.85530,0.85640,0.85450,0.85520,19052.7,1790563019999,16293.809260,392,6641.9,5681.896590,0
1790563020000,0.85520,0.85530,0.85270,0.85360,38753.9,1790563079999,33073.065150,500,15539.7,13262.392570,0
1790563080000,0.85360,0.85500,0.85250,0.85250,41595.2,1790563139999,35500.654920,386,9779.6,8348.294820,0
1790563140000,0.85240,0.85320,0.85110,0.85270,37462.8,1790563199999,31921.827240,498,23881.5,20352.452900,0
1790563200000,0.85260,0.85430,0.85160,0.85380,25179.3,1790563259999,21470.886220,376,11019.9,9397.097650,0
1790563260000,0.85390,0.85520,0.85300,0.85300,39937.1,1790563319999,34117.967020,456,26757.2,22864.632040,0
1790563320000,0.85290,0.85440,0.85280,0.85330,18768.0,1790563379999,16017.799300,347,8896.3,7592.698720,0
1790563380000,0.85340,0.85380,0.85230,0.85260,25965.8,1790563439999,22142.529510,369,10160.0,8666.211410,0
1790563440000,0.85250,0.85330,0.85240,0.85290,18788.8,1790563499999,16025.823540,291,7885.1,6726.468760,0
1790563500000,0.85290,0.85410,0.85200,0.85330,17384.9,1790563559999,14832.222710,353,9128.3,7789.203190,0
1790563560000,0.85340,0.85380,0.85170,0.85220,53017.7,1790563619999,45206.450460,652,29322.8,25005.066990,0
1790563620000,0.85230,0.85250,0.84880,0.85000,54175.3,1790563679999,46057.824850,574,9605.8,8170.784790,0
1790563680000,0.85000,0.85070,0.84850,0.84980,52401.9,1790563739999,44519.643600,592,15715.7,13354.212490,0
1790563740000,0.84980,0.85020,0.84840,0.84980,26280.5,1790563799999,22321.886000,462,13463.0,11437.676830,0
1790563800000,0.84980,0.85120,0.84940,0.84940,22382.0,1790563859999,19034.540720,484,9622.1,8182.797250,0
1790563860000,0.84930,0.85070,0.84870,0.84910,21053.4,1790563919999,17890.774530,373,12522.5,10642.265740,0
1790563920000,0.84900,0.85190,0.84870,0.85190,21055.7,1790563979999,17910.952330,415,9258.8,7876.007390,0
1790563980000,0.85200,0.85240,0.85080,0.85180,15647.0,1790564039999,13330.785700,343,9209.6,7846.942900,0
1790564040000,0.85180,0.85280,0.85090,0.85120,15990.5,1790564099999,13620.862420,373,6789.5,5784.197270,0
1790564100000,0.85120,0.85160,0.85020,0.85040,12787.9,1790564159999,10880.717550,199,5094.8,4335.440100,0
1790564160000,0.85040,0.85050,0.84920,0.84920,21989.8,1790564219999,18683.171350,243,6346.7,5394.836920,0
1790564220000,0.84920,0.84970,0.84850,0.84920,19646.2,1790564279999,16681.409340,301,9139.0,7760.451090,0
1790564280000,0.84910,0.85040,0.84910,0.84980,25361.4,1790564339999,21557.764320,292,16709.5,14203.525160,0
1790564340000,0.84980,0.85020,0.84730,0.84930,73258.4,1790564399999,62125.497250,513,17894.9,15182.929290,0
1790564400000,0.84930,0.85560,0.84930,0.85420,97198.9,1790564459999,82969.136970,994,73787.0,62991.157030,0
1790564460000,0.85420,0.85440,0.85200,0.85200,43249.7,1790564519999,36908.112530,481,29332.2,25035.728660,0
1790564520000,0.85200,0.85240,0.84790,0.84830,162258.3,1790564579999,137977.971140,1048,42735.6,36375.201280,0
1790564580000,0.84820,0.85000,0.84750,0.84900,21849.4,1790564639999,18546.997330,489,11620.2,9863.958380,0
1790564640000,0.84900,0.85080,0.84860,0.85030,49561.4,1790564699999,42114.218010,620,20697.3,17594.474510,0
1790564700000,0.85030,0.85110,0.84750,0.84780,22425.5,1790564759999,19045.286130,452,6449.8,5476.678390,0
1790564760000,0.84780,0.84920,0.84700,0.84750,30324.8,1790564819999,25709.932300,475,11763.5,9973.871310,0
1790564820000,0.84760,0.85070,0.84760,0.84960,55970.4,1790564879999,47529.290840,622,27601.1,23438.918070,0
1790564880000,0.84960,0.85070,0.84860,0.84930,30540.0,1790564939999,25949.232260,454,23149.9,19672.522590,0
1790564940000,0.84920,0.85050,0.84850,0.85010,22635.2,1790564999999,19222.464430,384,17190.9,14599.772130,0
1790565000000,0.85010,0.85220,0.85010,0.85210,12286.6,1790565059999,10456.135200,222,7191.8,6119.601310,0
1790565060000,0.85200,0.85200,0.84770,0.84780,21061.0,1790565119999,17893.832580,454,5419.4,4604.011660,0
1790565120000,0.84780,0.84900,0.84440,0.84570,161534.4,1790565179999,136585.268090,897,28665.0,24254.570060,0
1790565180000,0.84570,0.84970,0.84550,0.84910,97492.8,1790565239999,82671.200870,647,78735.7,66788.540140,0
1790565240000,0.84900,0.84980,0.84820,0.84850,20573.6,1790565299999,17465.992880,344,10613.2,9009.868660,0
1790565300000,0.84850,0.85040,0.84720,0.84820,30872.6,1790565359999,26223.100330,539,22308.6,18950.745010,0
1790565360000,0.84840,0.85040,0.84760,0.85040,31228.6,1790565419999,26497.225140,478,10075.9,8550.568650,0
1790565420000,0.85050,0.85140,0.84980,0.85100,9768.0,1790565479999,8311.226820,240,5495.5,4676.052540,0
1790565480000,0.85090,0.85180,0.84930,0.85010,27830.5,1790565539999,23673.736730,336,17331.8,14745.122890,0
1790565540000,0.85020,0.85220,0.84980,0.85070,22004.1,1790565599999,18731.786450,358,15589.3,13271.474620,0
1790565600000,0.85060,0.85200,0.85030,0.85120,11932.2,1790565659999,10156.677680,322,5812.5,4948.311260,0
1790565660000,0.85100,0.85100,0.84930,0.84940,11705.2,1790565719999,9952.895870,303,5786.5,4920.451040,0
1790565720000,0.84930,0.84930,0.84710,0.84780,20564.0,1790565779999,17441.113150,430,8771.8,7439.241170,0
1790565780000,0.84770,0.84770,0.84470,0.84620,138591.8,1790565839999,117213.259860,828,39318.5,33273.898270,0
1790565840000,0.84620,0.84710,0.84580,0.84680,9435.5,1790565899999,7985.644650,265,3875.2,3279.908510,0
1790565900000,0.84670,0.84670,0.84160,0.84490,207801.5,1790565959999,175288.731720,1230,56858.7,48003.537910,0
1790565960000,0.84480,0.84570,0.84310,0.84320,24712.4,1790566019999,20866.567360,469,8694.2,7342.652250,0
1790566020000,0.84310,0.84320,0.83570,0.83890,610912.3,1790566079999,512355.628750,1883,162441.7,136390.139580,0
1790566080000,0.83880,0.84210,0.83840,0.83970,163737.9,1790566139999,137581.031570,1058,105978.9,89069.937820,0
1790566140000,0.83970,0.83970,0.83650,0.83790,89237.2,1790566199999,74780.857640,777,38842.8,32544.611990,0
1790566200000,0.83790,0.83910,0.83750,0.83910,41221.1,1790566259999,34563.755070,577,23158.3,19423.513620,0
1790566260000,0.83910,0.83940,0.83440,0.83660,150824.4,1790566319999,126122.753590,1132,52912.7,44246.658040,0
1790566320000,0.83670,0.83810,0.83420,0.83430,91076.6,1790566379999,76169.614210,1020,44126.4,36910.997820,0
1790566380000,0.83430,0.83620,0.83420,0.83520,60415.2,1790566439999,50465.277520,687,42531.3,35528.323920,0
1790566440000,0.83520,0.83810,0.83500,0.83590,43007.6,1790566499999,35973.008850,475,29867.2,24979.360310,0
1790566500000,0.83590,0.83820,0.83470,0.83730,35307.3,1790566559999,29537.130710,556,24910.7,20842.498610,0
1790566560000,0.83730,0.84000,0.83710,0.83960,40686.6,1790566619999,34116.608650,506,29775.7,24969.079150,0
1790566620000,0.83950,0.84420,0.83940,0.84270,85787.2,1790566679999,72269.175600,832,73025.1,61511.746570,0
1790566680000,0.84280,0.84630,0.84280,0.84630,42763.6,1790566739999,36138.538890,708,34039.7,28769.963960,0
1790566740000,0.84630,0.84810,0.84490,0.84750,82944.1,1790566799999,70246.956060,842,65399.2,55397.053260,0
1790566800000,0.84740,0.84820,0.84550,0.84640,65919.4,1790566859999,55859.209030,570,47977.3,40663.363580,0
1790566860000,0.84650,0.84890,0.84540,0.84830,46080.2,1790566919999,39023.464940,583,23710.5,20085.824740,0
1790566920000,0.84830,0.85040,0.84810,0.84960,45619.9,1790566979999,38764.059550,502,30708.4,26096.128680,0
1790566980000,0.84960,0.85100,0.84930,0.85030,23847.0,1790567039999,20277.511720,339,12514.5,10642.208700,0
1790567040000,0.85020,0.85020,0.84690,0.84710,53241.7,1790567099999,45158.236330,502,13336.2,11316.401600,0
1790567100000,0.84710,0.84760,0.84640,0.84640,12400.3,1790567159999,10503.871380,255,6912.9,5856.306370,0
1790567160000,0.84640,0.84660,0.84480,0.84610,21130.3,1790567219999,17863.711430,380,4991.4,4221.074300,0
1790567220000,0.84620,0.84780,0.84580,0.84730,15964.2,1790567279999,13519.417300,317,10853.0,9190.441940,0
1790567280000,0.84730,0.84730,0.84540,0.84640,31048.2,1790567339999,26267.659830,379,15532.7,13141.581910,0
1790567340000,0.84640,0.84930,0.84570,0.84760,60381.6,1790567399999,51190.131760,594,22181.3,18798.582700,0
1790567400000,0.84750,0.84770,0.84590,0.84760,18739.9,1790567459999,15869.121550,390,11025.9,9335.714250,0
1790567460000,0.84750,0.84760,0.84580,0.84680,23418.4,1790567519999,19826.231960,407,9212.5,7799.216720,0
1790567520000,0.84670,0.84670,0.84470,0.84510,12464.0,1790567579999,10536.881670,289,4794.8,4052.857770,0
1790567580000,0.84510,0.84620,0.84490,0.84510,9417.0,1790567639999,7962.574240,265,5278.2,4462.850220,0
1790567640000,0.84500,0.84610,0.84380,0.84400,20717.0,1790567699999,17501.914060,403,5363.6,4532.545830,0
1790567700000,0.84400,0.84480,0.84300,0.84420,45013.5,1790567759999,37972.634080,396,11039.2,9316.315690,0
1790567760000,0.84420,0.84420,0.84290,0.84300,28322.0,1790567819999,23890.726050,352,4630.6,3906.644970,0
1790567820000,0.84290,0.84410,0.84270,0.84360,13620.5,1790567879999,11486.425180,344,9479.5,7994.024510,0
1790567880000,0.84360,0.84360,0.84260,0.84330,12263.1,1790567939999,10337.696790,274,7367.6,6210.809540,0
1790567940000,0.84320,0.84400,0.84290,0.84400,20557.9,1790567999999,17337.955310,263,18969.5,15998.636770,0
1790568000000,0.84400,0.84470,0.84060,0.84250,89475.6,1790568059999,75407.165960,724,16635.7,14030.486790,0
1790568060000,0.84240,0.84280,0.84050,0.84080,52718.0,1790568119999,44359.108490,798,28241.1,23768.302170,0
1790568120000,0.84080,0.84230,0.84020,0.84080,58535.7,1790568179999,49246.632500,763,27438.8,23089.957660,0
1790568180000,0.84070,0.84260,0.84020,0.84050,46599.0,1790568239999,39186.420230,628,20597.6,17326.944530,0
1790568240000,0.84060,0.84230,0.83990,0.84040,35389.5,1790568299999,29766.798820,574,20793.3,17492.177870,0
1790568300000,0.84030,0.84230,0.83950,0.84210,44714.2,1790568359999,37602.661990,844,26071.5,21923.519180,0
1790568360000,0.84210,0.84650,0.84210,0.84650,50774.4,1790568419999,42878.961670,893,32274.2,27255.279590,0
1790568420000,0.84640,0.84720,0.84550,0.84680,47574.5,1790568479999,40264.751240,648,24755.8,20952.281350,0
1790568480000,0.84690,0.84900,0.84520,0.84590,66649.3,1790568539999,56446.115730,869,24847.6,21060.934390,0
1790568540000,0.84580,0.84800,0.84570,0.84690,25424.4,1790568599999,21526.698750,501,18325.8,15514.541610,0
1790568600000,0.84690,0.84760,0.84530,0.84700,15474.5,1790568659999,13098.713400,422,7446.0,6304.044760,0
1790568660000,0.84700,0.84700,0.84410,0.84440,17671.3,1790568719999,14943.011370,446,7167.5,6061.859500,0
1790568720000,0.84430,0.84450,0.84190,0.84430,45612.3,1790568779999,38476.174670,744,23488.2,19817.692690,0
1790568780000,0.84430,0.84560,0.84390,0.84470,16158.7,1790568839999,13648.681230,390,8672.6,7327.390820,0
1790568840000,0.84470,0.84560,0.84440,0.84500,23767.2,1790568899999,20081.053070,327,13951.7,11789.837870,0
1790568900000,0.84500,0.84640,0.84340,0.84380,24177.3,1790568959999,20420.327070,511,10858.6,9175.345760,0
1790568960000,0.84380,0.84420,0.83990,0.84070,93852.9,1790569019999,78959.750650,858,56047.6,47137.467940,0
1790569020000,0.84070,0.84520,0.83940,0.84520,58288.7,1790569079999,49057.990230,809,29254.7,24629.818450,0
1790569080000,0.84520,0.84790,0.84520,0.84790,35205.1,1790569139999,29818.456210,551,23574.8,19973.437700,0
1790569140000,0.84790,0.85120,0.84780,0.85080,110034.3,1790569199999,93457.549160,877,80465.3,68340.928680,0
1790569200000,0.85080,0.85230,0.85050,0.85110,36178.0,1790569259999,30806.825990,496,19813.0,16871.965800,0
1790569260000,0.85110,0.85230,0.85010,0.85040,41365.7,1790569319999,35217.995710,657,19081.1,16244.187100,0
1790569320000,0.85040,0.85260,0.84970,0.85250,28198.6,1790569379999,24004.588510,547,20573.8,17515.066160,0
1790569380000,0.85230,0.85850,0.85220,0.85840,204492.2,1790569439999,175120.771790,1621,140763.2,120488.877170,0
1790569440000,0.85830,0.86010,0.85790,0.85960,119067.2,1790569499999,102291.727460,1128,50838.4,43681.884330,0
1790569500000,0.85940,0.86100,0.85880,0.86050,124704.0,1790569559999,107270.847180,1006,71797.5,61749.565730,0
1790569560000,0.86040,0.86040,0.85550,0.85640,145227.9,1790569619999,124480.700420,1139,32626.2,27985.804780,0
1790569620000,0.85640,0.85650,0.85390,0.85400,44908.0,1790569679999,38395.839190,581,16952.5,14498.550770,0
1790569680000,0.85390,0.85440,0.85060,0.85080,63603.0,1790569739999,54222.011280,692,16596.7,14153.070950,0
1790569740000,0.85090,0.85150,0.85020,0.85050,38261.7,1790569799999,32556.095130,464,22376.0,19040.186760,0
1790569800000,0.85030,0.85050,0.84850,0.84880,75527.5,1790569859999,64174.045710,580,18809.3,15986.222870,0
1790569860000,0.84870,0.84970,0.84800,0.84820,36452.6,1790569919999,30946.798130,461,19028.1,16158.181640,0
1790569920000,0.84820,0.84910,0.84790,0.84830,20054.0,1790569979999,17014.075610,306,12101.2,10266.151520,0
1790569980000,0.84820,0.84880,0.84680,0.84710,43540.7,1790570039999,36917.781440,459,16593.7,14069.164080,0
1790570040000,0.84700,0.84740,0.84510,0.84660,38688.5,1790570099999,32724.391280,410,9578.7,8104.583820,0
1790570100000,0.84660,0.84680,0.84520,0.84540,26466.6,1790570159999,22388.954810,310,6511.3,5509.156280,0
1790570160000,0.84540,0.84650,0.84510,0.84520,16131.0,1790570219999,13644.632510,284,9495.6,8030.860250,0
1790570220000,0.84510,0.84590,0.84470,0.84590,14738.8,1790570279999,12457.750650,308,7707.1,6514.811830,0
1790570280000,0.84600,0.84800,0.84530,0.84740,31490.8,1790570339999,26672.458390,454,16111.3,13640.361590,0
1790570340000,0.84730,0.84900,0.84680,0.84740,34932.9,1790570399999,29629.227720,468,20383.7,17289.767550,0
1790570400000,0.84730,0.84810,0.84640,0.84760,27259.2,1790570459999,23099.541780,408,17512.6,14840.890420,0
1790570460000,0.84760,0.84760,0.84650,0.84690,13442.3,1790570519999,11387.240220,196,3835.1,3248.208300,0
1790570520000,0.84680,0.84940,0.84650,0.84940,10534.2,1790570579999,8928.649190,250,7479.0,6339.924090,0
1790570580000,0.84940,0.85040,0.84850,0.84860,16593.9,1790570639999,14101.300400,318,10955.3,9309.998590,0
1790570640000,0.84860,0.84880,0.84820,0.84820,15614.8,1790570699999,13249.915330,201,4618.3,3918.802080,0
1790570700000,0.84830,0.84830,0.84710,0.84750,12715.0,1790570759999,10777.891630,242,5426.3,4599.145940,0
1790570760000,0.84760,0.84840,0.84720,0.84720,15816.5,1790570819999,13411.253490,202,8395.9,7119.908350,0
1790570820000,0.84730,0.84740,0.84650,0.84690,10842.1,1790570879999,9182.093240,181,5643.9,4779.880720,0
1790570880000,0.84680,0.84680,0.84590,0.84620,9282.7,1790570939999,7854.784690,171,2615.1,2212.539000,0
1790570940000,0.84620,0.84620,0.84520,0.84580,25581.6,1790570999999,21637.205300,263,16450.6,13914.862440,0
1790571000000,0.84580,0.84650,0.84530,0.84650,26216.6,1790571059999,22179.706450,289,10346.5,8754.698250,0
1790571060000,0.84640,0.84660,0.84590,0.84610,18979.9,1790571119999,16062.179690,222,9712.2,8219.755100,0
1790571120000,0.84590,0.84820,0.84540,0.84800,34923.9,1790571179999,29574.256820,408,28479.5,24120.744320,0
1790571180000,0.84810,0.84940,0.84770,0.84920,28111.3,1790571239999,23855.825460,299,7467.2,6337.967390,0
1790571240000,0.84910,0.84910,0.84770,0.84780,14319.4,1790571299999,12152.164920,193,7981.2,6774.132420,0
1790571300000,0.84770,0.84830,0.84620,0.84810,37374.8,1790571359999,31676.485710,375,19719.5,16713.995480,0
1790571360000,0.84820,0.84960,0.84790,0.84790,16367.4,1790571419999,13896.663020,311,10403.1,8833.688630,0
1790571420000,0.84790,0.85100,0.84790,0.85100,29667.3,1790571479999,25191.246930,376,22426.6,19046.450760,0
1790571480000,0.85090,0.85110,0.84930,0.84990,10865.9,1790571539999,9238.394720,185,4222.3,3589.154690,0
1790571540000,0.84980,0.84990,0.84860,0.84940,12593.4,1790571599999,10695.960460,239,3688.1,3132.053670,0
1790571600000,0.84940,0.85380,0.84870,0.85360,66502.7,1790571659999,56627.620020,712,48953.4,41696.164920,0
1790571660000,0.85360,0.85460,0.85220,0.85230,50877.2,1790571719999,43417.079980,656,25993.7,22189.509970,0
1790571720000,0.85240,0.85250,0.84970,0.85020,35932.1,1790571779999,30578.457540,504,12075.4,10277.224460,0
1790571780000,0.85010,0.85080,0.84800,0.84850,27956.8,1790571839999,23753.326700,475,11390.8,9680.981610,0
1790571840000,0.84870,0.84870,0.84670,0.84690,16146.8,1790571899999,13684.797430,384,5594.8,4742.587200,0
1790571900000,0.84690,0.84960,0.84630,0.84810,50577.5,1790571959999,42892.195800,603,36130.3,30634.569320,0
1790571960000,0.84810,0.84840,0.84620,0.84640,47742.1,1790572019999,40480.111990,336,5091.4,4314.695510,0
1790572020000,0.84650,0.84670,0.84350,0.84400,63784.8,1790572079999,53886.194820,655,23780.9,20096.282460,0
1790572080000,0.84390,0.84430,0.84240,0.84270,45187.5,1790572139999,38107.076370,378,19705.9,16625.417540,0
1790572140000,0.84260,0.84290,0.84140,0.84170,31013.3,1790572199999,26112.743280,406,15035.2,12661.225230,0
1790572200000,0.84170,0.84230,0.84040,0.84110,38221.2,1790572259999,32151.618010,394,7496.9,6310.938290,0
1790572260000,0.84120,0.84160,0.83950,0.83980,45092.9,1790572319999,37895.145970,419,15979.0,13432.329590,0
1790572320000,0.83970,0.84020,0.83910,0.83920,19579.5,1790572379999,16438.676520,308,7877.8,6615.600970,0
1790572380000,0.83910,0.83910,0.83680,0.83740,64309.5,1790572439999,53885.320790,614,20520.3,17189.954610,0
1790572440000,0.83740,0.83840,0.83530,0.83780,66346.7,1790572499999,55526.095010,731,33375.7,27936.697070,0
1790572500000,0.83780,0.83830,0.83620,0.83650,84294.7,1790572559999,70565.198540,743,18148.2,15197.272720,0
1790572560000,0.83640,0.83670,0.83050,0.83190,293478.2,1790572619999,244386.332760,2183,67265.9,56018.584910,0
1790572620000,0.83210,0.83650,0.83210,0.83650,73022.5,1790572679999,60928.147470,906,51994.5,43379.203620,0
1790572680000,0.83660,0.83660,0.83280,0.83370,93867.6,1790572739999,78283.175520,975,32324.5,26958.692700,0
1790572740000,0.83370,0.83460,0.83150,0.83220,114195.6,1790572799999,95056.813990,865,39885.8,33218.205260,0
1790572800000,0.83220,0.83380,0.83180,0.83300,70685.0,1790572859999,58863.847450,585,26794.8,22309.879860,0
1790572860000,0.83290,0.83290,0.83120,0.83140,42140.8,1790572919999,35056.047000,486,16063.4,13362.714830,0
1790572920000,0.83140,0.83230,0.83090,0.83130,59753.4,1790572979999,49688.429570,658,31360.4,26082.331340,0
1790572980000,0.83150,0.83200,0.82920,0.83020,153849.0,1790573039999,127753.449020,1501,47601.0,39540.019910,0
1790573040000,0.83020,0.83210,0.82970,0.83110,66169.4,1790573099999,54996.358280,870,41772.2,34724.816090,0
1790573100000,0.83100,0.83260,0.83050,0.83150,56668.8,1790573159999,47120.923330,518,25154.7,20923.756040,0
1790573160000,0.83160,0.83250,0.83110,0.83200,50586.6,1790573219999,42077.896600,436,25954.9,21589.963370,0
1790573220000,0.83200,0.83370,0.83130,0.83360,85265.8,1790573279999,70968.073870,678,30661.9,25541.740790,0
1790573280000,0.83360,0.83420,0.83150,0.83180,51316.6,1790573339999,42743.762370,610,28197.1,23489.292140,0
1790573340000,0.83200,0.83210,0.83050,0.83060,28186.3,1790573399999,23424.073160,453,10104.3,8397.119220,0
1790573400000,0.83060,0.83130,0.82960,0.83020,58245.7,1790573459999,48358.856150,787,19674.8,16336.107460,0
1790573460000,0.83020,0.83080,0.82860,0.82860,63394.4,1790573519999,52598.620170,762,23281.3,19321.629630,0
1790573520000,0.82860,0.82890,0.82710,0.82800,104232.6,1790573579999,86292.898010,857,26790.8,22182.167500,0
1790573580000,0.82810,0.82870,0.82520,0.82540,116946.8,1790573639999,96694.505290,991,25447.8,21047.179830,0
1790573640000,0.82550,0.82610,0.82240,0.82360,312867.3,1790573699999,257810.866750,1775,96457.2,79521.707570,0
1790573700000,0.82370,0.82700,0.82370,0.82590,133137.5,1790573759999,109936.219070,1086,100551.0,83020.612380,0
1790573760000,0.82580,0.82660,0.82500,0.82620,45528.2,1790573819999,37598.653090,513,31740.0,26213.886810,0
1790573820000,0.82610,0.82850,0.82500,0.82800,62705.6,1790573879999,51857.276470,562,47406.9,39214.837960,0
1790573880000,0.82800,0.82860,0.82440,0.82520,192501.2,1790573939999,159169.739590,1139,79508.8,65772.023050,0
1790573940000,0.82510,0.82610,0.82430,0.82430,94117.6,1790573999999,77645.264530,924,44527.7,36732.086370,0
1790574000000,0.82450,0.82740,0.82450,0.82740,43470.6,1790574059999,35899.436960,465,31268.0,25822.188160,0
1790574060000,0.82740,0.83120,0.82650,0.83100,89948.4,1790574119999,74532.770800,785,69545.1,57628.732540,0
1790574120000,0.83090,0.83340,0.83030,0.83340,86037.6,1790574179999,71559.448670,927,64453.7,53613.069890,0
1790574180000,0.83340,0.83460,0.83190,0.83460,67426.1,1790574239999,56177.429370,684,32518.6,27099.636140,0
1790574240000,0.83460,0.83810,0.83420,0.83690,100462.0,1790574299999,84076.888820,757,84902.3,71077.495210,0
1790574300000,0.83690,0.83860,0.83410,0.83410,81137.1,1790574359999,67926.256310,894,25682.8,21500.651120,0
1790574360000,0.83400,0.83470,0.83160,0.83320,61373.2,1790574419999,51134.566420,893,24104.4,20087.193840,0
1790574420000,0.83330,0.83610,0.83330,0.83520,40302.8,1790574479999,33671.601250,551,12961.3,10825.693990,0
1790574480000,0.83510,0.83550,0.83140,0.83160,97569.5,1790574539999,81276.793260,913,33795.2,28155.584800,0
1790574540000,0.83150,0.83150,0.83000,0.83130,58383.2,1790574599999,48499.896810,595,34791.7,28903.634290,0
1790574600000,0.83130,0.83200,0.83080,0.83140,17323.0,1790574659999,14400.696630,323,9906.5,8235.376760,0
1790574660000,0.83140,0.83190,0.83060,0.83130,32915.3,1790574719999,27359.107500,488,20606.6,17129.243090,0
1790574720000,0.83130,0.83600,0.83090,0.83500,297694.1,1790574779999,248364.377100,981,268807.3,224273.159620,0
1790574780000,0.83490,0.83520,0.83220,0.83250,56541.3,1790574839999,47165.146050,468,18840.5,15715.844630,0
1790574840000,0.83260,0.83490,0.83260,0.83360,18891.4,1790574899999,15747.734900,329,10525.5,8775.933160,0
1790574900000,0.83340,0.83550,0.83300,0.83540,29073.7,1790574959999,24255.054180,487,19578.2,16337.770890,0
1790574960000,0.83520,0.83760,0.83490,0.83690,16351.6,1790575019999,13675.506980,424,8112.7,6785.589210,0
1790575020000,0.83690,0.83850,0.83670,0.83800,36334.8,1790575079999,30428.239480,541,14689.7,12302.474390,0
1790575080000,0.83780,0.83860,0.83700,0.83850,28874.5,1790575139999,24192.845060,330,18636.6,15615.255550,0
1790575140000,0.83860,0.83930,0.83770,0.83860,15169.7,1790575199999,12722.388070,272,10573.0,8867.307010,0
1790575200000,0.83850,0.83890,0.83690,0.83750,51646.8,1790575259999,43288.671770,401,15609.4,13076.894220,0
1790575260000,0.83730,0.83810,0.83630,0.83810,40543.4,1790575319999,33941.699180,424,24493.7,20505.747870,0
1790575320000,0.83810,0.83830,0.83540,0.83540,31516.6,1790575379999,26365.016140,441,10351.6,8661.038250,0
1790575380000,0.83540,0.83770,0.83450,0.83590,52410.4,1790575439999,43781.542750,698,25039.2,20917.081460,0
1790575440000,0.83580,0.83720,0.83450,0.83500,40534.9,1790575499999,33898.914000,544,28055.5,23467.710250,0
1790575500000,0.83500,0.83690,0.83450,0.83670,19373.8,1790575559999,16181.412610,424,9714.3,8114.597480,0
1790575560000,0.83680,0.83950,0.83660,0.83920,22029.8,1790575619999,18476.226290,486,11407.8,9563.971670,0
1790575620000,0.83910,0.84040,0.83810,0.83920,76381.1,1790575679999,64121.890850,728,32438.0,27240.016970,0
1790575680000,0.83920,0.84150,0.83920,0.84150,39633.8,1790575739999,33290.609100,470,29938.4,25148.749410,0
1790575740000,0.84150,0.84310,0.84150,0.84310,43332.1,1790575799999,36500.025980,492,24022.9,20234.190460,0
1790575800000,0.84320,0.84420,0.84290,0.84360,47845.3,1790575859999,40359.822020,434,27662.4,23336.855730,0
1790575860000,0.84370,0.84670,0.84370,0.84670,62468.8,1790575919999,52808.228010,687,43790.9,37021.892420,0
1790575920000,0.84660,0.84710,0.84540,0.84700,33352.6,1790575979999,28219.125600,450,17717.3,14990.831040,0
1790575980000,0.84710,0.84710,0.84480,0.84480,37714.6,1790576039999,31900.976780,386,10496.5,8878.635410,0
1790576040000,0.84480,0.84510,0.84160,0.84210,45359.6,1790576099999,38251.540930,513,13550.3,11426.788780,0
1790576100000,0.84210,0.84270,0.83970,0.84120,52193.0,1790576159999,43887.007510,627,14884.2,12519.529960,0
1790576160000,0.84110,0.84280,0.84070,0.84240,83345.0,1790576219999,70156.344270,619,28050.2,23608.049010,0
1790576220000,0.84240,0.84250,0.83960,0.83960,25679.4,1790576279999,21589.863240,458,9433.5,7928.556340,0
1790576280000,0.83950,0.83990,0.83840,0.83850,53978.4,1790576339999,45294.729490,606,16027.0,13451.557300,0
1790576340000,0.83840,0.83970,0.83820,0.83850,32145.5,1790576399999,26962.876880,387,22017.0,18467.844400,0
1790576400000,0.83870,0.83960,0.83590,0.83640,90819.6,1790576459999,76054.622600,731,32606.2,27303.144850,0
1790576460000,0.83640,0.83820,0.83590,0.83750,44156.1,1790576519999,36945.091070,528,23647.3,19788.298210,0
1790576520000,0.83750,0.83770,0.83560,0.83660,31047.1,1790576579999,25989.180180,343,17852.4,14945.050770,0
1790576580000,0.83670,0.83720,0.83590,0.83720,46282.3,1790576639999,38707.622910,366,35984.9,30093.957440,0
1790576640000,0.83720,0.83730,0.83530,0.83530,17533.0,1790576699999,14658.702290,312,8001.7,6689.795850,0
1790576700000,0.83530,0.83590,0.83420,0.83480,20002.1,1790576759999,16704.292980,296,6559.4,5477.530210,0
1790576760000,0.83490,0.83670,0.83470,0.83560,17444.1,1790576819999,14578.527770,309,11952.3,9989.315950,0
1790576820000,0.83550,0.83620,0.83440,0.83490,42357.3,1790576879999,35377.182450,468,17749.7,14825.022560,0
1790576880000,0.83490,0.83630,0.83480,0.83590,25026.0,1790576939999,20907.363120,264,14306.7,11952.436680,0
1790576940000,0.83580,0.83590,0.83390,0.83400,20851.4,1790576999999,17411.443760,267,9848.0,8223.944960,0
1790577000000,0.83390,0.83570,0.83290,0.83500,33624.6,1790577059999,28046.988320,423,16442.9,13717.547890,0
1790577060000,0.83490,0.83520,0.83350,0.83490,22484.8,1790577119999,18762.823140,389,14499.7,12100.392920,0
1790577120000,0.83490,0.83650,0.83450,0.83600,25911.2,1790577179999,21643.423170,385,17090.9,14276.960730,0
1790577180000,0.83600,0.83660,0.83520,0.83630,21049.6,1790577239999,17600.465820,329,13027.3,10894.865770,0
1790577240000,0.83620,0.83640,0.83510,0.83600,23685.4,1790577299999,19795.978300,336,15033.9,12565.571490,0
1790577300000,0.83590,0.83630,0.83500,0.83610,15648.1,1790577359999,13074.624350,304,7003.5,5852.409930,0
1790577360000,0.83600,0.83660,0.83480,0.83480,14885.9,1790577419999,12445.096880,288,8025.8,6711.623470,0
1790577420000,0.83470,0.83500,0.83350,0.83360,28493.8,1790577479999,23765.730500,306,5578.4,4652.253420,0
1790577480000,0.83370,0.83420,0.83150,0.83260,91902.8,1790577539999,76518.693080,679,11137.7,9282.091470,0
1790577540000,0.83260,0.83330,0.83260,0.83330,23063.7,1790577599999,19211.637420,185,14379.7,11978.227200,0
1790577600000,0.83340,0.83440,0.83240,0.83330,39900.7,1790577659999,33256.571670,429,19138.0,15953.211200,0
1790577660000,0.83320,0.83430,0.83280,0.83410,23087.6,1790577719999,19246.466680,318,13646.9,11375.759480,0
1790577720000,0.83420,0.83680,0.83410,0.83680,31308.8,1790577779999,26160.080150,397,27096.6,22639.866660,0
1790577780000,0.83680,0.83770,0.83580,0.83600,21985.5,1790577839999,18395.214970,408,8095.9,6774.314500,0
1790577840000,0.83600,0.83600,0.83460,0.83470,26071.9,1790577899999,21780.988670,348,11873.5,9921.702180,0
1790577900000,0.83460,0.83570,0.83390,0.83570,19030.3,1790577959999,15886.838810,391,14066.9,11743.240480,0
1790577960000,0.83570,0.83690,0.83480,0.83480,30001.3,1790578019999,25093.602730,386,23082.5,19310.880020,0
1790578020000,0.83470,0.83470,0.83300,0.83330,19629.7,1790578079999,16364.716940,365,3221.0,2684.655130,0
1790578080000,0.83330,0.83340,0.83180,0.83320,56293.3,1790578139999,46870.173920,491,30529.8,25426.388350,0
1790578140000,0.83320,0.83390,0.83310,0.83360,11643.4,1790578199999,9706.359220,163,7914.7,6597.802170,0
1790578200000,0.83370,0.83370,0.83190,0.83230,15803.8,1790578259999,13157.756350,214,1288.8,1073.497540,0
1790578260000,0.83230,0.83230,0.83080,0.83100,33353.3,1790578319999,27730.635950,312,20982.3,17445.109500,0
1790578320000,0.83100,0.83250,0.83100,0.83230,37950.6,1790578379999,31562.722930,306,31220.8,25965.042320,0
1790578380000,0.83230,0.83440,0.83230,0.83440,16964.7,1790578439999,14134.850080,252,14569.1,12138.522730,0
1790578440000,0.83430,0.83440,0.83270,0.83310,26379.4,1790578499999,21994.341350,297,13169.0,10979.404290,0
1790578500000,0.83320,0.83320,0.83200,0.83210,14068.8,1790578559999,11712.681000,238,7366.2,6132.649660,0
1790578560000,0.83210,0.83210,0.83110,0.83130,15033.7,1790578619999,12499.226530,269,4771.0,3967.347450,0
1790578620000,0.83120,0.83170,0.83080,0.83140,34931.0,1790578679999,29032.402380,293,9812.2,8155.711790,0
1790578680000,0.83160,0.83180,0.83040,0.83110,64817.4,1790578739999,53854.500470,356,10942.7,9097.859670,0
1790578740000,0.83120,0.83220,0.83110,0.83190,14402.8,1790578799999,11978.551590,169,9721.0,8084.851300,0
1790578800000,0.83190,0.83360,0.83080,0.83270,24018.2,1790578859999,19988.099270,528,16967.5,14122.409690,0
1790578860000,0.83270,0.83560,0.83150,0.83560,30342.1,1790578919999,25271.655260,528,23043.1,19196.864860,0
1790578920000,0.83570,0.83650,0.83480,0.83650,27121.2,1790578979999,22672.904630,572,11988.3,10021.651960,0
1790578980000,0.83650,0.83770,0.83540,0.83610,51985.1,1790579039999,43497.289590,589,32272.9,27008.496280,0
1790579040000,0.83610,0.83620,0.83370,0.83520,27731.1,1790579099999,23153.141180,607,12697.1,10603.372840,0
1790579100000,0.83520,0.83520,0.83320,0.83340,31397.3,1790579159999,26188.547640,506,12876.1,10739.404500,0
1790579160000,0.83340,0.83400,0.83270,0.83300,19195.6,1790579219999,15994.233730,333,7828.4,6523.554020,0
1790579220000,0.83310,0.83360,0.83230,0.83280,20947.4,1790579279999,17446.752730,329,8541.1,7113.491310,0
1790579280000,0.83260,0.83330,0.83250,0.83270,31664.2,1790579339999,26373.909810,257,17481.9,14561.471310,0
1790579340000,0.83270,0.83340,0.82700,0.82900,617109.4,1790579399999,512009.515120,1692,77854.6,64599.011390,0
1790579400000,0.82900,0.82980,0.82800,0.82800,58044.8,1790579459999,48124.498810,519,41001.4,34001.222620,0
1790579460000,0.82820,0.82900,0.82730,0.82840,58133.8,1790579519999,48143.953260,462,30421.7,25203.488070,0
1790579520000,0.82840,0.82850,0.82740,0.82750,18983.6,1790579579999,15717.335050,289,11933.2,9880.370870,0
1790579580000,0.82750,0.82780,0.82630,0.82700,180020.8,1790579639999,148926.760190,489,31179.5,25794.300840,0
1790579640000,0.82700,0.82810,0.82700,0.82810,11069.0,1790579699999,9160.466250,216,8422.4,6970.029190,0
1790579700000,0.82810,0.82830,0.82670,0.82740,23071.8,1790579759999,19089.292590,328,12167.8,10068.555800,0
1790579760000,0.82740,0.82870,0.82670,0.82670,61046.8,1790579819999,50543.947900,480,19421.6,16076.008380,0
1790579820000,0.82690,0.82800,0.82630,0.82630,185022.5,1790579879999,153126.534600,461,52627.0,43545.200480,0
1790579880000,0.82630,0.82690,0.82560,0.82640,94028.5,1790579939999,77686.687550,448,67228.8,55546.126450,0
1790579940000,0.82630,0.82710,0.82550,0.82590,31843.1,1790579999999,26312.284850,312,15418.4,12745.221670,0
1790580000000,0.82590,0.82770,0.82570,0.82750,107715.6,1790580059999,89063.896770,465,85986.4,71092.394460,0
1790580060000,0.82750,0.82750,0.82420,0.82570,67033.2,1790580119999,55308.109950,511,13702.2,11308.320890,0
1790580120000,0.82570,0.82580,0.82330,0.82350,50207.8,1790580179999,41391.867760,323,16648.9,13729.899350,0
1790580180000,0.82360,0.82400,0.82090,0.82130,194275.8,1790580239999,159739.325300,911,28228.1,23213.351260,0
1790580240000,0.82120,0.82150,0.81740,0.81800,259529.4,1790580299999,212580.252640,1243,55961.9,45836.045840,0
1790580300000,0.81810,0.82200,0.81810,0.81920,124443.4,1790580359999,101972.935190,941,80420.3,65906.253130,0
1790580360000,0.81930,0.81960,0.81610,0.81710,154845.8,1790580419999,126565.375600,910,39432.4,32240.311500,0
1790580420000,0.81720,0.81790,0.81580,0.81700,123331.1,1790580479999,100750.642050,760,58469.6,47782.672580,0
1790580480000,0.81720,0.81850,0.81620,0.81850,101107.4,1790580539999,82649.161770,728,60716.9,49635.713720,0
1790580540000,0.81860,0.81920,0.81800,0.81910,80242.1,1790580599999,65683.919870,428,38434.3,31469.422350,0
1790580600000,0.81900,0.82010,0.81860,0.81890,53663.7,1790580659999,43960.103960,460,19192.1,15723.712910,0
1790580660000,0.81880,0.81930,0.81730,0.81730,37262.3,1790580719999,30488.520190,434,12830.7,10505.711420,0
1790580720000,0.81760,0.81860,0.81510,0.81630,192662.2,1790580779999,157303.578960,1098,63206.9,51640.030920,0
1790580780000,0.81630,0.81780,0.81600,0.81730,32467.9,1790580839999,26521.817250,399,16957.9,13853.565760,0
1790580840000,0.81730,0.81740,0.81350,0.81600,237574.8,1790580899999,193575.416160,1333,94753.0,77211.952600,0
1790580900000,0.81620,0.81910,0.81600,0.81810,58583.5,1790580959999,47911.866050,694,38845.1,31771.574680,0
1790580960000,0.81810,0.82120,0.81810,0.81880,89736.6,1790581019999,73589.568100,730,71306.8,58481.127850,0
1790581020000,0.81870,0.81990,0.81780,0.81980,53172.4,1790581079999,43544.809310,524,33018.5,27045.868390,0
1790581080000,0.81980,0.81980,0.81750,0.81790,79003.0,1790581139999,64685.714480,549,61882.0,50672.209550,0
1790581140000,0.81790,0.81830,0.81730,0.81760,21358.8,1790581199999,17467.751090,257,13777.4,11267.902620,0
1790581200000,0.81760,0.81980,0.81760,0.81960,26180.3,1790581259999,21427.761880,314,18781.2,15372.336990,0
1790581260000,0.81950,0.81970,0.81750,0.81800,75425.9,1790581319999,61733.194890,553,32192.2,26353.361660,0
1790581320000,0.81790,0.81840,0.81700,0.81720,27926.3,1790581379999,22833.904000,359,7451.6,6094.649930,0
1790581380000,0.81720,0.81750,0.81600,0.81670,85906.3,1790581439999,70168.871340,398,21057.9,17205.568220,0
1790581440000,0.81660,0.81710,0.81590,0.81690,48805.5,1790581499999,39857.800250,382,28417.2,23206.934090,0
1790581500000,0.81690,0.81760,0.81550,0.81580,113740.6,1790581559999,92871.336700,535,31648.1,25845.014650,0
1790581560000,0.81580,0.81690,0.81550,0.81630,68921.7,1790581619999,56233.121520,434,16017.4,13074.557370,0
1790581620000,0.81630,0.81880,0.81600,0.81790,182686.0,1790581679999,149389.018320,601,163141.1,133424.132430,0
1790581680000,0.81780,0.81900,0.81750,0.81870,40375.9,1790581739999,33031.540340,408,21994.9,17990.879170,0
1790581740000,0.81870,0.81950,0.81420,0.81470,177699.3,1790581799999,145027.060480,1015,60311.4,49243.568340,0
1790581800000,0.81470,0.81620,0.81410,0.81620,60124.3,1790581859999,49010.035620,560,41127.7,33531.711030,0
1790581860000,0.81630,0.81940,0.81620,0.81850,227279.9,1790581919999,186032.696560,724,203839.9,166861.384610,0
1790581920000,0.81860,0.81890,0.81600,0.81600,43251.1,1790581979999,35359.892450,434,17733.3,14500.833400,0
1790581980000,0.81610,0.81620,0.81490,0.81540,39790.5,1790582039999,32448.637160,362,21088.0,17198.413930,0
1790582040000,0.81540,0.81730,0.81540,0.81720,106764.7,1790582099999,87192.429240,386,74160.6,60559.343580,0
1790582100000,0.81730,0.82170,0.81720,0.82110,340016.2,1790582159999,278867.877170,1078,277159.6,227381.273210,0
1790582160000,0.82110,0.82110,0.81900,0.81970,56611.8,1790582219999,46431.045590,502,23652.4,19403.566860,0
1790582220000,0.81980,0.82070,0.81720,0.81720,36432.3,1790582279999,29839.090930,432,11977.3,9815.674330,0
1790582280000,0.81720,0.81840,0.81620,0.81720,21086.8,1790582339999,17232.587060,373,6736.6,5505.365270,0
1790582340000,0.81710,0.81740,0.81580,0.81650,55658.0,1790582399999,45448.212820,457,17763.9,14506.452050,0
1790582400000,0.81640,0.81980,0.81600,0.81980,48637.0,1790582459999,39756.247490,571,23963.5,19595.782670,0
1790582460000,0.81980,0.82150,0.81920,0.82060,118855.8,1790582519999,97498.142870,1045,51747.2,42455.524230,0
1790582520000,0.82070,0.82350,0.82070,0.82290,88170.4,1790582579999,72508.996130,757,65197.4,53616.562440,0
1790582580000,0.82300,0.82410,0.82060,0.82140,55003.1,1790582639999,45275.380130,556,34819.0,28672.219050,0
1790582640000,0.82160,0.82210,0.82040,0.82120,23598.4,1790582699999,19379.067760,428,10302.8,8463.747120,0
1790582700000,0.82130,0.82150,0.82000,0.82040,28237.7,1790582759999,23175.270150,423,13412.7,11007.107160,0
1790582760000,0.82040,0.82190,0.81990,0.82100,59016.6,1790582819999,48474.291380,374,10243.2,8412.935390,0
1790582820000,0.82100,0.82300,0.82100,0.82180,30979.2,1790582879999,25468.757590,422,20692.0,17010.275260,0
1790582880000,0.82180,0.82520,0.82180,0.82440,59553.8,1790582939999,49063.140820,571,42495.9,34998.809650,0
1790582940000,0.82430,0.82550,0.82370,0.82540,39617.8,1790582999999,32676.011130,358,15943.1,13149.071980,0
1790583000000,0.82540,0.82670,0.82450,0.82650,58028.6,1790583059999,47892.781630,509,31476.6,25985.283690,0
1790583060000,0.82650,0.82780,0.82470,0.82720,161240.1,1790583119999,133200.668950,760,80566.6,66590.728220,0
1790583120000,0.82710,0.82790,0.82630,0.82740,24513.3,1790583179999,20270.611390,374,10886.9,9003.358560,0
1790583180000,0.82730,0.82740,0.82560,0.82740,30693.5,1790583239999,25371.538390,363,16974.1,14031.616300,0
1790583240000,0.82740,0.82970,0.82710,0.82970,35077.8,1790583299999,29059.626620,332,24723.1,20483.811670,0
1790583300000,0.82970,0.83030,0.82820,0.82950,31032.2,1790583359999,25741.360940,444,19799.0,16424.460460,0
1790583360000,0.82950,0.83090,0.82870,0.83050,29648.5,1790583419999,24600.114990,416,19555.6,16227.238300,0
1790583420000,0.83050,0.83210,0.83010,0.83160,54154.5,1790583479999,45032.546770,496,28719.1,23879.497970,0
1790583480000,0.83160,0.83200,0.82860,0.82910,417768.2,1790583539999,346840.299970,1627,185529.4,154103.776340,0
1790583540000,0.82910,0.82910,0.82760,0.82800,105409.9,1790583599999,87330.933340,621,38379.5,31800.019150,0
1790583600000,0.82800,0.82910,0.82730,0.82830,50326.4,1790583659999,41684.832240,381,28759.0,23819.098780,0
1790583660000,0.82830,0.82970,0.82830,0.82860,19339.8,1790583719999,16031.064180,263,11671.3,9674.112110,0
1790583720000,0.82860,0.82860,0.82710,0.82780,37381.8,1790583779999,30938.910980,356,14413.4,11925.481690,0
1790583780000,0.82770,0.82870,0.82670,0.82710,41516.0,1790583839999,34371.725950,357,20845.8,17264.457950,0
1790583840000,0.82710,0.82720,0.82550,0.82610,19013.5,1790583899999,15710.470930,314,8906.3,7359.303400,0
1790583900000,0.82620,0.82740,0.82620,0.82700,27077.0,1790583959999,22392.353910,336,11202.4,9264.196890,0
1790583960000,0.82710,0.82940,0.82710,0.82910,33485.1,1790584019999,27740.388400,463,23561.6,19519.041670,0
1790584020000,0.82880,0.82910,0.82510,0.82520,44111.9,1790584079999,36445.973250,557,8926.6,7371.740030,0
1790584080000,0.82520,0.82640,0.82500,0.82580,62520.2,1790584139999,51631.028060,382,42236.2,34882.523070,0
1790584140000,0.82610,0.82720,0.82610,0.82720,24081.1,1790584199999,19907.865940,308,9616.6,7949.999020,0
1790584200000,0.82730,0.82810,0.82570,0.82590,32798.6,1790584259999,27112.699510,389,12544.7,10367.172930,0
1790584260000,0.82590,0.82640,0.82460,0.82610,42070.0,1790584319999,34728.224990,389,18689.5,15428.527860,0
1790584320000,0.82590,0.82640,0.82500,0.82540,21461.4,1790584379999,17719.578510,264,10858.0,8965.216840,0
1790584380000,0.82530,0.82580,0.82440,0.82480,36828.9,1790584439999,30390.167430,390,15384.7,12697.987330,0
1790584440000,0.82460,0.82530,0.82400,0.82520,34462.4,1790584499999,28408.565550,318,14087.4,11615.014610,0
1790584500000,0.82520,0.82520,0.82390,0.82430,70307.3,1790584559999,57947.044080,313,5741.4,4733.438210,0
1790584560000,0.82430,0.82440,0.82330,0.82410,22837.5,1790584619999,18819.576220,332,11990.6,9881.985290,0
1790584620000,0.82410,0.82410,0.82250,0.82320,32454.5,1790584679999,26714.612550,364,11084.4,9126.557770,0
1790584680000,0.82300,0.82510,0.82190,0.82470,44033.3,1790584739999,36254.915040,528,22687.8,18685.918850,0
1790584740000,0.82460,0.82460,0.82240,0.82360,16031.8,1790584799999,13201.390260,294,5107.2,4205.818870,0
1790584800000,0.82370,0.82580,0.82330,0.82410,120546.9,1790584859999,99390.343140,724,82307.8,67854.420980,0
1790584860000,0.82390,0.82460,0.82320,0.82430,21468.5,1790584919999,17688.631060,277,12944.1,10666.761580,0
1790584920000,0.82440,0.82480,0.82310,0.82370,23868.6,1790584979999,19670.401690,315,8680.5,7153.614040,0
1790584980000,0.82390,0.82450,0.82360,0.82420,11930.0,1790585039999,9829.900040,168,7477.1,6161.033860,0
1790585040000,0.82420,0.82510,0.82420,0.82480,20536.3,1790585099999,16940.011450,183,5599.1,4619.000790,0
1790585100000,0.82470,0.82470,0.82400,0.82420,4966.1,1790585159999,4093.267620,113,3794.5,3127.520070,0
1790585160000,0.82420,0.82610,0.82380,0.82570,33812.4,1790585219999,27911.122020,365,29416.7,24285.325380,0
1790585220000,0.82580,0.82630,0.82480,0.82560,9430.3,1790585279999,7785.875170,208,4594.6,3792.536010,0
1790585280000,0.82560,0.82570,0.82430,0.82430,11854.0,1790585339999,9777.881620,264,6558.3,5408.895370,0
1790585340000,0.82430,0.82510,0.82410,0.82440,25498.3,1790585399999,21024.649310,217,16805.4,13856.118140,0
1790585400000,0.82440,0.82560,0.82440,0.82530,16962.7,1790585459999,13995.231170,197,9493.5,7831.921210,0
1790585460000,0.82520,0.82850,0.82510,0.82810,28542.9,1790585519999,23602.656210,356,19370.2,16023.093330,0
1790585520000,0.82820,0.82820,0.82650,0.82710,24625.6,1790585579999,20373.335330,244,11689.7,9667.410970,0
1790585580000,0.82720,0.82850,0.82710,0.82840,17828.1,1790585639999,14754.893840,258,13337.2,11037.747460,0
1790585640000,0.82830,0.82910,0.82740,0.82750,22041.9,1790585699999,18257.768410,294,17153.1,14208.919040,0
1790585700000,0.82740,0.82790,0.82620,0.82690,25006.0,1790585759999,20676.119240,420,9036.5,7471.526010,0
1790585760000,0.82690,0.82790,0.82620,0.82700,26238.5,1790585819999,21701.037850,336,12096.5,10006.200190,0
1790585820000,0.82690,0.82760,0.82670,0.82740,21719.0,1790585879999,17966.100580,275,10913.0,9027.188630,0
1790585880000,0.82730,0.82740,0.82510,0.82580,14486.0,1790585939999,11966.433630,275,6508.3,5376.852510,0
1790585940000,0.82580,0.82610,0.82560,0.82570,5863.7,1790585999999,4842.568370,142,1878.9,1551.731510,0
1790586000000,0.82570,0.82680,0.82380,0.82540,234555.5,1790586059999,193499.826240,980,44831.2,37006.598390,0
1790586060000,0.82550,0.82560,0.82240,0.82280,31057.8,1790586119999,25598.400470,413,7588.3,6253.017920,0
1790586120000,0.82270,0.82270,0.81830,0.81840,130907.6,1790586179999,107366.887150,876,22296.6,18301.453150,0
1790586180000,0.81830,0.81880,0.81530,0.81610,129323.7,1790586239999,105623.939480,851,33127.6,27066.426220,0
1790586240000,0.81590,0.81790,0.81500,0.81760,151695.7,1790586299999,123813.297550,1024,50983.3,41641.944330,0
1790586300000,0.81760,0.81850,0.81490,0.81700,106577.8,1790586359999,87049.681010,744,66130.5,54028.612750,0
1790586360000,0.81690,0.81690,0.81490,0.81510,54097.0,1790586419999,44136.902730,598,25180.7,20549.148490,0
1790586420000,0.81520,0.81870,0.81470,0.81640,85816.9,1790586479999,70109.641010,782,34345.5,28057.031130,0
1790586480000,0.81640,0.81830,0.81570,0.81700,116175.6,1790586539999,94974.761960,823,88248.5,72160.401780,0
1790586540000,0.81700,0.81740,0.81240,0.81390,326795.8,1790586599999,265961.756520,1195,55344.2,45074.902750,0
1790586600000,0.81390,0.81520,0.80720,0.81260,1469401.0,1790586659999,1191206.708490,3778,398760.3,323434.444810,0
1790586660000,0.81270,0.81470,0.81240,0.81380,111216.7,1790586719999,90495.886720,673,43562.9,35448.402850,0
1790586720000,0.81380,0.81590,0.81380,0.81550,71534.5,1790586779999,58319.866240,506,46907.6,38237.752940,0
1790586780000,0.81540,0.81730,0.81380,0.81730,62563.3,1790586839999,51011.516410,549,40809.6,33279.671890,0
1790586840000,0.81730,0.81960,0.81730,0.81930,34826.8,1790586899999,28510.331180,394,26420.8,21624.577530,0
1790586900000,0.81920,0.82470,0.81910,0.82440,87170.9,1790586959999,71673.059880,714,67050.0,55131.541000,0
1790586960000,0.82440,0.82590,0.82150,0.82200,80932.5,1790587019999,66685.318180,715,45427.7,37443.129110,0
1790587020000,0.82190,0.82290,0.82040,0.82250,42826.9,1790587079999,35189.071910,558,14488.5,11904.302130,0
1790587080000,0.82260,0.82350,0.82160,0.82260,19842.1,1790587139999,16321.364440,344,9110.5,7492.996470,0
1790587140000,0.82250,0.82540,0.82240,0.82400,33107.9,1790587199999,27296.176200,450,15812.0,13035.170380,0
1790587200000,0.82390,0.82450,0.82220,0.82250,53814.2,1790587259999,44314.804110,561,17585.0,14481.548330,0
1790587260000,0.82240,0.82530,0.82230,0.82450,31284.2,1790587319999,25790.640670,416,21298.8,17560.214590,0
1790587320000,0.82450,0.82490,0.81980,0.82060,179000.6,1790587379999,146984.717970,998,65655.4,53911.559960,0
1790587380000,0.82070,0.82090,0.81930,0.81940,37769.2,1790587439999,30971.513510,290,13993.5,11477.612420,0
1790587440000,0.81940,0.81940,0.81770,0.81790,37751.0,1790587499999,30894.186740,407,8513.8,6966.184250,0
1790587500000,0.81790,0.82040,0.81720,0.81950,160741.9,1790587559999,131713.227100,728,131423.5,107683.378780,0
1790587560000,0.81950,0.81960,0.81830,0.81850,23390.1,1790587619999,19157.341100,238,9412.7,7708.331290,0
1790587620000,0.81850,0.81860,0.81700,0.81780,28275.6,1790587679999,23121.624920,303,7811.7,6389.956870,0
1790587680000,0.81780,0.81880,0.81710,0.81850,68160.2,1790587739999,55747.040580,473,43182.0,35321.286080,0
1790587740000,0.81850,0.81870,0.81700,0.81770,54777.3,1790587799999,44810.581650,434,33245.4,27197.592860,0
1790587800000,0.81760,0.81840,0.81720,0.81810,28781.9,1790587859999,23540.180700,348,17728.3,14499.391180,0
1790587860000,0.81820,0.81820,0.81650,0.81650,17744.4,1790587919999,14501.081830,259,5400.2,4412.571030,0
1790587920000,0.81660,0.81780,0.81660,0.81740,19748.0,1790587979999,16139.530900,244,11008.7,8995.457230,0
1790587980000,0.81730,0.81740,0.81660,0.81710,13021.5,1790588039999,10639.818300,198,3719.0,3038.238110,0
1790588040000,0.81700,0.81760,0.81560,0.81600,32193.2,1790588099999,26277.429300,313,11585.4,9462.352010,0
1790588100000,0.81580,0.81620,0.81500,0.81620,22897.3,1790588159999,18677.541520,261,7165.4,5844.301860,0
1790588160000,0.81610,0.81690,0.81470,0.81560,24758.2,1790588219999,20190.977710,306,8817.6,7193.811610,0
1790588220000,0.81560,0.81610,0.81500,0.81570,28796.2,1790588279999,23488.933580,318,16676.2,13602.190830,0
1790588280000,0.81570,0.81620,0.81430,0.81480,29126.7,1790588339999,23746.371620,303,10199.2,8319.736290,0
1790588340000,0.81480,0.81580,0.81420,0.81440,34701.9,1790588399999,28279.267070,317,9918.2,8083.688570,0
1790588400000,0.81420,0.81510,0.81400,0.81500,40444.1,1790588459999,32940.682110,335,25952.0,21138.383930,0
1790588460000,0.81490,0.81590,0.81460,0.81590,27686.9,1790588519999,22570.356990,259,22561.3,18392.933040,0
1790588520000,0.81580,0.81580,0.81400,0.81540,50511.9,1790588579999,41135.891990,296,7312.1,5957.047750,0
1790588580000,0.81550,0.81600,0.81340,0.81360,34786.6,1790588639999,28346.162160,311,19312.9,15743.773780,0
1790588640000,0.81360,0.81380,0.81100,0.81160,85379.6,1790588699999,69353.174150,703,35472.5,28807.320700,0
1790588700000,0.81190,0.81430,0.81190,0.81320,49012.0,1790588759999,39864.784050,406,36063.7,29329.675210,0
1790588760000,0.81320,0.81360,0.81200,0.81300,17117.0,1790588819999,13912.747770,331,11193.1,9098.765010,0
1790588820000,0.81300,0.81450,0.81290,0.81370,29705.0,1790588879999,24172.048780,288,22541.0,18340.989230,0
1790588880000,0.81370,0.81500,0.81370,0.81480,8488.2,1790588939999,6913.470960,200,6426.3,5234.067850,0
1790588940000,0.81480,0.81590,0.81470,0.81560,35452.4,1790588999999,28902.246740,280,17073.8,13918.690240,0
1790589000000,0.81550,0.81710,0.81500,0.81660,24699.1,1790589059999,20159.065160,406,16786.1,13699.974100,0
1790589060000,0.81650,0.81660,0.81530,0.81620,10964.4,1790589119999,8943.197530,184,6447.7,5258.644230,0
1790589120000,0.81620,0.81640,0.81380,0.81380,14463.9,1790589179999,11788.398210,239,6560.2,5346.911130,0
1790589180000,0.81380,0.81390,0.81150,0.81220,38111.7,1790589239999,30971.133460,404,8778.6,7135.523230,0
1790589240000,0.81220,0.81280,0.81070,0.81100,59154.3,1790589299999,48030.351200,440,27810.1,22592.614270,0
1790589300000,0.81110,0.81170,0.81050,0.81120,53432.2,1790589359999,43339.496020,369,28404.5,23040.818410,0
1790589360000,0.81120,0.81250,0.81060,0.81210,23334.8,1790589419999,18937.262490,283,18728.5,15200.150830,0
1790589420000,0.81210,0.81290,0.81190,0.81280,6912.1,1790589479999,5615.557010,165,5534.5,4496.493170,0
1790589480000,0.81280,0.81320,0.81240,0.81290,6827.5,1790589539999,5549.527900,148,5389.5,4380.867750,0
1790589540000,0.81300,0.81320,0.81180,0.81260,26611.7,1790589599999,21616.253660,277,6114.0,4968.052770,0
1790589600000,0.81270,0.81640,0.81270,0.81640,46306.6,1790589659999,37748.497690,533,37237.5,30357.941490,0
1790589660000,0.81620,0.81700,0.81500,0.81650,186303.4,1790589719999,152049.955540,716,137309.4,112088.065170,0
1790589720000,0.81660,0.81870,0.81660,0.81800,55666.2,1790589779999,45523.113050,516,30924.8,25287.098400,0
1790589780000,0.81810,0.81910,0.81610,0.81740,339725.0,1790589839999,277704.517890,1592,71241.5,58265.529620,0
1790589840000,0.81740,0.81840,0.81700,0.81770,59779.4,1790589899999,48877.313860,607,29268.0,23931.997890,0
1790589900000,0.81760,0.81800,0.81500,0.81520,38034.3,1790589959999,31044.280120,408,15036.9,12276.294310,0
1790589960000,0.81510,0.81540,0.81420,0.81530,29054.1,1790590019999,23672.356860,289,8751.1,7129.335480,0
1790590020000,0.81520,0.81590,0.81350,0.81540,31323.5,1790590079999,25541.232640,449,21706.6,17703.229000,0
1790590080000,0.81540,0.81620,0.81460,0.81500,40377.0,1790590139999,32922.555860,348,23772.5,19384.554820,0
1790590140000,0.81490,0.81650,0.81480,0.81560,42844.6,1790590199999,34944.916670,328,31922.0,26035.110790,0
1790590200000,0.81560,0.81640,0.81500,0.81500,16039.8,1790590259999,13086.031350,217,7957.3,6492.710910,0
1790590260000,0.81490,0.81550,0.81390,0.81510,15905.8,1790590319999,12962.542000,294,6265.2,5106.283840,0
1790590320000,0.81510,0.81640,0.81440,0.81480,28193.9,1790590379999,22993.326270,369,21230.9,17318.742060,0
1790590380000,0.81480,0.81590,0.81440,0.81540,13800.5,1790590439999,11250.745640,221,6924.5,5644.546390,0
1790590440000,0.81540,0.81640,0.81480,0.81640,21598.5,1790590499999,17614.811180,193,15355.9,12526.340130,0
1790590500000,0.81640,0.81880,0.81640,0.81860,26155.6,1790590559999,21389.880520,421,20720.7,16942.939010,0
1790590560000,0.81850,0.81960,0.81790,0.81960,34714.0,1790590619999,28412.233420,359,13217.5,10820.327010,0
1790590620000,0.81940,0.81990,0.81880,0.81890,45062.2,1790590679999,36919.890940,399,21082.4,17274.956280,0
1790590680000,0.81880,0.82000,0.81780,0.81890,16380.3,1790590739999,13416.557420,365,5255.8,4305.785160,0
1790590740000,0.81880,0.82030,0.81850,0.81850,55512.3,1790590799999,45501.850780,441,45643.7,37414.525260,0
1790590800000,0.81850,0.81850,0.81730,0.81820,20940.6,1790590859999,17127.938970,309,7976.4,6523.834930,0
1790590860000,0.81810,0.81870,0.81800,0.81840,6301.3,1790590919999,5156.640800,165,2454.1,2008.161020,0
1790590920000,0.81840,0.81960,0.81840,0.81860,12499.7,1790590979999,10236.664800,280,7395.9,6057.002020,0
1790590980000,0.81850,0.82040,0.81830,0.82040,45622.8,1790591039999,37374.052670,391,38370.0,31431.743940,0
1790591040000,0.82030,0.82370,0.82000,0.82350,71390.9,1790591099999,58708.621180,640,38151.2,31365.634890,0
1790591100000,0.82340,0.82550,0.82300,0.82540,29109.1,1790591159999,23999.285470,389,17421.9,14363.753810,0
1790591160000,0.82540,0.82670,0.82520,0.82620,24331.6,1790591219999,20096.831050,366,15074.2,12450.884680,0
1790591220000,0.82610,0.82610,0.82240,0.82330,46279.6,1790591279999,38128.346410,497,7631.8,6283.831330,0
1790591280000,0.82320,0.82410,0.82250,0.82410,33697.3,1790591339999,27755.101410,341,21702.1,17878.573600,0
1790591340000,0.82410,0.82410,0.82260,0.82410,36674.0,1790591399999,30196.783070,342,12646.4,10416.318620,0
1790591400000,0.82410,0.82650,0.82360,0.82450,141305.1,1790591459999,116651.637810,842,117938.9,97373.674270,0
1790591460000,0.82450,0.82730,0.82420,0.82730,20822.6,1790591519999,17195.686260,294,18866.8,15580.853770,0
1790591520000,0.82730,0.82730,0.82480,0.82590,38187.2,1790591579999,31540.539910,466,11434.7,9441.553430,0
1790591580000,0.82590,0.82630,0.82520,0.82620,17901.2,1790591639999,14783.218110,242,12156.2,10038.990610,0
1790591640000,0.82630,0.82670,0.82530,0.82610,23987.0,1790591699999,19809.134410,330,11991.2,9901.409260,0
1790591700000,0.82610,0.82810,0.82580,0.82810,30156.2,1790591759999,24948.857400,291,20570.9,17020.612480,0
1790591760000,0.82800,0.82860,0.82680,0.82720,32334.4,1790591819999,26763.882170,326,14529.7,12027.510910,0
1790591820000,0.82720,0.82790,0.82680,0.82760,14359.8,1790591879999,11881.078300,257,6353.4,5257.617260,0
1790591880000,0.82750,0.82860,0.82650,0.82850,20900.7,1790591939999,17298.345380,288,10763.6,8908.829420,0
1790591940000,0.82850,0.82950,0.82820,0.82930,46076.9,1790591999999,38192.361820,430,26120.3,21651.157590,0
1790592000000,0.82930,0.82930,0.82770,0.82770,28133.7,1790592059999,23314.449070,337,9096.2,7538.495330,0
1790592060000,0.82760,0.82840,0.82700,0.82740,28060.8,1790592119999,23226.127680,343,12604.5,10433.337200,0
1790592120000,0.82730,0.82750,0.82630,0.82680,28000.4,1790592179999,23155.678020,377,7787.4,6440.973010,0
1790592180000,0.82680,0.82740,0.82620,0.82710,24321.7,1790592239999,20108.430050,290,8404.8,6949.818340,0
1790592240000,0.82710,0.82770,0.82650,0.82730,18436.0,1790592299999,15249.494870,171,3795.9,3139.536120,0
1790592300000,0.82720,0.82720,0.82620,0.82620,11247.7,1790592359999,9298.082410,196,2396.9,1981.354370,0
1790592360000,0.82620,0.82760,0.82600,0.82690,26718.7,1790592419999,22095.338650,295,17032.9,14086.783630,0
1790592420000,0.82700,0.82710,0.82530,0.82600,17886.3,1790592479999,14777.075740,288,4031.7,3332.014870,0
1790592480000,0.82590,0.82590,0.82430,0.82450,16746.4,1790592539999,13817.754760,292,3670.5,3029.622570,0
1790592540000,0.82450,0.82470,0.82330,0.82370,54956.3,1790592599999,45269.781870,485,7355.7,6062.136820,0
1790592600000,0.82360,0.82390,0.82320,0.82340,12265.9,1790592659999,10102.023840,207,5423.9,4467.020090,0
1790592660000,0.82340,0.82390,0.82260,0.82300,13249.1,1790592719999,10907.141040,280,3132.6,2579.187790,0
1790592720000,0.82310,0.82540,0.82260,0.82510,58358.2,1790592779999,48081.208700,565,37673.9,31041.879010,0
1790592780000,0.82480,0.82480,0.82320,0.82330,30074.8,1790592839999,24783.159370,278,21767.8,17940.255070,0
1790592840000,0.82320,0.82340,0.82240,0.82300,11491.0,1790592899999,9456.839750,230,5152.5,4240.750480,0
1790592900000,0.82290,0.82290,0.82120,0.82240,21636.6,1790592959999,17783.600880,299,7934.9,6522.970360,0
1790592960000,0.82250,0.82260,0.82170,0.82220,11294.4,1790593019999,9285.401140,245,5036.9,4140.820800,0
1790593020000,0.82210,0.82280,0.82190,0.82210,11509.0,1790593079999,9463.341610,192,7485.5,6155.312180,0
1790593080000,0.82210,0.82210,0.82070,0.82090,23960.2,1790593139999,19677.526930,218,5431.6,4461.503030,0
1790593140000,0.82100,0.82140,0.82060,0.82110,19553.3,1790593199999,16053.588040,196,11670.8,9583.026730,0
1790593200000,0.82110,0.82410,0.81990,0.82340,108471.2,1790593259999,89237.455350,1104,74770.9,61526.784050,0
1790593260000,0.82340,0.82560,0.82250,0.82260,82644.0,1790593319999,68105.584230,936,54488.2,44904.862670,0
1790593320000,0.82270,0.82300,0.82170,0.82290,30129.7,1790593379999,24773.159030,479,15944.0,13108.811890,0
1790593380000,0.82270,0.82370,0.82180,0.82250,41584.0,1790593439999,34213.770510,431,22017.3,18113.717590,0
1790593440000,0.82250,0.82280,0.82050,0.82280,24202.7,1790593499999,19881.512530,436,9736.2,7999.307350,0
1790593500000,0.82290,0.82300,0.82160,0.82250,26978.6,1790593559999,22190.570340,324,14029.3,11541.666220,0
1790593560000,0.82240,0.82400,0.82200,0.82330,22539.0,1790593619999,18554.705170,405,14358.3,11821.409110,0
1790593620000,0.82320,0.82390,0.82230,0.82300,35496.4,1790593679999,29210.913610,368,23241.9,19127.050000,0
1790593680000,0.82290,0.82320,0.82170,0.82190,52107.3,1790593739999,42855.070590,543,31025.9,25519.232180,0
1790593740000,0.82200,0.82200,0.82080,0.82130,40662.3,1790593799999,33397.580930,403,16821.5,13815.550740,0
1790593800000,0.82120,0.82120,0.82040,0.82040,8892.6,1790593859999,7299.093920,138,3759.4,3085.699490,0
1790593860000,0.82040,0.82040,0.81950,0.81980,11545.0,1790593919999,9467.335660,223,4335.8,3555.414000,0
1790593920000,0.81980,0.82030,0.81960,0.82010,27609.8,1790593979999,22636.518100,215,4410.5,3616.584560,0
1790593980000,0.82000,0.82060,0.81920,0.81960,24400.0,1790594039999,20010.232640,321,18331.9,15034.292800,0
1790594040000,0.81950,0.81980,0.81930,0.81960,10814.8,1790594099999,8863.667280,123,8054.7,6601.463460,0
1790594100000,0.81950,0.82190,0.81920,0.82130,33255.7,1790594159999,27303.121070,416,24433.5,20059.375680,0
1790594160000,0.82110,0.82330,0.82020,0.82160,66890.2,1790594219999,54942.779970,792,36649.3,30107.352990,0
1790594220000,0.82150,0.82390,0.82120,0.82330,43808.4,1790594279999,36049.850560,618,30938.9,25459.391670,0
1790594280000,0.82310,0.82430,0.82170,0.82170,30862.0,1790594339999,25402.048070,374,6482.2,5340.266130,0
1790594340000,0.82170,0.82210,0.82060,0.82150,20046.4,1790594399999,16461.970070,309,6405.5,5261.659890,0
1790594400000,0.82150,0.82220,0.82000,0.82210,69597.1,1790594459999,57122.704780,495,31593.7,25935.903570,0
1790594460000,0.82200,0.82240,0.82020,0.82110,79495.2,1790594519999,65266.968250,518,18565.0,15247.541900,0
1790594520000,0.82100,0.82350,0.82060,0.82210,26221.7,1790594579999,21554.035000,503,16165.5,13287.595610,0
1790594580000,0.82200,0.82450,0.82160,0.82420,60712.1,1790594639999,49965.473020,515,48187.7,39663.535650,0
1790594640000,0.82410,0.82450,0.82300,0.82370,21458.4,1790594699999,17675.606000,291,3764.7,3100.772750,0
1790594700000,0.82360,0.82420,0.82250,0.82250,23635.9,1790594759999,19459.619700,307,7307.5,6018.116190,0
1790594760000,0.82240,0.82340,0.82200,0.82230,32176.4,1790594819999,26462.794870,421,17198.2,14144.795110,0
1790594820000,0.82230,0.82230,0.82140,0.82170,17471.9,1790594879999,14358.597170,220,7574.4,6225.090510,0
1790594880000,0.82170,0.82290,0.82150,0.82270,17840.4,1790594939999,14671.689460,230,13862.9,11401.418700,0
1790594940000,0.82270,0.82300,0.82220,0.82220,25799.8,1790594999999,21218.272710,223,5527.5,4546.881480,0
1790595000000,0.82220,0.82230,0.82140,0.82160,12595.8,1790595059999,10351.889470,216,4181.1,3436.409120,0
1790595060000,0.82150,0.82300,0.82150,0.82300,9006.6,1790595119999,7405.652060,220,5350.1,4400.135170,0
1790595120000,0.82280,0.82280,0.82210,0.82210,15236.9,1790595179999,12530.146250,222,6747.4,5549.247680,0
1790595180000,0.82210,0.82280,0.82160,0.82280,46928.3,1790595239999,38581.995140,376,42481.0,34925.419440,0
1790595240000,0.82270,0.82270,0.82160,0.82250,15930.1,1790595299999,13094.989650,307,5904.4,4852.869700,0
1790595300000,0.82250,0.82360,0.82230,0.82330,13768.7,1790595359999,11333.556130,205,8310.2,6840.166740,0
1790595360000,0.82340,0.82350,0.82250,0.82280,24405.1,1790595419999,20088.944130,266,12600.6,10372.647790,0
1790595420000,0.82280,0.82410,0.82260,0.82400,12890.5,1790595479999,10612.307610,234,10281.3,8465.436550,0
1790595480000,0.82380,0.82380,0.82320,0.82320,16804.0,1790595539999,13836.552680,202,7007.5,5770.514830,0
1790595540000,0.82310,0.82360,0.82290,0.82290,15755.4,1790595599999,12970.258920,173,5183.7,4267.566730,0
1790595600000,0.82290,0.82340,0.82210,0.82330,26372.6,1790595659999,21696.075190,238,11024.4,9068.684940,0
1790595660000,0.82330,0.82390,0.82300,0.82340,10176.2,1790595719999,8379.386490,157,4366.8,3595.476680,0
1790595720000,0.82340,0.82360,0.82230,0.82280,17838.6,1790595779999,14676.432830,230,6114.8,5031.373190,0
1790595780000,0.82270,0.82380,0.82240,0.82320,17857.3,1790595839999,14698.913970,202,12811.3,10546.004020,0
1790595840000,0.82320,0.82320,0.82230,0.82230,18619.3,1790595899999,15316.157630,223,6756.4,5557.884370,0
1790595900000,0.82220,0.82250,0.82200,0.82230,11119.5,1790595959999,9142.902080,126,2171.1,1785.396290,0
1790595960000,0.82220,0.82220,0.82100,0.82130,7559.2,1790596019999,6211.039990,191,2246.1,1845.132340,0
1790596020000,0.82120,0.82120,0.81950,0.81970,55830.3,1790596079999,45795.975650,370,3171.0,2602.275460,0
1790596080000,0.81980,0.81990,0.81930,0.81940,16928.4,1790596139999,13871.700780,133,11338.9,9291.294380,0
1790596140000,0.81940,0.81970,0.81910,0.81910,14041.8,1790596199999,11505.251750,126,1942.4,1591.453810,0
1790596200000,0.81910,0.82010,0.81910,0.81970,9241.4,1790596259999,7573.427540,119,1767.5,1448.702740,0
1790596260000,0.81980,0.82030,0.81970,0.82000,2887.5,1790596319999,2367.728010,90,1422.5,1166.344560,0
1790596320000,0.82000,0.82100,0.81940,0.81940,12648.0,1790596379999,10372.961460,231,5887.8,4827.845600,0
1790596380000,0.81930,0.81960,0.81860,0.81870,15471.8,1790596439999,12671.751320,206,4806.0,3936.800110,0
1790596440000,0.81870,0.81880,0.81790,0.81840,16123.7,1790596499999,13191.974640,182,2168.6,1774.884100,0
1790596500000,0.81830,0.81980,0.81790,0.81970,13553.4,1790596559999,11096.754830,214,9228.3,7556.998650,0
1790596560000,0.81980,0.82140,0.81980,0.82030,35587.6,1790596619999,29212.822270,319,27441.8,22528.432540,0
1790596620000,0.82030,0.82190,0.82030,0.82190,14283.7,1790596679999,11729.227710,256,8903.1,7310.690720,0
1790596680000,0.82180,0.82340,0.82160,0.82320,23960.6,1790596739999,19711.182650,386,11482.6,9446.679360,0
1790596740000,0.82320,0.82390,0.82270,0.82370,40033.2,1790596799999,32956.098830,330,23035.7,18966.032060,0
1790596800000,0.82370,0.82400,0.82250,0.82340,74059.2,1790596859999,60975.074390,637,58870.0,48470.476170,0
1790596860000,0.82340,0.82380,0.82120,0.82310,20984.6,1790596919999,17258.223850,397,8473.1,6968.067340,0
1790596920000,0.82310,0.82320,0.82030,0.82200,53723.6,1790596979999,44139.788900,633,19367.6,15908.904960,0
1790596980000,0.82200,0.82240,0.82040,0.82240,28365.6,1790597039999,23300.148330,301,12242.3,10056.868070,0
1790597040000,0.82240,0.82650,0.82190,0.82630,150297.1,1790597099999,123872.552630,1336,110067.8,90718.307310,0
1790597100000,0.82650,0.83080,0.82650,0.82990,70677.3,1790597159999,58575.905170,741,44555.0,36912.132900,0
1790597160000,0.83000,0.83560,0.83000,0.83440,195544.2,1790597219999,163068.661400,1212,78858.6,65739.810250,0
1790597220000,0.83440,0.83600,0.83270,0.83590,114253.4,1790597279999,95363.057630,1130,55744.5,46553.776240,0
1790597280000,0.83600,0.83700,0.83330,0.83560,168462.2,1790597339999,140668.194230,1097,78176.0,65300.249400,0
1790597340000,0.83560,0.83630,0.83350,0.83630,134126.2,1790597399999,111950.970430,901,39191.5,32727.654880,0
1790597400000,0.83640,0.83760,0.83480,0.83490,163164.8,1790597459999,136517.960860,837,73656.3,61653.280660,0
1790597460000,0.83500,0.83530,0.83340,0.83350,46798.9,1790597519999,39041.707280,478,15621.0,13033.956220,0
1790597520000,0.83350,0.83380,0.83160,0.83240,32373.9,1790597579999,26958.273620,417,10678.6,8889.365820,0
1790597580000,0.83240,0.83310,0.83170,0.83210,13600.0,1790597639999,11317.678990,197,7117.0,5922.342310,0
1790597640000,0.83220,0.83340,0.83170,0.83320,33013.4,1790597699999,27471.002060,298,4675.0,3890.898550,0
1790597700000,0.83320,0.83490,0.83300,0.83410,30643.6,1790597759999,25551.149870,356,16751.1,13970.151620,0
1790597760000,0.83410,0.83780,0.83380,0.83750,38530.4,1790597819999,32199.104670,499,19390.1,16202.242970,0
1790597820000,0.83760,0.83840,0.83660,0.83730,34762.2,1790597879999,29115.847360,464,24148.2,20226.776190,0
1790597880000,0.83740,0.83920,0.83660,0.83740,55568.7,1790597939999,46566.918170,540,24102.0,20193.842680,0
1790597940000,0.83730,0.83910,0.83730,0.83870,33713.8,1790597999999,28262.733770,471,19012.6,15936.380550,0
1790598000000,0.83860,0.83900,0.83740,0.83900,26294.0,1790598059999,22036.225460,406,10066.5,8436.867910,0
1790598060000,0.83900,0.84260,0.83800,0.83930,459758.2,1790598119999,386460.006690,1750,350321.8,294509.519190,0
1790598120000,0.83930,0.84000,0.83680,0.83680,57659.8,1790598179999,48331.598250,472,18798.1,15756.073240,0
1790598180000,0.83670,0.83770,0.83560,0.83720,51134.8,1790598239999,42768.841040,523,12563.0,10509.357510,0
1790598240000,0.83730,0.84020,0.83730,0.83820,245764.1,1790598299999,206198.601510,1088,200217.8,167995.059070,0
1790598300000,0.83800,0.83860,0.83400,0.83490,271904.0,1790598359999,227164.159680,1017,42150.7,35225.812280,0
1790598360000,0.83480,0.83710,0.83450,0.83500,59241.5,1790598419999,49499.968570,498,39481.1,32980.515640,0
1790598420000,0.83510,0.83660,0.83440,0.83660,27334.0,1790598479999,22838.394280,347,16192.9,13530.486580,0
1790598480000,0.83660,0.83680,0.83520,0.83530,40718.3,1790598539999,34051.876980,382,18536.1,15500.325830,0
1790598540000,0.83530,0.83690,0.83500,0.83530,28601.3,1790598599999,23910.882740,326,12087.1,10108.529770,0
1790598600000,0.83530,0.83550,0.83420,0.83480,23267.7,1790598659999,19425.816570,399,5321.0,4443.017440,0
1790598660000,0.83490,0.83600,0.83460,0.83510,17409.1,1790598719999,14543.764410,311,9143.4,7638.869430,0
1790598720000,0.83500,0.83500,0.83330,0.83460,20475.7,1790598779999,17079.621710,316,9254.4,7719.549790,0
1790598780000,0.83450,0.83460,0.83360,0.83450,13377.0,1790598839999,11158.387860,251,7198.9,6004.708290,0
1790598840000,0.83460,0.83680,0.83410,0.83680,21401.7,1790598899999,17862.372710,360,16214.9,13533.953970,0
1790598900000,0.83680,0.83960,0.83670,0.83910,55008.2,1790598959999,46116.787200,639,26434.8,22158.138090,0
1790598960000,0.83910,0.83910,0.83610,0.83750,32473.1,1790599019999,27185.595300,454,19284.6,16140.799660,0
1790599020000,0.83750,0.83750,0.83590,0.83620,30176.2,1790599079999,25242.010600,303,11917.1,9967.174280,0
1790599080000,0.83610,0.83610,0.83330,0.83330,109470.6,1790599139999,91323.845380,501,74066.4,61781.523350,0
1790599140000,0.83330,0.83510,0.83310,0.83490,26600.3,1790599199999,22189.331290,318,12991.1,10832.634160,0
1790599200000,0.83500,0.83520,0.83420,0.83510,27712.8,1790599259999,23134.395280,310,12554.6,10480.950800,0
1790599260000,0.83500,0.83550,0.83460,0.83490,20063.4,1790599319999,16753.060830,313,7001.8,5846.918820,0
1790599320000,0.83490,0.83560,0.83460,0.83510,18284.8,1790599379999,15267.471240,259,6507.5,5434.831530,0
1790599380000,0.83520,0.83610,0.83410,0.83490,74797.8,1790599439999,62440.817310,464,14082.5,11761.833370,0
1790599440000,0.83490,0.83740,0.83490,0.83740,25785.8,1790599499999,21555.539540,258,23646.4,19767.836620,0
1790599500000,0.83740,0.84150,0.83740,0.84110,36720.0,1790599559999,30837.372230,406,22006.0,18482.112630,0
1790599560000,0.84120,0.84260,0.84120,0.84120,44728.2,1790599619999,37654.107800,555,21810.6,18361.128990,0
1790599620000,0.84130,0.84160,0.83750,0.83770,68227.5,1790599679999,57315.680640,745,19919.0,16735.382760,0
1790599680000,0.83760,0.83840,0.83660,0.83740,38030.3,1790599739999,31853.771490,454,16787.7,14061.652310,0
1790599740000,0.83750,0.83830,0.83700,0.83700,39081.1,1790599799999,32746.381780,346,26256.4,22003.456120,0
1790599800000,0.83690,0.83780,0.83630,0.83710,29917.6,1790599859999,25041.208950,396,12346.7,10334.041610,0
1790599860000,0.83710,0.83750,0.83560,0.83570,35195.3,1790599919999,29433.781140,393,6454.9,5401.055490,0
1790599920000,0.83560,0.84100,0.83520,0.83950,57215.5,1790599979999,47988.427120,745,47582.6,39907.591740,0
1790599980000,0.83940,0.84090,0.83780,0.84040,54994.0,1790600039999,46126.521990,635,44995.1,37733.575710,0
1790600040000,0.84030,0.84230,0.83990,0.84110,92872.4,1790600099999,78102.432350,763,26602.0,22374.116350,0
1790600100000,0.84120,0.84300,0.84020,0.84180,119697.5,1790600159999,100755.518390,909,80491.1,67762.038240,0
1790600160000,0.84180,0.84180,0.83940,0.83940,50503.5,1790600219999,42450.207490,559,15731.9,13226.672180,0
1790600220000,0.83950,0.84110,0.83880,0.84090,40104.9,1790600279999,33670.189690,423,12928.2,10858.207130,0
1790600280000,0.84080,0.84080,0.83920,0.84040,47039.7,1790600339999,39513.622060,442,22394.9,18814.609540,0
1790600340000,0.84030,0.84060,0.83890,0.84010,46942.1,1790600399999,39417.910510,480,26090.0,21909.704900,0
1790600400000,0.84030,0.84030,0.83710,0.83770,48566.4,1790600459999,40706.800810,695,11974.6,10035.672100,0
1790600460000,0.83770,0.83840,0.83590,0.83650,92204.7,1790600519999,77159.436050,748,25172.6,21078.213370,0
1790600520000,0.83660,0.83670,0.83560,0.83570,26426.3,1790600579999,22096.392850,473,14184.9,11861.628910,0
1790600580000,0.83570,0.83650,0.83470,0.83590,29217.5,1790600639999,24412.770070,466,16647.8,13911.529460,0
1790600640000,0.83580,0.83710,0.83550,0.83620,64301.1,1790600699999,53767.933430,480,31309.9,26188.494870,0
1790600700000,0.83620,0.83730,0.83550,0.83640,44324.0,1790600759999,37086.269140,378,37271.6,31187.921470,0
1790600760000,0.83630,0.83840,0.83560,0.83770,14992.1,1790600819999,12551.213310,321,8485.1,7101.434230,0
1790600820000,0.83760,0.84020,0.83720,0.83810,33240.9,1790600879999,27886.271970,512,20906.5,17538.712390,0
1790600880000,0.83800,0.83900,0.83580,0.83620,33351.4,1790600939999,27918.634610,414,11412.5,9556.757870,0
1790600940000,0.83610,0.83620,0.83480,0.83510,13503.5,1790600999999,11281.340380,283,4161.1,3476.049030,0
1790601000000,0.83510,0.83540,0.83350,0.83430,26724.7,1790601059999,22299.175600,298,8208.9,6847.866200,0
1790601060000,0.83420,0.83530,0.83350,0.83440,15972.0,1790601119999,13326.750640,329,8474.4,7072.023260,0
1790601120000,0.83440,0.83500,0.83370,0.83450,33266.2,1790601179999,27757.533470,365,21249.1,17732.532190,0
1790601180000,0.83440,0.83600,0.83230,0.83380,232582.5,1790601239999,193894.335010,938,57156.1,47688.409610,0
1790601240000,0.83380,0.83510,0.83370,0.83470,18727.3,1790601299999,15631.417000,211,14764.4,12323.757630,0
1790601300000,0.83460,0.83460,0.83360,0.83390,26778.2,1790601359999,22332.397510,261,4924.6,4107.015440,0
1790601360000,0.83400,0.83570,0.83320,0.83320,32033.7,1790601419999,26733.125200,428,11039.3,9215.898140,0
1790601420000,0.83310,0.83430,0.83220,0.83230,19457.2,1790601479999,16210.228160,328,6314.4,5260.340550,0
1790601480000,0.83240,0.83260,0.83060,0.83070,46737.8,1790601539999,38859.458180,477,12892.4,10721.679020,0
1790601540000,0.83080,0.83140,0.83050,0.83130,14045.5,1790601599999,11668.220350,196,5020.5,4171.820600,0
1790601600000,0.83130,0.83220,0.83090,0.83180,15122.8,1790601659999,12575.369030,276,11622.1,9664.001590,0
1790601660000,0.83180,0.83340,0.83140,0.83170,17621.8,1790601719999,14675.373810,305,9173.4,7640.894350,0
1790601720000,0.83170,0.83180,0.82970,0.83000,58834.0,1790601779999,48857.123570,448,12860.0,10686.962130,0
1790601780000,0.83010,0.83150,0.82950,0.83110,14235.9,1790601839999,11823.814430,230,8376.0,6959.798450,0
1790601840000,0.83100,0.83190,0.83060,0.83110,6597.3,1790601899999,5483.167820,204,4179.2,3473.498540,0
1790601900000,0.83110,0.83340,0.83070,0.83340,34456.5,1790601959999,28657.302820,305,27199.0,22623.077450,0
1790601960000,0.83330,0.83440,0.83260,0.83270,19724.8,1790602019999,16442.339890,360,12430.4,10362.348420,0
1790602020000,0.83270,0.83340,0.83210,0.83310,13742.5,1790602079999,11442.484400,216,8125.4,6764.986560,0
1790602080000,0.83300,0.83470,0.83270,0.83410,21642.1,1790602139999,18041.347590,314,17049.2,14212.822430,0
1790602140000,0.83410,0.83500,0.83320,0.83320,14465.6,1790602199999,12064.168590,213,8799.9,7339.139370,0
1790602200000,0.83330,0.83820,0.83280,0.83310,65881.4,1790602259999,54999.472740,951,29075.0,24283.423230,0
1790602260000,0.83280,0.83420,0.82980,0.83140,105683.6,1790602319999,87934.132830,1224,37839.0,31484.077530,0
1790602320000,0.83150,0.83210,0.82960,0.82960,48049.6,1790602379999,39908.250430,779,23794.0,19763.952440,0
1790602380000,0.82970,0.83120,0.82880,0.82990,46027.9,1790602439999,38195.046020,627,18785.7,15592.472340,0
1790602440000,0.82980,0.83230,0.82820,0.83060,45824.0,1790602499999,38041.748410,668,22446.2,18650.775440,0
1790602500000,0.83070,0.83190,0.82700,0.82740,97799.1,1790602559999,81096.306150,930,27787.5,23066.581670,0
1790602560000,0.82730,0.83000,0.82680,0.82900,44808.2,1790602619999,37116.707990,712,22460.1,18608.100570,0
1790602620000,0.82890,0.83270,0.82880,0.83070,51934.5,1790602679999,43149.839270,959,22311.8,18540.951880,0
1790602680000,0.83070,0.83290,0.83060,0.83290,29117.9,1790602739999,24206.841690,444,19962.5,16598.394010,0
1790602740000,0.83300,0.83600,0.83300,0.83310,40809.9,1790602799999,34056.095260,685,23991.6,20024.930600,0
1790602800000,0.83300,0.83340,0.83120,0.83330,27423.1,1790602859999,22827.430940,561,16970.7,14126.432390,0
1790602860000,0.83340,0.83480,0.83180,0.83290,30943.1,1790602919999,25789.919680,544,12967.4,10810.950650,0
1790602920000,0.83290,0.83460,0.83290,0.83370,16790.7,1790602979999,13997.557720,393,9510.5,7929.269260,0
1790602980000,0.83360,0.83360,0.83190,0.83300,22122.4,1790603039999,18416.494550,324,8373.7,6971.174270,0
1790603040000,0.83280,0.83280,0.83040,0.83210,24714.0,1790603099999,20555.500300,413,15487.1,12881.989910,0
1790603100000,0.83200,0.83270,0.83120,0.83190,11658.0,1790603159999,9698.827450,345,6198.0,5156.549270,0
1790603160000,0.83190,0.83290,0.83030,0.83270,10582.6,1790603219999,8799.642810,326,7541.1,6270.119380,0
1790603220000,0.83260,0.83390,0.83150,0.83240,121819.9,1790603279999,101459.057450,641,46592.7,38817.017300,0
1790603280000,0.83250,0.83360,0.83200,0.83250,18003.4,1790603339999,14988.561980,347,11048.3,9198.263860,0
1790603340000,0.83230,0.83240,0.82880,0.82880,91882.1,1790603399999,76222.220550,621,17305.9,14366.768940,0
1790603400000,0.82870,0.82870,0.82520,0.82640,303483.9,1790603459999,250877.958890,692,21837.9,18059.119930,0
1790603460000,0.82640,0.82760,0.82520,0.82640,36993.7,1790603519999,30574.764800,500,23109.5,19103.483300,0
1790603520000,0.82640,0.82830,0.82540,0.82760,30022.2,1790603579999,24831.224010,384,14395.1,11906.980200,0
1790603580000,0.82750,0.82940,0.82730,0.82880,18670.3,1790603639999,15467.057830,398,15457.4,12805.658850,0
1790603640000,0.82890,0.83200,0.82870,0.83190,31864.0,1790603699999,26460.565930,549,23691.7,19677.016040,0
1790603700000,0.83180,0.83370,0.83020,0.83020,54288.9,1790603759999,45184.668020,670,39199.0,32629.734430,0
1790603760000,0.83010,0.83010,0.82870,0.82920,18219.0,1790603819999,15108.876130,382,7164.4,5941.180940,0
1790603820000,0.82920,0.83050,0.82890,0.83040,19105.9,1790603879999,15857.806090,302,14093.4,11697.631190,0
1790603880000,0.83030,0.83040,0.82890,0.82900,6725.2,1790603939999,5578.781580,143,944.1,783.664530,0
1790603940000,0.82880,0.82970,0.82830,0.82900,26738.3,1790603999999,22163.720980,258,8531.9,7072.022690,0
1790604000000,0.82890,0.82890,0.82580,0.82620,96953.0,1790604059999,80240.841060,784,20072.5,16604.841740,0
1790604060000,0.82610,0.82610,0.82330,0.82360,77974.3,1790604119999,64292.410300,675,22458.2,18520.754030,0
1790604120000,0.82340,0.82550,0.82310,0.82400,64039.4,1790604179999,52797.697010,726,40572.0,33457.749240,0
1790604180000,0.82410,0.82440,0.82260,0.82290,30598.7,1790604239999,25189.036200,393,9254.8,7622.793740,0
1790604240000,0.82290,0.82290,0.82040,0.82070,80429.3,1790604299999,66089.256610,643,18756.4,15416.939020,0
1790604300000,0.82080,0.82270,0.82050,0.82110,86622.4,1790604359999,71158.083500,511,21426.7,17603.544140,0
1790604360000,0.82110,0.82350,0.81940,0.82320,56263.1,1790604419999,46166.782010,573,31347.7,25726.772050,0
1790604420000,0.82340,0.82510,0.82250,0.82470,45169.7,1790604479999,37226.005450,590,34248.4,28226.307030,0
1790604480000,0.82490,0.82610,0.82450,0.82450,54377.1,1790604539999,44876.129260,497,45747.3,37754.398700,0
1790604540000,0.82450,0.82500,0.82310,0.82320,27296.5,1790604599999,22491.000950,352,19498.2,16067.992900,0
1790604600000,0.82320,0.82410,0.82230,0.82290,27732.0,1790604659999,22826.571810,442,12699.8,10454.004140,0
1790604660000,0.82290,0.82540,0.82280,0.82530,20919.6,1790604719999,17235.744430,365,18058.4,14878.088430,0
1790604720000,0.82520,0.82520,0.82300,0.82390,56403.1,1790604779999,46461.797010,591,21619.6,17817.141880,0
1790604780000,0.82380,0.82390,0.82160,0.82230,16566.2,1790604839999,13629.673930,301,9235.6,7601.083890,0
1790604840000,0.82240,0.82240,0.81970,0.82060,19095.5,1790604899999,15672.120090,286,12491.5,10251.185130,0
1790604900000,0.82050,0.82080,0.81790,0.81790,41421.5,1790604959999,33937.703920,425,12872.3,10555.471330,0
1790604960000,0.81800,0.81870,0.81510,0.81650,112588.8,1790605019999,91939.446420,1157,56916.8,46491.671810,0
1790605020000,0.81680,0.81920,0.81560,0.81660,50817.4,1790605079999,41514.727930,811,17875.3,14610.186280,0
1790605080000,0.81660,0.81690,0.81250,0.81350,198478.1,1790605139999,161635.079040,1224,47925.2,39048.985110,0
1790605140000,0.81340,0.81680,0.81340,0.81630,61573.5,1790605199999,50190.951680,711,44470.3,36246.871070,0
1790605200000,0.81620,0.81910,0.81460,0.81840,276080.0,1790605259999,225666.142290,1462,211959.3,173312.015870,0
1790605260000,0.81850,0.82030,0.81840,0.81950,48187.8,1790605319999,39481.468670,507,25751.9,21100.529220,0
1790605320000,0.81950,0.82170,0.81930,0.82170,41236.0,1790605379999,33841.631090,515,32494.9,26672.650150,0
1790605380000,0.82160,0.82180,0.81870,0.81900,30910.2,1790605439999,25351.689010,396,15348.1,12587.224200,0
1790605440000,0.81880,0.81980,0.81730,0.81950,22756.8,1790605499999,18622.536900,470,10444.1,8549.118890,0
1790605500000,0.81950,0.82040,0.81820,0.81890,95833.8,1790605559999,78485.823330,533,19165.9,15706.570750,0
1790605560000,0.81870,0.81870,0.81370,0.81510,144013.2,1790605619999,117373.141190,815,37032.1,30214.888500,0
1790605620000,0.81530,0.81620,0.81110,0.81150,181449.8,1790605679999,147648.483440,912,57930.0,47174.985900,0
1790605680000,0.81140,0.81170,0.80800,0.80840,253559.5,1790605739999,205356.448520,1640,106245.7,86088.530030,0
1790605740000,0.80850,0.80920,0.80290,0.80620,339939.2,1790605799999,273662.218330,2543,110969.7,89350.392020,0
1790605800000,0.80620,0.81000,0.80620,0.80930,96863.0,1790605859999,78300.495330,999,58814.2,47541.666480,0
1790605860000,0.80940,0.80960,0.80690,0.80700,64880.7,1790605919999,52442.818470,928,31711.3,25634.712200,0
1790605920000,0.80710,0.81210,0.80670,0.80970,131448.1,1790605979999,106339.205590,1613,83531.8,67614.876320,0
1790605980000,0.80960,0.81440,0.80950,0.81180,105074.6,1790606039999,85342.405960,1276,68897.9,55950.421280,0
1790606040000,0.81170,0.81290,0.81090,0.81130,30837.8,1790606099999,25036.099620,554,17395.1,14122.961580,0
1790606100000,0.81120,0.81250,0.80890,0.81250,44726.0,1790606159999,36243.026300,617,23653.4,19169.905380,0
1790606160000,0.81260,0.81420,0.81220,0.81290,51600.8,1790606219999,41961.612690,562,40335.7,32802.970380,0
1790606220000,0.81290,0.81370,0.81070,0.81070,16656.3,1790606279999,13528.888490,391,6359.9,5164.840890,0
1790606280000,0.81090,0.81090,0.80860,0.80970,34467.8,1790606339999,27907.472470,483,16021.7,12969.498280,0
1790606340000,0.80970,0.81330,0.80900,0.81150,26245.1,1790606399999,21279.015340,609,16711.7,13547.361280,0
1790606400000,0.81140,0.81320,0.81120,0.81160,31737.3,1790606459999,25770.766020,532,22204.6,18031.605630,0
1790606460000,0.81170,0.81180,0.80820,0.80830,78740.6,1790606519999,63710.383630,725,27097.0,21918.186580,0
1790606520000,0.80820,0.80830,0.80360,0.80540,143432.7,1790606579999,115602.145250,1372,40843.2,32933.893010,0
1790606580000,0.80520,0.80550,0.80150,0.80170,159120.6,1790606639999,127807.474700,1605,51024.3,41006.745280,0
1790606640000,0.80150,0.80500,0.80120,0.80480,186228.4,1790606699999,149537.798340,1215,117819.0,94604.996820,0
1790606700000,0.80490,0.80550,0.80240,0.80480,116521.6,1790606759999,93697.497170,766,93744.0,75390.755590,0
1790606760000,0.80490,0.80640,0.80370,0.80510,56180.4,1790606819999,45227.538830,732,30674.5,24694.571240,0
1790606820000,0.80510,0.80530,0.80230,0.80300,50570.4,1790606879999,40640.767540,806,15692.8,12612.173970,0
1790606880000,0.80290,0.80440,0.80060,0.80380,134602.0,1790606939999,107982.456220,1066,62351.6,50034.683730,0
1790606940000,0.80370,0.80610,0.80350,0.80540,70506.0,1790606999999,56766.232680,591,43311.3,34875.223690,0
1790607000000,0.80540,0.80700,0.80510,0.80610,65311.3,1790607059999,52642.957580,738,38844.8,31311.253020,0
1790607060000,0.80620,0.80650,0.79720,0.79830,242558.0,1790607119999,194024.903780,1487,50639.7,40557.346280,0
1790607120000,0.79840,0.80060,0.79710,0.79960,218924.3,1790607179999,174883.418360,1813,110674.7,88444.953830,0
1790607180000,0.79970,0.80270,0.79580,0.80230,143714.7,1790607239999,114898.240180,1398,66085.6,52833.988900,0
1790607240000,0.80230,0.80410,0.80130,0.80200,87537.5,1790607299999,70285.399170,803,47922.0,38470.475110,0
1790607300000,0.80180,0.80180,0.79890,0.79970,59373.3,1790607359999,47527.992640,1027,24108.7,19299.885470,0
1790607360000,0.79960,0.80230,0.79900,0.80200,64368.1,1790607419999,51528.117380,958,36457.6,29194.776150,0
1790607420000,0.80210,0.80460,0.80210,0.80340,40217.9,1790607479999,32316.720270,568,20439.6,16419.122020,0
1790607480000,0.80340,0.80420,0.80100,0.80190,30817.4,1790607539999,24734.347730,392,15497.3,12437.470470,0
1790607540000,0.80170,0.80390,0.80130,0.80370,41676.9,1790607599999,33445.018910,418,31079.4,24941.571370,0
1790607600000,0.80390,0.80630,0.80270,0.80470,57101.3,1790607659999,45939.149280,879,38626.3,31077.748370,0
1790607660000,0.80480,0.80740,0.80480,0.80590,60198.2,1790607719999,48551.465560,743,49104.9,39606.697340,0
1790607720000,0.80590,0.80620,0.80410,0.80550,22495.9,1790607779999,18119.146140,490,12517.9,10082.110940,0
1790607780000,0.80560,0.80750,0.80430,0.80680,31470.9,1790607839999,25373.941670,455,20000.0,16127.275610,0
1790607840000,0.80670,0.80670,0.80340,0.80420,28484.7,1790607899999,22937.283590,466,10448.4,8411.116020,0
1790607900000,0.80420,0.80550,0.80310,0.80540,21890.4,1790607959999,17606.710880,428,10618.3,8538.472840,0
1790607960000,0.80540,0.80570,0.80420,0.80560,18498.4,1790608019999,14887.797120,454,8729.2,7026.527380,0
1790608020000,0.80560,0.80560,0.80230,0.80300,45573.9,1790608079999,36613.207600,526,20144.8,16185.398020,0
1790608080000,0.80290,0.80330,0.80080,0.80140,42171.0,1790608139999,33812.968450,498,15272.1,12254.132830,0
1790608140000,0.80140,0.80590,0.80140,0.80590,68277.1,1790608199999,54868.941490,580,40889.7,32848.128800,0
1790608200000,0.80600,0.80750,0.80390,0.80440,48332.7,1790608259999,38965.938780,545,16501.9,13310.775250,0
1790608260000,0.80430,0.80430,0.79770,0.79770,71026.4,1790608319999,56872.102970,909,15653.3,12536.317540,0
1790608320000,0.79780,0.80060,0.79710,0.79980,64135.7,1790608379999,51235.832460,741,39569.3,31622.955750,0
1790608380000,0.79990,0.80020,0.79730,0.79840,56679.6,1790608439999,45242.582210,682,13793.8,11014.663890,0
1790608440000,0.79830,0.79870,0.79740,0.79780,22351.2,1790608499999,17838.934670,423,14026.9,11195.589190,0
1790608500000,0.79800,0.79850,0.79530,0.79740,117626.5,1790608559999,93757.445130,776,77786.0,62014.128200,0
1790608560000,0.79730,0.79800,0.79630,0.79780,59228.8,1790608619999,47226.265680,616,30326.5,24181.760320,0
1790608620000,0.79770,0.79820,0.79430,0.79580,306965.4,1790608679999,244480.349240,909,49540.8,39446.158050,0
1790608680000,0.79580,0.79690,0.79480,0.79590,90961.1,1790608739999,72387.313510,723,56951.6,45325.867260,0
1790608740000,0.79590,0.79730,0.79540,0.79660,53908.0,1790608799999,42942.909700,462,37861.0,30161.861130,0
1790608800000,0.79650,0.79850,0.79630,0.79740,160076.5,1790608859999,127711.769270,728,127987.8,102122.023590,0
1790608860000,0.79740,0.79980,0.79620,0.79980,41743.2,1790608919999,33288.269980,528,21420.0,17091.945210,0
1790608920000,0.79980,0.80080,0.79820,0.79820,40350.7,1790608979999,32283.042320,451,26932.8,21555.417030,0
1790608980000,0.79830,0.80130,0.79680,0.80090,61062.4,1790609039999,48810.634110,628,35488.1,28385.886890,0
1790609040000,0.80100,0.80420,0.80000,0.80300,51949.3,1790609099999,41692.233170,600,41887.7,33618.851130,0
1790609100000,0.80300,0.80540,0.80210,0.80490,95656.7,1790609159999,76910.636560,830,65692.7,52832.146760,0
1790609160000,0.80490,0.80790,0.80390,0.80790,491472.8,1790609219999,396241.668080,584,478905.5,386124.002900,0
1790609220000,0.80790,0.80840,0.80660,0.80720,61955.5,1790609279999,50034.857060,639,28257.2,22821.511480,0
1790609280000,0.80730,0.80730,0.80590,0.80690,24030.8,1790609339999,19385.054380,371,16038.3,12937.209650,0
1790609340000,0.80680,0.80790,0.80570,0.80650,28486.3,1790609399999,22986.096290,431,7646.9,6170.895780,0
1790609400000,0.80640,0.80650,0.80420,0.80580,58097.9,1790609459999,46789.377480,575,22868.6,18415.304600,0
1790609460000,0.80590,0.80660,0.80450,0.80470,60563.3,1790609519999,48799.821700,540,43687.0,35207.786850,0
1790609520000,0.80480,0.80690,0.80380,0.80590,25923.1,1790609579999,20877.068540,446,16154.3,13014.259970,0
1790609580000,0.80580,0.80600,0.80400,0.80430,23757.2,1790609639999,19130.963230,411,10913.1,8788.464240,0
1790609640000,0.80420,0.80550,0.80320,0.80550,22229.9,1790609699999,17870.348460,272,7145.5,5748.643360,0
1790609700000,0.80560,0.80700,0.80520,0.80700,20422.4,1790609759999,16455.989800,334,7532.1,6070.231510,0
1790609760000,0.80700,0.80980,0.80670,0.80970,27283.0,1790609819999,22054.225510,438,22027.5,17809.066240,0
1790609820000,0.80970,0.80980,0.80730,0.80940,75556.1,1790609879999,61089.741140,689,43778.8,35402.081620,0
1790609880000,0.80940,0.81070,0.80840,0.80970,39154.9,1790609939999,31697.792620,457,24905.0,20160.823200,0
1790609940000,0.80960,0.80960,0.80730,0.80950,24348.4,1790609999999,19688.989540,428,11193.4,9050.591500,0
1790610000000,0.80950,0.81000,0.80820,0.80820,48348.6,1790610059999,39112.364030,639,12820.5,10376.985230,0
1790610060000,0.80830,0.80870,0.80750,0.80860,29737.0,1790610119999,24026.625030,241,5556.2,4488.852740,0
1790610120000,0.80850,0.80950,0.80710,0.80720,22859.4,1790610179999,18479.474250,319,8739.4,7065.231980,0
1790610180000,0.80720,0.80740,0.80590,0.80590,36504.4,1790610239999,29453.871120,404,23056.9,18606.260460,0
1790610240000,0.80590,0.80620,0.80440,0.80510,67266.0,1790610299999,54156.337700,427,16053.2,12928.822490,0
1790610300000,0.80520,0.80620,0.80460,0.80580,41620.9,1790610359999,33530.320000,289,23316.3,18786.130220,0
1790610360000,0.80590,0.80850,0.80480,0.80690,57466.5,1790610419999,46362.924710,468,39717.0,32042.042420,0
1790610420000,0.80680,0.80680,0.80550,0.80640,78021.2,1790610479999,62880.850540,401,15336.0,12363.359930,0
1790610480000,0.80630,0.80680,0.80540,0.80570,51128.0,1790610539999,41210.392970,337,25489.8,20551.422890,0
1790610540000,0.80580,0.80680,0.80560,0.80650,28564.2,1790610599999,23026.789920,232,10907.1,8792.081050,0
1790610600000,0.80670,0.80930,0.80660,0.80890,33125.8,1790610659999,26767.813080,351,19766.0,15970.893050,0
1790610660000,0.80880,0.80900,0.80640,0.80640,13222.5,1790610719999,10680.806930,244,3511.8,2837.012730,0
1790610720000,0.80640,0.80690,0.80530,0.80610,48510.9,1790610779999,39083.252570,301,9544.7,7695.666280,0
1790610780000,0.80600,0.80690,0.80550,0.80620,10944.1,1790610839999,8823.766050,192,6984.6,5632.143160,0
1790610840000,0.80620,0.80800,0.80590,0.80780,24422.1,1790610899999,19701.174760,308,15580.3,12569.315650,0
1790610900000,0.80800,0.80940,0.80780,0.80810,38789.3,1790610959999,31357.549980,311,15262.4,12342.380820,0
1790610960000,0.80800,0.80840,0.80740,0.80790,14935.5,1790611019999,12067.677220,237,4271.9,3451.781270,0
1790611020000,0.80800,0.80900,0.80760,0.80790,18026.4,1790611079999,14572.714530,233,10513.6,8501.516100,0
1790611080000,0.80800,0.80850,0.80770,0.80790,17276.5,1790611139999,13958.941440,172,13367.8,10801.411790,0
1790611140000,0.80770,0.80830,0.80730,0.80740,8993.4,1790611199999,7264.526530,138,5098.3,4119.025520,0
1790611200000,0.80740,0.80780,0.80620,0.80720,36394.5,1790611259999,29370.428880,386,18588.5,15001.481870,0
1790611260000,0.80730,0.80940,0.80650,0.80730,60947.0,1790611319999,49214.211290,568,41858.1,33806.293570,0
1790611320000,0.80720,0.80720,0.80360,0.80370,61264.1,1790611379999,49350.001120,696,31800.6,25616.106240,0
1790611380000,0.80360,0.80360,0.80090,0.80190,76958.0,1790611439999,61717.065440,599,31533.5,25283.115790,0
1790611440000,0.80180,0.80460,0.80160,0.80340,37087.3,1790611499999,29803.316520,388,24786.7,19915.353950,0
1790611500000,0.80340,0.80450,0.80270,0.80370,31473.7,1790611559999,25299.552190,403,15382.9,12365.462690,0
1790611560000,0.80370,0.80590,0.80370,0.80550,28924.5,1790611619999,23283.734710,391,14214.9,11441.137420,0
1790611620000,0.80550,0.80950,0.80550,0.80840,65966.0,1790611679999,53269.953630,645,48789.4,39402.610350,0
1790611680000,0.80850,0.81050,0.80830,0.81000,47355.3,1790611739999,38328.856810,486,24881.1,20138.720190,0
1790611740000,0.81000,0.81170,0.80920,0.81160,124090.7,1790611799999,100548.958760,715,47372.1,38398.553430,0
1790611800000,0.81170,0.81260,0.81120,0.81180,48259.5,1790611859999,39189.228280,432,24139.8,19604.196360,0
1790611860000,0.81180,0.81210,0.81070,0.81110,44231.6,1790611919999,35890.322910,423,20230.4,16415.176670,0
1790611920000,0.81120,0.81140,0.80940,0.81050,35937.1,1790611979999,29131.736480,461,15600.0,12647.043580,0
1790611980000,0.81040,0.81160,0.81000,0.81100,30338.7,1790612039999,24599.372850,296,14197.5,11512.253480,0
1790612040000,0.81100,0.81100,0.80990,0.81090,25379.3,1790612099999,20571.897930,241,7984.3,6472.075190,0
1790612100000,0.81090,0.81150,0.81050,0.81100,20616.3,1790612159999,16718.874720,219,8571.0,6950.672190,0
1790612160000,0.81120,0.81420,0.81000,0.81400,93728.2,1790612219999,76094.911680,1044,67955.0,55182.396630,0
1790612220000,0.81400,0.81860,0.81330,0.81860,101380.6,1790612279999,82674.132060,877,71407.5,58245.222100,0
1790612280000,0.81860,0.81990,0.81620,0.81620,84905.4,1790612339999,69491.826920,798,42042.7,34421.394900,0
1790612340000,0.81630,0.81950,0.81560,0.81940,112774.2,1790612399999,92094.966600,538,28144.3,22994.672650,0
1790612400000,0.81950,0.82230,0.81880,0.82200,81855.3,1790612459999,67181.408610,626,56885.9,46703.960300,0
1790612460000,0.82190,0.82350,0.82090,0.82250,64592.1,1790612519999,53111.995650,664,32947.9,27091.601580,0
1790612520000,0.82260,0.82300,0.82130,0.82220,31735.2,1790612579999,26090.428700,439,15733.4,12934.489510,0
1790612580000,0.82210,0.82480,0.82060,0.82380,63464.8,1790612639999,52208.841420,599,34374.4,28288.985620,0
1790612640000,0.82370,0.82510,0.82310,0.82370,60015.2,1790612699999,49456.218960,539,21241.7,17510.403260,0
1790612700000,0.82390,0.82460,0.82350,0.82390,52753.9,1790612759999,43476.742540,384,16734.1,13792.740500,0
1790612760000,0.82400,0.82670,0.82350,0.82670,87201.1,1790612819999,71958.639780,649,52079.9,42980.323950,0
1790612820000,0.82620,0.82800,0.82580,0.82780,134243.2,1790612879999,111004.150980,748,58806.4,48631.374810,0
1790612880000,0.82770,0.82790,0.82610,0.82760,78979.7,1790612939999,65330.159640,567,40982.2,33905.396360,0
1790612940000,0.82770,0.82880,0.82460,0.82550,103985.6,1790612999999,85950.889090,670,44060.2,36406.158170,0
1790613000000,0.82520,0.82780,0.82470,0.82710,456218.2,1790613059999,377201.128280,953,112275.0,92807.688450,0
1790613060000,0.82700,0.82770,0.82490,0.82610,149929.4,1790613119999,123814.910330,826,61870.1,51106.396040,0
1790613120000,0.82620,0.82720,0.82420,0.82450,62441.9,1790613179999,51576.313150,653,22432.9,18538.429460,0
1790613180000,0.82460,0.82490,0.82230,0.82320,58344.1,1790613239999,48065.647000,584,24854.5,20481.415190,0
1790613240000,0.82330,0.82460,0.82280,0.82290,30934.1,1790613299999,25482.938990,329,12873.7,10605.489270,0
1790613300000,0.82290,0.82440,0.82280,0.82360,80832.1,1790613359999,66570.159320,501,29926.7,24647.327580,0
1790613360000,0.82350,0.82420,0.82320,0.82400,21713.6,1790613419999,17886.657420,220,8793.3,7243.143740,0
1790613420000,0.82400,0.82440,0.82300,0.82380,36868.8,1790613479999,30363.819630,317,12120.4,9982.025820,0
1790613480000,0.82380,0.82400,0.82160,0.82210,40275.9,1790613539999,33123.553040,366,11411.0,9382.741450,0
1790613540000,0.82200,0.82280,0.82190,0.82240,86999.1,1790613599999,71560.860670,310,11678.3,9605.217150,0
1790613600000,0.82250,0.82360,0.82220,0.82320,94557.4,1790613659999,77841.086700,427,14485.8,11922.120770,0
1790613660000,0.82330,0.82360,0.82110,0.82120,53348.8,1790613719999,43893.360890,555,15087.8,12416.560870,0
1790613720000,0.82110,0.82200,0.81970,0.81970,84609.5,1790613779999,69467.248320,660,37726.7,30990.130120,0
1790613780000,0.81970,0.82030,0.81820,0.81830,30468.4,1790613839999,24959.788890,347,7021.2,5750.982950,0
1790613840000,0.81840,0.81960,0.81770,0.81820,50940.4,1790613899999,41701.373040,384,14358.7,11758.172160,0
1790613900000,0.81820,0.82010,0.81820,0.81940,102846.6,1790613959999,84259.617560,502,36129.3,29601.284020,0
1790613960000,0.81930,0.81970,0.81770,0.81860,66746.8,1790614019999,54648.001220,561,39886.4,32660.780180,0
1790614020000,0.81850,0.81980,0.81790,0.81870,47459.9,1790614079999,38856.468820,471,20551.1,16825.017410,0
1790614080000,0.81860,0.81920,0.81720,0.81730,25229.5,1790614139999,20651.627890,342,7434.7,6086.127720,0
1790614140000,0.81720,0.81830,0.81710,0.81780,40976.3,1790614199999,33510.854450,354,27023.1,22102.105260,0
1790614200000,0.81770,0.81900,0.81770,0.81800,58771.5,1790614259999,48094.382530,453,40413.9,33074.316550,0
1790614260000,0.81800,0.81870,0.81690,0.81810,68120.9,1790614319999,55705.834090,498,25505.9,20870.188190,0
1790614320000,0.81810,0.82040,0.81750,0.82020,25962.3,1790614379999,21262.374770,313,12136.0,9938.149610,0
1790614380000,0.82010,0.82050,0.81930,0.82030,22146.7,1790614439999,18158.922960,232,6817.9,5591.135460,0
1790614440000,0.82030,0.82070,0.81960,0.82030,66363.5,1790614499999,54420.731970,277,16662.4,13666.515200,0
1790614500000,0.82030,0.82090,0.81960,0.81990,25196.7,1790614559999,20671.700180,224,8249.2,6765.856920,0
1790614560000,0.81980,0.82060,0.81900,0.81910,21938.7,1790614619999,17987.074910,200,3713.1,3044.396810,0
1790614620000,0.81900,0.82030,0.81890,0.81950,25577.0,1790614679999,20963.903770,246,11707.0,9595.728620,0
1790614680000,0.81960,0.82110,0.81960,0.82080,31607.8,1790614739999,25938.755690,261,19893.9,16324.087640,0
1790614740000,0.82080,0.82200,0.82080,0.82200,21381.9,1790614799999,17561.595590,235,9159.9,7523.893530,0
1790614800000,0.82200,0.82250,0.81910,0.81940,60116.9,1790614859999,49366.808760,510,15336.8,12596.968120,0
1790614860000,0.81940,0.81950,0.81700,0.81730,65031.8,1790614919999,53201.106330,552,34820.4,28485.831490,0
1790614920000,0.81730,0.81880,0.81530,0.81860,124022.8,1790614979999,101232.887060,793,46941.1,38345.488700,0
1790614980000,0.81850,0.82000,0.81300,0.81490,137963.4,1790615039999,112559.184100,1065,36252.4,29580.631130,0
1790615040000,0.81490,0.81540,0.81410,0.81410,48378.2,1790615099999,39411.999580,512,18914.5,15408.822210,0
1790615100000,0.81410,0.81440,0.81290,0.81290,34237.1,1790615159999,27849.325200,294,14785.7,12026.909750,0
1790615160000,0.81290,0.81360,0.81110,0.81270,81164.5,1790615219999,65908.837890,551,14360.3,11668.347450,0
1790615220000,0.81250,0.81250,0.81100,0.81110,21406.1,1790615279999,17372.631210,271,9377.5,7610.805130,0
1790615280000,0.81100,0.81130,0.80950,0.80970,51912.5,1790615339999,42076.462450,359,24506.1,19863.413220,0
1790615340000,0.80980,0.81140,0.80950,0.81090,100464.0,1790615399999,81457.167230,472,59566.9,48300.858830,0
1790615400000,0.81090,0.81160,0.81030,0.81030,24000.1,1790615459999,19466.457890,221,9596.1,7782.658800,0
1790615460000,0.81030,0.81950,0.81030,0.81880,165649.7,1790615519999,135012.330430,1652,116320.1,94773.480220,0
1790615520000,0.81890,0.82310,0.81840,0.82150,124592.3,1790615579999,102244.804610,1224,70097.5,57543.455340,0
1790615580000,0.82150,0.82690,0.82120,0.82620,78511.6,1790615639999,64719.849150,1080,48889.8,40296.888500,0
1790615640000,0.82630,0.83000,0.82450,0.82990,241574.4,1790615699999,199666.112910,1509,88874.4,73555.911120,0
1790615700000,0.82990,0.83140,0.82510,0.82860,162699.6,1790615759999,134759.850840,1307,53904.1,44673.465880,0
1790615760000,0.82860,0.83250,0.82830,0.82920,358353.1,1790615819999,297539.963910,1856,109697.0,91099.245370,0
1790615820000,0.82930,0.83000,0.82230,0.82470,343190.1,1790615879999,282984.555380,1754,100249.9,82730.278920,0
1790615880000,0.82450,0.82490,0.82190,0.82230,132651.3,1790615939999,109238.424210,889,77772.6,64064.571570,0
1790615940000,0.82210,0.82280,0.82000,0.82020,47132.2,1790615999999,38711.601420,491,14464.8,11882.821810,0
1790616000000,0.82030,0.82150,0.82020,0.82080,47575.4,1790616059999,39057.489650,522,22105.6,18146.651810,0
1790616060000,0.82060,0.82220,0.82030,0.82080,48720.7,1790616119999,40009.021280,519,25707.0,21112.822940,0
1790616120000,0.82090,0.82170,0.82010,0.82120,163769.0,1790616179999,134434.125390,537,64687.6,53097.766840,0
1790616180000,0.82100,0.82370,0.82100,0.82170,202386.8,1790616239999,166589.431900,674,85933.3,70719.822610,0
1790616240000,0.82170,0.82240,0.82100,0.82200,38111.2,1790616299999,31321.654910,397,21288.7,17495.738690,0
1790616300000,0.82160,0.82240,0.82150,0.82230,60229.8,1790616359999,49509.357800,255,7259.2,5966.749660,0
1790616360000,0.82200,0.82230,0.81990,0.82010,21593.7,1790616419999,17730.646340,278,11498.5,9443.430960,0
1790616420000,0.82010,0.82130,0.81960,0.81970,38655.0,1790616479999,31699.790950,252,7420.4,6086.440470,0
1790616480000,0.81970,0.82040,0.81960,0.81970,21152.4,1790616539999,17343.826880,170,12149.4,9961.702550,0
1790616540000,0.81970,0.82030,0.81910,0.81930,21982.7,1790616599999,18019.679430,258,11193.0,9176.984800,0
1790616600000,0.81920,0.82290,0.81920,0.82220,22658.4,1790616659999,18602.470910,353,14787.1,12138.872260,0
1790616660000,0.82220,0.82280,0.82050,0.82190,17521.3,1790616719999,14394.405330,328,7735.4,6356.532060,0
1790616720000,0.82190,0.82240,0.82090,0.82220,22951.2,1790616779999,18854.410370,291,15510.5,12742.148830,0
1790616780000,0.82220,0.82220,0.81940,0.81940,19153.0,1790616839999,15721.601630,260,4445.4,3651.984780,0
1790616840000,0.81930,0.81970,0.81810,0.81860,35015.3,1790616899999,28675.116440,370,18970.2,15536.623420,0
1790616900000,0.81850,0.81990,0.81820,0.81990,18897.5,1790616959999,15477.126120,263,11019.8,9025.749820,0
1790616960000,0.82000,0.82110,0.81970,0.81980,19395.2,1790617019999,15909.531980,335,10953.5,8985.789690,0
1790617020000,0.81970,0.81980,0.81710,0.81720,28846.6,1790617079999,23601.189840,284,2529.5,2071.258820,0
1790617080000,0.81720,0.82110,0.81690,0.82070,23853.5,1790617139999,19532.094430,374,14903.3,12201.082520,0
1790617140000,0.82060,0.82070,0.81850,0.81850,12530.7,1790617199999,10268.373740,207,4324.4,3543.692160,0
1790617200000,0.81860,0.82040,0.81830,0.81900,177624.4,1790617259999,145577.709230,642,148034.8,121333.542790,0
1790617260000,0.81910,0.82200,0.81910,0.82200,28936.8,1790617319999,23731.380820,359,16581.0,13598.350680,0
1790617320000,0.82180,0.82180,0.81870,0.82010,23880.7,1790617379999,19569.259820,346,6023.5,4935.971450,0
1790617380000,0.82010,0.82100,0.81990,0.82050,12155.9,1790617439999,9973.152410,204,7783.5,6385.386340,0
1790617440000,0.82030,0.82040,0.81910,0.81990,37110.4,1790617499999,30423.033730,252,26778.3,21954.185930,0
1790617500000,0.81980,0.82190,0.81970,0.82060,29807.5,1790617559999,24470.600420,395,14561.4,11955.041990,0
1790617560000,0.82060,0.82060,0.81940,0.81960,16284.9,1790617619999,13352.333500,220,8745.8,7170.459390,0
1790617620000,0.81970,0.81980,0.81820,0.81830,12434.9,1790617679999,10185.497010,229,3260.7,2670.762970,0
1790617680000,0.81830,0.81930,0.81820,0.81910,10319.1,1790617739999,8448.081380,151,6290.2,5149.576740,0
1790617740000,0.81910,0.81930,0.81800,0.81830,10337.8,1790617799999,8462.768450,163,2978.6,2439.293340,0
1790617800000,0.81820,0.81820,0.81600,0.81620,22798.4,1790617859999,18628.779820,287,5056.7,4134.244740,0
1790617860000,0.81610,0.81720,0.81580,0.81620,20931.4,1790617919999,17084.498900,271,8270.3,6750.457060,0
1790617920000,0.81610,0.81800,0.81610,0.81790,36878.0,1790617979999,30126.573150,345,26451.2,21608.138640,0
1790617980000,0.81780,0.81780,0.81660,0.81700,16017.0,1790618039999,13091.016770,238,5783.2,4725.895930,0
1790618040000,0.81700,0.81770,0.81690,0.81710,25319.1,1790618099999,20694.839380,247,10582.4,8650.523410,0
1790618100000,0.81720,0.81780,0.81600,0.81770,15507.6,1790618159999,12664.735920,277,6539.2,5340.293430,0
1790618160000,0.81760,0.81840,0.81720,0.81800,13610.7,1790618219999,11133.559020,222,4982.4,4074.933280,0
1790618220000,0.81790,0.81970,0.81780,0.81970,28671.5,1790618279999,23489.678570,311,22238.4,18219.535250,0
1790618280000,0.81960,0.82040,0.81960,0.82000,17647.9,1790618339999,14470.847680,225,9864.5,8088.761290,0
1790618340000,0.82000,0.82050,0.81970,0.82000,10677.4,1790618399999,8755.667040,151,4932.9,4045.579680,0
1790618400000,0.82000,0.82010,0.81720,0.81730,29734.0,1790618459999,24331.038120,363,3904.9,3197.100450,0
1790618460000,0.81720,0.81890,0.81690,0.81890,36394.6,1790618519999,29757.391930,341,26193.7,21418.673750,0
1790618520000,0.81890,0.82310,0.81870,0.82310,41817.1,1790618579999,34325.222110,580,36326.1,29817.312510,0
1790618580000,0.82310,0.82590,0.82250,0.82500,122964.7,1790618639999,101360.489220,938,74945.3,61770.346090,0
1790618640000,0.82500,0.82740,0.82500,0.82700,31865.1,1790618699999,26323.844290,525,16933.8,13988.016810,0
1790618700000,0.82710,0.82950,0.82570,0.82780,237019.7,1790618759999,196126.461130,1328,73882.0,61161.683210,0
1790618760000,0.82780,0.82800,0.82390,0.82490,59294.8,1790618819999,48987.334630,706,22150.7,18312.184850,0
1790618820000,0.82490,0.82580,0.82400,0.82580,33913.2,1790618879999,27965.560320,563,20037.6,16524.431810,0
1790618880000,0.82570,0.82770,0.82510,0.82770,30838.4,1790618939999,25490.604320,664,15384.6,12714.251230,0
1790618940000,0.82760,0.82760,0.82470,0.82570,77035.5,1790618999999,63629.792620,734,14399.9,11897.807890,0
1790619000000,0.82570,0.82770,0.82560,0.82690,33783.7,1790619059999,27934.327790,597,19151.2,15834.173090,0
1790619060000,0.82690,0.82910,0.82690,0.82910,30692.4,1790619119999,25414.238600,804,14678.6,12154.553080,0
1790619120000,0.82910,0.82940,0.82650,0.82810,51944.2,1790619179999,42995.886090,609,18378.7,15210.232500,0
1790619180000,0.82820,0.82830,0.82730,0.82790,28757.0,1790619239999,23803.459070,360,11929.9,9875.316650,0
1790619240000,0.82790,0.82800,0.82700,0.82740,21826.6,1790619299999,18062.229930,257,7011.1,5802.382760,0
1790619300000,0.82730,0.82900,0.82710,0.82800,19856.2,1790619359999,16441.829130,378,10755.8,8905.258000,0
1790619360000,0.82800,0.82900,0.82640,0.82850,151923.9,1790619419999,125746.023460,708,31124.0,25773.121460,0
1790619420000,0.82840,0.82860,0.82520,0.82530,28012.0,1790619479999,23164.349450,496,10276.4,8497.543670,0
1790619480000,0.82520,0.82630,0.82470,0.82470,32487.9,1790619539999,26806.900540,365,14209.6,11725.445320,0
1790619540000,0.82460,0.82460,0.82320,0.82380,52826.0,1790619599999,43529.378530,437,37786.6,31135.221220,0
1790619600000,0.82390,0.82390,0.82240,0.82310,30473.0,1790619659999,25078.066920,392,9608.3,7906.991590,0
1790619660000,0.82310,0.82450,0.82280,0.82360,79792.6,1790619719999,65711.257850,495,52633.6,43340.519770,0
1790619720000,0.82360,0.82640,0.82340,0.82590,22476.5,1790619779999,18537.951780,376,17914.3,14776.290720,0
1790619780000,0.82570,0.82620,0.82400,0.82440,19999.9,1790619839999,16508.280860,313,10126.8,8361.271510,0
1790619840000,0.82430,0.82600,0.82390,0.82590,13462.8,1790619899999,11107.852190,249,7855.4,6482.241550,0
1790619900000,0.82590,0.82660,0.82470,0.82570,23656.0,1790619959999,19532.245550,336,9902.5,8176.496250,0
1790619960000,0.82560,0.82560,0.82440,0.82560,15940.0,1790620019999,13151.545130,223,4766.2,3932.869230,0
1790620020000,0.82550,0.82680,0.82490,0.82550,49238.2,1790620079999,40662.587260,343,12938.8,10687.443660,0
1790620080000,0.82550,0.82550,0.82390,0.82390,14929.7,1790620139999,12309.272000,252,5598.5,4616.057350,0
1790620140000,0.82410,0.82430,0.82360,0.82380,14895.3,1790620199999,12271.943360,178,8816.4,7263.833340,0
1790620200000,0.82370,0.82390,0.82150,0.82380,40292.3,1790620259999,33154.828630,484,26343.9,21678.761320,0
1790620260000,0.82380,0.82380,0.82010,0.82130,18885.5,1790620319999,15512.583110,387,5644.5,4635.642940,0
1790620320000,0.82130,0.82140,0.81840,0.81850,37563.9,1790620379999,30793.106340,463,12136.6,9951.044890,0
1790620380000,0.81850,0.82040,0.81820,0.81880,38269.7,1790620439999,31348.350720,523,27444.2,22479.222570,0
1790620440000,0.81880,0.82300,0.81880,0.82250,23706.9,1790620499999,19472.423730,495,16880.1,13861.831640,0
1790620500000,0.82250,0.82250,0.82090,0.82210,11174.4,1790620559999,9182.007060,283,7222.4,5934.575820,0
1790620560000,0.82200,0.82210,0.82080,0.82180,21940.1,1790620619999,18018.979210,309,16508.5,13557.027120,0
1790620620000,0.82170,0.82250,0.82090,0.82100,11680.1,1790620679999,9595.651960,230,5177.6,4254.218640,0
1790620680000,0.82100,0.82130,0.82010,0.82020,31449.0,1790620739999,25809.616960,334,13453.2,11043.961520,0
1790620740000,0.82010,0.82020,0.81870,0.81890,18244.4,1790620799999,14949.293250,227,8535.9,6993.700270,0
1790620800000,0.81900,0.81900,0.81800,0.81880,24597.2,1790620859999,20134.499550,356,15990.0,13090.484040,0
1790620860000,0.81880,0.81950,0.81780,0.81950,15865.7,1790620919999,12988.018860,275,10789.6,8834.009790,0
1790620920000,0.81950,0.82030,0.81810,0.81860,9067.1,1790620979999,7429.891010,266,4117.8,3375.966980,0
1790620980000,0.81860,0.81900,0.81820,0.81900,9307.6,1790621039999,7619.984260,162,7249.2,5935.204720,0
1790621040000,0.81890,0.82070,0.81890,0.82070,13650.0,1790621099999,11193.600010,234,11271.1,9242.576100,0
1790621100000,0.82060,0.82060,0.81900,0.81920,68147.2,1790621159999,55842.688110,252,19321.1,15830.392180,0
1790621160000,0.81930,0.82110,0.81910,0.82020,151271.5,1790621219999,124108.349420,509,142903.1,117243.513110,0
1790621220000,0.82020,0.82270,0.82000,0.82270,45110.3,1790621279999,37020.452570,416,24608.3,20202.874190,0
1790621280000,0.82280,0.82450,0.82150,0.82330,28854.9,1790621339999,23751.831900,373,22128.1,18216.755670,0
1790621340000,0.82320,0.82360,0.82240,0.82300,16076.4,1790621399999,13232.368070,261,4655.8,3831.871800,0
1790621400000,0.82310,0.82440,0.82210,0.82270,14272.1,1790621459999,11750.618260,307,6793.3,5593.539890,0
1790621460000,0.82290,0.82290,0.82220,0.82250,11536.0,1790621519999,9488.472720,165,6723.8,5530.483440,0
1790621520000,0.82250,0.82480,0.82250,0.82480,16162.4,1790621579999,13308.685920,196,12323.5,10147.311030,0
1790621580000,0.82480,0.82590,0.82430,0.82450,31991.3,1790621639999,26398.349920,399,17030.2,14053.029060,0
1790621640000,0.82440,0.82490,0.82280,0.82400,31579.5,1790621699999,26018.191050,295,16264.7,13404.379910,0
1790621700000,0.82400,0.82460,0.82250,0.82400,55535.4,1790621759999,45747.142150,421,32185.0,26514.514670,0
1790621760000,0.82410,0.82460,0.82340,0.82350,14356.6,1790621819999,11827.480140,156,3925.4,3234.282090,0
1790621820000,0.82340,0.82540,0.82340,0.82540,22412.8,1790621879999,18473.452400,220,9823.3,8098.139610,0
1790621880000,0.82530,0.82600,0.82530,0.82560,11444.5,1790621939999,9449.383920,119,5472.5,4518.232860,0
1790621940000,0.82560,0.82560,0.82460,0.82470,10377.8,1790621999999,8563.666630,149,4053.0,3344.794250,0
1790622000000,0.82470,0.82550,0.82290,0.82340,11798.6,1790622059999,9723.792710,283,4521.6,3726.880380,0
1790622060000,0.82340,0.82340,0.82100,0.82160,21752.4,1790622119999,17880.762960,305,4982.0,4093.959330,0
1790622120000,0.82150,0.82150,0.81960,0.82010,42615.9,1790622179999,34956.407550,410,12617.3,10349.210060,0
1790622180000,0.81980,0.81990,0.81840,0.81840,18151.7,1790622239999,14870.515300,250,5445.5,4460.370010,0
1790622240000,0.81850,0.81880,0.81760,0.81820,8540.2,1790622299999,6988.563760,190,4336.1,3548.427750,0
1790622300000,0.81810,0.81810,0.81630,0.81770,55411.7,1790622359999,45276.293040,444,11711.6,9570.661550,0
1790622360000,0.81760,0.81820,0.81660,0.81660,33390.5,1790622419999,27304.712050,344,17822.4,14573.453950,0
1790622420000,0.81650,0.81780,0.81590,0.81650,63045.9,1790622479999,51518.605900,424,14002.9,11444.078680,0
1790622480000,0.81650,0.81720,0.81580,0.81590,24010.8,1790622539999,19603.808060,244,11260.8,9196.034380,0
1790622540000,0.81590,0.81590,0.81120,0.81260,352189.9,1790622599999,286226.204690,968,51826.0,42148.732330,0
1790622600000,0.81260,0.81320,0.81200,0.81320,133019.9,1790622659999,108113.931100,452,54216.4,44065.141380,0
1790622660000,0.81310,0.81430,0.81280,0.81290,44625.5,1790622719999,36308.727840,301,36017.6,29305.205430,0
1790622720000,0.81290,0.81500,0.81270,0.81420,38018.5,1790622779999,30948.183880,325,23408.6,19052.753450,0
1790622780000,0.81420,0.81580,0.81420,0.81520,23155.8,1790622839999,18874.132360,235,18179.6,14817.593300,0
1790622840000,0.81520,0.81520,0.81380,0.81470,20436.8,1790622899999,16644.929220,255,14734.2,12000.511410,0
1790622900000,0.81470,0.81480,0.81300,0.81450,18357.7,1790622959999,14936.572180,303,13938.4,11339.868490,0
1790622960000,0.81460,0.81540,0.81280,0.81280,17117.2,1790623019999,13938.679030,279,10471.7,8530.301040,0
1790623020000,0.81290,0.81440,0.81290,0.81370,19481.4,1790623079999,15848.573070,335,14276.3,11613.785110,0
1790623080000,0.81360,0.81570,0.81350,0.81560,29517.9,1790623139999,24034.445070,294,27283.5,22215.641150,0
1790623140000,0.81560,0.81620,0.81490,0.81620,37297.6,1790623199999,30416.726960,319,31557.0,25736.601870,0
1790623200000,0.81620,0.81620,0.81420,0.81420,30040.9,1790623259999,24481.892680,223,11178.1,9107.171770,0
1790623260000,0.81410,0.81530,0.81340,0.81440,19195.7,1790623319999,15626.111980,234,12916.4,10513.610460,0
1790623320000,0.81450,0.81450,0.81290,0.81380,25092.1,1790623379999,20419.844060,307,14384.9,11706.284830,0
1790623380000,0.81390,0.81420,0.81340,0.81380,14470.6,1790623439999,11773.295270,185,12462.2,10139.149070,0
1790623440000,0.81380,0.81470,0.81370,0.81410,14104.6,1790623499999,11482.184570,158,10272.5,8362.357950,0
1790623500000,0.81410,0.81480,0.81400,0.81460,11791.0,1790623559999,9601.184740,158,8041.3,6547.894170,0
1790623560000,0.81450,0.81520,0.81370,0.81420,19523.3,1790623619999,15900.444000,260,15284.8,12448.953320,0
1790623620000,0.81420,0.81470,0.81320,0.81380,20261.4,1790623679999,16488.152390,291,5712.5,4650.243170,0
1790623680000,0.81390,0.81470,0.81390,0.81410,13639.7,1790623739999,11105.980720,149,8131.5,6621.019450,0
1790623740000,0.81400,0.81400,0.81270,0.81310,12409.7,1790623799999,10090.707720,202,6020.0,4894.996460,0
1790623800000,0.81310,0.81330,0.81190,0.81190,47033.8,1790623859999,38215.346260,416,12901.7,10488.220780,0
1790623860000,0.81200,0.81320,0.81140,0.81250,20495.1,1790623919999,16646.172340,299,13926.2,11311.236930,0
1790623920000,0.81250,0.81260,0.81070,0.81160,34749.2,1790623979999,28208.577830,422,22788.7,18502.700920,0
1790623980000,0.81170,0.81210,0.80900,0.80910,62263.2,1790624039999,50448.112970,465,26430.4,21415.554980,0
1790624040000,0.80920,0.81040,0.80910,0.81000,27459.0,1790624099999,22233.733160,305,19702.1,15952.767830,0
1790624100000,0.81000,0.81030,0.80830,0.80900,88182.6,1790624159999,71384.741970,371,10386.2,8407.755670,0
1790624160000,0.80900,0.80960,0.80820,0.80840,41781.5,1790624219999,33794.866020,327,23862.2,19305.924920,0
1790624220000,0.80850,0.80870,0.80570,0.80570,59369.6,1790624279999,47906.391260,679,11433.3,9229.671170,0
1790624280000,0.80580,0.80660,0.80400,0.80450,121310.4,1790624339999,97618.713320,691,69494.6,55923.654780,0
1790624340000,0.80470,0.80560,0.80380,0.80440,33507.5,1790624399999,26960.545310,553,18621.5,14983.435990,0
1790624400000,0.80440,0.80480,0.80230,0.80270,44283.6,1790624459999,35572.092570,504,20330.4,16331.989380,0
1790624460000,0.80240,0.80480,0.80170,0.80470,94404.3,1790624519999,75883.996580,666,80697.7,64874.897080,0
1790624520000,0.80460,0.80580,0.80380,0.80570,35274.2,1790624579999,28393.525990,400,29620.3,23844.099960,0
1790624580000,0.80560,0.80720,0.80550,0.80620,107237.7,1790624639999,86458.890470,599,57715.1,46535.409320,0
1790624640000,0.80610,0.80650,0.80520,0.80520,32110.4,1790624699999,25869.594750,288,12614.1,10164.197550,0
1790624700000,0.80530,0.80780,0.80530,0.80780,21922.1,1790624759999,17676.370100,358,17650.6,14231.185570,0
1790624760000,0.80780,0.80780,0.80600,0.80610,15314.7,1790624819999,12354.284500,242,7587.5,6119.831050,0
1790624820000,0.80600,0.80680,0.80570,0.80580,16210.8,1790624879999,13072.125050,325,9190.6,7412.302640,0
1790624880000,0.80570,0.80610,0.80540,0.80550,18391.1,1790624939999,14818.492560,177,12799.7,10312.872140,0
1790624940000,0.80540,0.80640,0.80450,0.80620,54865.1,1790624999999,44196.125510,435,38098.4,30697.862750,0
1790625000000,0.80610,0.80850,0.80560,0.80790,42711.8,1790625059999,34485.886640,484,32230.0,26029.369720,0
1790625060000,0.80780,0.81000,0.80750,0.80980,35555.7,1790625119999,28756.217540,389,26779.5,21664.664930,0
1790625120000,0.80980,0.81170,0.80980,0.81140,33020.0,1790625179999,26779.611750,266,22292.3,18079.028000,0
1790625180000,0.81140,0.81170,0.81030,0.81150,49186.5,1790625239999,39889.657880,299,38697.2,31385.512610,0
1790625240000,0.81150,0.81160,0.81050,0.81100,36260.5,1790625299999,29412.331260,391,19754.3,16024.390900,0
1790625300000,0.81110,0.81180,0.81030,0.81040,21766.8,1790625359999,17655.555900,272,9977.8,8095.190730,0
1790625360000,0.81030,0.81050,0.80950,0.81010,6347.6,1790625419999,5140.991700,163,4361.7,3532.608580,0
1790625420000,0.81010,0.81050,0.80980,0.81050,14397.7,1790625479999,11663.250110,155,6190.3,5015.495280,0
1790625480000,0.81050,0.81110,0.81040,0.81050,13386.4,1790625539999,10853.057220,156,9766.1,7918.026040,0
1790625540000,0.81050,0.81060,0.80980,0.81010,16316.8,1790625599999,13220.349840,185,7273.6,5893.027440,0
1790625600000,0.81000,0.81140,0.80920,0.80920,44330.7,1790625659999,35914.220070,411,18986.6,15381.553210,0
1790625660000,0.80940,0.80960,0.80630,0.80700,110428.5,1790625719999,89193.082200,850,41746.6,33736.255150,0
1790625720000,0.80710,0.80990,0.80610,0.80990,51234.8,1790625779999,41381.200910,530,41740.4,33719.782240,0
1790625780000,0.80990,0.81250,0.80980,0.81120,167421.0,1790625839999,135916.752910,648,103775.7,84241.995000,0
1790625840000,0.81110,0.81550,0.81050,0.81520,48852.4,1790625899999,39737.761670,545,30792.6,25051.118220,0
1790625900000,0.81510,0.81800,0.81490,0.81690,71898.8,1790625959999,58698.716370,584,60488.7,49382.411850,0
1790625960000,0.81690,0.81730,0.81460,0.81640,151523.6,1790626019999,123614.951260,827,37756.7,30804.725280,0
1790626020000,0.81650,0.81760,0.81630,0.81750,15650.3,1790626079999,12784.977820,241,6036.2,4930.521850,0
1790626080000,0.81750,0.81830,0.81690,0.81800,29272.3,1790626139999,23940.102460,285,20504.4,16770.789140,0
1790626140000,0.81790,0.81790,0.81670,0.81770,23533.5,1790626199999,19231.282050,276,5028.9,4108.637680,0
1790626200000,0.81770,0.81880,0.81770,0.81880,19807.9,1790626259999,16212.262710,296,10922.9,8940.322980,0
1790626260000,0.81880,0.81900,0.81820,0.81870,19554.6,1790626319999,16011.680680,231,9487.2,7768.232960,0
1790626320000,0.81860,0.81860,0.81670,0.81770,35198.1,1790626379999,28757.915410,236,6357.0,5196.386650,0
1790626380000,0.81780,0.81890,0.81720,0.81850,11667.1,1790626439999,9544.365250,220,7304.1,5974.503790,0
1790626440000,0.81840,0.81840,0.81760,0.81800,11222.1,1790626499999,9179.152860,183,6083.5,4975.088530,0
1790626500000,0.81790,0.81790,0.81670,0.81710,7529.2,1790626559999,6153.016410,219,2367.3,1934.317440,0
1790626560000,0.81700,0.81700,0.81580,0.81590,22711.2,1790626619999,18540.578580,311,4327.4,3532.790010,0
1790626620000,0.81590,0.81640,0.81530,0.81540,35196.0,1790626679999,28718.490930,273,15567.7,12703.968360,0
1790626680000,0.81540,0.81640,0.81510,0.81640,14058.2,1790626739999,11466.233800,202,7700.7,6281.716000,0
1790626740000,0.81650,0.81870,0.81650,0.81870,11239.4,1790626799999,9191.384730,194,9234.2,7551.153130,0
1790626800000,0.81870,0.82080,0.81870,0.81990,26635.9,1790626859999,21841.230380,251,16754.0,13734.377090,0
1790626860000,0.81980,0.82010,0.81900,0.81970,12582.4,1790626919999,10311.770470,197,8178.0,6702.448400,0
1790626920000,0.81970,0.82050,0.81930,0.81990,13572.2,1790626979999,11128.127190,194,7799.0,6393.312020,0
1790626980000,0.82000,0.82070,0.81830,0.81840,18249.8,1790627039999,14963.131420,190,12302.6,10090.374290,0
1790627040000,0.81830,0.82130,0.81810,0.82110,19711.9,1790627099999,16151.080850,271,15663.3,12831.955010,0
1790627100000,0.82120,0.82210,0.82080,0.82160,19180.9,1790627159999,15759.616440,197,11939.6,9810.891280,0
1790627160000,0.82160,0.82200,0.82060,0.82190,10142.6,1790627219999,8327.789120,190,5033.0,4133.234620,0
1790627220000,0.82190,0.82200,0.82120,0.82140,17617.3,1790627279999,14473.622890,156,5999.9,4929.053660,0
1790627280000,0.82130,0.82310,0.82090,0.82310,45196.5,1790627339999,37170.055260,292,42726.3,35141.195970,0
1790627340000,0.82310,0.82430,0.82260,0.82290,38694.1,1790627399999,31864.610830,349,12878.9,10604.214010,0
1790627400000,0.82290,0.82350,0.82220,0.82290,14718.8,1790627459999,12111.442860,224,7888.7,6490.919580,0
1790627460000,0.82290,0.82440,0.82240,0.82420,16915.1,1790627519999,13929.653520,225,6497.1,5348.133440,0
1790627520000,0.82440,0.82530,0.82420,0.82510,33323.6,1790627579999,27489.335610,289,17065.0,14075.863270,0
1790627580000,0.82500,0.82580,0.82460,0.82510,28621.6,1790627639999,23622.117050,238,19129.2,15789.060180,0
1790627640000,0.82510,0.82510,0.82410,0.82440,8301.4,1790627699999,6845.316930,166,1830.6,1509.648810,0
1790627700000,0.82440,0.82470,0.82350,0.82400,17852.3,1790627759999,14710.825280,184,4208.0,3467.182020,0
1790627760000,0.82390,0.82440,0.82260,0.82370,29803.9,1790627819999,24551.600780,359,14361.7,11830.105910,0
1790627820000,0.82370,0.82370,0.82160,0.82280,24005.2,1790627879999,19740.669280,325,9586.9,7881.972140,0
1790627880000,0.82280,0.82320,0.82220,0.82310,14743.3,1790627939999,12127.052040,173,5705.7,4694.285350,0
1790627940000,0.82310,0.82430,0.82260,0.82430,22016.9,1790627999999,18125.242520,264,8052.0,6631.103040,0
1790628000000,0.82430,0.82450,0.82340,0.82370,22136.1,1790628059999,18241.181540,248,1716.5,1414.399460,0
1790628060000,0.82370,0.82460,0.82360,0.82460,9212.0,1790628119999,7591.505930,190,2702.2,2226.555090,0
1790628120000,0.82470,0.82470,0.82210,0.82210,25362.1,1790628179999,20887.465670,394,2459.1,2024.631530,0
1790628180000,0.82210,0.82210,0.81990,0.82090,17770.9,1790628239999,14584.566030,371,4886.3,4010.631330,0
1790628240000,0.82090,0.82090,0.82020,0.82040,7873.6,1790628299999,6461.214780,168,4580.9,3759.291750,0
1790628300000,0.82030,0.82050,0.81970,0.81970,11657.9,1790628359999,9558.937610,212,5113.1,4192.333220,0
1790628360000,0.81960,0.82150,0.81900,0.82150,13098.1,1790628419999,10739.329140,277,8509.3,6978.645410,0
1790628420000,0.82150,0.82200,0.82010,0.82050,21316.4,1790628479999,17507.615940,272,6095.2,5002.609940,0
1790628480000,0.82060,0.82070,0.81940,0.81980,9619.1,1790628539999,7888.097530,231,3659.7,3001.512760,0
1790628540000,0.81980,0.82010,0.81890,0.81940,18450.2,1790628599999,15119.369480,250,9229.7,7563.813840,0
1790628600000,0.81930,0.81930,0.81760,0.81780,24917.2,1790628659999,20387.379380,287,12024.6,9836.612440,0
1790628660000,0.81770,0.81890,0.81700,0.81820,28201.3,1790628719999,23064.170570,320,19496.8,15944.125720,0
1790628720000,0.81800,0.81800,0.81700,0.81730,9781.3,1790628779999,7996.314400,160,3069.9,2509.084830,0
1790628780000,0.81730,0.81780,0.81700,0.81760,10190.2,1790628839999,8328.227650,151,7018.8,5736.318320,0
1790628840000,0.81760,0.81860,0.81750,0.81770,12280.0,1790628899999,10044.037240,121,9268.9,7581.134070,0
1790628900000,0.81770,0.81930,0.81720,0.81930,15947.8,1790628959999,13044.793140,200,7683.0,6284.864970,0
1790628960000,0.81920,0.82120,0.81890,0.82120,51960.7,1790629019999,42633.793380,337,37966.7,31150.212430,0
1790629020000,0.82130,0.82340,0.82130,0.82180,40449.3,1790629079999,33264.520230,397,26250.4,21584.986550,0
1790629080000,0.82190,0.82580,0.82190,0.82560,111651.8,1790629139999,92023.138700,796,78103.2,64376.197940,0
1790629140000,0.82580,0.82790,0.82580,0.82650,111244.4,1790629199999,91958.548130,602,63985.5,52904.406550,0
1790629200000,0.82650,0.82880,0.82650,0.82840,64693.9,1790629259999,53565.350500,539,30359.6,25135.352020,0
1790629260000,0.82850,0.83130,0.82850,0.83130,106880.7,1790629319999,88680.914410,734,53450.0,44358.235040,0
1790629320000,0.83130,0.83200,0.82930,0.82980,80476.5,1790629379999,66849.682810,737,28410.8,23605.528190,0
1790629380000,0.82990,0.83040,0.82830,0.82840,45018.5,1790629439999,37349.731480,342,20254.2,16810.708350,0
1790629440000,0.82840,0.82960,0.82830,0.82840,20372.8,1790629499999,16885.930970,275,9715.8,8054.172290,0
1790629500000,0.82830,0.82850,0.82670,0.82680,38346.6,1790629559999,31742.027880,423,16081.1,13314.806020,0
1790629560000,0.82680,0.83260,0.82660,0.82920,112373.3,1790629619999,93214.636870,982,54015.9,44800.987580,0
1790629620000,0.82930,0.83070,0.82820,0.82870,24045.8,1790629679999,19940.961180,411,13057.3,10828.619140,0
1790629680000,0.82870,0.83090,0.82870,0.83080,39501.5,1790629739999,32786.633020,350,14709.5,12205.181960,0
1790629740000,0.83080,0.83330,0.83080,0.83320,49944.0,1790629799999,41566.444230,431,33896.3,28214.170600,0
1790629800000,0.83320,0.83440,0.82830,0.82850,311900.0,1790629859999,259294.363580,1111,64234.9,53419.090440,0
1790629860000,0.82850,0.82950,0.82820,0.82950,34179.8,1790629919999,28327.928550,359,24457.8,20269.768820,0
1790629920000,0.82950,0.82980,0.82800,0.82890,47904.9,1790629979999,39704.188470,316,25336.5,21000.161530,0
1790629980000,0.82890,0.82900,0.82760,0.82850,20770.9,1790630039999,17204.840580,232,3808.3,3154.902310,0
1790630040000,0.82840,0.82870,0.82710,0.82720,52068.0,1790630099999,43117.404820,299,17808.6,14746.430660,0
1790630100000,0.82710,0.82740,0.82530,0.82550,46076.4,1790630159999,38088.454240,338,5261.0,4348.018840,0
1790630160000,0.82540,0.82710,0.82380,0.82490,136282.2,1790630219999,112448.882720,668,31495.3,25982.890330,0
1790630220000,0.82480,0.82490,0.82250,0.82250,18815.7,1790630279999,15486.190550,254,4155.9,3420.441940,0
1790630280000,0.82260,0.82280,0.82190,0.82260,9318.8,1790630339999,7662.736070,139,4393.2,3612.466560,0
1790630340000,0.82260,0.82450,0.82170,0.82440,12888.1,1790630399999,10607.155590,227,8172.2,6727.478610,0
1790630400000,0.82440,0.82450,0.82230,0.82250,20927.8,1790630459999,17235.120620,237,10135.4,8344.294740,0
1790630460000,0.82230,0.82280,0.82170,0.82170,15158.3,1790630519999,12463.346690,178,6550.8,5387.917140,0
1790630520000,0.82170,0.82220,0.82120,0.82140,10104.1,1790630579999,8300.823210,130,4086.2,3356.757510,0
1790630580000,0.82150,0.82190,0.82030,0.82070,8146.3,1790630639999,6688.296600,191,1903.6,1563.723760,0
1790630640000,0.82060,0.82080,0.82000,0.82030,37763.2,1790630699999,30976.614180,195,10940.8,8974.921600,0
1790630700000,0.82030,0.82110,0.81950,0.81980,24955.3,1790630759999,20468.184890,266,4062.0,3332.038100,0
1790630760000,0.81970,0.81990,0.81880,0.81930,34697.7,1790630819999,28440.797420,208,17996.2,14750.475190,0
1790630820000,0.81920,0.81920,0.81780,0.81820,42994.7,1790630879999,35176.553380,217,24568.3,20099.238840,0
1790630880000,0.81810,0.81920,0.81680,0.81920,63199.0,1790630939999,51689.954240,351,31273.4,25600.429680,0
1790630940000,0.81920,0.81950,0.81780,0.81800,16037.7,1790630999999,13125.539700,163,7660.5,6270.031400,0
1790631000000,0.81790,0.81990,0.81730,0.81950,27131.0,1790631059999,22220.706610,221,13483.2,11038.516150,0
1790631060000,0.81960,0.81960,0.81780,0.81780,35237.5,1790631119999,28840.752930,206,18207.3,14902.712960,0
1790631120000,0.81780,0.81780,0.81690,0.81760,25795.2,1790631179999,21078.833550,226,12094.2,9882.589080,0
1790631180000,0.81750,0.81870,0.81720,0.81850,8446.4,1790631239999,6909.156280,154,7267.8,5945.531060,0
1790631240000,0.81850,0.81990,0.81850,0.81990,7030.3,1790631299999,5759.213280,100,6257.4,5126.444330,0
1790631300000,0.81990,0.82110,0.81980,0.82000,35680.7,1790631359999,29280.502010,237,30356.5,24912.253000,0
1790631360000,0.81990,0.82160,0.81960,0.82040,18331.9,1790631419999,15046.008400,204,7555.8,6197.682950,0
1790631420000,0.82050,0.82060,0.81920,0.81950,15681.9,1790631479999,12857.153370,171,7230.4,5928.733660,0
1790631480000,0.81950,0.81950,0.81690,0.81690,22280.0,1790631539999,18225.723670,232,439.7,359.727000,0
1790631540000,0.81680,0.81680,0.81540,0.81630,40809.6,1790631599999,33299.965330,332,12657.2,10329.759640,0
1790631600000,0.81610,0.81680,0.81560,0.81610,20254.7,1790631659999,16532.420410,245,11957.2,9761.352370,0
1790631660000,0.81610,0.81610,0.81420,0.81550,46265.4,1790631719999,37697.903590,296,8023.1,6540.663360,0
1790631720000,0.81540,0.81590,0.81530,0.81540,12746.7,1790631779999,10395.847040,109,6051.7,4936.125780,0
1790631780000,0.81540,0.81660,0.81510,0.81660,12058.1,1790631839999,9837.967820,155,8697.2,7096.878000,0
1790631840000,0.81640,0.81700,0.81590,0.81680,15508.8,1790631899999,12662.101090,211,13423.0,10959.917720,0
1790631900000,0.81670,0.81670,0.81630,0.81660,3689.2,1790631959999,3012.022680,68,2266.9,1850.733500,0
1790631960000,0.81650,0.81660,0.81130,0.81170,139000.0,1790632019999,113020.359340,633,16764.5,13611.901300,0
1790632020000,0.81180,0.81300,0.80910,0.81060,150716.4,1790632079999,122172.269210,714,70885.8,57475.286350,0
1790632080000,0.81060,0.81080,0.80810,0.80820,134794.3,1790632139999,109086.285060,614,46990.6,38052.461260,0
1790632140000,0.80820,0.80870,0.80560,0.80600,211966.8,1790632199999,171011.783100,915,57936.4,46741.944080,0
1790632200000,0.80610,0.80680,0.80560,0.80610,61987.7,1790632259999,49981.623820,323,22226.9,17926.162890,0
1790632260000,0.80610,0.80680,0.80600,0.80630,24965.4,1790632319999,20134.548450,210,14602.2,11778.261060,0
1790632320000,0.80640,0.80920,0.80640,0.80920,40776.2,1790632379999,32951.135970,293,38774.6,31335.008490,0
1790632380000,0.80920,0.80950,0.80720,0.80720,25752.6,1790632439999,20823.579820,322,9113.7,7371.174880,0
1790632440000,0.80720,0.80760,0.80660,0.80730,9012.5,1790632499999,7273.845510,186,7025.0,5669.964960,0
1790632500000,0.80730,0.80750,0.80470,0.80480,85641.0,1790632559999,69004.369680,424,15886.9,12796.046930,0
1790632560000,0.80480,0.80510,0.80450,0.80470,26614.8,1790632619999,21419.354450,177,20402.0,16418.940510,0
1790632620000,0.80460,0.80730,0.80460,0.80720,47408.7,1790632679999,38195.285290,316,42512.0,34247.402540,0
1790632680000,0.80720,0.80740,0.80620,0.80660,9193.3,1790632739999,7416.199090,142,5136.3,4142.431900,0
1790632740000,0.80660,0.80660,0.80490,0.80560,17525.8,1790632799999,14117.709630,259,9420.7,7585.975990,0
1790632800000,0.80560,0.80670,0.80430,0.80440,31123.9,1790632859999,25080.032070,452,19485.4,15699.623480,0
1790632860000,0.80440,0.80590,0.80360,0.80450,40155.3,1790632919999,32312.972270,443,25253.1,20314.395040,0
1790632920000,0.80450,0.80600,0.80160,0.80600,65993.9,1790632979999,53006.849450,846,42964.6,34505.966640,0
1790632980000,0.80600,0.80820,0.80490,0.80580,44372.2,1790633039999,35789.898360,595,25282.2,20396.389270,0
1790633040000,0.80590,0.80690,0.80510,0.80580,27232.2,1790633099999,21944.307340,433,18348.9,14787.032120,0
1790633100000,0.80570,0.80570,0.80360,0.80380,28324.7,1790633159999,22790.372980,304,10800.3,8688.191980,0
1790633160000,0.80360,0.80420,0.80210,0.80250,33906.7,1790633219999,27238.434670,462,17148.7,13777.255340,0
1790633220000,0.80240,0.80350,0.80240,0.80340,14187.8,1790633279999,11394.413740,244,9574.3,7689.245440,0
1790633280000,0.80350,0.80630,0.80350,0.80610,16559.4,1790633339999,13325.291830,235,11585.8,9322.494940,0
1790633340000,0.80600,0.80600,0.80470,0.80470,12730.2,1790633399999,10251.684950,220,3482.9,2803.909020,0
1790633400000,0.80490,0.80520,0.80430,0.80520,43260.2,1790633459999,34813.810540,284,21449.5,17261.703160,0
1790633460000,0.80510,0.80510,0.80380,0.80480,16718.0,1790633519999,13447.672280,249,9522.3,7658.539280,0
1790633520000,0.80470,0.80560,0.80460,0.80510,24322.9,1790633579999,19579.198410,215,12506.3,10069.733470,0
1790633580000,0.80510,0.80590,0.80510,0.80570,15899.0,1790633639999,12804.325640,169,9434.6,7598.445640,0
1790633640000,0.80570,0.80670,0.80550,0.80570,12377.3,1790633699999,9977.064740,186,5371.0,4329.588500,0
1790633700000,0.80550,0.80570,0.80500,0.80550,33578.2,1790633759999,27047.107050,184,14455.9,11644.391730,0
1790633760000,0.80560,0.80670,0.80560,0.80610,18240.5,1790633819999,14703.652030,235,8568.3,6908.155530,0
1790633820000,0.80610,0.80800,0.80600,0.80780,20780.6,1790633879999,16765.770960,261,10736.7,8665.262870,0
1790633880000,0.80780,0.80850,0.80780,0.80800,9713.6,1790633939999,7850.348170,165,6462.1,5222.635830,0
1790633940000,0.80800,0.80890,0.80770,0.80850,6798.9,1790633999999,5495.895410,137,4172.4,3372.282630,0
1790634000000,0.80840,0.80840,0.80650,0.80700,17456.5,1790634059999,14086.701890,246,2929.6,2364.099550,0
1790634060000,0.80690,0.80890,0.80670,0.80860,13903.7,1790634119999,11234.157180,209,11194.8,9045.564810,0
1790634120000,0.80870,0.80870,0.80770,0.80770,6449.4,1790634179999,5211.761690,111,2619.0,2116.078870,0
1790634180000,0.80780,0.80790,0.80720,0.80750,7053.0,1790634239999,5696.195670,150,2439.5,1970.350820,0
1790634240000,0.80750,0.80800,0.80720,0.80790,6356.3,1790634299999,5134.004250,118,3068.1,2477.920280,0
1790634300000,0.80780,0.80830,0.80750,0.80810,9356.6,1790634359999,7557.952180,139,6467.2,5223.772510,0
1790634360000,0.80820,0.80910,0.80800,0.80900,8610.5,1790634419999,6963.240570,143,5978.0,4834.589010,0
1790634420000,0.80890,0.80910,0.80850,0.80880,4899.6,1790634479999,3962.664040,132,1198.1,969.036850,0
1790634480000,0.80880,0.80880,0.80810,0.80860,2781.8,1790634539999,2248.727520,86,929.7,751.434880,0
1790634540000,0.80860,0.80860,0.80650,0.80700,27685.9,1790634599999,22351.962980,282,5960.6,4811.129980,0
1790634600000,0.80700,0.80750,0.80670,0.80700,5556.2,1790634659999,4484.584460,119,2362.2,1906.196630,0
1790634660000,0.80700,0.80750,0.80670,0.80740,13022.7,1790634719999,10510.725570,160,10084.1,8139.167110,0
1790634720000,0.80730,0.80900,0.80670,0.80900,20902.8,1790634779999,16870.241860,245,14312.3,11551.303770,0
1790634780000,0.80890,0.80890,0.80830,0.80840,12867.0,1790634839999,10403.856570,190,3279.8,2651.560550,0
1790634840000,0.80850,0.80850,0.80680,0.80750,19759.8,1790634899999,15960.190250,277,5930.9,4788.313390,0
1790634900000,0.80750,0.80990,0.80720,0.80990,10954.2,1790634959999,8857.870150,217,5445.3,4404.970260,0
1790634960000,0.80980,0.81150,0.80980,0.81150,18784.1,1790635019999,15224.920180,256,14854.2,12039.439280,0
1790635020000,0.81150,0.81260,0.81140,0.81250,16151.9,1790635079999,13116.984150,245,11055.1,8978.225530,0
1790635080000,0.81260,0.81280,0.81220,0.81280,9467.2,1790635139999,7691.580940,141,4198.1,3410.816080,0
1790635140000,0.81270,0.81290,0.81200,0.81200,40327.0,1790635199999,32766.849770,324,10028.6,8149.196260,0
1790635200000,0.81210,0.81290,0.81140,0.81270,17486.8,1790635259999,14206.763890,238,7391.2,6003.915160,0
1790635260000,0.81270,0.81270,0.81180,0.81220,18006.8,1790635319999,14626.366330,177,2567.9,2085.366290,0
1790635320000,0.81220,0.81320,0.81200,0.81320,9676.8,1790635379999,7863.028920,146,8421.4,6843.415760,0
1790635380000,0.81330,0.81380,0.81320,0.81370,9343.9,1790635439999,7602.475990,117,4347.2,3537.036660,0
1790635440000,0.81380,0.81390,0.81300,0.81330,15218.7,1790635499999,12380.280870,214,4172.6,3394.691640,0
1790635500000,0.81330,0.81420,0.81330,0.81420,7464.0,1790635559999,6074.183050,153,2999.6,2440.991570,0
1790635560000,0.81420,0.81470,0.81410,0.81460,3744.8,1790635619999,3049.845690,75,3262.6,2657.246650,0
1790635620000,0.81460,0.81460,0.81340,0.81400,19129.4,1790635679999,15572.654030,265,7221.3,5877.786450,0
1790635680000,0.81390,0.81420,0.81360,0.81420,3443.1,1790635739999,2802.167840,74,1714.2,1395.271140,0
1790635740000,0.81430,0.81460,0.81420,0.81460,16864.2,1790635799999,13731.917060,135,5572.6,4537.822210,0
1790635800000,0.81460,0.81610,0.81450,0.81610,26829.2,1790635859999,21872.166730,218,23450.0,19118.206740,0
1790635860000,0.81610,0.81720,0.81550,0.81720,14555.8,1790635919999,11879.777870,218,8110.1,6620.542850,0
1790635920000,0.81720,0.81810,0.81670,0.81770,23845.6,1790635979999,19490.950830,272,15007.0,12266.331290,0
1790635980000,0.81760,0.81780,0.81720,0.81760,11875.9,1790636039999,9709.161660,148,1833.1,1498.718490,0
1790636040000,0.81750,0.81790,0.81720,0.81760,8533.6,1790636099999,6977.297100,126,2247.0,1837.258050,0
1790636100000,0.81760,0.81930,0.81760,0.81880,8162.0,1790636159999,6682.277430,141,3815.1,3122.494150,0
1790636160000,0.81890,0.81970,0.81880,0.81970,7356.8,1790636219999,6025.022790,127,2454.8,2010.997630,0
1790636220000,0.81960,0.81960,0.81860,0.81930,13857.9,1790636279999,11353.647440,152,3214.3,2632.537760,0
1790636280000,0.81920,0.81920,0.81780,0.81830,26032.5,1790636339999,21303.513790,219,3749.2,3066.858490,0
1790636340000,0.81840,0.81860,0.81810,0.81820,7347.6,1790636399999,6013.251250,95,1570.0,1284.809980,0
1790636400000,0.81810,0.81870,0.81760,0.81870,8580.8,1790636459999,7020.167410,191,3516.8,2877.542240,0
1790636460000,0.81870,0.81900,0.81850,0.81900,10263.8,1790636519999,8404.241500,178,5506.2,4508.767900,0
1790636520000,0.81900,0.82170,0.81890,0.82170,62851.1,1790636579999,51578.948600,482,50584.5,41521.429680,0
1790636580000,0.82160,0.82180,0.82090,0.82150,24194.7,1790636639999,19873.624570,229,6687.2,5492.910410,0
1790636640000,0.82140,0.82290,0.82140,0.82190,22227.8,1790636699999,18281.136570,349,9283.2,7634.172700,0
1790636700000,0.82200,0.82230,0.82130,0.82180,15624.9,1790636759999,12841.994580,244,5657.6,4650.398810,0
1790636760000,0.82170,0.82180,0.82060,0.82160,25891.1,1790636819999,21261.887810,330,9160.7,7522.662740,0
1790636820000,0.82160,0.82190,0.82100,0.82180,39551.4,1790636879999,32486.135960,335,19030.1,15633.194540,0
1790636880000,0.82180,0.82200,0.82060,0.82100,24721.7,1790636939999,20303.757230,264,4376.4,3594.139900,0
1790636940000,0.82100,0.82200,0.82100,0.82170,25947.7,1790636999999,21320.710510,237,8066.5,6627.561940,0
1790637000000,0.82170,0.82200,0.82020,0.82040,42802.4,1790637059999,35138.299880,357,11525.4,9459.738800,0
1790637060000,0.82050,0.82090,0.81940,0.82000,41636.3,1790637119999,34145.371170,431,13539.9,11105.414260,0
1790637120000,0.82000,0.82050,0.81910,0.81940,13643.2,1790637179999,11184.019150,215,2944.9,2414.586850,0
1790637180000,0.81940,0.81980,0.81930,0.81930,5167.7,1790637239999,4235.163890,148,1029.6,843.767390,0
1790637240000,0.81930,0.81980,0.81900,0.81980,7489.0,1790637299999,6135.076050,123,753.6,617.511170,0
1790637300000,0.81980,0.82200,0.81970,0.82200,28779.6,1790637359999,23639.142570,251,23731.4,19492.162940,0
1790637360000,0.82210,0.82350,0.82170,0.82240,60782.7,1790637419999,50008.782800,452,29892.8,24591.712050,0
1790637420000,0.82240,0.82350,0.82240,0.82350,11943.8,1790637479999,9827.457500,193,5140.5,4230.295950,0
1790637480000,0.82350,0.82420,0.82300,0.82420,21634.7,1790637539999,17814.575670,240,10131.5,8343.794430,0
1790637540000,0.82430,0.82550,0.82430,0.82510,28677.0,1790637599999,23659.657290,274,15418.6,12720.522510,0
1790637600000,0.82510,0.82710,0.82510,0.82620,87870.5,1790637659999,72594.431460,510,50377.8,41613.926220,0
1790637660000,0.82610,0.82650,0.82540,0.82650,21703.9,1790637719999,17925.326300,268,6622.7,5470.085070,0
1790637720000,0.82660,0.82710,0.82630,0.82670,15805.3,1790637779999,13066.762330,211,7437.2,6148.872420,0
1790637780000,0.82670,0.82720,0.82610,0.82690,31107.5,1790637839999,25718.568840,263,6683.0,5525.860880,0
1790637840000,0.82690,0.82720,0.82610,0.82720,14993.2,1790637899999,12394.405590,249,3498.6,2892.429110,0
1790637900000,0.82720,0.82730,0.82610,0.82720,12515.1,1790637959999,10343.496020,221,2278.2,1882.917120,0
1790637960000,0.82720,0.82740,0.82550,0.82620,81195.1,1790638019999,67081.851510,632,19124.7,15802.132910,0
1790638020000,0.82620,0.82640,0.82410,0.82500,49469.7,1790638079999,40805.854180,486,15435.2,12735.600050,0
1790638080000,0.82510,0.82540,0.82450,0.82460,38828.8,1790638139999,32026.658280,256,8670.0,7149.766260,0
1790638140000,0.82460,0.82610,0.82460,0.82610,13359.8,1790638199999,11025.111430,242,8791.0,7254.930580,0
1790638200000,0.82610,0.82620,0.82490,0.82490,28628.0,1790638259999,23644.133970,266,6491.2,5360.278850,0
1790638260000,0.82490,0.82550,0.82450,0.82530,58806.0,1790638319999,48513.621910,459,29985.7,24740.310010,0
1790638320000,0.82530,0.82530,0.82430,0.82460,14002.4,1790638379999,11546.256570,220,8695.4,7169.834430,0
1790638380000,0.82460,0.82460,0.82370,0.82420,11769.0,1790638439999,9700.883090,287,5476.9,4514.479760,0
1790638440000,0.82420,0.82470,0.82400,0.82420,21458.9,1790638499999,17690.868640,307,8068.4,6651.764430,0
1790638500000,0.82420,0.82580,0.82420,0.82500,40310.5,1790638559999,33260.411630,302,35138.7,28993.081800,0
1790638560000,0.82500,0.82530,0.82430,0.82450,12648.8,1790638619999,10433.494810,214,4551.2,3754.349480,0
1790638620000,0.82450,0.82630,0.82450,0.82620,13898.7,1790638679999,11472.368650,229,8510.7,7023.393620,0
1790638680000,0.82630,0.82760,0.82630,0.82760,21388.6,1790638739999,17689.992910,295,13276.5,10980.931610,0
1790638740000,0.82770,0.82810,0.82730,0.82800,13349.1,1790638799999,11050.334000,220,7300.4,6043.292980,0
1790638800000,0.82800,0.82850,0.82730,0.82850,10935.8,1790638859999,9054.140090,204,7772.0,6435.266740,0
1790638860000,0.82850,0.82870,0.82800,0.82870,13340.9,1790638919999,11052.197810,278,7179.2,5947.557150,0
1790638920000,0.82870,0.82870,0.82780,0.82780,10678.7,1790638979999,8846.262800,239,5907.1,4893.470130,0
1790638980000,0.82780,0.82900,0.82780,0.82900,10639.0,1790639039999,8815.274910,165,6845.1,5671.096440,0
1790639040000,0.82900,0.83050,0.82860,0.83050,45958.4,1790639099999,38135.164160,336,41699.8,34601.472000,0
1790639100000,0.83050,0.83080,0.82910,0.82910,45234.5,1790639159999,37548.263070,422,18783.2,15592.169480,0
1790639160000,0.82920,0.83140,0.82900,0.83130,45925.1,1790639219999,38134.496120,390,28659.9,23793.726980,0
1790639220000,0.83140,0.83160,0.82930,0.82950,60140.9,1790639279999,49944.518380,563,37045.7,30768.445260,0
1790639280000,0.82950,0.82980,0.82750,0.82820,35458.4,1790639339999,29373.311470,418,7252.7,6007.211250,0
1790639340000,0.82820,0.82920,0.82800,0.82920,10408.4,1790639399999,8621.797850,135,2976.3,2465.435110,0
1790639400000,0.82920,0.82930,0.82800,0.82850,13529.4,1790639459999,11211.095650,208,4725.8,3915.536880,0
1790639460000,0.82840,0.83000,0.82770,0.83000,22686.3,1790639519999,18795.508790,303,8305.8,6886.656200,0
1790639520000,0.83000,0.83000,0.82790,0.82860,21341.0,1790639579999,17684.739340,253,4314.4,3575.058620,0
1790639580000,0.82860,0.82950,0.82860,0.82930,9816.0,1790639639999,8139.628110,136,4736.6,3927.395090,0
1790639640000,0.82930,0.83000,0.82910,0.82960,15760.8,1790639699999,13072.581920,195,3624.6,3006.662470,0
1790639700000,0.82960,0.83030,0.82940,0.83020,28979.7,1790639759999,24047.418200,209,17233.5,14298.490860,0
1790639760000,0.83020,0.83060,0.83000,0.83060,7620.0,1790639819999,6326.402440,127,3583.7,2975.601260,0
1790639820000,0.83050,0.83050,0.82940,0.82990,30947.3,1790639879999,25684.134380,231,2304.9,1912.898490,0
1790639880000,0.82980,0.83090,0.82960,0.83020,19058.3,1790639939999,15826.289250,256,12183.7,10116.832650,0
1790639940000,0.83020,0.83020,0.82930,0.82940,9643.5,1790639999999,8000.670060,147,3737.6,3100.875720,0
