open_time,open,high,low,close,volume,close_time,quote_asset_volume,count,taker_buy_volume,taker_buy_quote_volume,ignore
1790553600000,91.67800,91.67800,91.63000,91.67200,6975.74,1790553659999,639228.5398800,856,826.72,75771.1597600,0
1790553660000,91.67200,91.69000,91.63000,91.69000,1066.12,1790553719999,97715.9229500,757,701.82,64327.2617800,0
1790553720000,91.68900,91.73900,91.61100,91.62600,3543.43,1790553779999,324777.4293300,1287,1114.37,102156.1993500,0
1790553780000,91.62600,91.66800,91.61400,91.63600,1590.73,1790553839999,145762.5168900,892,985.10,90266.1341600,0
1790553840000,91.63600,91.64600,91.57600,91.57900,1396.92,1790553899999,127972.7643100,958,439.61,40273.3936100,0
1790553900000,91.57900,91.57900,91.50000,91.50000,2085.05,1790553959999,190845.5948700,827,723.18,66185.2246600,0
1790553960000,91.50100,91.50100,91.46000,91.48800,2725.25,1790554019999,249315.8925400,1042,1060.94,97057.9838400,0
1790554020000,91.48800,91.48800,91.37600,91.40700,4067.08,1790554079999,371800.2934100,1296,1110.07,101463.8201100,0
1790554080000,91.40700,91.40800,91.25200,91.25200,6253.43,1790554139999,571052.3122100,1429,1766.07,161255.3908400,0
1790554140000,91.25200,91.26300,91.13500,91.15700,9229.18,1790554199999,841683.6869900,1846,1765.99,161076.9309800,0
1790554200000,91.15700,91.22500,91.15700,91.16500,2867.49,1790554259999,261517.6038600,898,1284.38,117135.0919900,0
1790554260000,91.16500,91.26700,91.14400,91.22100,3927.61,1790554319999,358166.4267500,1099,2524.39,230219.2642900,0
1790554320000,91.22100,91.31100,91.22100,91.30700,4678.90,1790554379999,427089.5742300,1258,3557.23,324681.3595600,0
1790554380000,91.30700,91.34500,91.24600,91.33600,4315.72,1790554439999,393967.5962800,1439,1464.94,133736.2474600,0
1790554440000,91.33600,91.41100,91.30500,91.34100,4773.91,1790554499999,436116.9419700,1473,1626.87,148621.9884000,0
1790554500000,91.34200,91.43600,91.31400,91.43600,2090.46,1790554559999,191030.4097900,1104,1364.97,124735.6529400,0
1790554560000,91.43700,91.51000,91.43700,91.47400,2888.81,1790554619999,264304.3094900,857,2251.52,205996.9146900,0
1790554620000,91.47500,91.51100,91.42000,91.49200,1278.39,1790554679999,116935.4826800,899,506.86,46359.4469200,0
1790554680000,91.49100,91.56400,91.46300,91.56400,1239.35,1790554739999,113411.0666300,756,651.56,59628.1856700,0
1790554740000,91.56500,91.79000,91.54300,91.78900,5083.54,1790554799999,466035.8558500,1720,3878.61,355635.8951300,0
1790554800000,91.78900,91.90000,91.78200,91.89500,8055.23,1790554859999,739781.3085200,1696,4814.33,442181.5390800,0
1790554860000,91.89600,92.05500,91.89600,92.01300,5774.85,1790554919999,531183.9460600,2194,2656.55,244353.5894400,0
1790554920000,92.01200,92.06700,91.86700,91.90700,15339.09,1790554979999,1411024.2899300,2409,4668.83,429459.9250000,0
1790554980000,91.90700,91.98900,91.83600,91.95500,9420.20,1790555039999,865721.2328600,2711,7435.83,683369.6869800,0
1790555040000,91.95600,91.95600,91.82900,91.82900,3370.31,1790555099999,309730.4644100,1393,1159.43,106535.6320400,0
1790555100000,91.82800,91.90400,91.77800,91.89200,3875.91,1790555159999,355902.5493500,1249,2391.33,219613.1967000,0
1790555160000,91.89200,91.96900,91.86100,91.86100,2067.36,1790555219999,190041.0112300,1167,808.36,74305.4100300,0
1790555220000,91.86100,91.88200,91.72400,91.74300,3513.08,1790555279999,322495.1541600,1260,860.91,79045.3891500,0
1790555280000,91.74300,91.75700,91.66800,91.72600,5099.86,1790555339999,467718.5083800,1219,3292.19,301950.9813500,0
1790555340000,91.72600,91.81400,91.72600,91.79300,3624.02,1790555399999,332638.6491300,856,2469.38,226650.4579700,0
1790555400000,91.79200,91.79300,91.68300,91.73200,1917.13,1790555459999,175850.6184900,1139,936.34,85881.1082600,0
1790555460000,91.73200,91.73200,91.45400,91.55400,7732.62,1790555519999,707962.5455800,2665,3071.38,281144.3140600,0
1790555520000,91.55400,91.56600,91.36900,91.40700,6242.04,1790555579999,570952.0726200,2384,3087.30,282408.6578700,0
1790555580000,91.40600,91.46700,91.28300,91.28400,5912.22,1790555639999,540105.0296100,2139,1509.52,137984.2594100,0
1790555640000,91.28400,91.40400,91.24300,91.27000,7556.14,1790555699999,690019.0722600,2394,4751.01,433883.0576500,0
1790555700000,91.27000,91.33100,91.12700,91.17700,7196.41,1790555759999,656465.0021000,2497,3160.70,288428.0674800,0
1790555760000,91.17100,91.20800,91.03100,91.04300,10921.18,1790555819999,995017.6784700,3001,2432.64,221674.6233200,0
1790555820000,91.04300,91.04900,90.75900,90.77100,75363.29,1790555879999,6850920.6951100,7499,13464.41,1223416.4721000,0
1790555880000,90.77000,90.77100,90.55700,90.59300,34027.22,1790555939999,3084754.0579600,5325,14263.75,1292828.7963200,0
1790555940000,90.59200,90.68900,90.54300,90.54300,7427.69,1790555999999,672961.3030500,2227,4573.57,414419.8497000,0
1790556000000,90.54300,90.64800,90.51600,90.62100,11023.90,1790556059999,998472.5000700,2120,7612.80,689589.6781700,0
1790556060000,90.62100,90.65900,90.47200,90.57600,19211.64,1790556119999,1739398.4446500,2869,5791.07,524597.4929900,0
1790556120000,90.57700,90.59200,90.53300,90.57200,5542.16,1790556179999,501937.1203100,1236,4521.06,409462.7586400,0
1790556180000,90.57200,90.60500,90.48500,90.51700,10027.70,1790556239999,908155.0416900,2031,6332.98,573607.5330300,0
1790556240000,90.51700,90.56700,90.51000,90.51000,5088.96,1790556299999,460707.2609300,960,3877.30,351011.1544600,0
1790556300000,90.51000,90.68700,90.51000,90.68700,13899.62,1790556359999,1259422.3828000,1858,12530.02,1135290.3799800,0
1790556360000,90.68200,90.90700,90.68100,90.88600,7171.41,1790556419999,651452.8349300,2309,4785.66,434639.1786200,0
1790556420000,90.88600,90.92000,90.84800,90.91900,3739.50,1790556479999,339870.7792600,1600,1911.74,173752.0494100,0
1790556480000,90.91800,90.96800,90.88900,90.93800,9251.58,1790556539999,841223.8354500,1380,5877.52,534399.2945400,0
1790556540000,90.93700,90.99400,90.88900,90.90600,6228.04,1790556599999,566379.1135000,1478,1972.17,179374.4626500,0
1790556600000,90.90700,90.97800,90.85100,90.96900,5311.20,1790556659999,482758.9466900,1244,3504.58,318558.7918600,0
1790556660000,90.96800,91.11900,90.95700,91.06000,12577.00,1790556719999,1145227.3078300,2192,7316.30,666189.2300200,0
1790556720000,91.05900,91.06600,90.87400,90.87400,5927.52,1790556779999,539351.5680400,1926,1676.43,152520.0250700,0
1790556780000,90.87400,90.91600,90.85800,90.87400,3372.71,1790556839999,306526.0311600,1154,1681.82,152843.1452700,0
1790556840000,90.87500,90.89600,90.64600,90.64700,6578.25,1790556899999,597055.9886700,2013,1844.20,167425.7159400,0
1790556900000,90.64600,90.75700,90.60900,90.61600,4264.41,1790556959999,386663.1567600,1702,2405.12,218070.1855400,0
1790556960000,90.61500,90.65000,90.54100,90.58300,4180.49,1790557019999,378766.5581400,1402,1903.29,172448.6945500,0
1790557020000,90.58100,90.61100,90.53000,90.53700,3785.58,1790557079999,342844.3515000,1474,2586.03,234203.2242200,0
1790557080000,90.53600,90.67000,90.52600,90.57800,7117.09,1790557139999,644793.7513000,1986,3579.13,324259.9556300,0
1790557140000,90.57800,90.57800,90.51700,90.51800,3067.13,1790557199999,277692.1778900,1261,1003.51,90849.7170300,0
1790557200000,90.51900,90.53900,90.42900,90.47200,7653.61,1790557259999,692526.9860700,3061,2709.69,245195.7573500,0
1790557260000,90.47300,90.49800,90.37500,90.43200,10135.71,1790557319999,916551.2634500,2806,3226.51,291795.8483000,0
1790557320000,90.43300,90.51900,90.39000,90.46800,6806.41,1790557379999,615698.8576000,2531,4440.33,401693.2459700,0
1790557380000,90.47200,90.51500,90.32600,90.37100,7017.96,1790557439999,634447.6365800,2242,3412.05,308507.0654300,0
1790557440000,90.37500,90.51600,90.31700,90.49000,5763.60,1790557499999,521107.9867000,2093,3498.77,316410.5634200,0
1790557500000,90.49100,90.50100,90.30800,90.31300,3285.80,1790557559999,296953.4855900,1750,1476.47,133446.4705700,0
1790557560000,90.31400,90.37200,90.16700,90.34000,21897.07,1790557619999,1975983.3657000,4290,5317.68,479901.1909300,0
1790557620000,90.34100,90.58000,90.34100,90.56100,5636.42,1790557679999,510133.3917600,2068,4430.84,400984.0672100,0
1790557680000,90.56600,90.60800,90.49300,90.60800,6155.28,1790557739999,557447.8012100,1612,5164.64,467758.4313000,0
1790557740000,90.60700,90.61600,90.32100,90.36000,8543.53,1790557799999,772967.1558800,2243,2857.11,258546.3455200,0
1790557800000,90.36100,90.37200,90.24100,90.27400,4270.96,1790557859999,385702.4526900,1550,1858.35,167874.3784200,0
1790557860000,90.27500,90.28500,90.22700,90.27900,3384.14,1790557919999,305438.9571100,1228,1976.27,178366.8278000,0
1790557920000,90.27900,90.27900,90.07100,90.14400,26002.83,1790557979999,2343740.9966300,4696,9274.34,835835.4803800,0
1790557980000,90.14400,90.20900,90.05900,90.19500,15287.09,1790558039999,1377890.1173600,3428,5690.15,512993.9450300,0
1790558040000,90.19500,90.29400,90.09700,90.09800,6534.89,1790558099999,589507.8103500,2078,3513.53,317001.6107300,0
1790558100000,90.09800,90.19800,90.05000,90.09900,10058.43,1790558159999,906395.2424700,2561,5464.84,492510.5244700,0
1790558160000,90.09600,90.09700,90.00300,90.07500,22189.65,1790558219999,1997900.7485300,3907,6289.47,566441.0581000,0
1790558220000,90.07400,90.11500,90.03800,90.03900,6465.83,1790558279999,582487.4932000,1485,3883.76,349902.1662700,0
1790558280000,90.03900,90.09900,90.02000,90.05800,3400.50,1790558339999,306224.9550600,1183,1498.87,134982.6646500,0
1790558340000,90.05700,90.15300,89.92300,90.14800,44224.21,1790558399999,3980307.0053400,5122,11136.05,1002405.9376700,0
1790558400000,90.14700,90.24900,90.03500,90.22700,14817.93,1790558459999,1335996.7956500,3380,7049.06,635550.3857300,0
1790558460000,90.22800,90.57900,90.22100,90.55000,18168.66,1790558519999,1643177.5693800,3774,9290.65,840044.3110300,0
1790558520000,90.54900,90.54900,90.35000,90.35100,7652.73,1790558579999,692288.6635500,2254,4196.91,379641.4001200,0
1790558580000,90.35000,90.54600,90.26200,90.34600,7299.65,1790558639999,660030.2998900,2803,4684.23,423688.4921700,0
1790558640000,90.34500,90.34500,90.21300,90.28900,6105.19,1790558699999,551127.0749100,2113,2147.68,193864.6693900,0
1790558700000,90.28900,90.40300,90.21300,90.39000,6508.29,1790558759999,587727.5178200,2002,4412.70,398584.8899500,0
1790558760000,90.38900,90.47700,90.37500,90.47700,2807.68,1790558819999,253871.7408800,1437,1743.63,157655.7455100,0
1790558820000,90.47800,90.48700,90.35200,90.36500,2531.43,1790558879999,228921.0988000,1296,1357.78,122791.7157400,0
1790558880000,90.36500,90.46000,90.35300,90.43100,2128.19,1790558939999,192374.9810100,1370,1197.47,108233.8302800,0
1790558940000,90.43200,90.48700,90.38400,90.40300,3431.16,1790558999999,310270.3087500,1359,2532.76,229027.6897900,0
1790559000000,90.40300,90.56500,90.35700,90.43500,6929.05,1790559059999,626824.0460200,2608,4920.18,445104.6444200,0
1790559060000,90.43600,90.49800,90.37400,90.40100,4584.01,1790559119999,414515.6092300,2103,3135.88,283557.5213800,0
1790559120000,90.40200,90.46500,90.30400,90.42100,2710.75,1790559179999,245022.1631200,1919,1342.04,121315.1953000,0
1790559180000,90.42100,90.45900,90.34300,90.38700,3031.55,1790559239999,274068.0479800,1799,1330.00,120220.2729900,0
1790559240000,90.38700,90.45500,90.31700,90.31700,3381.59,1790559299999,305695.2705700,2076,1586.63,143429.2989100,0
1790559300000,90.31800,90.36500,90.22100,90.32300,5224.39,1790559359999,471681.8563200,2308,2054.28,185461.2214600,0
1790559360000,90.32400,90.37000,90.25100,90.25800,6664.85,1790559419999,601840.6553700,1613,1885.02,170200.9572500,0
1790559420000,90.25800,90.29000,90.24400,90.24400,4463.06,1790559479999,402852.6029000,1285,2477.74,223663.6643300,0
1790559480000,90.24300,90.25200,90.15000,90.15700,4783.42,1790559539999,431429.4936900,1436,1874.71,169074.9855200,0
1790559540000,90.15600,90.34900,90.06600,90.34700,13119.94,1790559599999,1182973.8935100,2556,4823.40,435101.4813800,0
1790559600000,90.34300,90.34300,89.99500,90.05000,13400.78,1790559659999,1207111.9828600,3187,6122.02,551434.5937500,0
1790559660000,90.04700,90.38900,90.04700,90.35300,14967.19,1790559719999,1350511.8797600,3474,10028.84,904892.1449900,0
1790559720000,90.35400,90.35400,90.22900,90.22900,2525.71,1790559779999,228032.9646000,1596,1362.40,122996.0622300,0
1790559780000,90.22800,90.22800,90.06500,90.10400,4735.95,1790559839999,426814.2324600,1756,1773.81,159868.9736800,0
1790559840000,90.10300,90.10300,90.00000,90.01600,6832.59,1790559899999,615199.3103900,2015,1896.75,170782.9365700,0
1790559900000,90.01400,90.20000,90.00100,90.08800,7864.12,1790559959999,708697.2508100,2440,4853.36,437448.3295100,0
1790559960000,90.08800,90.11400,90.05500,90.09500,4573.84,1790560019999,412014.5780500,1323,2670.27,240530.3644700,0
1790560020000,90.09600,90.29100,90.08600,90.28300,7459.21,1790560079999,672655.3839800,2067,3512.25,316744.8163200,0
1790560080000,90.28300,90.30300,90.13800,90.14000,4444.96,1790560139999,401042.4758000,1385,1646.90,148592.1437800,0
1790560140000,90.14000,90.15900,89.90100,89.97100,20903.52,1790560199999,1881575.3559600,4563,9153.80,824010.8451300,0
1790560200000,89.97100,90.18900,89.91700,90.16800,14783.53,1790560259999,1331377.3166100,3224,8897.69,801428.6192400,0
1790560260000,90.15700,90.26000,90.06500,90.09900,9774.82,1790560319999,881496.8027900,2398,4564.58,411656.7220100,0
1790560320000,90.09800,90.13000,89.91600,89.99200,13185.18,1790560379999,1186648.6511400,2544,6241.52,561652.5902700,0
1790560380000,89.98200,90.01700,89.94300,89.99700,7287.25,1790560439999,655740.8123500,1494,3700.70,333000.3506900,0
1790560440000,89.99800,90.04600,89.66700,89.76300,52575.34,1790560499999,4720879.6621400,5354,11450.57,1028187.5923100,0
1790560500000,89.76300,89.80200,89.01500,89.30700,126764.72,1790560559999,11328760.6045300,15977,37826.51,3378103.4010100,0
1790560560000,89.30700,89.86700,89.25400,89.86700,48283.51,1790560619999,4323752.8118900,7541,30834.10,2761955.9916800,0
1790560620000,89.86700,89.93400,89.70900,89.72400,18923.19,1790560679999,1700319.4100400,3572,7238.24,650503.3619500,0
1790560680000,89.72300,89.84300,89.67200,89.84300,14146.86,1790560739999,1269584.5163900,2603,4177.27,374959.7381500,0
1790560740000,89.84400,89.88600,89.80000,89.82100,10669.32,1790560799999,958688.0305300,2058,7249.91,651448.8437000,0
1790560800000,89.82200,89.82800,89.69000,89.69300,7468.37,1790560859999,670349.3303100,2007,2312.52,207578.7642100,0
1790560860000,89.69300,89.99500,89.67600,89.98400,10253.95,1790560919999,921042.6630100,3213,6460.79,580524.5919800,0
1790560920000,89.98300,90.01900,89.83700,89.93700,11486.00,1790560979999,1032749.0414800,3984,7424.28,667556.3699200,0
1790560980000,89.93800,90.03700,89.85200,90.03700,8809.84,1790561039999,792419.8731400,3354,4484.55,403444.9774900,0
1790561040000,90.03700,90.12000,89.97200,90.11400,11227.70,1790561099999,1011041.5740700,2840,5761.39,518964.5862700,0
1790561100000,90.11500,90.24800,89.94400,89.97500,14162.33,1790561159999,1276269.2742500,3411,6806.81,613554.4875500,0
1790561160000,89.97500,90.06100,89.85700,89.93400,6036.20,1790561219999,542857.8284100,2743,2988.91,268853.4317800,0
1790561220000,89.93400,90.01000,89.77300,89.79700,7902.13,1790561279999,710350.1635200,2629,3835.02,344872.7734200,0
1790561280000,89.79800,90.05100,89.75200,90.00100,3743.98,1790561339999,336701.3461000,2429,1980.95,178187.3099100,0
1790561340000,90.00000,90.09700,90.00000,90.00700,5495.94,1790561399999,494916.1976800,2206,2355.01,212059.1472000,0
1790561400000,90.00700,90.18000,90.00700,90.18000,4694.90,1790561459999,423010.7823400,2045,2584.80,232904.1051200,0
1790561460000,90.18100,90.40000,90.13600,90.36700,13577.02,1790561519999,1226024.7662200,3101,11219.04,1013067.0315400,0
1790561520000,90.36800,90.42500,90.30600,90.39800,6861.52,1790561579999,620045.3265700,2210,4180.51,377783.0646300,0
1790561580000,90.40700,90.59300,90.36200,90.52800,20240.17,1790561639999,1831326.1017500,4017,15128.84,1369073.9323400,0
1790561640000,90.52800,90.59500,90.45700,90.57400,8951.88,1790561699999,810483.0759800,2527,4758.85,430833.1864000,0
1790561700000,90.57000,90.58700,90.47300,90.54700,5381.84,1790561759999,487214.2345300,2028,1779.33,161089.3216000,0
1790561760000,90.54700,90.57600,90.50300,90.53700,2970.25,1790561819999,268922.2195400,1529,864.29,78247.7706700,0
1790561820000,90.53700,90.85700,90.51200,90.70000,24370.45,1790561879999,2210919.9808800,5048,15965.63,1448121.1469000,0
1790561880000,90.70000,90.70500,90.42400,90.43500,5859.32,1790561939999,530598.6078200,2438,2420.62,219180.6208700,0
1790561940000,90.43400,90.50800,90.33500,90.39900,7525.35,1790561999999,680416.7864000,2050,4040.58,365453.6745600,0
1790562000000,90.39800,90.65300,90.38300,90.58400,10079.22,1790562059999,912464.3118400,2757,4366.33,395082.1937600,0
1790562060000,90.58300,90.69200,90.56000,90.59500,5725.66,1790562119999,518902.7089100,1997,2283.25,206929.3660400,0
1790562120000,90.59400,90.72100,90.52700,90.63600,12076.75,1790562179999,1094693.3252500,2981,7171.12,650109.0089200,0
1790562180000,90.63600,90.74000,90.62500,90.68800,4649.75,1790562239999,421655.2822600,1648,1243.65,112782.4320500,0
1790562240000,90.68800,90.94000,90.68800,90.89700,19377.16,1790562299999,1760881.4202500,3733,15475.56,1406242.2036600,0
1790562300000,90.89700,90.89700,90.72600,90.76200,10582.98,1790562359999,961014.6737400,2277,2276.42,206707.6580500,0
1790562360000,90.76300,90.90000,90.74600,90.88400,6126.94,1790562419999,556508.5341300,1560,4071.39,369761.4071200,0
1790562420000,90.88400,90.95000,90.87000,90.87500,8457.89,1790562479999,768939.0737300,2318,3806.52,346080.5533900,0
1790562480000,90.87500,90.88100,90.77800,90.77800,5119.80,1790562539999,465033.7283700,1278,1064.73,96706.3885300,0
1790562540000,90.77900,90.80900,90.73500,90.78300,4481.36,1790562599999,406750.5392000,1505,1516.41,137637.7676100,0
1790562600000,90.78400,90.80900,90.61500,90.64000,7331.49,1790562659999,665123.3943100,1967,1470.52,133439.7699600,0
1790562660000,90.63900,90.64400,90.55100,90.55100,3568.07,1790562719999,323255.7567900,1844,1095.08,99219.1462700,0
1790562720000,90.55100,90.56400,90.42500,90.44600,6109.71,1790562779999,552875.4098400,1545,459.10,41543.4095800,0
1790562780000,90.44600,90.49900,90.40100,90.40600,6220.85,1790562839999,562701.6894300,2020,1515.74,137107.8490700,0
1790562840000,90.40600,90.56600,90.40600,90.55500,5236.28,1790562899999,473757.7534700,1847,3735.13,337948.5124300,0
1790562900000,90.55400,90.64500,90.48700,90.58900,4306.20,1790562959999,389992.9461300,1946,2175.05,196989.9540600,0
1790562960000,90.58900,90.59500,90.44000,90.45700,3129.77,1790563019999,283335.0922000,1662,964.26,87281.7741400,0
1790563020000,90.45800,90.46800,90.26400,90.28100,6716.21,1790563079999,606675.2113200,2288,1092.61,98675.3775900,0
1790563080000,90.28200,90.37100,90.21700,90.22000,3162.48,1790563139999,285519.6959000,1864,1390.01,125497.2396900,0
1790563140000,90.22000,90.24900,90.13800,90.22300,3779.01,1790563199999,340810.7802200,1943,1469.25,132514.8019500,0
1790563200000,90.22300,90.28700,90.15900,90.25900,6137.94,1790563259999,553657.9163800,2242,2230.34,201181.3001600,0
1790563260000,90.25800,90.30300,90.11500,90.11600,2600.70,1790563319999,234649.2036200,1732,816.85,73724.4621700,0
1790563320000,90.11500,90.20000,90.06800,90.12700,4334.72,1790563379999,390706.7100500,2050,1507.05,135825.7995200,0
1790563380000,90.12800,90.20000,90.10200,90.16000,3050.80,1790563439999,274980.2417400,1605,1104.10,99515.1891200,0
1790563440000,90.15900,90.20700,89.92500,89.98500,15474.80,1790563499999,1393334.0571500,3708,4400.43,396333.6077400,0
1790563500000,89.98500,90.03700,89.94500,90.01100,9088.49,1790563559999,817805.8323000,2080,6970.95,627254.3763600,0
1790563560000,90.01200,90.01900,89.86500,89.87500,4873.97,1790563619999,438300.3888800,1843,1952.35,175590.4344900,0
1790563620000,89.87500,89.93700,89.81800,89.82900,4274.69,1790563679999,384187.7386700,1757,2591.72,232941.7505800,0
1790563680000,89.82900,89.83500,89.76300,89.76400,5162.40,1790563739999,463551.1206700,1739,2849.96,255913.6104500,0
1790563740000,89.76500,89.96000,89.75300,89.93800,11192.81,1790563799999,1005797.7245500,1791,8896.07,799467.2044200,0
1790563800000,89.93800,89.97400,89.76700,89.80700,9744.12,1790563859999,875641.1841700,2165,3260.34,292920.5420500,0
1790563860000,89.80800,89.85300,89.77000,89.77100,5029.01,1790563919999,451672.5550200,1359,3520.51,316208.1447300,0
1790563920000,89.77000,90.04100,89.77000,90.02800,7192.79,1790563979999,646691.5479500,1941,5583.73,501948.7810700,0
1790563980000,90.02800,90.07000,89.99200,90.05700,4563.04,1790564039999,410801.0645100,1698,2074.19,186747.0218500,0
1790564040000,90.05500,90.09500,90.03900,90.05500,2868.69,1790564099999,258358.6137300,1020,979.28,88195.5316000,0
1790564100000,90.05500,90.08200,89.99600,90.01800,3062.67,1790564159999,275753.4007600,1107,1455.52,131048.4089800,0
1790564160000,90.01700,90.01700,89.92500,89.95900,7424.10,1790564219999,667955.4857100,1306,2406.74,216564.8208200,0
1790564220000,89.95900,90.01900,89.95000,89.96800,1885.28,1790564279999,169642.0448900,818,715.31,64362.0106800,0
1790564280000,89.96900,90.10000,89.96800,90.05500,3587.60,1790564339999,323003.7720800,1127,2933.16,264062.4600500,0
1790564340000,90.05400,90.10900,90.00900,90.10900,3035.55,1790564399999,273358.4200600,1125,2543.46,229050.0109800,0
1790564400000,90.11000,90.26800,90.11000,90.22300,7435.44,1790564459999,670728.1743800,1981,5358.43,483336.8341500,0
1790564460000,90.22400,90.26800,90.15600,90.15600,3845.70,1790564519999,346948.7542200,1693,1679.90,151571.1825100,0
1790564520000,90.15600,90.19000,89.99200,89.99600,2851.97,1790564579999,256950.8765800,1958,942.82,84952.7574700,0
1790564580000,89.99600,90.06400,89.94500,89.96400,3391.63,1790564639999,305215.7016200,2005,1124.96,101241.8411600,0
1790564640000,89.96400,90.14700,89.96400,90.14700,4425.23,1790564699999,398624.6964800,1906,1611.35,145119.4312500,0
1790564700000,90.14700,90.24300,90.10200,90.10200,4171.43,1790564759999,376283.2343900,1833,1436.30,129550.4392300,0
1790564760000,90.10200,90.20900,90.08100,90.12800,2824.63,1790564819999,254639.2537900,1646,1584.89,142864.2424700,0
1790564820000,90.12700,90.22100,90.11300,90.18300,2076.51,1790564879999,187244.1239300,1558,1434.09,129313.8898100,0
1790564880000,90.18400,90.24100,90.12700,90.17300,3239.74,1790564939999,292140.1151900,1614,1578.89,142384.7556200,0
1790564940000,90.17300,90.21600,90.12800,90.21600,2624.08,1790564999999,236591.3461200,1327,1975.57,178122.0801000,0
1790565000000,90.21700,90.28600,90.21700,90.27900,2280.83,1790565059999,205870.9027900,1281,1597.90,144225.3280500,0
1790565060000,90.27700,90.27700,90.09100,90.09200,2880.51,1790565119999,259732.1493400,1665,604.20,54465.2300900,0
1790565120000,90.09100,90.13400,89.94100,89.95500,9083.01,1790565179999,817686.4310500,2257,3116.28,280438.5850400,0
1790565180000,89.95400,90.08400,89.95400,90.08000,2649.98,1790565239999,238579.5010400,1837,1287.92,115935.7717400,0
1790565240000,90.08000,90.08500,90.01000,90.03400,2288.72,1790565299999,206091.1425000,1211,715.01,64380.0908400,0
1790565300000,90.03400,90.06900,89.92700,89.93100,5795.74,1790565359999,521601.5581500,2254,2293.25,206388.3894000,0
1790565360000,89.93100,90.08200,89.92100,90.08100,3130.94,1790565419999,281695.9589400,1592,1862.87,167629.3020700,0
1790565420000,90.08100,90.13400,90.04600,90.12200,2252.68,1790565479999,202968.4660900,1216,1292.71,116482.0903000,0
1790565480000,90.12100,90.22500,90.01000,90.06500,12092.62,1790565539999,1090398.6322300,2235,9103.96,821009.8557500,0
1790565540000,90.06500,90.13800,90.04700,90.07300,2465.46,1790565599999,222123.5464100,1475,1310.04,118019.6354700,0
1790565600000,90.07400,90.12800,90.07400,90.11900,3343.36,1790565659999,301251.9166900,1518,1885.66,169904.6005600,0
1790565660000,90.11900,90.13400,90.04400,90.08100,4529.30,1790565719999,408079.7677500,1523,3281.25,295631.8996300,0
1790565720000,90.08200,90.10100,89.98000,90.03600,2582.16,1790565779999,232474.9725900,1742,1093.73,98477.1911200,0
1790565780000,90.03600,90.09300,89.98200,89.98600,3223.31,1790565839999,290177.4861400,1745,1392.06,125349.0783400,0
1790565840000,89.98500,90.07000,89.95800,90.07000,1763.95,1790565899999,158791.9267800,1637,1127.68,101516.2962900,0
1790565900000,90.07000,90.08300,89.95100,90.00600,2866.10,1790565959999,257975.7222000,1814,1396.92,125734.3348500,0
1790565960000,90.00600,90.03100,89.87700,89.88700,3891.03,1790566019999,349987.6498000,1958,1928.71,173490.7925500,0
1790566020000,89.88900,89.89800,89.81100,89.85700,3575.56,1790566079999,321253.0805700,1857,1622.11,145735.7887600,0
1790566080000,89.85700,89.96600,89.81800,89.81800,2659.84,1790566139999,239107.4720100,1468,1107.10,99524.7342900,0
1790566140000,89.81800,89.81900,89.70700,89.77600,7996.71,1790566199999,717849.0877600,2418,3327.00,298624.6408000,0
1790566200000,89.77700,89.83200,89.72500,89.76300,4955.39,1790566259999,444822.0968300,2169,1744.71,156630.3611800,0
1790566260000,89.76300,89.80000,89.52200,89.62100,27636.09,1790566319999,2478203.2629700,4907,9764.94,875899.2878200,0
1790566320000,89.62100,89.65500,89.40200,89.46300,21969.67,1790566379999,1966683.0175000,4291,6511.41,583212.5430100,0
1790566380000,89.46300,89.57800,89.43300,89.47500,16108.85,1790566439999,1441704.9492400,4002,7536.60,674551.0685300,0
1790566440000,89.47500,89.61500,89.47500,89.60400,4720.00,1790566499999,422788.7834100,1660,3386.60,303328.9051000,0
1790566500000,89.60300,89.70200,89.57300,89.68100,8180.72,1790566559999,733274.6361200,1828,5895.18,528456.3545400,0
1790566560000,89.68100,89.77500,89.66300,89.71100,8967.95,1790566619999,804599.9275400,2251,2943.65,264109.3578100,0
1790566620000,89.71200,89.90400,89.71100,89.81000,5861.84,1790566679999,526516.1277200,2314,4881.71,438477.8761800,0
1790566680000,89.81100,89.93500,89.79800,89.93400,3077.53,1790566739999,276521.2769700,1513,2492.46,223955.4328200,0
1790566740000,89.93500,89.96800,89.79600,89.87100,9918.15,1790566799999,891582.8873200,2494,5849.88,525906.6944500,0
1790566800000,89.87100,89.90400,89.76600,89.76600,2805.85,1790566859999,252076.9978300,1620,1289.90,115882.3164600,0
1790566860000,89.76600,89.81500,89.67800,89.78100,5882.78,1790566919999,527833.2457600,1681,2862.34,256814.0846400,0
1790566920000,89.78200,89.85800,89.69900,89.69900,3877.67,1790566979999,348169.9218700,1598,1635.76,146863.9970800,0
1790566980000,89.70000,89.85500,89.69900,89.85500,1201.00,1790567039999,107800.7268300,817,900.26,80800.4377900,0
1790567040000,89.85500,89.85500,89.75000,89.75500,2550.15,1790567099999,228992.0780100,1432,888.68,79786.0772900,0
1790567100000,89.75400,89.81900,89.71600,89.74800,6537.63,1790567159999,586885.8172400,1663,4610.25,413854.0998900,0
1790567160000,89.74800,89.86700,89.73200,89.81600,8786.87,1790567219999,789210.6754500,1745,6977.87,626778.7715900,0
1790567220000,89.81600,89.90500,89.80000,89.89500,3897.60,1790567279999,350233.3775500,1232,2602.00,233821.2393300,0
1790567280000,89.89500,89.89500,89.71900,89.74000,12109.84,1790567339999,1087135.8118200,2081,1665.55,149503.2622100,0
1790567340000,89.74000,89.87300,89.71500,89.75700,4972.30,1790567399999,446437.5998200,1879,2821.01,253250.5406900,0
1790567400000,89.75800,89.81700,89.70000,89.81700,4625.77,1790567459999,415126.7778300,1613,2690.82,241497.6101700,0
1790567460000,89.81700,89.84800,89.71400,89.74300,3194.61,1790567519999,286798.8447000,1333,930.94,83562.4868100,0
1790567520000,89.74300,89.74300,89.66800,89.73700,1668.36,1790567579999,149628.1776700,1048,846.88,75948.5965600,0
1790567580000,89.73700,89.79300,89.72300,89.75700,2110.45,1790567639999,189403.7536500,1169,1305.68,117173.8622500,0
1790567640000,89.75700,89.81700,89.73800,89.77800,2845.27,1790567699999,255411.3899800,979,958.68,86059.6235200,0
1790567700000,89.77800,89.79600,89.75200,89.77800,1474.62,1790567759999,132373.4815900,696,541.00,48562.6960100,0
1790567760000,89.77900,89.83600,89.76900,89.77600,3653.66,1790567819999,328076.0227900,1349,1875.01,168370.8506400,0
1790567820000,89.77600,89.78700,89.48600,89.50200,19318.40,1790567879999,1731194.3369700,2728,3633.67,325458.6873200,0
1790567880000,89.50200,89.55200,89.45000,89.53000,11615.01,1790567939999,1039491.9790300,2309,4782.37,427984.3212000,0
1790567940000,89.53000,89.53600,89.48200,89.51700,5025.35,1790567999999,449783.1920400,988,1980.59,177258.8459500,0
1790568000000,89.51800,89.57100,89.33500,89.37800,12898.60,1790568059999,1153457.3666500,2859,5411.64,483842.1580400,0
1790568060000,89.37700,89.42800,89.30600,89.38600,7746.93,1790568119999,692319.7711800,2432,3259.13,291290.6583400,0
1790568120000,89.38600,89.39500,89.33200,89.34600,11283.14,1790568179999,1008247.9382200,2107,8187.84,731656.0269700,0
1790568180000,89.34500,89.36100,89.32400,89.34800,2981.30,1790568239999,266343.3387200,1184,1376.91,123017.7569500,0
1790568240000,89.34800,89.41700,89.32200,89.34200,2705.56,1790568299999,241764.2589900,1393,1493.03,133420.0797200,0
1790568300000,89.34200,89.51800,89.31600,89.49800,6585.23,1790568359999,588873.5819500,2270,4488.38,401428.4754800,0
1790568360000,89.49800,89.63800,89.49300,89.63700,9264.02,1790568419999,829670.4642400,2478,7263.24,650463.8196400,0
1790568420000,89.63800,89.69400,89.63500,89.69300,3153.84,1790568479999,282754.6021400,1176,2053.65,184125.3423400,0
1790568480000,89.69300,89.76200,89.56700,89.58700,3889.50,1790568539999,348794.8657400,1569,1904.86,170846.4900000,0
1790568540000,89.58800,89.67200,89.57100,89.63500,2073.13,1790568599999,185807.5851900,1186,1490.30,133562.4278500,0
1790568600000,89.63500,89.75100,89.61000,89.71300,3485.87,1790568659999,312641.0370900,1383,2488.52,223210.0808900,0
1790568660000,89.71400,89.75100,89.61600,89.63400,5117.03,1790568719999,458978.7613100,1458,2128.47,190941.6469600,0
1790568720000,89.63400,89.73600,89.58100,89.69300,3703.71,1790568779999,332074.3804300,1558,2696.95,241807.2421100,0
1790568780000,89.69400,89.74000,89.67600,89.70000,1547.23,1790568839999,138813.0409000,785,847.38,76020.7144700,0
1790568840000,89.70000,89.78200,89.69700,89.75500,2110.12,1790568899999,189374.7063400,827,1133.99,101755.2741800,0
1790568900000,89.75500,89.78100,89.67300,89.68900,4446.94,1790568959999,399030.3986800,1633,1542.31,138387.6183600,0
1790568960000,89.68900,89.70500,89.60100,89.65500,2166.57,1790569019999,194234.3810300,1304,746.71,66938.8510500,0
1790569020000,89.65500,89.86700,89.65500,89.86700,2910.10,1790569079999,261286.8261900,1475,2311.43,207554.3835600,0
1790569080000,89.86700,89.97300,89.86700,89.97100,4175.07,1790569139999,375482.7584000,1305,3329.58,299437.1607100,0
1790569140000,89.97100,90.00700,89.93400,89.98900,5625.97,1790569199999,506170.9654400,1247,3427.03,308324.9190200,0
1790569200000,89.98800,90.05500,89.96500,89.99800,7908.19,1790569259999,711797.5505500,1540,5115.91,460460.2171400,0
1790569260000,89.99700,90.00600,89.91900,89.93100,4358.41,1790569319999,392148.6077900,1182,1623.76,146097.3436000,0
1790569320000,89.92900,90.00400,89.90700,90.00300,2224.17,1790569379999,200087.9353900,1183,1468.42,132104.0713000,0
1790569380000,90.00300,90.04100,89.98400,90.00900,2148.12,1790569439999,193350.5743800,1027,960.35,86439.5462300,0
1790569440000,90.00800,90.06300,89.99400,90.05200,4296.83,1790569499999,386816.5375000,1239,1450.10,130550.3797100,0
1790569500000,90.05300,90.07900,90.00700,90.03100,7796.52,1790569559999,702025.9877200,1219,1478.00,133088.9954200,0
1790569560000,90.03100,90.05800,90.01100,90.01100,2740.61,1790569619999,246753.4841300,717,618.05,55649.0448500,0
1790569620000,90.01100,90.07900,89.99200,90.02900,5466.92,1790569679999,492249.4943800,1001,3305.92,297709.1614300,0
1790569680000,90.02900,90.10000,90.02900,90.09700,4005.16,1790569739999,360752.9631000,955,2237.93,201571.3118800,0
1790569740000,90.09600,90.14000,90.08600,90.11000,3280.22,1790569799999,295581.3732600,921,2162.75,194889.6282100,0
1790569800000,90.11000,90.12700,90.05300,90.12700,4269.99,1790569859999,384702.9316700,1024,985.53,88795.6055300,0
1790569860000,90.12600,90.12600,90.00000,90.04800,3709.38,1790569919999,334027.7758200,1366,1207.34,108698.2157300,0
1790569920000,90.04800,90.05700,90.02500,90.04000,1448.56,1790569979999,130429.9451100,825,462.76,41664.3400600,0
1790569980000,90.04100,90.06700,90.01900,90.02000,1917.76,1790570039999,172660.2858300,829,768.83,69222.7380500,0
1790570040000,90.02000,90.04700,90.00900,90.04500,2011.03,1790570099999,181043.7266800,831,774.20,69697.7289200,0
1790570100000,90.04500,90.04500,89.98500,90.00700,3180.22,1790570159999,286249.1450700,1181,597.40,53763.4111700,0
1790570160000,90.00700,90.00700,89.94000,89.98500,3306.60,1790570219999,297489.6873800,1294,810.57,72925.6162700,0
1790570220000,89.98500,90.03000,89.95100,90.02400,1734.35,1790570279999,156087.9171000,1131,916.63,82496.6864500,0
1790570280000,90.02500,90.07200,89.98800,90.07100,1924.72,1790570339999,173299.1017300,951,1704.49,153469.7249300,0
1790570340000,90.07100,90.08900,90.02200,90.03200,3210.44,1790570399999,289108.3131900,1104,1442.33,129896.1410300,0
1790570400000,90.03200,90.07200,90.00500,90.07100,945.89,1790570459999,85162.8858200,846,500.02,45022.6290900,0
1790570460000,90.07100,90.08700,90.05800,90.08300,1279.11,1790570519999,115216.1067100,644,408.28,36776.0425000,0
1790570520000,90.08200,90.16200,90.08200,90.15000,2027.66,1790570579999,182737.8959600,902,1649.00,148611.4074400,0
1790570580000,90.15100,90.22300,90.14700,90.22200,4970.98,1790570639999,448273.9312500,1252,2549.69,229949.8705200,0
1790570640000,90.22200,90.23200,90.16000,90.19900,3723.17,1790570699999,335826.4353800,1338,1947.51,175665.9157000,0
1790570700000,90.20000,90.20000,90.06400,90.11100,3066.51,1790570759999,276390.0530300,1313,686.44,61859.9563500,0
1790570760000,90.11100,90.12300,90.08100,90.09600,1569.27,1790570819999,141390.7390100,822,728.23,65612.1072100,0
1790570820000,90.09600,90.09600,90.03800,90.03800,753.05,1790570879999,67822.4900100,630,167.52,15087.8611900,0
1790570880000,90.03800,90.07800,90.01700,90.07500,1762.72,1790570939999,158719.4396300,1009,946.83,85255.4003500,0
1790570940000,90.07400,90.07500,90.04500,90.05900,745.12,1790570999999,67099.0498100,642,381.48,34351.4986300,0
1790571000000,90.06000,90.13100,90.05900,90.12700,1183.56,1790571059999,106645.7521800,815,853.58,76911.5253000,0
1790571060000,90.12700,90.13000,90.05500,90.06000,3475.19,1790571119999,313111.7962600,1055,548.38,49408.1121700,0
1790571120000,90.06100,90.13100,90.05600,90.11100,1280.50,1790571179999,115358.9798900,750,1057.92,95305.3333200,0
1790571180000,90.11100,90.11200,90.04600,90.05800,1899.82,1790571239999,171111.0066000,752,877.25,79000.6952200,0
1790571240000,90.05700,90.07200,90.04900,90.05100,609.04,1790571299999,54847.2693200,580,462.62,41660.4458700,0
1790571300000,90.05100,90.09600,90.03400,90.09600,640.08,1790571359999,57640.2169500,586,402.23,36222.6484600,0
1790571360000,90.09600,90.16200,90.09600,90.11900,7256.41,1790571419999,654028.5261300,1625,3485.69,314154.1111500,0
1790571420000,90.11900,90.18500,90.11800,90.18500,1726.92,1790571479999,155673.5557700,814,1523.22,137309.9295500,0
1790571480000,90.18600,90.22000,90.16800,90.21100,2194.13,1790571539999,197900.8565000,798,1695.90,152959.8441100,0
1790571540000,90.21100,90.21200,90.17500,90.18600,1723.04,1790571599999,155411.3997400,829,1064.50,96012.7179000,0
1790571600000,90.18800,90.32700,90.16500,90.26500,4729.06,1790571659999,426883.4736100,2009,3121.19,281754.1017300,0
1790571660000,90.26600,90.27500,90.12700,90.15300,4578.06,1790571719999,412926.1848900,1923,1931.21,174137.1632300,0
1790571720000,90.15300,90.15300,90.01300,90.04400,2576.49,1790571779999,232022.4869400,1463,1379.49,124210.8469300,0
1790571780000,90.04400,90.08200,89.99000,90.08200,2688.27,1790571839999,242005.1847000,1368,1127.33,101483.6259400,0
1790571840000,90.08100,90.08100,89.98300,90.02300,2687.55,1790571899999,241958.0770600,1207,710.90,64002.0059600,0
1790571900000,90.02300,90.16900,90.02200,90.10400,4697.67,1790571959999,423305.4341000,1459,3749.83,337871.4485000,0
1790571960000,90.10300,90.11200,90.02000,90.04000,2056.62,1790572019999,185221.9935700,1146,1096.64,98756.2304300,0
1790572020000,90.04000,90.04600,89.99800,90.01700,2018.52,1790572079999,181721.6949100,1013,1157.32,104190.9344800,0
1790572080000,90.01800,90.03700,89.95500,89.96700,1704.89,1790572139999,153429.8102100,988,760.21,68428.9102700,0
1790572140000,89.96700,89.98900,89.93400,89.96200,1754.03,1790572199999,157783.7923100,797,897.66,80752.0415900,0
1790572200000,89.96300,90.03800,89.95400,90.03800,2136.11,1790572259999,192220.0974700,788,1194.39,107484.6541200,0
1790572260000,90.03800,90.06300,89.98700,89.98700,2061.77,1790572319999,185626.4831800,798,336.99,30345.3500500,0
1790572320000,89.98800,89.99900,89.93900,89.93900,2460.17,1790572379999,221339.1385900,925,474.68,42706.1668700,0
1790572380000,89.93800,89.95600,89.86400,89.87600,6525.49,1790572439999,586662.9867000,1699,653.59,58757.0709700,0
1790572440000,89.87600,89.94300,89.78000,89.91400,12151.31,1790572499999,1092090.6995200,2289,5880.78,528624.5063100,0
1790572500000,89.91600,89.95100,89.90900,89.92800,8850.09,1790572559999,795889.5292700,854,7953.53,715259.0937200,0
1790572560000,89.92800,89.93500,89.65000,89.70500,24678.34,1790572619999,2215270.4887500,3244,3515.92,315476.4295900,0
1790572620000,89.70600,89.73900,89.66200,89.71800,6258.60,1790572679999,561409.5576000,1426,3611.62,323964.3291500,0
1790572680000,89.72000,89.72700,89.64300,89.70100,4900.91,1790572739999,439550.1605600,1178,2094.05,187802.6392500,0
1790572740000,89.70200,89.75500,89.60300,89.66700,9253.64,1790572799999,829727.9301700,1907,1645.21,147572.6539500,0
1790572800000,89.66700,89.74700,89.63200,89.63400,4954.59,1790572859999,444304.3402900,1518,2759.22,247444.3213900,0
1790572860000,89.64100,89.71400,89.64100,89.68500,1655.28,1790572919999,148448.5234600,947,1215.33,108991.3771000,0
1790572920000,89.68600,89.70900,89.60500,89.60500,6571.80,1790572979999,589116.1250600,1363,1069.15,95847.9011500,0
1790572980000,89.60500,89.61900,89.46500,89.49300,13562.58,1790573039999,1214551.5017700,2744,3167.56,283702.4127100,0
1790573040000,89.49300,89.54900,89.42600,89.42700,3794.35,1790573099999,339545.6697200,1411,1255.18,112337.1614600,0
1790573100000,89.42600,89.54800,89.35300,89.38200,14005.97,1790573159999,1252484.8147200,2067,3531.13,315901.2061000,0
1790573160000,89.38300,89.51600,89.36900,89.51600,5074.91,1790573219999,453786.6786000,1255,4134.41,369679.6710100,0
1790573220000,89.51600,89.56800,89.46500,89.54000,6318.32,1790573279999,565575.2159500,1534,2014.59,180336.8559100,0
1790573280000,89.54000,89.59800,89.48200,89.51500,6706.41,1790573339999,600468.9544200,1627,1381.09,123655.7496400,0
1790573340000,89.51500,89.52100,89.42200,89.47500,2964.88,1790573399999,265249.8779000,1128,822.09,73540.2817600,0
1790573400000,89.47500,89.47500,89.40000,89.44100,4797.80,1790573459999,429058.7626200,1454,1855.38,165945.9923800,0
1790573460000,89.44200,89.46400,89.37100,89.39100,6204.66,1790573519999,554778.6916000,1452,4322.01,386430.2436600,0
1790573520000,89.39100,89.39200,89.21400,89.27200,13314.42,1790573579999,1188657.3280100,3026,4950.19,441912.3012700,0
1790573580000,89.27100,89.27900,88.74300,88.90800,75040.65,1790573639999,6675034.8716800,8039,17729.32,1577765.0572700,0
1790573640000,88.90900,88.93400,88.73200,88.80900,38816.21,1790573699999,3448906.6265000,6137,10217.14,907910.0570100,0
1790573700000,88.80900,88.98900,88.80900,88.82800,18166.64,1790573759999,1615584.0058000,3125,11755.64,1045439.6853200,0
1790573760000,88.82800,88.86900,88.69000,88.71400,22417.24,1790573819999,1989355.5958600,3354,11058.10,981230.7724500,0
1790573820000,88.71400,88.77500,88.63000,88.74200,11349.41,1790573879999,1006712.5303400,2736,5610.72,497714.8144300,0
1790573880000,88.74300,88.80000,88.66200,88.67100,21377.79,1790573939999,1896386.4488000,3360,10235.85,907958.0399200,0
1790573940000,88.67100,88.74800,88.65000,88.68400,8372.27,1790573999999,742652.6999400,1850,3103.22,275291.2265500,0
1790574000000,88.68400,88.92400,88.63300,88.88600,15528.44,1790574059999,1379296.4069000,2265,12861.21,1142422.9487600,0
1790574060000,88.88600,89.02800,88.88100,89.02000,12365.79,1790574119999,1100189.2097600,2272,8188.07,728405.2381900,0
1790574120000,89.02000,89.08100,88.97200,89.05900,11542.10,1790574179999,1027601.9148400,2416,7448.98,663182.0783200,0
1790574180000,89.06000,89.20000,89.00100,89.18400,11241.01,1790574239999,1001479.1386500,2359,8258.12,735779.4140300,0
1790574240000,89.18200,89.29000,89.18200,89.29000,7665.43,1790574299999,684084.9907900,1393,6508.41,580836.7576900,0
1790574300000,89.28900,89.38500,89.12600,89.13500,7395.35,1790574359999,660462.5053400,2107,4600.59,410879.8317500,0
1790574360000,89.13500,89.31200,89.06500,89.27600,7050.73,1790574419999,628773.9943400,2404,4834.66,431235.3628600,0
1790574420000,89.27600,89.36000,89.27600,89.27700,5768.90,1790574479999,515278.6047200,1909,3313.74,295975.1285900,0
1790574480000,89.27600,89.29900,89.15000,89.15400,2945.59,1790574539999,262843.3342600,1691,1631.73,145600.7628200,0
1790574540000,89.15000,89.15000,89.10100,89.11200,4035.44,1790574599999,359635.8053400,1182,1126.39,100388.6077300,0
1790574600000,89.11200,89.12800,89.00400,89.01200,15040.54,1790574659999,1339973.7590000,1418,1624.50,144699.4361500,0
1790574660000,89.01300,89.10700,89.00000,89.09500,3856.14,1790574719999,343404.8904000,1277,2857.56,254483.5250000,0
1790574720000,89.09800,89.16000,89.09800,89.16000,1191.10,1790574779999,106165.2855600,1057,766.68,68333.6141600,0
1790574780000,89.16000,89.16500,89.06100,89.07900,7273.81,1790574839999,648250.8632200,2016,1022.51,91145.6845800,0
1790574840000,89.07900,89.18900,89.05400,89.14600,2952.34,1790574899999,263108.0648300,1271,1477.36,131668.9008600,0
1790574900000,89.14600,89.14600,89.00400,89.02600,5099.34,1790574959999,454119.8172500,1674,1295.15,115350.2471900,0
1790574960000,89.02600,89.08600,89.00900,89.08200,10254.85,1790575019999,913220.2225300,1375,8450.62,752541.5735900,0
1790575020000,89.08100,89.10500,89.02300,89.04900,2164.90,1790575079999,192794.0498400,802,523.60,46625.6140100,0
1790575080000,89.05000,89.05000,89.01400,89.04800,1642.12,1790575139999,146211.8386400,622,578.02,51461.3456000,0
1790575140000,89.04800,89.04800,89.00400,89.01400,1274.43,1790575199999,113449.1892000,564,358.19,31883.2690900,0
1790575200000,89.01400,89.01400,88.90300,88.90300,7395.99,1790575259999,658035.7500300,1603,1090.44,97007.6526300,0
1790575260000,88.90300,88.91200,88.84600,88.85100,6812.61,1790575319999,605531.9582600,1707,2480.20,220444.4465200,0
1790575320000,88.85000,88.91000,88.85000,88.88700,2061.35,1790575379999,183218.1684100,1111,868.87,77221.6682500,0
1790575380000,88.88700,89.02000,88.87200,88.92000,7309.73,1790575439999,650185.7141800,1797,3224.19,286825.2018300,0
1790575440000,88.92100,88.99900,88.87200,88.87200,2459.22,1790575499999,218721.3021600,1241,1101.70,97988.2715900,0
1790575500000,88.87200,88.97100,88.86300,88.96300,3121.13,1790575559999,277482.3870300,1340,1691.38,150358.3927400,0
1790575560000,88.96300,89.02100,88.91000,88.97500,4900.17,1790575619999,435986.3508300,1580,2324.25,206775.1620500,0
1790575620000,88.97500,89.03000,88.92100,88.95800,5561.27,1790575679999,494827.5953300,1462,2670.08,237580.7389000,0
1790575680000,88.95900,89.05700,88.95800,89.05700,1997.52,1790575739999,177762.5523700,978,1562.04,139010.2625700,0
1790575740000,89.05700,89.18200,89.05000,89.17900,5291.35,1790575799999,471483.8798000,1678,3305.77,294589.7383900,0
1790575800000,89.17900,89.18600,89.12100,89.14700,2074.73,1790575859999,184968.4874800,895,1121.42,99979.0780300,0
1790575860000,89.14700,89.22000,89.14600,89.18400,4784.43,1790575919999,426707.6072900,1229,2883.31,257153.3701400,0
1790575920000,89.18500,89.20900,89.16100,89.18800,3006.87,1790575979999,268151.3461300,576,909.11,81075.2276100,0
1790575980000,89.18800,89.22500,89.15700,89.15800,3031.89,1790576039999,270405.6234800,761,1264.44,112787.5727900,0
1790576040000,89.15800,89.16200,89.06900,89.07000,4312.39,1790576099999,384294.9446500,1081,1563.71,139322.3869300,0
1790576100000,89.06900,89.06900,89.00600,89.01800,1269.16,1790576159999,112990.1220800,684,519.32,46231.2838400,0
1790576160000,89.01700,89.10800,88.92000,88.93400,14392.56,1790576219999,1281336.6461500,1823,4420.18,393577.7695900,0
1790576220000,88.93400,88.93400,88.85500,88.86400,4451.88,1790576279999,395691.0430000,1029,1372.42,121974.7534900,0
1790576280000,88.86300,88.87100,88.80000,88.80100,5531.09,1790576339999,491450.6616800,873,834.98,74173.8529200,0
1790576340000,88.80000,88.83200,88.73300,88.79400,5264.98,1790576399999,467434.1207200,1492,1796.56,159490.3453700,0
1790576400000,88.79300,88.83500,88.64200,88.66300,4887.20,1790576459999,433679.4930100,1638,1322.18,117339.2611700,0
1790576460000,88.66400,88.74200,88.64300,88.72400,9966.03,1790576519999,883965.4088800,1502,7288.69,646485.3433000,0
1790576520000,88.72400,88.74600,88.65000,88.66900,7566.04,1790576579999,671197.4702000,1745,4919.97,436473.5937800,0
1790576580000,88.67000,88.69300,88.63600,88.69300,2294.98,1790576639999,203463.9925400,858,682.92,60542.9582200,0
1790576640000,88.69300,88.72100,88.60500,88.64700,4576.71,1790576699999,405785.0957400,1322,967.31,85779.5432400,0
1790576700000,88.64600,88.70300,88.64600,88.67900,2241.09,1790576759999,198722.9008100,797,890.32,78949.3102300,0
1790576760000,88.67900,88.74700,88.66000,88.72500,2389.17,1790576819999,211919.2799400,1044,1086.97,96402.0087000,0
1790576820000,88.72500,88.72500,88.42000,88.60300,34078.82,1790576879999,3017460.6789900,5560,10422.27,922944.5641400,0
1790576880000,88.59900,88.66700,88.59900,88.63700,3663.95,1790576939999,324772.2107400,1197,2047.13,181462.9054700,0
1790576940000,88.63600,88.64000,88.54800,88.59800,4271.93,1790576999999,378463.6127900,1154,1494.75,132410.9429800,0
1790577000000,88.59700,88.61900,88.56600,88.56700,4460.29,1790577059999,395117.6609400,1153,1515.70,134264.1782200,0
1790577060000,88.56600,88.60400,88.52500,88.59500,9860.31,1790577119999,873276.7882300,1439,3447.61,305329.5247000,0
1790577120000,88.59400,88.78100,88.59400,88.69600,14246.96,1790577179999,1263623.9792500,2640,9268.35,821950.7270100,0
1790577180000,88.69600,88.78600,88.65200,88.77200,2923.29,1790577239999,259395.2390800,1412,2083.09,184848.5508200,0
1790577240000,88.77200,88.79900,88.72200,88.76700,2251.22,1790577299999,199832.1670700,1038,1355.73,120336.4509300,0
1790577300000,88.76700,88.83000,88.75500,88.78400,2869.55,1790577359999,254811.6644700,1101,2112.18,187565.2794500,0
1790577360000,88.78400,88.89400,88.78400,88.89300,5717.14,1790577419999,507975.2915300,1296,3963.61,352129.4381400,0
1790577420000,88.89300,88.89800,88.82900,88.85700,6239.16,1790577479999,554508.7118300,899,567.42,50426.2402400,0
1790577480000,88.85600,88.89400,88.82800,88.84800,6282.23,1790577539999,558246.3978500,859,1249.27,111004.6903800,0
1790577540000,88.84800,88.88800,88.84800,88.88300,1053.69,1790577599999,93641.7333900,549,709.80,63078.4357900,0
1790577600000,88.88400,88.94700,88.88400,88.89400,3929.35,1790577659999,349368.3133000,963,1261.24,112127.3319800,0
1790577660000,88.89500,88.97200,88.89500,88.97100,3760.28,1790577719999,334462.2072700,1214,1527.07,135814.8261300,0
1790577720000,88.97100,89.12200,88.97000,89.11200,6245.12,1790577779999,556185.2668600,1749,4174.17,371752.8892900,0
1790577780000,89.11100,89.20600,89.11100,89.19100,8890.00,1790577839999,792678.8028100,1469,5179.80,461882.3152400,0
1790577840000,89.19000,89.25700,89.13700,89.13700,13558.83,1790577899999,1209362.0472600,1985,5578.99,497655.5736800,0
1790577900000,89.13800,89.13800,89.03000,89.09500,7784.45,1790577959999,693421.0044900,1603,1797.79,160134.4597200,0
1790577960000,89.09500,89.14500,89.03000,89.03000,3403.83,1790578019999,303314.2520900,1155,2074.85,184885.3921700,0
1790578020000,89.03000,89.03000,88.96700,88.98600,5562.43,1790578079999,495040.0793300,1259,4082.55,363320.0191400,0
1790578080000,88.98600,89.01300,88.94600,88.99400,3125.39,1790578139999,278071.1441200,1179,2189.47,194796.9529400,0
1790578140000,88.99400,89.00600,88.96400,89.00500,1171.23,1790578199999,104218.8519200,893,316.64,28176.3228200,0
1790578200000,89.00600,89.00600,88.95900,88.98000,2035.06,1790578259999,181076.6886700,1003,1631.90,145202.4183200,0
1790578260000,88.98100,88.98100,88.91100,88.92600,3413.06,1790578319999,303541.6709400,1223,538.43,47890.5237300,0
1790578320000,88.92600,88.95800,88.91000,88.93600,897.80,1790578379999,79845.0437500,767,356.81,31732.2796400,0
1790578380000,88.93600,89.06900,88.92500,89.06600,2466.21,1790578439999,219434.9362000,1275,1508.42,134229.2166800,0
1790578440000,89.06600,89.06600,88.95200,88.96700,1824.54,1790578499999,162386.9935200,1014,395.82,35235.8422900,0
1790578500000,88.96700,88.98800,88.90400,88.90400,1430.09,1790578559999,127196.2889300,1010,544.83,48461.0338900,0
1790578560000,88.90400,88.94300,88.89600,88.92700,1023.98,1790578619999,91052.5722000,549,563.84,50138.3408700,0
1790578620000,88.92700,88.94500,88.90700,88.93500,1049.63,1790578679999,93332.0637200,461,735.29,65378.3433200,0
1790578680000,88.93500,88.97800,88.91000,88.97700,906.87,1790578739999,80657.6511900,667,686.61,61065.3323100,0
1790578740000,88.97700,89.05700,88.97700,89.04700,1064.07,1790578799999,94711.7749400,617,919.05,81798.8399000,0
1790578800000,89.04800,89.18300,89.04700,89.15700,2074.23,1790578859999,184820.9658300,1409,1264.56,112671.0512700,0
1790578860000,89.15600,89.34900,89.12800,89.34100,8377.30,1790578919999,747491.1699200,2747,6547.31,584197.5538000,0
1790578920000,89.34100,89.40200,89.28800,89.35000,6471.91,1790578979999,578344.4017900,2220,3620.43,323543.2788300,0
1790578980000,89.35000,89.38800,89.23800,89.26500,4698.92,1790579039999,419732.0331600,1576,1768.49,157970.8285400,0
1790579040000,89.26400,89.28600,89.15600,89.27500,4070.35,1790579099999,363150.8013000,1596,1850.76,165131.6763200,0
1790579100000,89.27500,89.27500,89.14300,89.14300,3803.17,1790579159999,339259.7519300,1427,541.89,48332.9235300,0
1790579160000,89.14200,89.16200,89.11100,89.12300,2157.01,1790579219999,192254.9488500,963,759.90,67730.3510900,0
1790579220000,89.12400,89.18400,89.08700,89.10300,3952.31,1790579279999,352236.5688000,1139,816.39,72761.2789500,0
1790579280000,89.10300,89.13700,89.08800,89.11100,2858.43,1790579339999,254724.5147200,887,1965.28,175134.8555600,0
1790579340000,89.11100,89.17100,89.11100,89.15100,3112.94,1790579399999,277508.6278300,1287,1449.85,129241.7172300,0
1790579400000,89.15100,89.21700,89.10900,89.11900,3317.16,1790579459999,295736.8899800,1206,1442.63,128600.3777900,0
1790579460000,89.11900,89.11900,89.06100,89.11000,3084.69,1790579519999,274809.7638400,955,649.80,57890.4928200,0
1790579520000,89.11000,89.11000,89.08600,89.09300,966.58,1790579579999,86119.6838500,486,283.58,25265.4454400,0
1790579580000,89.09200,89.09200,89.05400,89.05400,1849.28,1790579639999,164713.3690700,654,813.23,72428.5399800,0
1790579640000,89.05500,89.05500,88.98700,89.03200,3140.80,1790579699999,279564.3579100,932,984.62,87636.3547500,0
1790579700000,89.03300,89.06500,88.97700,89.06500,1905.96,1790579759999,169634.3853300,920,920.17,81896.9676800,0
1790579760000,89.06500,89.13200,89.06300,89.11100,2123.22,1790579819999,189168.5166400,1156,1196.42,106594.5119900,0
1790579820000,89.11100,89.17100,89.05700,89.05700,1766.64,1790579879999,157464.2063400,1154,648.46,57803.1382100,0
1790579880000,89.05800,89.12500,89.03700,89.11900,1476.68,1790579939999,131534.9202900,923,1008.64,89845.6099400,0
1790579940000,89.11800,89.17100,89.10500,89.14400,1087.97,1790579999999,96980.9698300,898,481.18,42889.1658500,0
1790580000000,89.14500,89.18800,89.09300,89.18700,6813.76,1790580059999,607336.7831200,1271,6038.93,538269.3442000,0
1790580060000,89.18700,89.19200,89.06400,89.11200,2816.41,1790580119999,250954.7042700,1167,691.01,61572.3444800,0
1790580120000,89.11100,89.22000,89.00200,89.12900,33171.87,1790580179999,2957314.7675800,2240,20651.78,1840723.9358000,0
1790580180000,89.12800,89.21600,89.02300,89.11300,37853.66,1790580239999,3375268.3240800,2335,15212.72,1356128.0993700,0
1790580240000,89.11200,89.13200,89.03100,89.03100,3212.58,1790580299999,286196.6796800,1199,2028.90,180751.5605300,0
1790580300000,89.03100,89.28200,89.00700,89.16700,10308.27,1790580359999,919456.1806200,2933,7061.82,629841.2173500,0
1790580360000,89.16700,89.18900,89.09800,89.12000,2251.32,1790580419999,200666.4301300,807,1661.25,148078.6847900,0
1790580420000,89.12100,89.19100,88.98700,88.98700,7048.12,1790580479999,627899.7643500,1776,1757.51,156591.3609200,0
1790580480000,88.98600,89.05200,88.98600,89.05100,2946.26,1790580539999,262273.7347100,1225,1775.59,158061.0709400,0
1790580540000,89.05200,89.07900,88.99600,89.00100,2566.62,1790580599999,228522.9432500,984,1838.05,163652.4227000,0
1790580600000,89.00000,89.02500,88.97400,89.01200,2837.20,1790580659999,252499.7884600,1355,1681.98,149691.8197700,0
1790580660000,89.01100,89.05600,88.98200,89.00800,3294.62,1790580719999,293263.3525500,1324,1614.43,143697.9131000,0
1790580720000,89.00800,89.01800,88.92900,88.93200,4168.24,1790580779999,370846.0484600,1496,1997.16,177690.9094100,0
1790580780000,88.93200,88.95300,88.87300,88.89900,4332.77,1790580839999,385193.7800600,1368,1037.07,92207.0140700,0
1790580840000,88.89900,88.95500,88.75300,88.94800,6789.75,1790580899999,603150.5600900,2376,2492.17,221387.3113800,0
1790580900000,88.94900,89.00400,88.90600,88.94200,3042.13,1790580959999,270596.9427500,1361,1605.90,142841.6019100,0
1790580960000,88.94000,89.06400,88.94000,88.99200,3156.76,1790581019999,281034.2699500,1424,2288.76,203750.4553000,0
1790581020000,88.99200,89.02000,88.92800,89.00900,2371.03,1790581079999,210940.0307500,1440,1962.50,174589.7616100,0
1790581080000,89.00900,89.00900,88.87600,88.91800,2037.14,1790581139999,181159.5690800,1319,668.10,59406.9409500,0
1790581140000,88.91900,88.98300,88.90500,88.92400,1542.75,1790581199999,137231.0663100,1012,696.28,61930.5063700,0
1790581200000,88.92500,89.04600,88.92400,89.01500,3913.60,1790581259999,348276.6808600,1271,2905.39,258555.9864000,0
1790581260000,89.01500,89.06800,88.99600,89.00200,1609.41,1790581319999,143282.3289300,1181,1143.55,101806.8606100,0
1790581320000,89.00200,89.00200,88.92600,88.95700,1209.58,1790581379999,107601.8057800,842,507.41,45136.0619700,0
1790581380000,88.95700,88.95700,88.86500,88.89700,3117.79,1790581439999,277164.4323400,1056,786.24,69901.8269600,0
1790581440000,88.89700,88.89700,88.79400,88.82800,3041.19,1790581499999,270154.3860000,1219,1277.58,113492.1136000,0
1790581500000,88.82800,88.89500,88.81400,88.83300,2140.10,1790581559999,190137.2041400,999,1017.46,90399.1886100,0
1790581560000,88.83200,88.89100,88.80400,88.85600,5374.74,1790581619999,477511.1529300,1460,1310.21,116409.0068500,0
1790581620000,88.85500,88.89500,88.84000,88.89500,1480.53,1790581679999,131572.0932900,901,1079.71,95950.2770000,0
1790581680000,88.89500,89.14600,88.89500,89.12600,8545.52,1790581739999,761462.8828500,1697,2875.95,256119.0967400,0
1790581740000,89.12600,89.13000,88.88800,88.92400,4994.75,1790581799999,444495.1264500,1993,2841.81,252874.6897100,0
1790581800000,88.92300,88.94700,88.85700,88.94300,3083.51,1790581859999,274122.1910300,1325,1624.90,144456.8196700,0
1790581860000,88.94400,89.00900,88.92200,88.95000,7477.26,1790581919999,665178.9381900,1305,3281.57,291967.3302900,0
1790581920000,88.95000,88.96200,88.85300,88.85500,4248.18,1790581979999,377741.1842900,1029,1947.53,173174.9222000,0
1790581980000,88.85500,88.85500,88.78400,88.80000,3415.23,1790582039999,303325.4804800,1364,1981.04,175948.3198400,0
1790582040000,88.80000,88.84600,88.79600,88.84200,1689.01,1790582099999,150009.6572400,803,1309.70,116318.5940300,0
1790582100000,88.84200,89.06400,88.83400,89.06000,6489.60,1790582159999,577288.7077600,2006,2847.90,253270.1026000,0
1790582160000,89.06000,89.09700,88.99900,89.00400,3558.30,1790582219999,316870.5013400,946,1402.53,124881.9071100,0
1790582220000,89.00400,89.02400,88.85700,88.86600,2326.80,1790582279999,206983.7911700,1040,1001.30,89083.5330700,0
1790582280000,88.86700,88.90100,88.81200,88.88200,2830.60,1790582339999,251545.1078200,1034,1662.44,147736.8724600,0
1790582340000,88.88200,88.90800,88.77800,88.79500,3538.04,1790582399999,314272.7886100,1044,790.12,70205.6378800,0
1790582400000,88.79600,88.96600,88.77700,88.96600,4441.91,1790582459999,394631.0305600,1590,2715.94,241325.7012300,0
1790582460000,88.96600,89.06600,88.92800,89.06200,5760.12,1790582519999,512635.4297500,1921,3841.67,341938.1307600,0
1790582520000,89.06000,89.07200,88.94600,88.97400,4857.29,1790582579999,432332.4604700,1669,1790.81,159403.9733800,0
1790582580000,88.97500,88.98900,88.77500,88.78500,3221.31,1790582639999,286291.7303200,1453,1283.55,114030.7137500,0
1790582640000,88.78400,88.91900,88.77800,88.90500,3454.13,1790582699999,306799.3036800,1407,1933.05,171734.6070900,0
1790582700000,88.90700,88.90700,88.82900,88.84700,2677.47,1790582759999,237948.3320100,1191,2011.43,178757.4952800,0
1790582760000,88.84700,88.91900,88.84100,88.87000,2293.70,1790582819999,203881.4359900,960,651.13,57867.7404600,0
1790582820000,88.87000,88.93200,88.78000,88.78700,2057.46,1790582879999,182832.2102100,1071,567.72,50455.1940500,0
1790582880000,88.78800,88.93300,88.78800,88.89400,3018.85,1790582939999,268291.8514600,1497,2184.80,194147.9912600,0
1790582940000,88.89300,88.94000,88.85900,88.92500,824.14,1790582999999,73274.8690000,819,498.68,44336.1587500,0
1790583000000,88.92500,88.98500,88.84600,88.92600,6720.32,1790583059999,597439.5221800,1529,4767.29,423763.1606800,0
1790583060000,88.92700,88.94000,88.84900,88.89700,2194.50,1790583119999,195088.8583200,1133,1185.16,105360.6957400,0
1790583120000,88.89700,88.94500,88.84100,88.91100,1176.88,1790583179999,104608.6609100,988,693.62,61652.3811300,0
1790583180000,88.91200,89.03300,88.84600,89.02700,3986.68,1790583239999,354567.7855800,1224,3229.77,287260.0423100,0
1790583240000,89.02600,89.13400,89.02000,89.12400,3942.08,1790583299999,351167.9091800,1086,2823.07,251481.3093700,0
1790583300000,89.12300,89.14800,89.08000,89.14700,3484.87,1790583359999,310571.3732900,1213,1411.89,125828.0637100,0
1790583360000,89.14600,89.16800,89.07200,89.16000,5725.34,1790583419999,510268.8617000,1194,2909.90,259320.4909300,0
1790583420000,89.16000,89.16000,89.06600,89.07500,2210.01,1790583479999,196958.0880200,973,829.90,73955.3394400,0
1790583480000,89.07600,89.09500,89.00200,89.00900,1664.25,1790583539999,148210.8982700,876,617.88,55026.7316300,0
1790583540000,89.00800,89.03100,88.98300,89.00900,582.56,1790583599999,51848.8537200,516,304.48,27097.6926800,0
1790583600000,89.00900,89.10000,88.98700,89.03600,1592.37,1790583659999,141804.3864300,894,656.40,58445.9536600,0
1790583660000,89.03500,89.05800,88.97100,88.98700,2325.76,1790583719999,206995.5323900,800,288.23,25655.8821800,0
1790583720000,88.98700,89.02100,88.93900,89.02100,1511.71,1790583779999,134486.5537800,767,411.92,36648.0924000,0
1790583780000,89.02000,89.02000,88.91400,88.94300,1562.09,1790583839999,138975.3139100,825,360.26,32048.1522400,0
1790583840000,88.94400,88.94400,88.84600,88.87500,1910.01,1790583899999,169759.6936300,952,1120.47,99581.2857100,0
1790583900000,88.87400,88.95800,88.86700,88.95700,1462.26,1790583959999,130030.9654800,869,944.27,83962.8983500,0
1790583960000,88.95700,89.14600,88.95700,89.12700,3559.75,1790584019999,317143.7544300,1373,2705.63,241045.0821800,0
1790584020000,89.12700,89.16300,89.00700,89.02800,2402.98,1790584079999,214084.0989600,1196,1478.12,131693.6990800,0
1790584080000,89.02900,89.10700,89.02900,89.04600,2838.83,1790584139999,252826.2791200,872,1930.78,171952.9216700,0
1790584140000,89.04500,89.11000,89.02700,89.10300,2305.68,1790584199999,205371.5685600,967,973.84,86744.7887400,0
1790584200000,89.10300,89.18000,89.07100,89.08300,3372.85,1790584259999,300577.7189400,1256,986.47,87914.0234400,0
1790584260000,89.08300,89.11300,89.05000,89.07100,1858.88,1790584319999,165579.7405200,801,670.76,59751.2607800,0
1790584320000,89.07100,89.17600,89.06800,89.13900,4351.33,1790584379999,387894.4258800,1499,2382.09,212330.8441400,0
1790584380000,89.13900,89.20000,89.12500,89.18800,2208.36,1790584439999,196912.7466300,1063,1376.32,122726.7113900,0
1790584440000,89.18800,89.19900,89.11800,89.17000,4258.78,1790584499999,379705.4779000,1128,1404.05,125181.3811600,0
1790584500000,89.17000,89.17900,89.08600,89.08600,1979.82,1790584559999,176500.8476400,972,813.00,72486.6672000,0
1790584560000,89.08600,89.08600,88.99300,89.05100,3004.21,1790584619999,267486.1198600,1162,1369.84,121962.1226900,0
1790584620000,89.05100,89.05100,88.96600,88.97400,882.06,1790584679999,78493.2027600,626,340.89,30332.9104300,0
1790584680000,88.97300,89.03900,88.86000,89.03900,4455.54,1790584739999,396348.3779100,1522,2426.26,215875.9161100,0
1790584740000,89.03900,89.03900,88.89800,88.97800,2784.13,1790584799999,247646.4130500,1208,1600.11,142307.8252000,0
1790584800000,88.97700,89.04500,88.92100,88.93600,3009.01,1790584859999,267729.2462600,1533,849.73,75604.7693600,0
1790584860000,88.93600,88.93600,88.85500,88.87900,2330.15,1790584919999,207114.0903900,1154,433.41,38527.7155700,0
1790584920000,88.87900,88.88300,88.81200,88.87900,2538.88,1790584979999,225582.8709300,1190,627.05,55718.0494200,0
1790584980000,88.87900,88.88700,88.81500,88.83200,1742.34,1790585039999,154802.7020400,981,884.33,78572.7683400,0
1790585040000,88.83200,88.93700,88.82900,88.91000,4238.74,1790585099999,376785.7265600,1039,3423.39,304312.5977200,0
1790585100000,88.91000,88.91100,88.85600,88.85700,2266.31,1790585159999,201427.5503000,689,398.06,35379.4965900,0
1790585160000,88.85700,88.88800,88.80200,88.87700,5280.55,1790585219999,469124.2487500,1426,2711.27,240860.9720500,0
1790585220000,88.87700,88.97100,88.87700,88.95200,2204.93,1790585279999,196057.4379300,1032,1468.02,130522.8079200,0
1790585280000,88.95200,88.95200,88.88100,88.88100,1734.85,1790585339999,154239.5149000,803,572.34,50887.4545500,0
1790585340000,88.88200,88.97400,88.84800,88.91800,4877.63,1790585399999,433647.5498600,1286,3151.30,280162.4605700,0
1790585400000,88.91800,89.01000,88.91800,89.01000,1980.25,1790585459999,176193.4380300,1039,1612.12,143434.0613100,0
1790585460000,89.01000,89.09700,89.00900,89.09600,2624.94,1790585519999,233752.5404500,1331,1494.22,133049.8007800,0
1790585520000,89.09600,89.14200,89.04800,89.14200,3198.01,1790585579999,284870.9213100,971,1127.07,100401.0422700,0
1790585580000,89.14200,89.25400,89.11200,89.20800,9844.36,1790585639999,878062.8811700,1817,6576.12,586643.5434700,0
1790585640000,89.20800,89.20800,89.08500,89.08500,2372.53,1790585699999,211511.3545400,760,525.13,46824.1658200,0
1790585700000,89.08500,89.18100,89.07100,89.14700,2262.08,1790585759999,201594.6025800,1242,1269.64,113142.8764800,0
1790585760000,89.14800,89.23700,89.12700,89.20500,1793.32,1790585819999,159950.5554700,787,1355.56,120904.1385600,0
1790585820000,89.20500,89.34800,89.19800,89.32400,5271.52,1790585879999,470585.9319700,1718,3471.51,309916.0787900,0
1790585880000,89.32400,89.36400,89.20200,89.21500,4934.56,1790585939999,440646.6527500,1195,1790.25,159889.9480800,0
1790585940000,89.21500,89.25200,89.20700,89.23300,864.81,1790585999999,77169.3402400,486,603.19,53823.9590500,0
1790586000000,89.23200,89.32100,89.19200,89.30800,3434.67,1790586059999,306602.8816600,1482,2079.34,185634.2311900,0
1790586060000,89.30800,89.30800,89.19000,89.19900,3572.54,1790586119999,318825.9871200,945,827.05,73795.3021900,0
1790586120000,89.20000,89.20000,88.85900,88.85900,9112.79,1790586179999,811125.9909100,2010,622.59,55406.9596100,0
1790586180000,88.86000,88.88900,88.60400,88.62000,23771.53,1790586239999,2108874.0460200,3996,12351.58,1095649.5117600,0
1790586240000,88.62100,88.79400,88.57500,88.76000,7190.75,1790586299999,637602.3796300,2664,4135.23,366708.0623100,0
1790586300000,88.76000,88.77300,88.58300,88.69600,8804.71,1790586359999,780701.2744900,2644,2169.39,192347.3781300,0
1790586360000,88.69500,88.69500,88.55300,88.58500,4831.00,1790586419999,428047.9432400,1944,1504.29,133286.6988200,0
1790586420000,88.58500,88.73400,88.53900,88.61800,7399.58,1790586479999,655854.8618700,2497,2183.96,193620.6579600,0
1790586480000,88.61800,88.75800,88.53400,88.60400,10010.24,1790586539999,887255.5331900,2942,4831.43,428348.9231500,0
1790586540000,88.60300,88.66500,88.53500,88.56000,4659.09,1790586599999,412794.2138600,1759,1477.61,130923.4513800,0
1790586600000,88.56000,88.64700,88.54300,88.64700,3159.64,1790586659999,279869.4757000,1664,1949.03,172643.1486200,0
1790586660000,88.64600,88.79300,88.62400,88.77000,5000.27,1790586719999,443665.6389700,1870,2585.15,229365.0963700,0
1790586720000,88.76900,88.87100,88.76900,88.87100,3771.49,1790586779999,335070.8254600,1771,2228.77,197998.1565000,0
1790586780000,88.87000,88.96100,88.86300,88.96000,3292.96,1790586839999,292740.0824400,1184,2781.81,247307.4123500,0
1790586840000,88.96100,89.09000,88.96100,89.04700,6614.44,1790586899999,588960.6018300,1587,4394.38,391275.9526700,0
1790586900000,89.04800,89.25000,89.03900,89.23100,6541.23,1790586959999,583169.0301700,2244,4305.79,383849.6029500,0
1790586960000,89.23200,89.29500,89.03600,89.11400,14164.78,1790587019999,1263102.6348200,2444,3345.34,298395.3187700,0
1790587020000,89.11400,89.14000,89.00100,89.10800,5096.76,1790587079999,453961.8699700,2063,2196.33,195627.0650800,0
1790587080000,89.10900,89.18800,89.09600,89.15900,2188.09,1790587139999,195024.9574300,1716,1505.77,134208.6582500,0
1790587140000,89.15900,89.29400,89.15900,89.29400,3608.00,1790587199999,321999.4209700,1579,1509.20,134684.5787600,0
1790587200000,89.29500,89.33800,89.22600,89.26700,7462.38,1790587259999,666246.5627500,2303,4139.04,369527.5085400,0
1790587260000,89.26800,89.38000,89.24700,89.33700,2733.14,1790587319999,244157.9073900,1336,1964.68,175511.3609300,0
1790587320000,89.33800,89.34500,89.27100,89.29300,2267.83,1790587379999,202521.7872600,1219,922.85,82404.0595200,0
1790587380000,89.29300,89.31300,89.23200,89.24400,1901.51,1790587439999,169763.1933300,1246,744.75,66495.5174400,0
1790587440000,89.24400,89.26200,89.16800,89.18600,2505.19,1790587499999,223460.1837900,1238,1247.31,111262.4770500,0
1790587500000,89.18600,89.22600,89.15500,89.17000,2255.76,1790587559999,201175.2420000,908,771.64,68816.2829000,0
1790587560000,89.16900,89.17300,89.02300,89.06900,5653.05,1790587619999,503526.8666300,1879,3221.24,286900.4453100,0
1790587620000,89.07000,89.07500,88.96500,88.98700,4021.73,1790587679999,357938.1804500,1160,370.85,33014.8050300,0
1790587680000,88.98800,89.11500,88.98800,89.11500,1350.77,1790587739999,120296.4126400,1254,752.71,67035.3829200,0
1790587740000,89.11400,89.14500,89.05200,89.13500,3045.54,1790587799999,271336.5569700,1206,2474.83,220484.2151800,0
1790587800000,89.13500,89.18400,89.09700,89.18400,2549.78,1790587859999,227258.8608600,1171,1207.63,107645.0429900,0
1790587860000,89.18400,89.18500,89.07500,89.11500,1669.63,1790587919999,148802.0850400,1449,651.86,58086.8412400,0
1790587920000,89.11400,89.13600,89.07900,89.12900,2490.17,1790587979999,221895.1163700,1129,581.68,51835.5544500,0
1790587980000,89.12800,89.12800,89.07700,89.08000,1845.99,1790588039999,164468.1458600,796,320.16,28524.0789800,0
1790588040000,89.08000,89.08000,88.90000,88.90000,5025.76,1790588099999,447299.3542200,1263,195.22,17373.4986500,0
1790588100000,88.90100,88.99700,88.90100,88.97300,4236.55,1790588159999,376829.2843900,1519,2220.68,197506.4751200,0
1790588160000,88.97400,89.01700,88.95800,89.01100,2138.61,1790588219999,190313.2955500,1067,992.31,88307.6569900,0
1790588220000,89.01000,89.07300,88.97100,89.06100,3088.58,1790588279999,274943.4970400,1275,998.76,88901.8552900,0
1790588280000,89.06200,89.14700,89.06100,89.13300,5201.13,1790588339999,463531.6066700,1597,3021.60,269292.2644100,0
1790588340000,89.13100,89.18800,89.13000,89.14600,5206.80,1790588399999,464243.0830300,1195,1933.73,172404.5145700,0
1790588400000,89.14600,89.19600,89.10100,89.19200,3818.29,1790588459999,340353.3572300,1143,1400.38,124831.8823300,0
1790588460000,89.19100,89.19200,89.04700,89.13200,4382.49,1790588519999,390586.2125300,1468,1040.13,92664.3171300,0
1790588520000,89.13200,89.17000,89.06100,89.17000,3578.91,1790588579999,318901.5471600,1258,2780.57,247760.9738400,0
1790588580000,89.17000,89.18500,89.15200,89.16100,2652.43,1790588639999,236507.3116700,735,798.40,71188.0325200,0
1790588640000,89.16100,89.17600,89.13600,89.16300,5882.39,1790588699999,524406.5880200,1292,2556.79,227929.6935900,0
1790588700000,89.16300,89.24600,89.16300,89.22100,3794.46,1790588759999,338497.2249500,1307,2563.21,228662.2221700,0
1790588760000,89.22100,89.24800,89.17100,89.21900,4196.08,1790588819999,374340.1255500,1466,1521.78,135757.5987500,0
1790588820000,89.21900,89.24100,89.14700,89.15700,9725.74,1790588879999,867477.9046100,1925,2201.57,196392.4054800,0
1790588880000,89.15700,89.27600,89.15700,89.23600,5245.31,1790588939999,467925.8053900,945,4783.52,426714.4823700,0
1790588940000,89.23600,89.32300,89.20800,89.32300,3909.63,1790588999999,348960.5921200,1201,2426.17,216579.3481400,0
1790589000000,89.32300,89.41900,89.32300,89.37100,6972.53,1790589059999,623138.8229800,1455,4734.19,423109.6094300,0
1790589060000,89.37200,89.39500,89.34800,89.37500,3808.19,1790589119999,340328.9431700,1020,1673.82,149581.9919000,0
1790589120000,89.37500,89.41200,89.19100,89.19100,9814.57,1790589179999,876839.5153000,1967,1652.42,147631.7205800,0
1790589180000,89.19100,89.20800,89.12900,89.13000,6633.53,1790589239999,591453.7838200,1757,3397.30,302927.3943400,0
1790589240000,89.13000,89.19000,89.04600,89.04700,6056.22,1790589299999,539722.9104300,1804,1869.85,166665.5201200,0
1790589300000,89.04600,89.09500,89.00700,89.06300,5261.34,1790589359999,468490.9501600,1390,2903.53,258572.3345700,0
1790589360000,89.06200,89.08800,89.03500,89.04600,2863.83,1790589419999,255043.1456200,1051,1067.99,95113.4362800,0
1790589420000,89.04600,89.13900,89.02700,89.13900,1984.80,1790589479999,176782.4238300,926,1160.11,103336.0248200,0
1790589480000,89.14000,89.16900,89.11400,89.16900,3190.50,1790589539999,284384.2537400,803,1585.85,141361.9944100,0
1790589540000,89.16900,89.24500,89.14200,89.24500,3374.97,1790589599999,300915.8821100,1030,1229.93,109673.2434600,0
1790589600000,89.24600,89.56100,89.24600,89.43500,14768.00,1790589659999,1320483.2074200,3090,8873.00,793364.2493900,0
1790589660000,89.43500,89.72200,89.40200,89.62200,36112.48,1790589719999,3234945.3362500,4025,24908.83,2231423.3073900,0
1790589720000,89.62100,89.70800,89.57300,89.64900,11160.05,1790589779999,1000489.3938700,2668,7701.18,690436.6528300,0
1790589780000,89.65000,89.79600,89.63900,89.71800,9839.81,1790589839999,882926.7359200,2044,7927.40,711323.6583800,0
1790589840000,89.71900,89.78100,89.68800,89.72500,6853.01,1790589899999,614939.0946500,1610,4381.57,393170.8977400,0
1790589900000,89.72600,89.72600,89.59000,89.60600,8555.09,1790589959999,767012.0913800,2324,4418.61,396147.5075300,0
1790589960000,89.60600,89.64300,89.58400,89.62700,2190.76,1790590019999,196305.9708700,1240,1177.01,105465.4184900,0
1790590020000,89.62600,89.62600,89.53100,89.53400,3829.78,1790590079999,343036.2136600,1504,797.57,71442.2947000,0
1790590080000,89.53300,89.54400,89.43600,89.47600,3008.45,1790590139999,269165.4997200,1319,1091.43,97655.1731300,0
1790590140000,89.47700,89.52000,89.19800,89.36300,27500.88,1790590199999,2456222.0661500,2811,11338.23,1012063.9530700,0
1790590200000,89.36200,89.38600,89.25400,89.25400,2840.76,1790590259999,253787.6037500,1241,737.92,65931.5200700,0
1790590260000,89.25400,89.27800,89.19800,89.24700,2135.18,1790590319999,190562.7603100,1164,1334.20,119077.9872000,0
1790590320000,89.24700,89.25500,89.13800,89.18500,5164.01,1790590379999,460534.9990000,2029,2081.98,185699.8059500,0
1790590380000,89.18600,89.24500,89.12500,89.23500,3078.40,1790590439999,274490.2008800,1348,1058.65,94404.3208200,0
1790590440000,89.23600,89.31300,89.18800,89.30900,3277.36,1790590499999,292500.3757000,1408,2043.78,182422.4180600,0
1790590500000,89.30900,89.43800,89.30800,89.42500,5937.46,1790590559999,530806.8707300,1868,3399.80,303935.2804800,0
1790590560000,89.42500,89.42500,89.35200,89.40700,2790.14,1790590619999,249434.3406800,1058,1476.58,132008.5961000,0
1790590620000,89.40700,89.44600,89.34700,89.35500,2419.79,1790590679999,216299.3901100,1253,1035.48,92565.9553900,0
1790590680000,89.35400,89.43700,89.30500,89.36700,4012.59,1790590739999,358699.4556400,1338,2345.88,209721.0068200,0
1790590740000,89.36600,89.40200,89.29600,89.29600,1259.66,1790590799999,112555.0621200,857,470.02,42000.6645700,0
1790590800000,89.29500,89.32000,89.26900,89.26900,2380.26,1790590859999,212545.9486700,1132,1014.38,90579.0135300,0
1790590860000,89.26900,89.31600,89.26600,89.29800,1563.20,1790590919999,139587.7270600,997,1037.97,92687.3131300,0
1790590920000,89.29800,89.38700,89.29800,89.32200,2070.24,1790590979999,184964.0437600,1043,905.91,80936.2468500,0
1790590980000,89.32200,89.41300,89.32200,89.41300,2838.72,1790591039999,253643.3704300,1094,2444.03,218377.8450200,0
1790591040000,89.41200,89.61900,89.40200,89.60600,10826.86,1790591099999,969369.3020000,1897,8640.91,773738.9953800,0
1790591100000,89.60700,89.70000,89.60100,89.69400,3338.40,1790591159999,299295.1988300,1141,2006.02,179832.8139400,0
1790591160000,89.69400,89.70500,89.66000,89.67900,3233.41,1790591219999,289987.9817200,1265,1437.75,128946.9541100,0
1790591220000,89.67900,89.67900,89.53200,89.57500,4566.24,1790591279999,409201.5261100,1274,932.29,83531.9916600,0
1790591280000,89.57500,89.62700,89.54400,89.57900,2246.11,1790591339999,201191.7732100,1025,641.39,57454.9212000,0
1790591340000,89.57900,89.59000,89.53000,89.56400,2066.41,1790591399999,185057.5743800,874,970.09,86872.3913800,0
1790591400000,89.56000,89.56000,89.44200,89.45000,6231.52,1790591459999,557658.0186200,1581,2444.57,218805.4387000,0
1790591460000,89.45000,89.54400,89.44200,89.54400,2641.63,1790591519999,236425.2056500,1287,1983.50,177535.4896100,0
1790591520000,89.54400,89.58700,89.45000,89.57900,2951.90,1790591579999,264300.5798800,1554,1391.58,124607.8175700,0
1790591580000,89.57800,89.70000,89.56500,89.67300,4126.84,1790591639999,369954.0849200,1813,2542.10,227907.3327900,0
1790591640000,89.67200,89.73900,89.67200,89.73100,4360.91,1790591699999,391210.3515900,1421,2475.94,222132.4767000,0
1790591700000,89.73100,89.86400,89.73100,89.84800,5738.31,1790591759999,515183.4274900,1594,4689.50,421033.2948600,0
1790591760000,89.84900,89.87000,89.77900,89.78700,6057.39,1790591819999,544100.6294500,1797,3089.21,277519.2226300,0
1790591820000,89.78700,89.93500,89.78700,89.85100,6141.36,1790591879999,551969.3241900,1977,3308.73,297397.6871900,0
1790591880000,89.85100,89.89000,89.77800,89.87400,2892.07,1790591939999,259771.9775200,1684,1459.80,131112.8947300,0
1790591940000,89.87400,89.89800,89.81200,89.85100,2173.68,1790591999999,195306.5729200,1480,712.99,64054.9832900,0
1790592000000,89.85100,89.86500,89.82600,89.83500,2967.30,1790592059999,266589.8205400,1236,803.88,72219.8882900,0
1790592060000,89.83500,89.90100,89.81500,89.86600,5262.02,1790592119999,472844.4888800,1458,2571.08,231023.1943100,0
1790592120000,89.86600,89.89900,89.83200,89.88000,2845.65,1790592179999,255728.9866000,1440,1669.05,149987.3160700,0
1790592180000,89.88100,89.90700,89.87300,89.90500,2494.54,1790592239999,224209.8778800,905,1038.50,93340.2807100,0
1790592240000,89.90500,89.91200,89.88800,89.90100,1542.96,1790592299999,138709.2976200,793,891.84,80172.9634100,0
1790592300000,89.90100,89.90300,89.80900,89.83500,5579.23,1790592359999,501384.8565400,1200,1469.40,132018.5447400,0
1790592360000,89.83500,89.86200,89.78700,89.80900,3519.26,1790592419999,316104.3961300,1400,2053.79,184474.8650800,0
1790592420000,89.80900,89.84900,89.77800,89.79000,3299.45,1790592479999,296304.6406400,1194,2075.70,186412.6848600,0
1790592480000,89.79000,89.79700,89.73300,89.77700,3615.87,1790592539999,324588.3008100,1645,1159.91,104129.0259100,0
1790592540000,89.77700,89.79800,89.73500,89.73500,2973.54,1790592599999,266893.5047000,1292,1767.42,158627.5651100,0
1790592600000,89.73500,89.77200,89.65200,89.74600,4274.00,1790592659999,383457.0568400,1875,1711.26,153542.7368000,0
1790592660000,89.74700,89.77300,89.73200,89.74900,1454.77,1790592719999,130568.8328000,1051,645.45,57930.3433100,0
1790592720000,89.74900,89.89700,89.74900,89.87200,5695.79,1790592779999,511696.2060600,1914,4197.51,377064.9135600,0
1790592780000,89.87200,89.87300,89.78800,89.78800,3261.30,1790592839999,292908.7949500,1142,1740.64,156313.0000700,0
1790592840000,89.78800,89.78900,89.74300,89.75900,2543.24,1790592899999,228306.6015600,1046,606.99,54488.3419700,0
1790592900000,89.75900,89.76000,89.71700,89.73800,1678.60,1790592959999,150630.5333600,952,1087.31,97565.1049600,0
1790592960000,89.73800,89.74900,89.68800,89.74800,2482.71,1790593019999,222756.4127000,1172,1824.03,163651.3358900,0
1790593020000,89.74800,89.74800,89.68100,89.69700,1611.33,1790593079999,144558.5516200,952,780.53,70028.5410200,0
1790593080000,89.69600,89.69600,89.64200,89.64300,645.65,1790593139999,57894.2128200,621,120.86,10836.8158900,0
1790593140000,89.64300,89.66200,89.60000,89.63600,4165.27,1790593199999,373320.7189000,1076,1327.22,118972.5432200,0
1790593200000,89.63700,89.79200,89.61500,89.76300,6919.44,1790593259999,620759.5432700,2532,4623.34,414765.1596400,0
1790593260000,89.76300,89.87300,89.74600,89.75600,3107.09,1790593319999,279046.2393100,1835,1659.73,149053.9138600,0
1790593320000,89.75600,89.79700,89.73000,89.78700,2185.15,1790593379999,196140.3356200,1447,1340.41,120318.3324300,0
1790593380000,89.78700,89.85200,89.74700,89.74700,1781.23,1790593439999,159979.2141500,1292,1229.79,110454.6681900,0
1790593440000,89.74700,89.75500,89.65800,89.72600,2137.11,1790593499999,191707.1088100,1450,869.41,77983.1634900,0
1790593500000,89.72700,89.76300,89.68500,89.72300,1840.73,1790593559999,165157.6222200,1315,1169.63,104937.8219400,0
1790593560000,89.72200,89.86800,89.71700,89.80800,4082.55,1790593619999,366592.4640800,1663,3247.26,291591.1619500,0
1790593620000,89.80800,89.84200,89.71700,89.79500,3258.49,1790593679999,292553.9602500,1575,1545.47,138745.9118000,0
1790593680000,89.79500,89.84400,89.76000,89.79900,6657.86,1790593739999,597930.5297900,1905,3797.42,341059.7233700,0
1790593740000,89.79900,89.85100,89.79100,89.83100,1866.65,1790593799999,167672.7835900,1088,1051.45,94445.6093300,0
1790593800000,89.83100,89.84500,89.78000,89.81300,3428.28,1790593859999,307906.0305900,1033,1203.25,108071.3478600,0
1790593860000,89.81200,89.84100,89.80000,89.80900,2649.10,1790593919999,237928.6316900,913,515.73,46320.4403200,0
1790593920000,89.80800,89.83200,89.80800,89.82500,1077.25,1790593979999,96759.6557000,635,477.45,42884.1040600,0
1790593980000,89.82400,89.86900,89.79100,89.83200,5029.43,1790594039999,451786.9457900,1321,2374.89,213341.4629300,0
1790594040000,89.83100,89.87300,89.81600,89.85600,1960.07,1790594099999,176087.6392700,622,326.08,29299.2070200,0
1790594100000,89.85700,89.92400,89.84100,89.91200,3820.61,1790594159999,343383.3998800,1089,1675.08,150576.5668700,0
1790594160000,89.91200,89.94300,89.81800,89.88600,7953.63,1790594219999,714904.5247200,2484,2627.30,236153.6718600,0
1790594220000,89.88600,90.04200,89.88600,90.02100,11338.21,1790594279999,1020269.7763000,2316,8934.96,803994.5590700,0
1790594280000,90.02200,90.03500,89.97700,89.98300,5549.46,1790594339999,499496.1035800,1346,2404.30,216407.2702900,0
1790594340000,89.98400,90.04500,89.93500,90.04500,4945.07,1790594399999,445018.8782300,1109,2044.46,183984.1856700,0
1790594400000,90.04500,90.05900,89.93100,90.04300,6255.47,1790594459999,562863.2056000,1588,2692.05,242212.1683900,0
1790594460000,90.04200,90.04200,89.97800,90.00800,1890.19,1790594519999,170131.1820400,797,300.71,27062.9639200,0
1790594520000,90.00800,90.12900,90.00800,90.08300,11272.54,1790594579999,1015410.8922700,2045,7743.79,697614.5686900,0
1790594580000,90.08200,90.15700,90.07300,90.10400,7093.99,1790594639999,639282.6912700,1562,4271.13,384915.1222700,0
1790594640000,90.10400,90.25100,90.08900,90.22000,12977.59,1790594699999,1170295.9818400,1994,10169.69,917233.0753400,0
1790594700000,90.22100,90.22100,90.06800,90.07800,4706.84,1790594759999,424154.9262500,1250,1542.28,138960.0646400,0
1790594760000,90.07800,90.12200,90.01200,90.11000,4616.22,1790594819999,415778.8607800,1755,1382.67,124543.5363500,0
1790594820000,90.11300,90.16100,90.10100,90.13900,1704.32,1790594879999,153623.0862200,886,962.09,86719.3790300,0
1790594880000,90.13700,90.17400,90.12100,90.14400,2077.39,1790594939999,187247.6967600,869,387.39,34917.9181400,0
1790594940000,90.14500,90.19800,90.14400,90.16200,5451.67,1790594999999,491622.5396400,1023,2169.69,195645.0220900,0
1790595000000,90.16200,90.23600,90.12000,90.23500,5617.61,1790595059999,506525.5134500,1441,3113.28,280743.6182600,0
1790595060000,90.23600,90.49200,90.23500,90.42300,34817.28,1790595119999,3147032.1808300,3487,20636.38,1865017.4935200,0
1790595120000,90.42300,90.43700,90.35800,90.36900,6014.46,1790595179999,543748.1762300,1561,3723.99,336688.5718800,0
1790595180000,90.36800,90.43000,90.35800,90.37000,4337.02,1790595239999,392029.2691400,1267,2131.30,192672.3593400,0
1790595240000,90.37100,90.45900,90.30600,90.44400,4044.97,1790595299999,365527.5736700,1717,2425.91,219249.9961200,0
1790595300000,90.44400,90.45600,90.37600,90.37600,3206.22,1790595359999,289902.4936300,1007,1306.01,118084.4651200,0
1790595360000,90.37600,90.42200,90.31400,90.40600,7226.85,1790595419999,652986.6918500,1623,2271.80,205263.1893500,0
1790595420000,90.40600,90.60100,90.40600,90.57500,11791.61,1790595479999,1067516.3577200,2603,9749.99,882642.4509500,0
1790595480000,90.57200,90.57500,90.46200,90.46200,14425.73,1790595539999,1306135.0920400,1450,2015.36,182461.5654600,0
1790595540000,90.46200,90.58700,90.43400,90.54900,6352.23,1790595599999,575161.5121300,1448,4326.26,391696.4648400,0
1790595600000,90.55000,90.55700,90.46900,90.48900,5437.79,1790595659999,492203.0013400,893,1890.00,171072.6138400,0
1790595660000,90.48900,90.54300,90.47600,90.47600,4817.24,1790595719999,436029.6487500,1278,3681.23,333214.7630400,0
1790595720000,90.47700,90.51200,90.47300,90.50700,2035.76,1790595779999,184233.5966900,899,1456.71,131830.9905400,0
1790595780000,90.50700,90.54000,90.46200,90.46300,9440.48,1790595839999,854448.3270800,1194,6393.05,578656.7617000,0
1790595840000,90.46300,90.46300,90.37200,90.37300,2999.45,1790595899999,271188.1609900,1085,1111.29,100483.0437200,0
1790595900000,90.37300,90.39400,90.31100,90.31100,4891.05,1790595959999,441945.6439000,1432,2354.33,212762.4390600,0
1790595960000,90.31100,90.31200,90.25100,90.25200,5682.65,1790596019999,513015.8534800,1144,3345.51,302008.4742300,0
1790596020000,90.25200,90.25200,90.15200,90.15400,6001.10,1790596079999,541216.8741900,1328,3268.35,294746.5148100,0
1790596080000,90.15400,90.15400,90.09000,90.09000,9117.14,1790596139999,821830.8676000,876,1527.30,137648.1459500,0
1790596140000,90.09000,90.09000,90.00300,90.01100,36379.59,1790596199999,3275276.2563500,1572,31826.48,2865313.2919200,0
1790596200000,90.01200,90.02000,90.00300,90.00800,11640.80,1790596259999,1047835.2522500,753,9838.08,885567.5750100,0
1790596260000,90.00800,90.00800,89.94700,89.94700,4208.77,1790596319999,378730.1213600,1157,1380.93,124271.6767400,0
1790596320000,89.94700,89.95700,89.84200,89.84300,6527.32,1790596379999,586953.1552800,1668,2448.99,220267.2011000,0
1790596380000,89.84300,89.86200,89.77000,89.77000,5934.87,1790596439999,533154.8902700,1249,3419.12,307202.4666900,0
1790596440000,89.77000,89.77000,89.73100,89.73100,1914.01,1790596499999,171775.7208400,713,801.15,71898.4693100,0
1790596500000,89.73200,89.82700,89.72800,89.82700,25701.93,1790596559999,2306627.6834500,1309,23680.59,2125165.5410700,0
1790596560000,89.82800,89.90800,89.82700,89.89300,6390.25,1790596619999,574261.1241200,1196,4682.65,420798.1190100,0
1790596620000,89.89300,89.92000,89.86600,89.90300,4129.19,1790596679999,371230.4803100,845,3124.11,280866.3215800,0
1790596680000,89.90300,89.94000,89.89500,89.90700,3224.09,1790596739999,289914.4053300,919,1907.06,171482.3426800,0
1790596740000,89.90600,89.90900,89.87000,89.87000,2319.52,1790596799999,208505.6608100,863,1025.30,92166.2782300,0
1790596800000,89.87000,89.87300,89.80000,89.82200,7085.09,1790596859999,636451.7050800,1783,3354.73,301356.9079400,0
1790596860000,89.82300,89.82300,89.79300,89.80800,8996.21,1790596919999,807898.3940500,1065,3215.30,288752.9649100,0
1790596920000,89.80900,89.80900,89.70800,89.73300,9393.39,1790596979999,843007.5187500,1444,5078.47,455704.2102500,0
1790596980000,89.73200,89.74300,89.71300,89.71600,1556.86,1790597039999,139699.2692200,648,427.77,38385.8098500,0
1790597040000,89.71700,90.05000,89.71600,90.04900,14451.18,1790597099999,1298188.6388900,3860,10308.48,925885.3158100,0
1790597100000,90.04900,90.13800,89.97500,90.08200,15046.05,1790597159999,1355262.3901000,2797,8171.63,735995.7601200,0
1790597160000,90.08100,90.31300,90.06500,90.14200,16259.30,1790597219999,1466396.0398100,3237,11640.64,1049722.3052300,0
1790597220000,90.14100,90.29100,90.00400,90.29100,15799.18,1790597279999,1424406.9791500,3982,6941.84,626085.4718600,0
1790597280000,90.29100,90.29100,90.11600,90.17900,6720.72,1790597339999,606123.1575500,2360,3644.83,328710.5882000,0
1790597340000,90.17900,90.39100,90.17900,90.36500,9447.56,1790597399999,853205.9058400,2628,7425.43,670564.2728500,0
1790597400000,90.36500,90.41400,90.15800,90.20700,10406.62,1790597459999,939554.5327800,2919,5675.87,512514.6157600,0
1790597460000,90.20800,90.22300,90.14000,90.18700,8625.33,1790597519999,777971.2897000,1871,6571.64,592766.2157800,0
1790597520000,90.18700,90.19500,90.07200,90.07200,6777.18,1790597579999,610875.8555200,1862,3274.90,295207.8841800,0
1790597580000,90.07100,90.08600,89.99600,90.05600,6326.01,1790597639999,569593.4087900,1699,3656.61,329255.9640700,0
1790597640000,90.05600,90.08900,89.99100,90.07500,6812.95,1790597699999,613514.8014300,1312,4490.08,404343.7525900,0
1790597700000,90.07400,90.07400,89.93700,89.94000,4755.08,1790597759999,427914.9657300,1568,1525.42,137269.0363000,0
1790597760000,89.94000,89.96200,89.91400,89.94800,6322.42,1790597819999,568622.2724300,1247,4351.60,391366.1401400,0
1790597820000,89.94800,89.96500,89.84800,89.87900,4724.36,1790597879999,424751.0779300,1431,1952.51,175548.6624200,0
1790597880000,89.87800,90.03400,89.85000,89.85000,8211.57,1790597939999,738640.9126800,2062,5334.84,479801.3771500,0
1790597940000,89.84900,90.01300,89.84900,89.96800,5577.52,1790597999999,501699.7182500,1635,2617.70,235451.4502600,0
1790598000000,89.96700,90.16200,89.96500,90.12100,8395.96,1790598059999,756362.9235200,1994,5910.08,532360.0413300,0
1790598060000,90.12200,90.16000,89.98500,90.00600,4025.45,1790598119999,362672.8677500,1587,1584.69,142763.6358800,0
1790598120000,90.00600,90.00600,89.89200,89.89300,4104.50,1790598179999,369171.7440500,1512,1615.49,145299.5440300,0
1790598180000,89.89200,89.95800,89.84800,89.94000,10018.76,1790598239999,900708.6227200,1791,5568.87,500695.8307800,0
1790598240000,89.94000,89.95800,89.87000,89.89800,6928.12,1790598299999,622907.1814500,1780,3243.40,291617.7964900,0
1790598300000,89.89800,89.90400,89.71800,89.80000,10015.56,1790598359999,899307.8732900,2167,4099.89,368126.3723700,0
1790598360000,89.80000,90.02300,89.79900,89.99000,10412.03,1790598419999,936250.6331900,2128,8080.76,726483.5222600,0
1790598420000,89.99100,90.02300,89.92300,89.95800,2848.34,1790598479999,256239.8842400,1452,1386.92,124767.6577000,0
1790598480000,89.95800,89.99600,89.83400,89.83400,4059.76,1790598539999,365073.7002500,1657,1499.16,134847.0894400,0
1790598540000,89.83300,89.87600,89.75400,89.78200,4812.11,1790598599999,432194.8646200,1379,2401.10,215702.3852500,0
1790598600000,89.78200,89.81200,89.75400,89.77000,3575.66,1790598659999,321031.6255400,1222,2611.00,234417.9253300,0
1790598660000,89.77100,89.79300,89.74700,89.75300,2471.42,1790598719999,221869.6433600,1070,1579.21,141777.1379100,0
1790598720000,89.75300,89.80000,89.75300,89.79900,4155.64,1790598779999,373063.5234400,1029,3372.15,302728.7348300,0
1790598780000,89.80000,89.90900,89.79900,89.90900,3090.48,1790598839999,277662.4087600,1067,2516.21,226076.9371700,0
1790598840000,89.90800,89.98700,89.86800,89.98700,3435.29,1790598899999,308951.9744100,1069,2942.97,264690.4194600,0
1790598900000,89.98800,90.13800,89.98700,90.07600,9048.05,1790598959999,814960.9948500,2082,6581.23,592852.6769700,0
1790598960000,90.07600,90.07600,89.96700,90.06600,3282.13,1790599019999,295454.6993300,1491,2020.22,181851.5433200,0
1790599020000,90.06500,90.09800,90.02100,90.02800,2559.93,1790599079999,230526.8613300,1480,1649.56,148548.7570400,0
1790599080000,90.02800,90.05800,89.99700,90.01600,6005.74,1790599139999,540659.3767300,1346,2820.80,253945.5571900,0
1790599140000,90.01700,90.03600,89.93200,89.97000,3483.48,1790599199999,313482.9202500,1112,1800.65,162041.1048600,0
1790599200000,89.97000,89.97100,89.87000,89.87000,3399.02,1790599259999,305642.8331400,1216,1335.26,120054.3172400,0
1790599260000,89.87000,89.94300,89.86500,89.94300,4879.62,1790599319999,438652.5515700,927,3456.32,310726.9248700,0
1790599320000,89.94200,89.95200,89.90800,89.91500,5708.31,1790599379999,513390.8689400,1004,1288.32,115862.5622500,0
1790599380000,89.91600,89.93500,89.84600,89.85100,2010.21,1790599439999,180733.7754200,1084,922.24,82926.7157100,0
1790599440000,89.85200,90.01300,89.83600,90.00300,4750.02,1790599499999,426957.1138700,1395,4308.06,387220.8733600,0
1790599500000,90.00400,90.13100,90.00400,90.12800,3555.39,1790599559999,320278.8678600,1116,2703.78,243545.7148100,0
1790599560000,90.12800,90.18200,90.10200,90.10200,3729.76,1790599619999,336226.5566300,1383,2097.19,189055.6352000,0
1790599620000,90.10200,90.11800,89.98200,90.02400,4493.01,1790599679999,404530.2358200,1502,1155.54,104020.1148300,0
1790599680000,90.02400,90.07600,89.95800,89.99500,4094.25,1790599739999,368567.4616200,1341,2984.35,268654.2053100,0
1790599740000,89.99600,90.02200,89.95800,89.98300,1969.73,1790599799999,177256.9054000,1046,1135.37,102168.9918300,0
1790599800000,89.98300,90.04600,89.95100,89.97100,4164.83,1790599859999,374819.1629000,1803,1941.58,174735.7849400,0
1790599860000,89.97100,90.07200,89.97100,90.00500,2638.74,1790599919999,237574.2496200,1320,2071.03,186456.6614700,0
1790599920000,90.00400,90.24700,90.00400,90.07200,7103.91,1790599979999,640390.6015600,2680,4211.15,379594.1061000,0
1790599980000,90.07100,90.25200,90.01500,90.24700,5455.59,1790600039999,491660.2837600,2303,3646.49,328623.9408900,0
1790600040000,90.24800,90.33500,90.23400,90.30800,5365.18,1790600099999,484418.4566900,2005,4261.26,384754.6268300,0
1790600100000,90.30900,90.37300,90.15900,90.28800,8462.44,1790600159999,763964.0472800,2834,6237.83,563132.7136600,0
1790600160000,90.28800,90.32400,90.24100,90.30800,3203.78,1790600219999,289245.5335200,1475,2246.45,202818.2278500,0
1790600220000,90.30900,90.31400,90.19700,90.28400,3217.73,1790600279999,290466.9405700,1471,1526.41,137800.4602100,0
1790600280000,90.28200,90.28200,90.20100,90.23500,3910.50,1790600339999,352868.8763900,1064,1648.07,148701.5567900,0
1790600340000,90.23500,90.27600,90.19200,90.25900,2834.65,1790600399999,255778.4986800,1067,1284.65,115926.8682800,0
1790600400000,90.25900,90.26900,89.97900,89.98400,9273.42,1790600459999,835343.8909200,2144,1377.90,124159.7551300,0
1790600460000,89.98400,90.05500,89.96100,89.99600,12780.79,1790600519999,1150381.6338500,1344,6133.21,552036.5527000,0
1790600520000,89.99500,90.03000,89.94800,89.94900,7202.43,1790600579999,648104.8925800,875,2915.74,262416.7549600,0
1790600580000,89.94900,89.96700,89.91400,89.92500,4593.81,1790600639999,413207.6661500,972,2554.02,229736.6991200,0
1790600640000,89.92400,89.92500,89.81100,89.81200,2369.78,1790600699999,212981.2341400,1045,252.16,22666.1794400,0
1790600700000,89.81200,89.81200,89.73500,89.74600,7040.91,1790600759999,632099.2709900,1415,2996.48,269017.8488300,0
1790600760000,89.74500,89.77600,89.63500,89.68800,23779.37,1790600819999,2133026.0174800,2725,11700.66,1049693.0273700,0
1790600820000,89.68900,89.76000,89.68300,89.69800,7631.88,1790600879999,684836.1194600,1488,5616.84,504029.2125700,0
1790600880000,89.69700,89.72200,89.55600,89.57800,8080.80,1790600939999,724201.1770700,2116,2468.93,221298.5300600,0
1790600940000,89.57800,89.58400,89.52600,89.53900,5193.96,1790600999999,465187.3573600,1029,2649.14,237278.9889300,0
1790601000000,89.53900,89.55600,89.46500,89.49100,14410.82,1790601059999,1290135.5541300,2023,9390.16,840691.4724800,0
1790601060000,89.49200,89.53000,89.48300,89.50500,10181.85,1790601119999,911323.9286400,1450,7647.62,684488.8147300,0
1790601120000,89.50500,89.56800,89.47700,89.50800,11749.53,1790601179999,1051772.2928000,1514,9574.77,857101.5200500,0
1790601180000,89.50700,89.51300,89.45600,89.47100,3552.47,1790601239999,317919.0103400,1245,1773.62,158722.6017500,0
1790601240000,89.47000,89.50600,89.47000,89.50200,6933.75,1790601299999,620515.5675200,1013,5231.12,468132.8748700,0
1790601300000,89.50300,89.51600,89.46500,89.47000,4225.27,1790601359999,378159.5688600,900,1756.62,157224.6747900,0
1790601360000,89.47000,89.53700,89.46900,89.52600,10448.70,1790601419999,935165.5002700,1541,8227.07,736312.6829400,0
1790601420000,89.52700,89.74900,89.52600,89.69100,9339.47,1790601479999,837233.1076600,2360,4968.64,445297.7892700,0
1790601480000,89.69100,89.73000,89.62200,89.63200,12300.64,1790601539999,1102870.4152500,1659,3051.64,273730.5276500,0
1790601540000,89.63300,89.67200,89.60000,89.67200,5307.90,1790601599999,475764.7954900,1063,3397.52,304565.9629000,0
1790601600000,89.67200,89.69900,89.57600,89.58000,13423.89,1790601659999,1203489.5753500,1570,4533.95,406557.6935700,0
1790601660000,89.57700,89.57700,89.50000,89.50000,6279.99,1790601719999,562185.3348300,1135,2293.72,205364.4667100,0
1790601720000,89.50000,89.50100,89.41500,89.41500,5496.89,1790601779999,491866.2211000,845,1072.44,95955.3782800,0
1790601780000,89.41500,89.43600,89.34800,89.40000,13227.60,1790601839999,1182544.9311000,1771,9700.71,867296.4101400,0
1790601840000,89.40000,89.53100,89.39000,89.51000,10990.14,1790601899999,983049.4640900,1661,9560.15,855075.9170900,0
1790601900000,89.51000,89.53900,89.45000,89.52200,5917.14,1790601959999,529699.7963800,1890,3333.16,298382.0440300,0
1790601960000,89.52200,89.56100,89.46400,89.48900,7418.44,1790602019999,664113.5738000,1966,4304.49,385358.2895500,0
1790602020000,89.49000,89.51600,89.45700,89.48600,8054.36,1790602079999,720821.3768300,1584,6732.31,602500.7457400,0
1790602080000,89.48500,89.48700,89.42200,89.44500,4310.17,1790602139999,385630.4790000,1230,3015.64,269813.5140300,0
1790602140000,89.44500,89.45300,89.42700,89.45000,4128.03,1790602199999,369234.7138700,995,2659.52,237883.2718900,0
1790602200000,89.45000,89.68500,89.38600,89.38600,15311.31,1790602259999,1370564.1561300,3531,8336.65,746300.6232200,0
1790602260000,89.38600,89.57200,89.32300,89.51800,15555.71,1790602319999,1392019.1255400,4123,7580.87,678277.1303900,0
1790602320000,89.51800,89.56400,89.41800,89.41800,5971.66,1790602379999,534455.7041100,2517,2497.58,223529.7785800,0
1790602380000,89.41700,89.50000,89.39200,89.44400,9238.75,1790602439999,826322.8273300,2452,5896.94,527501.9906000,0
1790602440000,89.44300,89.58400,89.39700,89.43500,16971.82,1790602499999,1518915.9780100,2832,10263.25,918512.1647600,0
1790602500000,89.43500,89.47100,89.22900,89.24000,13169.60,1790602559999,1176587.8962100,3651,3738.85,334230.2382900,0
1790602560000,89.24000,89.25800,88.82300,89.09300,54335.54,1790602619999,4836543.4867500,8131,18590.29,1654660.7594700,0
1790602620000,89.09200,89.31200,89.08800,89.21700,13310.08,1790602679999,1187302.1599300,3591,6535.93,583059.2494900,0
1790602680000,89.21600,89.40800,89.18100,89.40800,9811.80,1790602739999,876013.8039200,2840,6839.20,610688.3676400,0
1790602740000,89.40900,89.53700,89.34000,89.34300,10417.14,1790602799999,932036.7134400,2975,7077.50,633255.0190900,0
1790602800000,89.34200,89.38000,89.24600,89.37100,9049.85,1790602859999,808291.9614100,3012,5414.68,483634.8548400,0
1790602860000,89.37100,89.51600,89.34000,89.41200,6811.50,1790602919999,609171.1284900,2801,2947.51,263585.2001800,0
1790602920000,89.41300,89.58500,89.41300,89.56000,5737.43,1790602979999,513640.3452400,2132,3589.54,321338.5844000,0
1790602980000,89.56100,89.67800,89.51300,89.67600,5703.25,1790603039999,511031.2305100,2229,3312.56,296812.5229200,0
1790603040000,89.67700,89.69100,89.44400,89.54900,12795.07,1790603099999,1146084.5978600,3144,6300.75,564316.9605000,0
1790603100000,89.54600,89.54600,89.43800,89.44700,3685.88,1790603159999,329809.1974000,1938,2131.02,190675.9616900,0
1790603160000,89.44600,89.45700,89.35100,89.45700,7754.60,1790603219999,693312.6947400,2042,5192.57,464269.1640600,0
1790603220000,89.45700,89.48900,89.37800,89.37900,5798.18,1790603279999,518612.1985900,2267,2867.96,256525.7595400,0
1790603280000,89.37900,89.41900,89.30000,89.30800,7123.64,1790603339999,636672.2414500,1999,1650.27,147503.7024100,0
1790603340000,89.30800,89.30800,89.10200,89.16100,6959.19,1790603399999,620679.8398400,2540,2553.75,227700.5354900,0
1790603400000,89.16100,89.16100,88.92300,89.05600,14812.20,1790603459999,1319003.2420700,2903,4030.91,358939.3444200,0
1790603460000,89.05600,89.18400,89.01600,89.17400,8053.96,1790603519999,717623.5678600,2733,4744.44,422755.1609000,0
1790603520000,89.17400,89.29400,89.14900,89.21500,4087.33,1790603579999,364777.2803400,2025,1329.74,118661.1226500,0
1790603580000,89.21500,89.28800,89.18900,89.26000,5375.54,1790603639999,479749.5304400,2170,3568.81,318499.3054600,0
1790603640000,89.26000,89.39700,89.26000,89.39400,6575.08,1790603699999,587384.0354700,1901,4564.64,407743.0406500,0
1790603700000,89.39400,89.39400,89.25400,89.25400,6081.40,1790603759999,543331.2532000,2221,2780.40,248410.8611800,0
1790603760000,89.25300,89.25300,89.13900,89.18400,2598.16,1790603819999,231715.3183700,1800,1506.52,134345.0662900,0
1790603820000,89.18400,89.24600,89.16100,89.17100,3048.31,1790603879999,271933.0608900,1507,1456.23,129907.3256600,0
1790603880000,89.17200,89.18500,89.06400,89.06400,2063.67,1790603939999,183946.3272500,1207,854.20,76145.1071300,0
1790603940000,89.06400,89.11300,89.02800,89.04600,4501.88,1790603999999,401031.3634700,1455,1708.89,152229.4701300,0
1790604000000,89.04700,89.04700,88.82200,88.82700,12396.80,1790604059999,1102420.6187900,3246,4579.69,407306.1527300,0
1790604060000,88.82700,88.85100,88.66000,88.66600,14420.58,1790604119999,1280077.4132000,3099,4325.79,383980.6443300,0
1790604120000,88.66700,88.83500,88.63400,88.76900,13561.34,1790604179999,1203233.3828500,3059,9184.22,814935.9527200,0
1790604180000,88.77000,88.82900,88.75400,88.79700,6376.88,1790604239999,566212.3558500,1852,3431.03,304625.5689100,0
1790604240000,88.79700,88.86500,88.71000,88.73100,8151.91,1790604299999,723831.8877000,2109,2838.85,252059.5443700,0
1790604300000,88.73200,88.85700,88.68400,88.73500,7958.52,1790604359999,706490.7196300,2591,3647.27,323790.5580200,0
1790604360000,88.73600,88.91800,88.64700,88.91800,7956.40,1790604419999,706183.1309200,2744,3975.32,352883.5233100,0
1790604420000,88.91900,89.01200,88.75700,88.84500,10811.28,1790604479999,961063.8413000,3616,6853.50,609232.9847400,0
1790604480000,88.84600,88.92200,88.80100,88.83700,5049.86,1790604539999,448712.8833800,2133,2812.13,249899.0937100,0
1790604540000,88.83800,88.90100,88.74800,88.78000,5461.74,1790604599999,485180.4192200,1716,4003.71,355678.4443700,0
1790604600000,88.77900,88.78000,88.62900,88.63700,7180.43,1790604659999,637053.7287200,2413,3024.69,268370.0903600,0
1790604660000,88.63700,88.81700,88.60300,88.78600,7260.51,1790604719999,643898.2320700,2239,4966.63,440443.5506900,0
1790604720000,88.78500,88.83600,88.74000,88.78900,3360.68,1790604779999,298443.7142900,1901,1490.54,132362.8173000,0
1790604780000,88.79000,88.79000,88.63400,88.67200,4994.83,1790604839999,443049.3933400,2151,2249.43,199525.4578600,0
1790604840000,88.67200,88.67800,88.60000,88.63500,6009.77,1790604899999,532706.9177900,1797,2558.33,226790.3903100,0
1790604900000,88.63500,88.68900,88.55100,88.59300,8640.80,1790604959999,765652.1541200,2246,5030.65,445774.1281400,0
1790604960000,88.59300,88.64000,88.48100,88.64000,18904.92,1790605019999,1673830.2965100,3104,6772.71,599818.9405500,0
1790605020000,88.64000,88.78300,88.59300,88.65000,6005.01,1790605079999,532572.2881600,2611,3779.58,335216.3066000,0
1790605080000,88.64900,88.66500,88.48800,88.49400,8880.60,1790605139999,786512.2334600,2891,3563.55,315632.6926900,0
1790605140000,88.49500,88.67900,88.49400,88.58700,9871.52,1790605199999,874614.6613500,2519,6998.15,620055.2805200,0
1790605200000,88.58600,88.63900,88.49700,88.63900,10020.34,1790605259999,887512.4443200,2740,5071.64,449297.3548500,0
1790605260000,88.63900,88.72600,88.61900,88.71700,5287.71,1790605319999,468914.1404600,1838,2834.18,251338.1333600,0
1790605320000,88.71700,88.84500,88.70900,88.84000,8452.91,1790605379999,750714.4530700,2472,5615.93,498736.7421600,0
1790605380000,88.84000,88.86600,88.75400,88.79800,12205.74,1790605439999,1084182.1594800,3066,7629.40,677703.3606700,0
1790605440000,88.79700,88.79700,88.64200,88.76200,7162.80,1790605499999,635271.7595800,2417,3207.03,284440.4093200,0
1790605500000,88.76100,88.76600,88.59900,88.60600,5448.80,1790605559999,483353.3016500,1790,1548.96,137356.7061400,0
1790605560000,88.60500,88.60500,87.72300,87.82400,137836.55,1790605619999,12139413.3624400,17523,34817.63,3064780.9868000,0
1790605620000,87.82500,88.09800,87.72200,87.86500,41953.33,1790605679999,3688384.0309600,7515,23955.33,2106776.0924500,0
1790605680000,87.86500,87.92600,87.16100,87.33900,114267.74,1790605739999,9995536.6090900,19668,45049.53,3941386.5123300,0
1790605740000,87.34000,87.49000,87.20000,87.45500,45129.90,1790605799999,3941191.4182100,7837,21250.06,1855776.6505700,0
1790605800000,87.45500,87.64600,87.42200,87.50000,37546.32,1790605859999,3286909.7268300,7456,20237.31,1771663.1875700,0
1790605860000,87.50000,87.51600,87.36000,87.36000,15980.42,1790605919999,1397266.9585400,3854,8042.35,703233.4480400,0
1790605920000,87.36000,87.58500,87.35000,87.44100,15044.58,1790605979999,1315588.0309500,4407,8813.54,770706.5414200,0
1790605980000,87.42300,87.70000,87.41600,87.53600,16134.90,1790606039999,1413208.4806500,4232,10111.18,885467.0432500,0
1790606040000,87.53500,87.62600,87.48400,87.59500,10083.15,1790606099999,883008.5140400,2749,5693.36,498580.7948800,0
1790606100000,87.59500,87.79800,87.55000,87.79700,9801.74,1790606159999,859233.7845600,2830,5878.67,515389.3617300,0
1790606160000,87.79800,88.22400,87.79800,88.09000,46549.94,1790606219999,4097979.8058200,7887,31056.49,2733283.2147000,0
1790606220000,88.08900,88.15900,87.98000,87.99200,11416.20,1790606279999,1005391.6893400,3637,5111.21,450162.5552000,0
1790606280000,87.99100,88.10100,87.78400,87.81600,22331.92,1790606339999,1965456.7864400,3839,12369.01,1088904.5695900,0
1790606340000,87.81700,88.06700,87.78900,87.86600,12766.90,1790606399999,1122098.1038500,3283,5548.31,487628.0302600,0
1790606400000,87.86600,87.96700,87.79700,87.82300,23941.71,1790606459999,2103756.1127900,4093,10174.85,894096.1915900,0
1790606460000,87.82300,87.82400,87.43900,87.45800,23697.16,1790606519999,2075401.6573300,5442,8031.24,703256.0567100,0
1790606520000,87.45800,87.45800,87.29800,87.34500,19867.87,1790606579999,1735523.1369600,3900,7194.67,628497.5096100,0
1790606580000,87.34600,87.37200,87.13400,87.13800,30663.16,1790606639999,2675954.7817800,6227,11994.44,1046964.0673200,0
1790606640000,87.14600,87.22200,86.98000,87.18500,57419.50,1790606699999,5000101.1915000,7577,18152.45,1581349.6959600,0
1790606700000,87.18600,87.24500,87.00000,87.23100,17950.24,1790606759999,1563160.4423300,4360,8997.86,783631.0453100,0
1790606760000,87.23200,87.30700,87.11700,87.30000,11193.37,1790606819999,976355.5185900,3678,5929.09,517121.3295900,0
1790606820000,87.29900,87.48600,87.19400,87.46200,29916.84,1790606879999,2613499.9676200,5280,20278.37,1771647.4522900,0
1790606880000,87.46300,87.54300,87.43000,87.52700,10710.59,1790606939999,937080.1229300,3125,4694.65,410720.2285100,0
1790606940000,87.52600,87.58000,87.30900,87.31900,11948.71,1790606999999,1044917.1241800,3647,4922.98,430529.9339800,0
1790607000000,87.31900,87.46600,87.29200,87.42700,15205.40,1790607059999,1328706.1754100,4861,8119.28,709531.8760700,0
1790607060000,87.42500,87.43300,86.97200,87.00100,13407.25,1790607119999,1169193.7990700,4351,3947.96,344637.6181100,0
1790607120000,87.00200,87.08700,86.75100,86.99400,61891.57,1790607179999,5378810.9884800,10076,21841.09,1898581.5908900,0
1790607180000,86.99300,87.25500,86.70600,87.21600,24785.62,1790607239999,2155460.8076900,6512,12999.00,1130814.9989800,0
1790607240000,87.21500,87.29500,87.18500,87.22800,7903.27,1790607299999,689533.9791800,2932,4246.90,370508.7186000,0
1790607300000,87.22600,87.23800,87.06500,87.12000,19011.10,1790607359999,1656385.0700400,3581,5619.53,489793.0562100,0
1790607360000,87.12400,87.33900,87.11400,87.32300,14281.04,1790607419999,1246421.5990800,3564,6892.62,601546.3173800,0
1790607420000,87.32300,87.39300,87.25500,87.35300,10356.84,1790607479999,904489.1671100,3096,3926.69,342941.3027100,0
1790607480000,87.35200,87.38000,87.21500,87.27900,8985.87,1790607539999,784307.7015800,2584,2923.09,255091.8509200,0
1790607540000,87.27800,87.45200,87.26100,87.44400,10967.96,1790607599999,958481.2433600,2565,7815.70,682926.1145200,0
1790607600000,87.44300,87.47200,87.33100,87.42500,9619.96,1790607659999,840989.6358700,3374,6114.58,534569.5079000,0
1790607660000,87.42600,87.54700,87.40200,87.48600,13124.90,1790607719999,1148238.4916000,3123,7880.42,689448.8152100,0
1790607720000,87.48600,87.54400,87.32200,87.44000,6485.69,1790607779999,567176.2551400,2532,2781.56,243245.6819900,0
1790607780000,87.44100,87.53900,87.39100,87.51100,4589.69,1790607839999,401546.1089900,1934,1995.93,174637.3991200,0
1790607840000,87.51100,87.58100,87.40600,87.43700,12447.89,1790607899999,1089422.8692700,2750,9006.52,788284.1993200,0
1790607900000,87.43700,87.52600,87.30900,87.52600,5617.42,1790607959999,491068.4401800,2346,2522.83,220558.0115100,0
1790607960000,87.52700,87.64300,87.47500,87.64100,8165.46,1790608019999,715123.9319500,2931,5024.00,440032.3712100,0
1790608020000,87.64100,87.72000,87.54100,87.55700,14508.25,1790608079999,1271853.4787900,3851,7826.26,686095.0165100,0
1790608080000,87.55700,87.72300,87.49500,87.68700,8062.04,1790608139999,706321.4570300,2887,4952.62,433908.6934800,0
1790608140000,87.69100,87.95000,87.68100,87.95000,17898.96,1790608199999,1571705.7465900,3527,13377.94,1174751.9934200,0
1790608200000,87.95000,87.98400,87.80800,87.82000,7157.16,1790608259999,629310.8595900,2543,2517.42,221336.0631800,0
1790608260000,87.81700,87.81700,87.47000,87.47900,7856.98,1790608319999,688484.6269300,3166,1914.18,167761.8065700,0
1790608320000,87.48000,87.64600,87.42000,87.51700,8624.82,1790608379999,754686.0118500,3161,5753.07,503394.7652500,0
1790608380000,87.51500,87.55500,87.39600,87.53300,7215.19,1790608439999,631283.8167200,2463,2893.93,253244.0207500,0
1790608440000,87.53200,87.54300,87.40600,87.42900,4395.03,1790608499999,384458.9409600,2117,1603.67,140249.4954200,0
1790608500000,87.42900,87.54400,87.30100,87.43900,6005.49,1790608559999,524903.4159100,2831,3405.41,297715.5839600,0
1790608560000,87.43800,87.52000,87.38300,87.46100,2964.01,1790608619999,259233.2113300,2014,1129.98,98813.7910400,0
1790608620000,87.46200,87.50100,87.16100,87.26500,8722.27,1790608679999,761307.5528500,3286,2221.74,193922.1795100,0
1790608680000,87.26700,87.34900,87.24200,87.33200,5395.02,1790608739999,471014.4839800,2373,2673.45,233406.0429000,0
1790608740000,87.33200,87.46000,87.30100,87.38100,5171.28,1790608799999,451927.2801800,2287,2395.67,209337.9882700,0
1790608800000,87.38000,87.46800,87.33700,87.44200,8642.43,1790608859999,755584.0600500,2586,3179.32,277895.8251800,0
1790608860000,87.44100,87.57400,87.35600,87.55700,6406.89,1790608919999,560491.5994000,2443,4467.26,390850.2041000,0
1790608920000,87.55700,87.62900,87.44000,87.45500,7873.88,1790608979999,689325.6039000,2295,4678.78,409677.0037600,0
1790608980000,87.45500,87.63700,87.38500,87.60100,4426.85,1790609039999,387450.6161400,2164,1780.82,155885.4168400,0
1790609040000,87.60100,87.78700,87.57200,87.70800,8488.58,1790609099999,744652.2571800,2685,6017.56,527873.8011700,0
1790609100000,87.70900,87.79400,87.56000,87.77100,7617.89,1790609159999,667982.9780500,2919,4442.62,389554.8075300,0
1790609160000,87.77000,87.99200,87.74600,87.98600,24556.87,1790609219999,2158059.4379900,4186,17493.42,1537180.7894500,0
1790609220000,87.98700,88.16300,87.95100,88.12400,16285.45,1790609279999,1433999.1653000,3533,9950.07,876190.9834200,0
1790609280000,88.12400,88.16500,87.97700,88.09900,14270.00,1790609339999,1257027.5836100,3995,8035.10,707847.5899400,0
1790609340000,88.09900,88.12300,87.91200,87.95300,9488.49,1790609399999,835386.0998200,2618,2873.38,252992.6655200,0
1790609400000,87.95300,87.99200,87.81500,87.94300,6707.72,1790609459999,589659.4928200,2428,2856.89,251168.5366300,0
1790609460000,87.94400,87.94500,87.81600,87.88700,6589.73,1790609519999,579093.8964000,2017,2909.15,255689.8717300,0
1790609520000,87.88700,88.00300,87.84700,87.85300,6783.70,1790609579999,596438.8338200,2867,2842.92,249943.9894900,0
1790609580000,87.85200,87.85200,87.74200,87.74200,4679.16,1790609639999,410776.9323900,1726,1542.37,135396.4374800,0
1790609640000,87.74200,87.88600,87.74200,87.87700,3364.32,1790609699999,295471.4459100,1355,2441.07,214380.0872000,0
1790609700000,87.87800,87.92900,87.79900,87.86100,5330.70,1790609759999,468344.1817700,2237,1427.08,125400.1608600,0
1790609760000,87.86200,88.04900,87.85500,88.04300,10109.06,1790609819999,889560.5545800,2281,3242.41,285237.4875800,0
1790609820000,88.04300,88.06200,87.89100,88.02900,5997.73,1790609879999,527582.8213300,1990,3372.18,296675.3637000,0
1790609880000,88.03000,88.14700,87.95800,88.14100,9710.82,1790609939999,855362.4342600,2415,4795.97,422384.3379800,0
1790609940000,88.14000,88.14000,87.97500,88.11300,5544.25,1790609999999,488308.2255400,2002,2605.06,229428.6312800,0
1790610000000,88.11400,88.12700,87.94700,87.94700,5743.82,1790610059999,505561.4156100,2099,1267.81,111615.5500400,0
1790610060000,87.94700,88.01500,87.88400,88.00000,2936.71,1790610119999,258241.0760800,1481,1414.36,124366.8944600,0
1790610120000,88.00100,88.04800,87.84100,87.85300,6032.40,1790610179999,530358.1586900,1716,734.83,64619.9847500,0
1790610180000,87.85300,87.90000,87.80000,87.80600,3763.47,1790610239999,330610.7704800,1583,1482.27,130201.0750300,0
1790610240000,87.80400,87.83400,87.77000,87.83000,4873.38,1790610299999,427883.0065500,1454,2562.92,225044.3749300,0
1790610300000,87.83000,87.89800,87.76300,87.89500,3277.65,1790610359999,287895.2762000,1464,1251.01,109894.2021800,0
1790610360000,87.89800,88.04500,87.86800,87.95600,4710.08,1790610419999,414285.0296600,1783,3381.34,297392.6303500,0
1790610420000,87.95500,88.10000,87.94200,88.09900,7511.09,1790610479999,661522.8851800,1294,6449.76,568086.0907400,0
1790610480000,88.09900,88.10000,88.01800,88.01800,7120.20,1790610539999,627206.5057000,1266,5090.16,448412.0051100,0
1790610540000,88.01900,88.13700,88.01000,88.13700,9763.76,1790610599999,860019.5375800,1435,8243.62,726138.9147800,0
1790610600000,88.13700,88.20900,88.13300,88.16600,7312.36,1790610659999,644826.0522700,1283,1858.94,163922.0013500,0
1790610660000,88.16600,88.19000,88.01600,88.01600,5771.19,1790610719999,508607.9681100,1751,1369.26,120671.7564300,0
1790610720000,88.01700,88.10700,87.98000,88.00600,5957.55,1790610779999,524462.6655300,1912,1914.72,168581.9743900,0
1790610780000,88.00800,88.07700,87.97400,88.05000,4276.29,1790610839999,376421.1936900,1709,1287.34,113314.5927100,0
1790610840000,88.05000,88.20700,87.98600,88.18800,4730.16,1790610899999,416719.4111900,1679,2375.47,209293.3789100,0
1790610900000,88.19500,88.25500,88.13900,88.13900,5713.28,1790610959999,503932.6949700,2026,2253.35,198767.2663000,0
1790610960000,88.13900,88.21600,88.11500,88.20800,3374.37,1790611019999,297499.1675200,1404,1494.09,131730.5927600,0
1790611020000,88.20900,88.26200,88.18400,88.19200,3562.81,1790611079999,314370.0317800,1254,1561.71,137806.7992600,0
1790611080000,88.19300,88.26100,88.16500,88.23800,3279.27,1790611139999,289302.7135700,1376,1081.86,95439.2968400,0
1790611140000,88.23800,88.28200,88.20300,88.26200,5095.09,1790611199999,449664.9337500,1494,1683.50,148579.3858300,0
1790611200000,88.26100,88.38000,88.22600,88.37600,13089.45,1790611259999,1155822.9458600,3147,6864.30,606155.2654900,0
1790611260000,88.37500,88.42400,88.19300,88.21700,7425.22,1790611319999,655956.9525500,2034,3577.97,316032.5248300,0
1790611320000,88.21900,88.24300,88.02400,88.03600,7596.81,1790611379999,669474.0344600,2756,1654.61,145815.0832000,0
1790611380000,88.03700,88.04500,87.94600,87.94600,5274.94,1790611439999,464181.5524600,1809,1978.01,174087.9693100,0
1790611440000,87.96000,88.18600,87.95900,88.09400,4179.10,1790611499999,368314.7961100,2057,2051.92,180799.8404900,0
1790611500000,88.09400,88.14400,88.01500,88.03300,5168.25,1790611559999,455237.8254700,1878,3110.69,274020.9929100,0
1790611560000,88.03400,88.15400,88.02900,88.12600,5211.84,1790611619999,459058.2523500,1928,3873.99,341176.6494600,0
1790611620000,88.12500,88.29200,88.10300,88.23400,2817.79,1790611679999,248548.4153900,1746,1445.81,127544.6375400,0
1790611680000,88.23500,88.35700,88.23500,88.35000,3512.11,1790611739999,310107.4365700,1655,2092.55,184764.2988900,0
1790611740000,88.34900,88.39600,88.21500,88.39100,6047.03,1790611799999,533931.7508700,2567,2693.48,237846.2827600,0
1790611800000,88.39000,88.41800,88.33600,88.38500,2944.34,1790611859999,260241.2622300,1595,1556.39,137569.1518600,0
1790611860000,88.38500,88.46700,88.34200,88.45000,8926.76,1790611919999,789282.9877200,2388,4818.53,426026.2677300,0
1790611920000,88.45100,88.47500,88.40200,88.44600,6275.51,1790611979999,555005.4025000,2103,3402.14,300887.1604500,0
1790611980000,88.44500,88.46600,88.40100,88.45300,2979.20,1790612039999,263483.3550800,1524,1764.30,156040.2833400,0
1790612040000,88.45300,88.49800,88.39400,88.49300,7881.32,1790612099999,697248.2271000,1982,4419.74,391029.9600500,0
1790612100000,88.49300,88.49800,88.44900,88.46700,2439.55,1790612159999,215833.4644700,1245,1021.76,90399.3735700,0
1790612160000,88.46700,88.60000,88.45300,88.59900,13037.57,1790612219999,1154564.8727100,2532,10677.70,945679.7946800,0
1790612220000,88.60000,88.80900,88.59900,88.76000,29898.63,1790612279999,2651761.2222700,4104,18592.93,1648724.3991500,0
1790612280000,88.75800,88.77400,88.47600,88.48500,10528.09,1790612339999,933242.5621700,2736,2783.21,246681.6966600,0
1790612340000,88.48500,88.62000,88.44300,88.62000,5145.99,1790612399999,455515.0725200,1700,2614.11,231390.7491000,0
1790612400000,88.62000,88.90000,88.57200,88.87100,14471.08,1790612459999,1284422.5800400,3182,9441.96,837897.0921900,0
1790612460000,88.87200,88.99000,88.84700,88.98900,8910.73,1790612519999,792431.8971000,2521,4756.65,423011.7527600,0
1790612520000,88.98900,89.04000,88.94800,89.01700,10932.72,1790612579999,972891.5079200,2612,5982.10,532381.9028600,0
1790612580000,89.01700,89.16100,88.95500,89.10500,12403.74,1790612639999,1104501.8069100,2893,7140.31,635854.9735100,0
1790612640000,89.10400,89.23100,89.02500,89.19600,18838.98,1790612699999,1678950.7755000,3008,13003.97,1158861.9888100,0
1790612700000,89.19600,89.26400,89.10000,89.25700,13345.44,1790612759999,1190470.9576700,3217,5162.15,460423.2780000,0
1790612760000,89.25700,89.56300,89.23300,89.51800,26306.89,1790612819999,2351747.8861400,4672,16502.66,1475269.9138000,0
1790612820000,89.51900,89.64300,89.48700,89.61300,15282.75,1790612879999,1369052.1779600,3705,7601.81,680957.1910800,0
1790612880000,89.61200,89.61200,89.41900,89.46700,23644.13,1790612939999,2116658.3871900,3732,12120.66,1085073.7157000,0
1790612940000,89.46700,89.51300,89.29000,89.32800,19594.33,1790612999999,1751396.0658900,3601,10693.62,955775.3143200,0
1790613000000,89.32800,89.45200,89.20700,89.34600,12854.14,1790613059999,1148106.3723700,3535,4025.08,359607.5668800,0
1790613060000,89.36000,89.41600,89.24600,89.33800,8078.12,1790613119999,721579.2689600,2730,3742.27,334328.5703000,0
1790613120000,89.33900,89.38000,89.21800,89.24700,5107.23,1790613179999,456067.2026000,2147,2006.24,179167.2119100,0
1790613180000,89.24600,89.42400,89.23000,89.35800,5199.25,1790613239999,464522.6516700,2492,2866.49,256101.2595200,0
1790613240000,89.35700,89.45200,89.28400,89.40000,5873.30,1790613299999,525068.5063200,2716,2459.37,219856.8925600,0
1790613300000,89.40000,89.45200,89.32700,89.42100,5832.89,1790613359999,521396.0841200,2246,2336.13,208826.1388800,0
1790613360000,89.42100,89.46600,89.36000,89.42300,7419.41,1790613419999,663485.7653600,2238,3895.48,348382.2880800,0
1790613420000,89.42300,89.44900,89.38400,89.38400,4482.86,1790613479999,400854.8048800,2112,1835.22,164109.0636200,0
1790613480000,89.38500,89.40600,89.22200,89.25200,4078.57,1790613539999,364159.0112600,1908,1432.11,127861.9594100,0
1790613540000,89.25300,89.29600,89.23200,89.25800,4226.36,1790613599999,377254.4704800,1421,1461.70,130480.0552500,0
1790613600000,89.25700,89.33700,89.25200,89.27800,4812.17,1790613659999,429731.1577100,1903,2219.86,198218.2304700,0
1790613660000,89.27600,89.29400,89.01600,89.04200,13335.31,1790613719999,1189038.7830200,2897,3255.54,290235.8332800,0
1790613720000,89.04300,89.19400,89.04300,89.10700,8163.05,1790613779999,727349.2093600,2041,5264.72,469091.9522200,0
1790613780000,89.10700,89.15300,89.03500,89.04500,8213.36,1790613839999,731671.1727500,1681,2253.57,200738.4938400,0
1790613840000,89.04400,89.15900,89.03600,89.10000,8161.73,1790613899999,727185.5744400,2134,5808.85,517528.2440500,0
1790613900000,89.09900,89.16600,88.97200,88.99600,9305.13,1790613959999,828603.9946900,2482,4239.51,377567.5990700,0
1790613960000,88.99600,89.06600,88.96100,88.99600,7122.87,1790614019999,634074.1514800,1886,4482.58,399052.1181000,0
1790614020000,88.99600,89.06700,88.93900,89.01700,8062.76,1790614079999,717656.2586700,1920,4205.69,374354.9266800,0
1790614080000,89.01600,89.01600,88.87500,88.87500,6154.19,1790614139999,547421.8439300,1861,1115.88,99276.6218700,0
1790614140000,88.87500,88.89200,88.81400,88.84400,10602.57,1790614199999,942067.8171800,2389,5010.43,445202.9655300,0
1790614200000,88.84400,88.92900,88.82300,88.91100,10885.79,1790614259999,967445.9192200,1849,7025.47,624450.5270300,0
1790614260000,88.91000,88.93300,88.82400,88.90800,3686.77,1790614319999,327727.8912700,1713,2032.60,180690.3807500,0
1790614320000,88.90800,88.94200,88.81600,88.83400,14892.52,1790614379999,1323522.3777700,2676,4615.41,410175.0773800,0
1790614380000,88.83300,88.84900,88.80500,88.83800,3166.30,1790614439999,281265.1190500,1022,2013.50,178859.8307500,0
1790614440000,88.83900,88.88300,88.81700,88.87100,4676.70,1790614499999,415565.7549600,1482,3223.06,286398.2211100,0
1790614500000,88.87100,88.91300,88.80400,88.82200,4024.58,1790614559999,357634.8843200,1319,1770.10,157304.3616500,0
1790614560000,88.82200,88.82200,88.71000,88.74300,6234.42,1790614619999,553517.1303800,1389,2730.98,242506.6154500,0
1790614620000,88.74300,88.84500,88.72700,88.75900,8458.97,1790614679999,751095.2141800,1325,6736.96,598182.0980700,0
1790614680000,88.75900,88.76200,88.70000,88.72500,5686.78,1790614739999,504610.5313100,1006,2671.59,237060.9370700,0
1790614740000,88.72600,88.79000,88.71200,88.77700,6146.37,1790614799999,545479.1221600,1050,4713.80,418349.4259800,0
1790614800000,88.77700,88.78400,88.62500,88.64200,10214.28,1790614859999,905916.5340400,2280,2026.80,179782.7116800,0
1790614860000,88.64300,88.74300,88.64000,88.64800,7054.01,1790614919999,625673.0973300,1613,4450.15,394725.6415300,0
1790614920000,88.64900,88.84700,88.60200,88.83800,9410.13,1790614979999,834606.7484600,1980,6697.84,594108.4298900,0
1790614980000,88.83700,88.86400,88.61200,88.67400,9166.56,1790615039999,813420.6257000,2429,3351.66,297390.9779700,0
1790615040000,88.67400,88.69700,88.62400,88.63500,4504.88,1790615099999,399401.1215000,1597,2010.39,178238.4041300,0
1790615100000,88.63800,88.68900,88.61000,88.66300,2667.12,1790615159999,236462.3258500,1340,987.77,87572.1306300,0
1790615160000,88.66300,88.72900,88.60000,88.71300,4051.75,1790615219999,359190.7641300,1653,2057.41,182363.5086300,0
1790615220000,88.71400,88.74700,88.62300,88.62700,3034.51,1790615279999,269157.6087800,1606,1378.38,122273.3069600,0
1790615280000,88.62700,88.67200,88.58900,88.59000,4231.21,1790615339999,375054.6171900,1347,2730.95,242098.4953100,0
1790615340000,88.59000,88.64600,88.58500,88.61800,2556.82,1790615399999,226570.1215700,843,1765.28,156431.0521600,0
1790615400000,88.61800,88.62000,88.53900,88.58600,4832.94,1790615459999,428101.5138000,1391,1044.09,92487.2304500,0
1790615460000,88.58600,89.06000,88.58600,89.04200,14547.54,1790615519999,1292572.7258600,3917,10582.53,940227.0115400,0
1790615520000,89.04600,89.16300,88.95700,89.14500,8966.31,1790615579999,798827.2282800,3083,5860.69,522141.6245900,0
1790615580000,89.14600,89.36000,89.10900,89.30500,9859.28,1790615639999,879847.4200000,2779,6783.80,605336.9438400,0
1790615640000,89.31500,89.49300,89.24200,89.49300,13603.17,1790615699999,1215856.9334200,3476,8534.32,762854.4656100,0
1790615700000,89.49400,89.52500,89.24000,89.45900,15381.93,1790615759999,1375090.7722600,3405,6308.23,564062.1826200,0
1790615760000,89.45600,89.69000,89.43600,89.53700,20883.38,1790615819999,1870503.0083100,4958,13588.12,1217047.7444000,0
1790615820000,89.54500,89.59500,89.36500,89.41900,16348.22,1790615879999,1462886.0420200,4367,6952.92,622284.5017000,0
1790615880000,89.42000,89.43900,89.20100,89.24800,15045.77,1790615939999,1343346.8981900,3503,4179.49,373190.1967500,0
1790615940000,89.24800,89.27600,89.15300,89.18400,5547.28,1790615999999,494807.4356400,2101,2334.18,208205.7166600,0
1790616000000,89.17000,89.29700,89.14600,89.29000,10242.19,1790616059999,913802.7335400,2317,5789.54,516602.0081300,0
1790616060000,89.28900,89.39000,89.26200,89.34000,4601.74,1790616119999,411114.6671000,1597,2925.31,261346.1779400,0
1790616120000,89.34000,89.36600,89.29200,89.30300,3864.39,1790616179999,345232.3787300,1497,2137.62,190965.4721600,0
1790616180000,89.30200,89.34200,89.12100,89.17400,7561.70,1790616239999,674804.1456500,2232,3195.86,285195.0072700,0
1790616240000,89.17400,89.53900,89.16100,89.53900,18588.56,1790616299999,1661382.5982400,3338,14923.92,1333737.8750600,0
1790616300000,89.53900,89.57200,89.48000,89.57200,5928.98,1790616359999,530799.1055900,1372,3078.12,275584.0519500,0
1790616360000,89.57200,89.57300,89.38900,89.41700,6590.05,1790616419999,589579.4658600,2035,1554.13,139032.4882600,0
1790616420000,89.41700,89.41700,89.25200,89.25300,4192.48,1790616479999,374466.6131000,1752,1062.67,94913.1670100,0
1790616480000,89.25300,89.27900,89.17400,89.19900,5500.68,1790616539999,490799.8093000,1462,3176.27,283392.2330400,0
1790616540000,89.19800,89.29300,89.19000,89.21600,5778.12,1790616599999,515676.9459300,1664,3307.27,295181.1005500,0
1790616600000,89.21600,89.35900,89.21600,89.33800,8470.47,1790616659999,756513.4055400,1355,6843.23,611151.8269900,0
1790616660000,89.33800,89.39300,89.16900,89.39200,10455.99,1790616719999,933701.5425500,2220,7540.59,673393.6624800,0
1790616720000,89.39300,89.42000,89.36200,89.40100,4415.93,1790616779999,394754.7125900,1288,2278.96,203727.2670700,0
1790616780000,89.40100,89.40100,89.24600,89.30400,6740.75,1790616839999,601941.7791000,1618,3043.98,271775.7219500,0
1790616840000,89.30500,89.34900,89.19800,89.22100,5664.22,1790616899999,505654.1796600,1521,3171.31,283164.2902100,0
1790616900000,89.21800,89.24200,89.17700,89.22500,3581.56,1790616959999,319508.4438600,886,2278.69,203283.0861900,0
1790616960000,89.22500,89.25100,89.19900,89.22100,7066.61,1790617019999,630579.8832500,1038,5683.49,507151.1625100,0
1790617020000,89.22100,89.22400,89.02400,89.03900,6062.73,1790617079999,540221.6624900,2701,2121.96,189081.1419900,0
1790617080000,89.03800,89.09500,89.01100,89.09000,10502.39,1790617139999,935254.8631200,1093,7265.36,647027.5556000,0
1790617140000,89.09100,89.09100,89.01600,89.01600,2055.74,1790617199999,183060.9974900,939,595.23,53002.0241100,0
1790617200000,89.01500,89.02200,88.93700,88.96100,8162.43,1790617259999,726369.0596200,1139,3155.97,280793.0726900,0
1790617260000,88.96300,89.17700,88.96300,89.17700,9190.91,1790617319999,818442.3676400,1245,7754.21,690467.1091900,0
1790617320000,89.17700,89.18200,89.03700,89.12500,5608.59,1790617379999,499719.3634900,1221,2965.91,264212.4699500,0
1790617380000,89.12600,89.15400,89.05300,89.11700,4630.48,1790617439999,412682.2072800,1227,2297.62,204778.9935800,0
1790617440000,89.11700,89.12600,89.06000,89.09700,3284.93,1790617499999,292683.2129900,1117,1263.46,112588.0432800,0
1790617500000,89.09700,89.13700,89.02800,89.05200,5623.10,1790617559999,501113.6952000,1154,4184.57,372939.0322000,0
1790617560000,89.05300,89.06100,88.85500,88.85700,3943.59,1790617619999,350775.9234400,1465,598.51,53232.5312300,0
1790617620000,88.85700,88.92500,88.77200,88.78300,6331.23,1790617679999,562533.7734900,1527,2461.80,218821.5326400,0
1790617680000,88.78300,88.83800,88.77300,88.80500,8277.13,1790617739999,735133.9524500,1210,6449.19,572782.0260000,0
1790617740000,88.80500,88.81800,88.73700,88.78900,3173.32,1790617799999,281731.0092900,1213,740.72,65759.2476300,0
1790617800000,88.78900,88.78900,88.73800,88.73800,2432.89,1790617859999,215976.2445600,788,591.72,52529.0922300,0
1790617860000,88.73700,88.73700,88.65600,88.65600,4193.18,1790617919999,371932.1801400,1238,1626.01,144220.0494500,0
1790617920000,88.65600,88.72200,88.65500,88.72200,10787.15,1790617979999,956646.1094700,1217,8893.07,788662.9492000,0
1790617980000,88.72200,88.72800,88.66100,88.66100,3681.25,1790618039999,326596.8207300,1034,1348.00,119594.5296400,0
1790618040000,88.66000,88.69900,88.64900,88.65900,4925.96,1790618099999,436816.8155800,867,3275.26,290428.4717800,0
1790618100000,88.65900,88.66000,88.56900,88.65200,8486.94,1790618159999,752114.8478000,1661,4513.39,399977.6272700,0
1790618160000,88.65200,88.68700,88.63500,88.67000,4110.79,1790618219999,364497.0733600,875,2224.19,197211.2190600,0
1790618220000,88.67000,88.81100,88.66900,88.76700,6312.11,1790618279999,560105.6937400,1176,4573.65,405769.8116400,0
1790618280000,88.76800,88.87100,88.75700,88.87100,4418.41,1790618339999,392488.0398400,1389,2467.62,219197.9717400,0
1790618340000,88.87200,88.89600,88.82200,88.83400,3192.85,1790618399999,283719.8845400,1062,1824.93,162173.7417200,0
1790618400000,88.83500,88.87500,88.76000,88.77300,5618.99,1790618459999,499054.1741800,1696,1981.51,176008.8796600,0
1790618460000,88.77300,88.79300,88.71600,88.78800,4893.44,1790618519999,434379.9803100,1255,2318.80,205841.9100600,0
1790618520000,88.78600,88.88000,88.76800,88.87900,3633.02,1790618579999,322729.5882400,1059,2781.29,247078.3592200,0
1790618580000,88.87900,88.90900,88.84300,88.84600,4562.98,1790618639999,405565.1672800,1382,1759.69,156412.6106900,0
1790618640000,88.84500,89.00400,88.84500,89.00400,3519.20,1790618699999,312972.3094500,1366,2428.35,215969.7715700,0
1790618700000,89.00400,89.00900,88.93800,88.95600,2597.81,1790618759999,231155.1394900,1220,1045.97,93072.2895000,0
1790618760000,88.95700,88.96700,88.85200,88.85200,2578.17,1790618819999,229221.0406200,1398,783.30,69647.7225500,0
1790618820000,88.85300,88.86200,88.81600,88.84600,2389.94,1790618879999,212312.1723000,1123,1264.03,112289.9031300,0
1790618880000,88.84700,88.93600,88.84200,88.90900,3118.56,1790618939999,277213.4706000,950,1619.55,143927.2760100,0
1790618940000,88.90800,88.90800,88.78000,88.79100,1869.85,1790618999999,166089.8410300,1088,456.35,40525.3816200,0
1790619000000,88.79000,88.83600,88.77200,88.77200,3939.60,1790619059999,349890.5245900,834,2513.14,223209.1110100,0
1790619060000,88.77300,88.95300,88.75600,88.95300,6007.29,1790619119999,533583.6358300,1535,4643.58,412496.1293600,0
1790619120000,88.95400,88.99500,88.92700,88.94300,3934.65,1790619179999,350048.9779900,1301,2064.37,183646.7018900,0
1790619180000,88.94200,88.95700,88.88300,88.95700,2013.79,1790619239999,179057.0695300,988,900.12,80042.2745600,0
1790619240000,88.95600,89.00100,88.93000,88.93000,2638.36,1790619299999,234744.1517500,882,1283.12,114162.2294700,0
1790619300000,88.93000,88.93100,88.79000,88.79000,2155.62,1790619359999,191622.7688400,1078,707.94,62936.6523900,0
1790619360000,88.79000,88.83900,88.71700,88.83200,3245.97,1790619419999,288138.1140900,1202,2256.60,200311.9965900,0
1790619420000,88.83300,88.84000,88.70800,88.70800,3070.80,1790619479999,272690.0017600,1038,299.57,26604.2434100,0
1790619480000,88.70800,88.76400,88.68500,88.71000,3114.46,1790619539999,276310.5849800,1217,1983.14,175939.5561400,0
1790619540000,88.71000,88.72000,88.65600,88.66900,3395.76,1790619599999,301134.3436600,929,2360.97,209358.4502300,0
1790619600000,88.66800,88.66900,88.61200,88.61200,2539.45,1790619659999,225081.8412200,972,732.81,64948.3879700,0
1790619660000,88.61200,88.64600,88.53200,88.56800,7430.82,1790619719999,658153.8721200,1513,1380.00,122237.2985000,0
1790619720000,88.56800,88.76100,88.56800,88.72300,5459.82,1790619779999,484134.6187100,1534,3736.59,331281.7237900,0
1790619780000,88.72300,88.76200,88.64700,88.64700,2268.79,1790619839999,201292.2029100,1063,486.59,43177.1742300,0
1790619840000,88.64700,88.73200,88.63500,88.71600,1714.06,1790619899999,152012.0820500,808,958.31,84985.7371000,0
1790619900000,88.71800,88.79700,88.68700,88.72700,1943.53,1790619959999,172493.9756000,1134,1138.47,101033.9658400,0
1790619960000,88.72800,88.77900,88.68700,88.77700,1982.27,1790620019999,175906.1111400,1004,1455.78,129182.8949200,0
1790620020000,88.77800,88.82300,88.76400,88.78800,2202.66,1790620079999,195582.9765500,870,1588.98,141089.0054700,0
1790620080000,88.78900,88.78900,88.67400,88.71300,1439.93,1790620139999,127738.7194600,1061,523.03,46390.3964300,0
1790620140000,88.71200,88.71200,88.66400,88.67600,978.61,1790620199999,86799.3447500,677,411.13,36463.9322900,0
1790620200000,88.67700,88.71200,88.47600,88.62900,9885.89,1790620259999,875721.0355400,2509,4961.14,439596.3882400,0
1790620260000,88.62900,88.62900,88.42500,88.47300,3871.71,1790620319999,342659.1834100,1833,2079.46,184008.4864500,0
1790620320000,88.47400,88.47400,88.37600,88.39700,3942.93,1790620379999,348602.6427500,1693,753.02,66584.4121200,0
1790620380000,88.39700,88.48500,88.38400,88.42400,3453.35,1790620439999,305448.3831400,1428,2034.38,179927.4270600,0
1790620440000,88.42400,88.54400,88.41500,88.54300,2698.02,1790620499999,238700.4094300,1491,1955.83,173032.4742200,0
1790620500000,88.54300,88.57100,88.48800,88.56200,1890.02,1790620559999,167328.2866900,1136,1072.09,94912.5114900,0
1790620560000,88.56100,88.61800,88.54800,88.61800,2772.98,1790620619999,245633.3817300,1347,1913.16,169464.8294900,0
1790620620000,88.61800,88.64200,88.53500,88.56600,1456.34,1790620679999,129013.2830400,1029,690.96,61214.7839800,0
1790620680000,88.56600,88.57900,88.45900,88.46300,1907.62,1790620739999,168872.5051000,1198,354.30,31376.7925000,0
1790620740000,88.46200,88.46200,88.38900,88.40800,2611.29,1790620799999,230894.2954200,1202,1553.03,137317.7728200,0
1790620800000,88.40700,88.44600,88.38900,88.42700,2501.98,1790620859999,221216.6628300,1201,1210.51,107032.1424000,0
1790620860000,88.42700,88.46600,88.32200,88.39900,3893.86,1790620919999,344158.0527000,1657,2474.47,218725.8820600,0
1790620920000,88.39800,88.45600,88.38400,88.38400,1742.96,1790620979999,154104.9798800,1084,781.06,69062.9947200,0
1790620980000,88.38400,88.43600,88.38400,88.43600,3345.91,1790621039999,295819.3278100,1188,1787.92,158073.7426500,0
1790621040000,88.43600,88.50600,88.41300,88.50500,2354.01,1790621099999,208247.0259600,1059,1528.37,135205.2695700,0
1790621100000,88.50500,88.50500,88.38900,88.43100,5082.15,1790621159999,449486.5371000,1783,2376.90,210185.8737300,0
1790621160000,88.43200,88.48400,88.41400,88.42800,2245.59,1790621219999,198626.9341300,1210,1120.84,99137.8042000,0
1790621220000,88.42800,88.54200,88.39900,88.54200,3461.08,1790621279999,306123.4160600,1512,2382.56,210757.0496200,0
1790621280000,88.54400,88.64600,88.49500,88.60800,3628.39,1790621339999,321401.0095900,1780,2069.66,183328.3356500,0
1790621340000,88.60800,88.60800,88.54200,88.54800,1492.33,1790621399999,132179.6291400,1245,660.63,58513.0338100,0
1790621400000,88.54900,88.66800,88.54800,88.60300,1873.81,1790621459999,166047.1529200,1213,1313.01,116339.9935300,0
1790621460000,88.60400,88.68500,88.59200,88.68500,1638.70,1790621519999,145257.5435000,1012,1059.36,93904.5429400,0
1790621520000,88.68400,88.80400,88.68400,88.80000,3669.98,1790621579999,325731.0617500,1570,2220.12,197024.5130200,0
1790621580000,88.80000,88.87600,88.78900,88.79300,6969.25,1790621639999,619101.2761200,2023,4426.88,393256.8674200,0
1790621640000,88.79400,88.81100,88.72300,88.78000,1478.66,1790621699999,131269.9520700,1051,877.20,77874.7873300,0
1790621700000,88.77900,88.81200,88.74700,88.74800,1342.26,1790621759999,119166.0570800,1065,703.66,62467.5370600,0
1790621760000,88.74900,88.78200,88.71200,88.71200,1492.28,1790621819999,132454.7606700,897,973.39,86401.6561500,0
1790621820000,88.71300,88.77400,88.71300,88.74400,2239.88,1790621879999,198789.9790300,1043,1782.13,158163.7135800,0
1790621880000,88.74500,88.76700,88.73000,88.73200,906.69,1790621939999,80469.9562000,805,220.15,19537.9839800,0
1790621940000,88.73300,88.75900,88.70200,88.71500,2869.40,1790621999999,254620.1815200,861,2278.63,202202.8291200,0
1790622000000,88.71500,88.73300,88.55900,88.59000,2259.69,1790622059999,200284.8703400,1393,673.90,59725.8176300,0
1790622060000,88.59000,88.59900,88.47400,88.48700,5665.19,1790622119999,501633.8521400,1746,2490.20,220536.2797900,0
1790622120000,88.48600,88.48600,88.20300,88.23500,9514.14,1790622179999,840227.6526400,2978,2263.23,199849.9014200,0
1790622180000,88.23500,88.24100,88.15100,88.15100,4066.48,1790622239999,358668.4000700,1321,1159.84,102301.0391900,0
1790622240000,88.15100,88.21300,88.14700,88.15500,3152.20,1790622299999,277929.9361100,1082,1676.89,147845.4547700,0
1790622300000,88.15500,88.21200,88.12300,88.21200,5512.17,1790622359999,485900.6662100,1116,3371.36,297199.5123100,0
1790622360000,88.21200,88.29400,88.18700,88.22200,8034.43,1790622419999,709084.4028900,1593,2187.42,193018.0655900,0
1790622420000,88.22000,88.26400,88.17100,88.20500,3068.53,1790622479999,270729.1374300,1454,1681.38,148340.6202100,0
1790622480000,88.20500,88.23400,88.16200,88.16200,2648.35,1790622539999,233560.6209700,1301,887.70,78283.4098100,0
1790622540000,88.16200,88.16200,88.04200,88.05000,4504.83,1790622599999,396907.4195500,1506,477.47,42059.4794600,0
1790622600000,88.05000,88.10000,88.04300,88.06200,2705.06,1790622659999,238228.0925500,1204,1366.27,120317.8907400,0
1790622660000,88.06100,88.15100,88.06100,88.09900,4822.48,1790622719999,424969.0247300,1459,2193.63,193291.2010400,0
1790622720000,88.09800,88.16400,88.05800,88.15100,1903.91,1790622779999,167743.4237600,1194,910.30,80196.0381000,0
1790622780000,88.15000,88.23800,88.15000,88.18900,5078.94,1790622839999,447988.3509200,1721,3782.27,333609.3473300,0
1790622840000,88.19000,88.19000,88.09400,88.09400,1488.01,1790622899999,131127.3777200,758,426.99,37622.2644300,0
1790622900000,88.09300,88.10100,88.02400,88.07600,4096.14,1790622959999,360702.8905900,1637,1892.66,166675.7119500,0
1790622960000,88.07500,88.13700,87.96300,87.98200,5045.35,1790623019999,444109.6331500,1769,1252.91,110332.3287300,0
1790623020000,87.98300,88.05900,87.94800,87.95600,3987.80,1790623079999,350923.5102000,1580,2345.32,206371.0215200,0
1790623080000,87.95500,87.99100,87.93100,87.99000,4561.35,1790623139999,401189.8968300,1371,2997.07,263603.4905100,0
1790623140000,87.99100,88.00800,87.91600,88.00800,5456.60,1790623199999,479884.9845900,1294,3582.37,315034.3970200,0
1790623200000,88.00800,88.00800,87.92300,87.92300,4766.05,1790623259999,419249.4301000,1137,1433.19,126070.0103700,0
1790623260000,87.92300,87.93800,87.76100,87.76100,10945.72,1790623319999,961261.8805800,2496,3541.74,311044.1827000,0
1790623320000,87.76000,87.76100,87.56500,87.60200,13297.64,1790623379999,1165643.1532500,2526,2873.72,251887.3290100,0
1790623380000,87.60100,87.73900,87.60100,87.73800,6997.60,1790623439999,613597.3903900,1561,5061.25,443771.9642600,0
1790623440000,87.73800,87.92100,87.73800,87.88300,6056.05,1790623499999,531900.0230300,1818,4022.97,353252.9120600,0
1790623500000,87.88400,87.97800,87.88200,87.97800,3657.64,1790623559999,321585.8756300,1424,1850.76,162741.5863300,0
1790623560000,87.97700,88.00900,87.93000,87.93500,8073.75,1790623619999,710248.0427100,1340,2146.32,188821.2350700,0
1790623620000,87.93600,87.95200,87.89300,87.92900,2363.81,1790623679999,207832.1078100,977,1189.67,104592.7792900,0
1790623680000,87.92900,87.99900,87.92900,87.96200,2201.72,1790623739999,193695.0937200,898,951.93,83739.2274700,0
1790623740000,87.96200,87.96300,87.85600,87.89500,2894.25,1790623799999,254392.1128800,1244,1397.20,122797.1402100,0
1790623800000,87.89600,87.91900,87.85600,87.88200,3297.92,1790623859999,289830.9082100,1360,1809.34,159008.2216800,0
1790623860000,87.88100,88.07800,87.85700,88.02700,9302.93,1790623919999,818661.6324700,2394,6892.96,606620.6790800,0
1790623920000,88.02500,88.08100,88.00000,88.04000,9200.58,1790623979999,810114.1385100,1628,1752.88,154327.8039900,0
1790623980000,88.04100,88.07900,87.99000,87.99000,3731.51,1790624039999,328467.5811000,901,577.03,50795.7956400,0
1790624040000,87.99000,88.09400,87.99000,88.04900,4632.05,1790624099999,407859.4341400,1221,2397.92,211114.7290600,0
1790624100000,88.04900,88.10000,87.99200,87.99200,9872.57,1790624159999,869208.8469400,973,1478.61,130237.1660300,0
1790624160000,87.99200,87.99300,87.89500,87.91800,4493.94,1790624219999,395155.2709700,1193,1842.75,162010.7583500,0
1790624220000,87.91700,87.91700,87.72900,87.73000,3723.99,1790624279999,326990.8691200,1392,1034.45,90823.8494900,0
1790624280000,87.72900,87.77300,87.66700,87.70600,5777.50,1790624339999,506838.8979600,2022,2650.54,232529.9392800,0
1790624340000,87.70600,87.77100,87.59500,87.71400,10146.76,1790624399999,889379.6115800,2074,1687.69,147979.6771900,0
1790624400000,87.71400,87.71800,87.53600,87.55000,8463.62,1790624459999,741348.4485200,2190,1701.77,149025.3109900,0
1790624460000,87.55100,87.63200,87.55000,87.62600,5148.21,1790624519999,450974.0782600,1655,3078.92,269710.4210800,0
1790624520000,87.62600,87.68400,87.55600,87.68300,5728.10,1790624579999,501867.6239200,1707,2469.48,216385.6470400,0
1790624580000,87.68400,87.75000,87.64700,87.64700,6946.20,1790624639999,609201.9590400,1888,3968.87,348100.4950600,0
1790624640000,87.64700,87.72600,87.61800,87.71600,3731.58,1790624699999,327157.8137600,1141,1800.49,157865.2398200,0
1790624700000,87.71700,87.86400,87.71400,87.86400,9505.55,1790624759999,834322.5436100,2127,3376.16,296346.5539600,0
1790624760000,87.86300,87.86300,87.73800,87.73900,6832.23,1790624819999,599840.5343300,1313,1261.46,110744.1905100,0
1790624820000,87.73800,87.77300,87.69200,87.72300,2749.24,1790624879999,241189.5301000,1208,1047.16,91863.3391400,0
1790624880000,87.72200,87.73100,87.66000,87.66100,3789.79,1790624939999,332316.0324100,1088,1165.47,102185.0107300,0
1790624940000,87.66100,87.74400,87.66000,87.70100,3843.19,1790624999999,337059.6400500,1393,1384.49,121407.6851500,0
1790625000000,87.70100,87.77900,87.69900,87.76100,4070.37,1790625059999,357142.1977400,1467,2256.35,197956.1324400,0
1790625060000,87.76200,87.91600,87.76000,87.90500,4949.85,1790625119999,434774.5395800,1601,3286.35,288698.7265800,0
1790625120000,87.90500,87.95900,87.89900,87.94700,5406.73,1790625179999,475421.4870300,1389,1509.13,132699.9508500,0
1790625180000,87.94700,88.01100,87.93700,87.95400,8691.82,1790625239999,764587.6424600,1347,2115.95,186130.6780500,0
1790625240000,87.95500,87.96000,87.87200,87.87200,3882.91,1790625299999,341399.4293100,780,381.97,33589.3974100,0
1790625300000,87.87300,87.93900,87.79600,87.82700,3915.75,1790625359999,343985.6676200,1413,1567.95,137742.5167300,0
1790625360000,87.82600,87.82600,87.76400,87.77900,2898.12,1790625419999,254432.0196300,1058,1295.83,113765.9007500,0
1790625420000,87.77800,87.81400,87.70000,87.71100,2947.24,1790625479999,258609.1417600,1226,756.84,66429.0274700,0
1790625480000,87.71000,87.73500,87.62600,87.64000,4819.60,1790625539999,422534.5154300,1868,1908.80,167354.3637000,0
1790625540000,87.64000,87.64000,87.53100,87.53100,8895.45,1790625599999,779148.0257500,1927,2924.72,256160.4032000,0
1790625600000,87.53200,87.63200,87.34600,87.37200,18778.89,1790625659999,1642972.0185800,3835,5354.53,468396.6527600,0
1790625660000,87.37200,87.39600,87.12000,87.15100,28213.41,1790625719999,2461547.8118400,4322,5759.98,502643.1416600,0
1790625720000,87.15100,87.30400,87.01900,87.30400,26723.49,1790625779999,2328107.0858900,6705,11870.42,1034421.3927800,0
1790625780000,87.30400,87.40900,87.30200,87.33000,6512.31,1790625839999,568880.5342100,1806,4192.59,366246.7511600,0
1790625840000,87.33000,87.61500,87.32400,87.56700,5611.72,1790625899999,491131.8016000,1966,4283.74,374901.7795200,0
1790625900000,87.56600,87.75600,87.55100,87.70700,7847.90,1790625959999,688031.9107300,2311,6250.58,548034.2832200,0
1790625960000,87.70700,87.89900,87.70200,87.89800,8623.23,1790626019999,756812.2804200,2312,6318.18,554566.3315600,0
1790626020000,87.89700,87.94100,87.88100,87.92500,5257.40,1790626079999,462153.8881300,1425,3319.83,291826.5796600,0
1790626080000,87.92600,87.98200,87.89400,87.97700,4917.98,1790626139999,432512.3951700,1205,1984.50,174514.5139300,0
1790626140000,87.97600,87.99800,87.95100,87.99800,4685.49,1790626199999,412190.9617500,809,1769.97,155708.9063100,0
1790626200000,87.99700,88.03600,87.97800,88.02900,4980.62,1790626259999,438342.5392500,1099,2102.08,184995.7697400,0
1790626260000,88.02800,88.11000,88.02000,88.06400,11320.68,1790626319999,996843.3080400,1789,4821.03,424531.6766100,0
1790626320000,88.06400,88.06400,87.91500,87.91800,15084.11,1790626379999,1327284.3789200,1781,2209.47,194328.7632400,0
1790626380000,87.91900,88.06400,87.91900,88.06100,2897.79,1790626439999,254974.9165200,985,2166.14,190583.4910600,0
1790626440000,88.06100,88.06900,88.02900,88.03900,4857.60,1790626499999,427703.8919800,925,936.03,82414.5048200,0
1790626500000,88.04000,88.09700,88.00700,88.08400,4623.96,1790626559999,407117.1077000,1015,1386.96,122125.7534900,0
1790626560000,88.08300,88.08300,87.80300,87.81700,3091.32,1790626619999,271718.6492800,1625,1189.22,104524.3728000,0
1790626620000,87.81800,87.94400,87.81700,87.90300,3664.02,1790626679999,322071.0463100,1427,2916.29,256341.6270700,0
1790626680000,87.90400,88.01200,87.83400,88.01000,4580.96,1790626739999,402734.0156200,2078,2485.51,218540.6368000,0
1790626740000,88.01000,88.07600,88.00900,88.06600,3170.07,1790626799999,279080.8521900,1178,2412.06,212346.2244500,0
1790626800000,88.06600,88.11200,88.06200,88.06200,2537.65,1790626859999,223528.7029000,852,894.75,78813.8258800,0
1790626860000,88.06200,88.08600,88.00500,88.08600,2052.00,1790626919999,180672.5489300,1041,1270.12,111817.5431400,0
1790626920000,88.08500,88.10000,88.03200,88.06700,1777.76,1790626979999,156563.3390100,732,996.05,87713.2540800,0
1790626980000,88.06800,88.06800,87.93400,87.95000,2024.24,1790627039999,178134.8976400,1084,939.75,82706.7173100,0
1790627040000,87.95100,88.10700,87.92300,88.10000,2288.25,1790627099999,201423.3735000,1138,1245.62,109645.4806000,0
1790627100000,88.09900,88.11900,88.01500,88.10300,5230.92,1790627159999,460716.2357400,1725,3715.86,327284.4688500,0
1790627160000,88.10200,88.11900,88.03200,88.10700,1375.02,1790627219999,121102.7485200,619,1077.88,94928.7283300,0
1790627220000,88.10700,88.10700,88.03400,88.05800,1425.23,1790627279999,125505.8038600,952,705.96,62163.8522200,0
1790627280000,88.05700,88.12000,88.04700,88.12000,1121.34,1790627339999,98759.3447800,712,826.06,72755.4069700,0
1790627340000,88.12000,88.15200,88.03700,88.05900,5934.14,1790627399999,522742.2800400,1377,2253.66,198517.0278500,0
1790627400000,88.05800,88.06400,88.00900,88.00900,1609.48,1790627459999,141676.8247700,867,846.00,74464.6214800,0
1790627460000,88.00900,88.08000,87.97900,88.05300,5114.41,1790627519999,450180.6910200,1144,2725.43,239874.1333200,0
1790627520000,88.05300,88.10900,88.05300,88.07900,990.39,1790627579999,87232.1833400,836,651.74,57400.4946700,0
1790627580000,88.07900,88.11300,88.05800,88.05800,1423.64,1790627639999,125400.6393700,1016,1092.01,96189.9550000,0
1790627640000,88.05800,88.09600,88.02200,88.09000,1413.24,1790627699999,124449.0236700,1169,1157.35,101917.7606200,0
1790627700000,88.09000,88.13200,88.05300,88.09000,2377.43,1790627759999,209457.5559500,1303,935.45,82419.1795300,0
1790627760000,88.09000,88.15600,88.07300,88.11700,2106.98,1790627819999,185676.6571100,1187,1301.12,114659.1097600,0
1790627820000,88.11700,88.11700,88.02800,88.07000,1218.29,1790627879999,107273.1800600,1009,665.91,58626.2245000,0
1790627880000,88.06900,88.07000,88.02400,88.03600,1042.15,1790627939999,91746.2508200,893,586.67,51645.1794000,0
1790627940000,88.03600,88.07800,88.01800,88.07700,823.62,1790627999999,72518.6554700,952,556.12,48965.1939900,0
1790628000000,88.07700,88.11400,87.96800,88.00900,5520.13,1790628059999,485988.2637400,1595,2581.45,227342.4216400,0
1790628060000,88.00900,88.04200,87.99600,88.01500,1432.08,1790628119999,126048.0790400,858,1034.38,91042.3570000,0
1790628120000,88.01400,88.01600,87.82600,87.82600,2269.60,1790628179999,199532.2787800,1417,836.81,73587.8028800,0
1790628180000,87.82600,87.84700,87.76000,87.84300,3443.51,1790628239999,302388.8280000,1427,2065.78,181416.7236500,0
1790628240000,87.84300,87.87500,87.75000,87.77100,2760.53,1790628299999,242402.7646100,1469,1328.76,116672.2182000,0
1790628300000,87.77100,87.80600,87.73100,87.80600,2179.27,1790628359999,191234.7635400,1198,1669.27,146484.4030100,0
1790628360000,87.80700,87.92900,87.79700,87.92800,2824.51,1790628419999,248195.9899500,1230,2591.12,227694.4230900,0
1790628420000,87.92800,87.96400,87.88200,87.90700,2210.28,1790628479999,194362.6330500,1465,1521.63,133809.0755100,0
1790628480000,87.90700,87.93800,87.88800,87.90700,1227.24,1790628539999,107889.4261500,1095,700.73,61599.5214000,0
1790628540000,87.90600,87.94000,87.87000,87.93100,1268.39,1790628599999,111496.8446000,1062,743.22,65334.2613000,0
1790628600000,87.93100,87.93100,87.81900,87.83200,1571.15,1790628659999,138037.9966800,1134,515.98,45326.9001300,0
1790628660000,87.83200,87.84500,87.79300,87.81700,1490.29,1790628719999,130875.7890600,917,876.95,77010.4804400,0
1790628720000,87.81700,87.81700,87.70300,87.71300,2700.44,1790628779999,236932.5501400,1189,1035.31,90816.8924800,0
1790628780000,87.71400,87.75500,87.70300,87.75400,977.09,1790628839999,85716.4823700,823,605.87,53147.6068500,0
1790628840000,87.75500,87.81400,87.74000,87.74000,1397.72,1790628899999,122677.1056900,1002,727.83,63881.2849500,0
1790628900000,87.74000,87.90400,87.74000,87.88500,2055.54,1790628959999,180502.0100200,1164,1713.22,150430.7062600,0
1790628960000,87.88400,87.95300,87.88400,87.95300,1100.48,1790629019999,96749.1905800,661,937.98,82462.1045800,0
1790629020000,87.95300,88.04900,87.94600,87.97600,4754.51,1790629079999,418350.6532300,1819,3046.17,268035.6665300,0
1790629080000,87.97500,88.00700,87.95500,87.97200,1183.95,1790629139999,104154.2180500,641,718.86,63239.2962400,0
1790629140000,87.97400,88.02800,87.97400,88.02500,559.72,1790629199999,49260.3699000,449,332.64,29272.9351300,0
1790629200000,88.02300,88.17700,88.02300,88.16000,4162.29,1790629259999,366795.1260500,1609,2969.03,261615.7413100,0
1790629260000,88.16000,88.18800,88.10500,88.13300,2378.48,1790629319999,209680.3037100,1162,1194.46,105305.9984100,0
1790629320000,88.13300,88.16900,88.02800,88.04900,4602.18,1790629379999,405445.6114500,1577,967.46,85228.9522700,0
1790629380000,88.05000,88.12700,88.05000,88.09200,2145.56,1790629439999,189002.7252500,1068,1059.85,93369.5973700,0
1790629440000,88.09300,88.16300,88.09300,88.15300,2714.03,1790629499999,239168.0400800,757,2284.13,201278.9015800,0
1790629500000,88.15400,88.16600,88.04800,88.04800,1515.88,1790629559999,133573.8404100,966,662.55,58385.7344200,0
1790629560000,88.04800,88.09500,88.02900,88.04700,1362.66,1790629619999,119990.8925800,905,845.31,74432.2309600,0
1790629620000,88.04800,88.05800,87.70800,87.73400,10437.66,1790629679999,916588.9170600,2953,3072.07,269687.6908300,0
1790629680000,87.73300,87.76800,87.53200,87.71500,12962.70,1790629739999,1135946.6696600,3427,4877.18,427256.3666400,0
1790629740000,87.71500,87.76200,87.71400,87.76000,1220.53,1790629799999,107096.7284000,650,820.99,72039.7183900,0
1790629800000,87.76000,87.76900,87.56700,87.59900,4042.30,1790629859999,354344.0794200,1374,1855.14,162582.2580000,0
1790629860000,87.59300,87.60200,87.46700,87.57300,9767.67,1790629919999,855043.3956600,2525,4250.19,372060.5354300,0
1790629920000,87.57400,87.58300,87.40000,87.52100,7998.25,1790629979999,699825.6756100,2049,3853.66,337143.1269900,0
1790629980000,87.52000,87.53800,87.43800,87.51000,5318.03,1790630039999,465236.4321800,1465,2963.45,259237.6486400,0
1790630040000,87.50900,87.55000,87.41800,87.48200,4002.34,1790630099999,350072.6364200,1246,2293.08,200574.7012200,0
1790630100000,87.48200,87.54500,87.42200,87.42300,5115.36,1790630159999,447561.1448900,1301,2423.19,212020.2998600,0
1790630160000,87.42600,87.44100,87.21000,87.25600,19512.09,1790630219999,1703826.3495200,3536,8999.45,785786.4405400,0
1790630220000,87.25300,87.37900,87.14400,87.29300,11712.93,1790630279999,1021635.3046200,2192,7165.46,625010.8677300,0
1790630280000,87.29300,87.34900,87.22300,87.31600,6888.15,1790630339999,601284.2630100,1468,4827.57,421423.6325700,0
1790630340000,87.31600,87.45400,87.31600,87.45400,3841.85,1790630399999,335718.4467700,1257,2152.48,188084.9016600,0
1790630400000,87.45500,87.46800,87.39400,87.39400,1670.65,1790630459999,146084.4497600,715,656.05,57367.7659300,0
1790630460000,87.39300,87.48800,87.38900,87.41900,2877.37,1790630519999,251600.1411500,1105,1784.77,156061.7766900,0
1790630520000,87.41900,87.46900,87.33600,87.35900,3311.24,1790630579999,289448.6138200,1094,1712.83,149721.2261200,0
1790630580000,87.36000,87.41600,87.23700,87.30600,6075.32,1790630639999,530554.5620500,1602,3364.37,293808.6357600,0
1790630640000,87.30700,87.35500,87.20100,87.25700,4917.72,1790630699999,429180.6542800,1440,1842.66,160803.0391100,0
1790630700000,87.25700,87.32700,87.19200,87.28600,2376.96,1790630759999,207411.8713000,889,1579.53,137845.4096000,0
1790630760000,87.28600,87.28600,87.15400,87.18600,4833.94,1790630819999,421581.0950800,1240,1504.18,131154.1048500,0
1790630820000,87.18500,87.21500,87.04200,87.09400,8536.39,1790630879999,743574.0584400,2073,3445.95,300144.1399400,0
1790630880000,87.09400,87.28900,87.09400,87.28900,4625.23,1790630939999,403261.3605200,1221,4144.59,361373.0348600,0
1790630940000,87.28900,87.28900,87.19500,87.22600,4861.65,1790630999999,424126.8894300,1116,3505.76,305831.1149600,0
1790631000000,87.22500,87.32400,87.22500,87.30900,1759.13,1790631059999,153554.5326400,784,1336.07,116614.1813100,0
1790631060000,87.30800,87.30900,87.21600,87.22600,1769.41,1790631119999,154390.0763100,908,712.20,62123.2305500,0
1790631120000,87.22600,87.27000,87.19100,87.26900,2997.15,1790631179999,261425.2590400,1076,1826.64,159343.5453200,0
1790631180000,87.26900,87.33900,87.24200,87.33400,1759.30,1790631239999,153560.1531700,1056,1138.28,99351.8423300,0
1790631240000,87.33500,87.38500,87.33400,87.37500,2438.79,1790631299999,213071.0638700,884,1059.48,92557.0490500,0
1790631300000,87.37500,87.40600,87.34500,87.34500,1457.47,1790631359999,127360.2537200,680,933.22,81549.3824300,0
1790631360000,87.34500,87.39800,87.34500,87.38800,1473.49,1790631419999,128736.4806500,678,1323.89,115663.9428700,0
1790631420000,87.38800,87.40800,87.34000,87.36600,1609.21,1790631479999,140593.7550900,850,944.47,82513.4948600,0
1790631480000,87.36600,87.36600,87.13600,87.15100,5265.57,1790631539999,459301.9218900,1482,1163.15,101393.4191200,0
1790631540000,87.15200,87.15200,87.05300,87.13500,6003.39,1790631599999,522908.8172700,1548,2365.31,206003.1281800,0
1790631600000,87.13500,87.14700,86.99100,87.00000,10744.73,1790631659999,935144.3437800,2554,2969.61,258455.2619200,0
1790631660000,87.00000,87.01400,86.91300,86.99800,6577.58,1790631719999,572023.9543100,1890,2317.98,201597.3363900,0
1790631720000,86.99800,87.04700,86.99800,87.02700,2306.22,1790631779999,200678.7672500,812,1137.23,98950.8604300,0
1790631780000,87.02800,87.08800,87.01300,87.08200,2663.24,1790631839999,231846.3614200,907,2096.17,182484.1136500,0
1790631840000,87.08200,87.08200,87.02600,87.06500,1914.14,1790631899999,166630.2321600,733,1280.82,111494.8383300,0
1790631900000,87.06500,87.06600,86.99800,87.02700,1818.24,1790631959999,158240.5121100,823,1115.34,97053.6143200,0
1790631960000,87.02700,87.02800,86.91600,86.91600,5000.31,1790632019999,434843.5246000,1709,3012.85,261971.1837500,0
1790632020000,86.91600,86.91600,86.80400,86.84300,18577.60,1790632079999,1614033.7461500,1832,5940.63,515956.9031300,0
1790632080000,86.84300,86.87700,86.83200,86.86600,2993.44,1790632139999,259990.1239000,929,2488.70,216148.3828700,0
1790632140000,86.86700,86.87700,86.85000,86.86700,2489.07,1790632199999,216200.4944600,695,1544.10,134112.9920200,0
1790632200000,86.86700,86.89700,86.80200,86.80200,1633.34,1790632259999,141869.0707000,839,357.26,31029.6981200,0
1790632260000,86.80200,86.88600,86.73200,86.88500,8185.40,1790632319999,710402.5239900,1764,2288.52,198709.8989100,0
1790632320000,86.88500,87.04300,86.88500,87.01700,3284.72,1790632379999,285679.7810100,1587,2639.72,229549.8664900,0
1790632380000,87.01700,87.01700,86.86200,86.86200,3019.30,1790632439999,262480.6629100,1106,444.47,38630.7472300,0
1790632440000,86.86200,86.91800,86.80600,86.91800,2969.70,1790632499999,257932.8872800,1334,1883.83,163628.6194900,0
1790632500000,86.91900,86.98400,86.91900,86.95700,2000.21,1790632559999,173911.1735900,992,997.94,86765.9974100,0
1790632560000,86.95700,87.02300,86.94500,86.99500,3417.13,1790632619999,297239.2562000,1230,2669.16,232182.1897400,0
1790632620000,86.99500,86.99500,86.92800,86.92900,2274.58,1790632679999,197835.9174200,476,416.97,36266.3760100,0
1790632680000,86.92800,86.92900,86.85700,86.86200,1810.99,1790632739999,157349.4650700,533,1051.92,91378.3705700,0
1790632740000,86.86100,86.86100,86.78700,86.85200,2765.12,1790632799999,240047.0123500,775,1598.46,138763.9093500,0
1790632800000,86.85200,86.91300,86.78000,86.78100,8318.31,1790632859999,722475.3585600,1684,2477.53,215221.7939000,0
1790632860000,86.78000,86.83200,86.71800,86.74700,4714.92,1790632919999,409066.7910500,1514,2291.65,198815.3765900,0
1790632920000,86.74800,86.74900,86.35100,86.61300,61912.92,1790632979999,5356131.4724400,8259,13186.92,1140793.0419500,0
1790632980000,86.61200,86.71300,86.50400,86.54000,12463.61,1790633039999,1079503.2661700,2916,6917.50,599135.4986400,0
1790633040000,86.54000,86.54000,86.41500,86.44000,13080.51,1790633099999,1131157.3237100,2873,5217.67,451180.7677500,0
1790633100000,86.44000,86.45800,86.35800,86.37100,9915.05,1790633159999,856621.1454300,2178,3782.19,326736.2551400,0
1790633160000,86.37100,86.48300,86.35100,86.38600,8441.43,1790633219999,729436.2461200,2230,4385.25,378980.8627600,0
1790633220000,86.38700,86.51800,86.37800,86.48600,9762.15,1790633279999,843950.9627100,2633,6277.60,542708.7398800,0
1790633280000,86.48600,86.74900,86.48600,86.72900,13076.60,1790633339999,1132547.6395800,2981,10554.58,914075.9257300,0
1790633340000,86.72800,86.73200,86.65800,86.72800,5857.67,1790633399999,507893.6486100,1739,1935.92,167859.2218000,0
1790633400000,86.72700,86.77300,86.65300,86.69300,3762.02,1790633459999,326215.7340400,1495,2083.35,180619.1444300,0
1790633460000,86.69200,86.69200,86.59100,86.60400,2678.41,1790633519999,232033.8907600,1283,1518.38,131530.3701900,0
1790633520000,86.60400,86.69800,86.55300,86.69500,4191.29,1790633579999,363027.3155300,1745,2780.89,240878.8719900,0
1790633580000,86.69400,86.73000,86.68600,86.72700,1569.60,1790633639999,136101.9792300,920,1122.03,97290.9539000,0
1790633640000,86.72600,86.81200,86.72000,86.75200,11739.09,1790633699999,1018653.2735700,2502,8355.69,725083.0848100,0
1790633700000,86.75200,86.84000,86.69600,86.81000,10135.37,1790633759999,879710.4349600,2165,8165.24,708761.5215100,0
1790633760000,86.81000,86.84400,86.77100,86.79300,3059.26,1790633819999,265567.2111600,1589,2157.68,187305.3890200,0
1790633820000,86.79300,86.86000,86.76400,86.83900,3206.03,1790633879999,278350.6846200,1447,1346.31,116881.8186800,0
1790633880000,86.83900,86.87700,86.78800,86.78800,3086.02,1790633939999,268022.5663000,1187,777.71,67549.1787700,0
1790633940000,86.78700,86.82600,86.75100,86.82600,1504.84,1790633999999,130617.3704400,807,1059.46,91957.0961300,0
1790634000000,86.82500,86.82500,86.72600,86.73800,2350.48,1790634059999,203907.1060200,1203,775.10,67244.2017100,0
1790634060000,86.73700,86.81000,86.72100,86.80900,1117.52,1790634119999,96950.9205800,847,565.77,49089.1888200,0
1790634120000,86.81000,86.81000,86.73000,86.75700,2077.46,1790634179999,180250.6527500,1103,1422.38,123410.1180600,0
1790634180000,86.75500,86.80000,86.71900,86.77400,1722.31,1790634239999,149431.4072500,1021,1224.05,106202.2667100,0
1790634240000,86.77500,86.77500,86.73000,86.75200,1222.56,1790634299999,106058.7295800,847,801.96,69569.9650500,0
1790634300000,86.75300,86.81000,86.68400,86.71700,3714.59,1790634359999,322206.6961600,1594,1558.33,135195.4197400,0
1790634360000,86.71800,86.88100,86.67500,86.86900,10042.85,1790634419999,871586.5217700,2525,6996.71,607181.2136100,0
1790634420000,86.86800,86.88100,86.85700,86.87000,2160.08,1790634479999,187642.1916700,763,810.18,70378.0662500,0
1790634480000,86.87000,86.90000,86.86100,86.90000,1776.02,1790634539999,154297.0479100,728,1168.89,101554.2795700,0
1790634540000,86.90000,86.90000,86.83500,86.87100,1632.04,1790634599999,141771.1352600,933,927.00,80521.0515500,0
1790634600000,86.87100,86.88400,86.86600,86.87200,833.11,1790634659999,72375.8071700,441,566.86,49244.5187200,0
1790634660000,86.87200,86.91000,86.85200,86.89200,2250.89,1790634719999,195562.6998600,964,1884.20,163706.0760700,0
1790634720000,86.89200,87.01700,86.85500,87.01600,4197.64,1790634779999,364917.3361700,1604,3714.08,322893.6724700,0
1790634780000,87.01600,87.05500,87.01300,87.04300,2772.20,1790634839999,241270.8809300,870,1958.58,170452.1180700,0
1790634840000,87.04200,87.04200,86.91000,86.98100,4295.47,1790634899999,373576.0901400,1302,1420.57,123528.7502400,0
1790634900000,86.98200,87.07100,86.98200,87.07100,2253.14,1790634959999,196083.4547800,1070,1997.75,173865.3571900,0
1790634960000,87.07000,87.13100,87.05700,87.13000,3119.98,1790635019999,271746.1943400,1041,2458.98,214167.7276300,0
1790635020000,87.13100,87.18000,87.09800,87.17300,5528.91,1790635079999,481841.8750800,1465,3281.03,285938.0668100,0
1790635080000,87.17300,87.21400,87.15400,87.20700,3225.70,1790635139999,281210.1135100,864,1651.03,143937.1492600,0
1790635140000,87.20600,87.20600,87.12200,87.14300,2330.62,1790635199999,203143.0932300,803,649.69,56627.9160600,0
1790635200000,87.14300,87.30100,87.12000,87.24600,13969.40,1790635259999,1218846.0160700,1775,10126.45,883537.6448300,0
1790635260000,87.24600,87.24700,87.20300,87.21800,2290.26,1790635319999,199756.5404600,965,1458.84,127236.5199900,0
1790635320000,87.21800,87.26000,87.19400,87.24900,1991.29,1790635379999,173683.0852600,747,1240.08,108154.3690400,0
1790635380000,87.24900,87.28600,87.24700,87.28600,1046.27,1790635439999,91307.5771700,564,804.38,70197.8375000,0
1790635440000,87.28600,87.30100,87.21800,87.23100,2020.61,1790635499999,176318.8573800,840,661.70,57743.2055300,0
1790635500000,87.23100,87.24700,87.18500,87.24700,2212.29,1790635559999,192964.8333300,950,774.90,67592.8067700,0
1790635560000,87.24700,87.25900,87.20100,87.24800,1405.44,1790635619999,122609.2987200,714,730.96,63766.3352900,0
1790635620000,87.24700,87.24700,87.15100,87.22300,1552.66,1790635679999,135376.4900100,978,755.79,65886.9056800,0
1790635680000,87.22300,87.22300,87.15600,87.16400,2826.72,1790635739999,246435.1149600,857,789.66,68834.3839800,0
1790635740000,87.16400,87.20200,87.14700,87.20100,1903.92,1790635799999,165966.9588700,852,1093.16,95293.9723600,0
1790635800000,87.20200,87.20200,87.11300,87.14200,3088.73,1790635859999,269173.3986700,990,1218.10,106153.7128900,0
1790635860000,87.14100,87.16600,87.12800,87.14100,1622.12,1790635919999,141354.3223400,662,1228.82,107081.0240000,0
1790635920000,87.14100,87.17300,87.11200,87.14000,3081.58,1790635979999,268527.2550400,966,1651.59,143916.4179800,0
1790635980000,87.14000,87.17200,87.10500,87.14000,1769.92,1790636039999,154226.2580700,823,1288.07,112235.1462100,0
1790636040000,87.14000,87.17700,87.13900,87.16200,1388.04,1790636099999,120978.6369700,447,931.33,81167.5737300,0
1790636100000,87.16100,87.22200,87.16100,87.19900,3040.78,1790636159999,265129.1159200,598,2758.79,240535.9787800,0
1790636160000,87.19900,87.27000,87.17500,87.24300,4031.28,1790636219999,351668.7984400,1096,3010.32,262598.9089000,0
1790636220000,87.24300,87.24300,87.19500,87.19500,2205.30,1790636279999,192337.4013900,560,831.75,72539.1370800,0
1790636280000,87.19400,87.19400,87.13200,87.15200,2418.10,1790636339999,210743.0385400,668,1176.59,102530.0555800,0
1790636340000,87.15100,87.19600,87.15100,87.19600,1240.22,1790636399999,108097.9688600,525,916.36,79871.8936000,0
1790636400000,87.19500,87.21100,87.15900,87.16700,2891.86,1790636459999,252129.4523300,711,1074.80,93698.6359000,0
1790636460000,87.16800,87.22300,87.16800,87.22300,1347.37,1790636519999,117475.7738100,555,1141.74,99546.9702800,0
1790636520000,87.22300,87.34000,87.22200,87.33500,5708.31,1790636579999,498210.9103200,1355,4206.91,367176.3054300,0
1790636580000,87.33600,87.38300,87.33500,87.38200,2155.92,1790636639999,188346.1454500,877,1723.29,150546.5965500,0
1790636640000,87.38200,87.45300,87.38100,87.41500,5368.63,1790636699999,469361.3642100,1275,3004.21,262624.7741800,0
1790636700000,87.41400,87.41400,87.29300,87.29300,3604.77,1790636759999,314866.0751400,1306,2086.45,182238.5537900,0
1790636760000,87.29300,87.29300,87.21200,87.23700,2149.19,1790636819999,187513.6817100,1168,1020.69,89047.8676700,0
1790636820000,87.23600,87.24000,87.19100,87.22100,3907.92,1790636879999,340815.9437900,1174,2298.18,200423.1963900,0
1790636880000,87.22000,87.27900,87.21700,87.26300,1991.07,1790636939999,173717.9182600,1076,1198.17,104534.2159800,0
1790636940000,87.26600,87.34000,87.26600,87.28200,3420.13,1790636999999,298604.1529500,1206,2161.32,188681.9335300,0
1790637000000,87.28300,87.30100,87.21800,87.23300,1156.68,1790637059999,100920.6849500,818,524.27,45742.7552700,0
1790637060000,87.23300,87.26100,87.20300,87.23100,1306.98,1790637119999,114004.6382400,985,542.24,47297.5642400,0
1790637120000,87.23100,87.28100,87.21200,87.23000,1256.06,1790637179999,109593.2890300,947,527.79,46045.2223000,0
1790637180000,87.23100,87.27100,87.17200,87.17300,3312.54,1790637239999,288858.8167100,1166,855.01,74560.1722600,0
1790637240000,87.17200,87.25000,87.16300,87.25000,1164.24,1790637299999,101508.3975700,793,841.25,73348.8999300,0
1790637300000,87.25000,87.36500,87.25000,87.35600,1014.89,1790637359999,88618.5474200,792,834.66,72874.4516900,0
1790637360000,87.35600,87.39900,87.34000,87.36900,1891.52,1790637419999,165242.6475100,865,1640.52,143314.1795800,0
1790637420000,87.37000,87.40000,87.36400,87.37700,904.10,1790637479999,79002.8045500,587,247.38,21614.6977400,0
1790637480000,87.37600,87.44800,87.36500,87.44800,2207.37,1790637539999,192954.1265400,863,1850.74,161791.6131900,0
1790637540000,87.44800,87.48000,87.42300,87.44900,2360.02,1790637599999,206395.2107600,823,733.05,64107.1112700,0
1790637600000,87.44800,87.48200,87.43100,87.43100,3673.37,1790637659999,321266.7333200,831,1019.61,89170.5389000,0
1790637660000,87.43000,87.43000,87.38100,87.42000,2168.94,1790637719999,189555.1639900,926,1161.21,101479.7667800,0
1790637720000,87.41900,87.44200,87.40000,87.41200,1211.71,1790637779999,105927.7183500,688,474.58,41484.6554200,0
1790637780000,87.41200,87.45500,87.36600,87.43400,5429.32,1790637839999,474543.0811300,1410,1867.42,163214.1332600,0
1790637840000,87.43400,87.48800,87.43000,87.48600,1751.31,1790637899999,153185.2648500,715,756.93,66203.1973100,0
1790637900000,87.48500,87.48500,87.42900,87.46400,1575.86,1790637959999,137815.6683100,781,860.02,75207.2853300,0
1790637960000,87.46300,87.49600,87.46300,87.49000,793.20,1790638019999,69395.9521800,537,487.71,42668.2133700,0
1790638020000,87.49100,87.56500,87.44700,87.55700,6075.64,1790638079999,531619.9988400,1382,3552.60,310926.9757100,0
1790638080000,87.55600,87.59100,87.51000,87.51000,3407.11,1790638139999,298329.7218800,784,2463.68,215736.4161200,0
1790638140000,87.51000,87.51300,87.48700,87.51200,1270.07,1790638199999,111129.1488800,351,822.46,71960.4363100,0
1790638200000,87.51200,87.53100,87.48700,87.48700,1784.45,1790638259999,156167.2276800,674,866.44,75825.9432900,0
1790638260000,87.48700,87.48700,87.43200,87.45800,1739.95,1790638319999,152173.2111000,711,968.64,84710.3802400,0
1790638320000,87.45900,87.47500,87.44600,87.47500,1261.55,1790638379999,110336.8198900,629,741.73,64872.0974700,0
1790638380000,87.47500,87.47600,87.42900,87.45200,1499.56,1790638439999,131143.2790600,725,780.07,68215.5860300,0
1790638440000,87.45200,87.45300,87.37100,87.37100,3251.44,1790638499999,284200.3445800,849,211.40,18480.4590900,0
1790638500000,87.37100,87.39000,87.35100,87.37000,1646.97,1790638559999,143894.1905300,866,1118.09,97685.4793100,0
1790638560000,87.37000,87.38700,87.32700,87.35000,1928.91,1790638619999,168514.4880400,936,1038.07,90689.0517300,0
1790638620000,87.35000,87.38300,87.35000,87.37300,1184.69,1790638679999,103501.5899700,756,805.38,70360.9486100,0
1790638680000,87.37400,87.40000,87.32400,87.39900,2080.31,1790638739999,181729.3986900,1030,1695.40,148103.9124800,0
1790638740000,87.39900,87.46200,87.36800,87.45300,1774.48,1790638799999,155132.0386800,1064,1463.47,127942.5281200,0
1790638800000,87.45200,87.49100,87.42100,87.49100,1330.91,1790638859999,116385.0247800,967,855.33,74797.0416500,0
1790638860000,87.49200,87.51600,87.46300,87.49800,2415.63,1790638919999,211361.8074100,1362,1924.68,168404.0355200,0
1790638920000,87.49800,87.49900,87.44700,87.45700,1890.08,1790638979999,165327.3871100,829,1077.21,94217.0496500,0
1790638980000,87.45700,87.53000,87.45700,87.50800,3346.69,1790639039999,292827.7275700,964,2907.50,254398.9456200,0
1790639040000,87.50800,87.51200,87.48300,87.51000,1769.70,1790639099999,154845.5595000,777,1355.90,118636.4695600,0
1790639100000,87.51100,87.51100,87.38000,87.38000,1348.87,1790639159999,117973.2749100,843,591.94,51761.1006800,0
1790639160000,87.38000,87.44600,87.34200,87.42000,2206.08,1790639219999,192789.7110100,1415,968.60,84649.3625400,0
1790639220000,87.42000,87.44600,87.39500,87.40200,2405.10,1790639279999,210257.4096900,1091,1005.88,87947.6371500,0
1790639280000,87.40200,87.43300,87.36000,87.41300,4493.85,1790639339999,392678.0923100,1106,4031.96,352303.5186500,0
1790639340000,87.41300,87.46000,87.41300,87.45600,905.46,1790639399999,79173.9277900,692,406.86,35574.7140200,0
1790639400000,87.45700,87.45800,87.40700,87.41900,1831.55,1790639459999,160123.0121700,896,711.24,62180.8924300,0
1790639460000,87.41900,87.44800,87.41900,87.44700,316.13,1790639519999,27640.1904400,452,266.33,23286.3959800,0
1790639520000,87.44700,87.46200,87.42500,87.44800,1037.70,1790639579999,90743.3122400,746,443.53,38780.8144200,0
1790639580000,87.44700,87.55200,87.44700,87.53500,1514.84,1790639639999,132573.4535600,1009,770.83,67455.0820600,0
1790639640000,87.53400,87.63500,87.53400,87.62200,3727.03,1790639699999,326448.8739300,1479,3121.49,273415.9969500,0
1790639700000,87.62200,87.62300,87.48800,87.52500,2292.52,1790639759999,200707.6674000,1096,562.53,49245.3360700,0
1790639760000,87.52500,87.54900,87.51400,87.52000,896.40,1790639819999,78469.0333300,616,277.95,24330.7365400,0
1790639820000,87.52000,87.55800,87.51200,87.51200,1225.03,1790639879999,107243.2499900,578,694.03,60754.9534200,0
1790639880000,87.51200,87.52000,87.49300,87.50700,849.28,1790639939999,74318.6144600,482,646.09,56536.8664900,0
1790639940000,87.50700,87.50800,87.45200,87.46700,1222.33,1790639999999,106922.0048000,708,815.63,71341.7403100,0
