open_time,open,high,low,close,volume,close_time,quote_asset_volume,count,taker_buy_volume,taker_buy_quote_volume,ignore
1790553600000,0.5877000,0.5892000,0.5869000,0.5883000,1122835.4,1790553659999,660285.22082000,3662,513811.0,302159.68887000,0
1790553660000,0.5883000,0.5918000,0.5872000,0.5917000,1814927.5,1790553719999,1070230.14874000,3769,1291288.3,761591.80218000,0
1790553720000,0.5917000,0.5925000,0.5825000,0.5843000,3449926.2,1790553779999,2027933.75166000,7301,1090182.5,641555.64313000,0
1790553780000,0.5843000,0.5856000,0.5824000,0.5833000,1634927.9,1790553839999,954844.33597000,4728,548587.1,320494.88067000,0
1790553840000,0.5833000,0.5885000,0.5827000,0.5864000,1660172.5,1790553899999,971960.72589000,4607,1150935.1,674199.12682000,0
1790553900000,0.5865000,0.5878000,0.5845000,0.5847000,1196897.4,1790553959999,701347.59634000,2981,437557.6,256490.64334000,0
1790553960000,0.5847000,0.5854000,0.5822000,0.5835000,1210699.0,1790554019999,706689.38767000,3010,361794.1,211356.64318000,0
1790554020000,0.5836000,0.5839000,0.5792000,0.5797000,3180399.9,1790554079999,1848502.43864000,5881,738600.4,429456.89765000,0
1790554080000,0.5797000,0.5797000,0.5745000,0.5753000,3781742.4,1790554139999,2182645.39190000,6587,1092082.9,630639.29518000,0
1790554140000,0.5752000,0.5753000,0.5692000,0.5737000,5474312.2,1790554199999,3134106.99377000,9733,1979206.6,1133803.13650000,0
1790554200000,0.5737000,0.5761000,0.5734000,0.5753000,882656.1,1790554259999,507505.68288000,2583,604118.9,347444.42575000,0
1790554260000,0.5753000,0.5792000,0.5745000,0.5790000,1152740.9,1790554319999,665066.86832000,3066,853609.4,492745.19536000,0
1790554320000,0.5790000,0.5804000,0.5782000,0.5797000,774443.0,1790554379999,448750.28562000,2387,386778.6,224119.48621000,0
1790554380000,0.5797000,0.5798000,0.5769000,0.5777000,600460.4,1790554439999,347297.15029000,1989,230671.2,133494.34583000,0
1790554440000,0.5778000,0.5794000,0.5776000,0.5779000,595404.5,1790554499999,344255.38224000,1576,415526.6,240239.92837000,0
1790554500000,0.5778000,0.5784000,0.5761000,0.5775000,421389.9,1790554559999,243199.49753000,1724,216868.7,125155.17660000,0
1790554560000,0.5774000,0.5776000,0.5760000,0.5764000,651071.7,1790554619999,375456.87396000,1781,283206.8,163311.36485000,0
1790554620000,0.5765000,0.5775000,0.5747000,0.5753000,593514.2,1790554679999,341707.46073000,1925,258464.4,148858.80813000,0
1790554680000,0.5753000,0.5758000,0.5747000,0.5752000,358475.2,1790554739999,206155.02772000,1107,232706.9,133826.70742000,0
1790554740000,0.5752000,0.5758000,0.5748000,0.5756000,376070.5,1790554799999,216313.34471000,1134,282198.1,162322.02806000,0
1790554800000,0.5756000,0.5803000,0.5754000,0.5797000,1288963.6,1790554859999,745436.10051000,2732,1105072.7,639187.61451000,0
1790554860000,0.5796000,0.5816000,0.5787000,0.5816000,832537.4,1790554919999,482824.96335000,2434,467910.4,271397.88350000,0
1790554920000,0.5816000,0.5923000,0.5811000,0.5912000,7030899.2,1790554979999,4129385.81235000,10928,5103868.9,2996093.79187000,0
1790554980000,0.5911000,0.5941000,0.5881000,0.5885000,2942432.4,1790555039999,1739597.79890000,6587,1325200.6,783738.07336000,0
1790555040000,0.5885000,0.5906000,0.5848000,0.5859000,1239609.7,1790555099999,727589.14441000,4135,483346.5,283699.16767000,0
1790555100000,0.5858000,0.5871000,0.5840000,0.5845000,742959.6,1790555159999,435024.38139000,2789,323269.4,189327.23147000,0
1790555160000,0.5844000,0.5849000,0.5820000,0.5833000,627930.3,1790555219999,366188.14360000,2563,263661.9,153790.88696000,0
1790555220000,0.5833000,0.5843000,0.5816000,0.5837000,470146.7,1790555279999,274114.71486000,2161,277669.5,161930.65944000,0
1790555280000,0.5837000,0.5838000,0.5814000,0.5828000,551900.8,1790555339999,321369.19995000,2090,252231.1,146881.57221000,0
1790555340000,0.5828000,0.5862000,0.5827000,0.5836000,752546.5,1790555399999,439882.22329000,2496,495606.3,289672.92201000,0
1790555400000,0.5836000,0.5841000,0.5818000,0.5840000,454887.3,1790555459999,265170.80034000,1985,281139.2,163876.84700000,0
1790555460000,0.5840000,0.5842000,0.5806000,0.5828000,990233.4,1790555519999,576581.01207000,2977,392248.4,228397.63048000,0
1790555520000,0.5829000,0.5831000,0.5788000,0.5798000,1106909.3,1790555579999,642545.93403000,3069,344571.2,200170.08764000,0
1790555580000,0.5799000,0.5801000,0.5779000,0.5788000,474399.6,1790555639999,274592.53443000,1809,269176.3,155811.18470000,0
1790555640000,0.5788000,0.5794000,0.5771000,0.5772000,795176.9,1790555699999,459678.26280000,1831,331074.2,191445.69312000,0
1790555700000,0.5771000,0.5777000,0.5740000,0.5741000,1085094.1,1790555759999,624569.76309000,3315,358381.1,206385.30033000,0
1790555760000,0.5742000,0.5759000,0.5726000,0.5752000,1259589.2,1790555819999,723078.88268000,3606,630720.5,362284.13069000,0
1790555820000,0.5752000,0.5759000,0.5742000,0.5750000,539520.2,1790555879999,310240.55136000,1806,328213.0,188725.85772000,0
1790555880000,0.5750000,0.5751000,0.5711000,0.5720000,1439557.9,1790555939999,824711.55170000,2852,342118.9,196052.58796000,0
1790555940000,0.5721000,0.5730000,0.5706000,0.5710000,824034.3,1790555999999,471047.05356000,2170,406729.4,232591.41126000,0
1790556000000,0.5709000,0.5714000,0.5693000,0.5700000,687427.1,1790556059999,391989.22021000,2266,285080.6,162629.51982000,0
1790556060000,0.5700000,0.5703000,0.5623000,0.5685000,4947570.2,1790556119999,2798538.74882000,8968,1709142.0,967425.35297000,0
1790556120000,0.5684000,0.5692000,0.5673000,0.5685000,679629.5,1790556179999,386228.87878000,1942,405152.2,230235.56496000,0
1790556180000,0.5684000,0.5700000,0.5682000,0.5700000,1056527.9,1790556239999,601481.50155000,1439,404831.8,230397.48039000,0
1790556240000,0.5699000,0.5714000,0.5696000,0.5700000,891319.6,1790556299999,508260.50490000,1754,698074.4,398026.89173000,0
1790556300000,0.5700000,0.5730000,0.5695000,0.5728000,954081.7,1790556359999,545268.13644000,2188,798491.5,456372.96944000,0
1790556360000,0.5728000,0.5747000,0.5721000,0.5732000,644164.5,1790556419999,369560.08201000,1924,309698.2,177630.54689000,0
1790556420000,0.5732000,0.5743000,0.5716000,0.5734000,459771.6,1790556479999,263329.17577000,1556,221402.2,126861.48344000,0
1790556480000,0.5735000,0.5752000,0.5731000,0.5744000,430683.1,1790556539999,247430.88270000,1420,236755.5,136029.17747000,0
1790556540000,0.5745000,0.5753000,0.5737000,0.5741000,391310.1,1790556599999,224778.11726000,1419,197696.3,113574.52907000,0
1790556600000,0.5741000,0.5744000,0.5734000,0.5736000,259059.2,1790556659999,148650.37714000,948,112827.4,64742.25707000,0
1790556660000,0.5736000,0.5747000,0.5735000,0.5737000,458021.0,1790556719999,262980.89773000,1375,262334.9,150627.01782000,0
1790556720000,0.5737000,0.5740000,0.5727000,0.5727000,336140.6,1790556779999,192755.52525000,1198,178034.4,102099.42585000,0
1790556780000,0.5727000,0.5735000,0.5713000,0.5729000,487093.3,1790556839999,278864.75655000,1809,241095.9,138044.60942000,0
1790556840000,0.5730000,0.5731000,0.5717000,0.5718000,292274.3,1790556899999,167290.52980000,943,181512.8,103891.33375000,0
1790556900000,0.5719000,0.5720000,0.5707000,0.5707000,454577.4,1790556959999,259648.65349000,1375,257044.3,146832.60782000,0
1790556960000,0.5708000,0.5715000,0.5698000,0.5698000,410596.3,1790557019999,234324.86874000,1375,223867.0,127768.88705000,0
1790557020000,0.5699000,0.5699000,0.5639000,0.5641000,2782314.0,1790557079999,1575315.86132000,5009,686488.6,389018.38997000,0
1790557080000,0.5642000,0.5657000,0.5600000,0.5648000,2630982.2,1790557139999,1479727.01748000,4560,834671.3,470298.91491000,0
1790557140000,0.5649000,0.5652000,0.5634000,0.5635000,543982.6,1790557199999,307028.30598000,2132,302836.1,170934.39466000,0
1790557200000,0.5635000,0.5647000,0.5629000,0.5636000,1353803.8,1790557259999,762802.84681000,2681,1076492.5,606530.40827000,0
1790557260000,0.5636000,0.5644000,0.5621000,0.5622000,684100.3,1790557319999,385205.75579000,2480,288711.5,162563.09969000,0
1790557320000,0.5622000,0.5645000,0.5620000,0.5642000,583898.6,1790557379999,328684.13073000,2377,383335.9,215826.51994000,0
1790557380000,0.5643000,0.5647000,0.5622000,0.5625000,1100944.4,1790557439999,620245.75352000,2714,719820.6,405644.34629000,0
1790557440000,0.5626000,0.5636000,0.5614000,0.5631000,394662.6,1790557499999,221991.63088000,1823,229944.2,129374.81039000,0
1790557500000,0.5631000,0.5635000,0.5608000,0.5610000,391485.2,1790557559999,220017.20071000,1501,210779.7,118495.39754000,0
1790557560000,0.5609000,0.5627000,0.5579000,0.5624000,2791667.3,1790557619999,1562587.67007000,4709,1360278.8,761905.99735000,0
1790557620000,0.5625000,0.5671000,0.5624000,0.5670000,728368.0,1790557679999,411816.27380000,2223,548514.6,310156.97186000,0
1790557680000,0.5670000,0.5681000,0.5661000,0.5673000,1034035.6,1790557739999,586495.88820000,2346,829170.4,470275.35207000,0
1790557740000,0.5673000,0.5678000,0.5638000,0.5645000,435910.6,1790557799999,246792.66297000,1594,215932.3,122262.84463000,0
1790557800000,0.5645000,0.5657000,0.5633000,0.5639000,1177607.7,1790557859999,665423.32978000,1827,560592.5,316731.11071000,0
1790557860000,0.5639000,0.5655000,0.5637000,0.5654000,322866.5,1790557919999,182290.46480000,1094,194649.6,109907.67047000,0
1790557920000,0.5655000,0.5662000,0.5625000,0.5629000,462954.7,1790557979999,261213.28680000,1745,218743.9,123529.59287000,0
1790557980000,0.5629000,0.5629000,0.5613000,0.5622000,273902.5,1790558039999,153920.41510000,1460,134030.8,75305.31119000,0
1790558040000,0.5621000,0.5632000,0.5613000,0.5613000,256625.2,1790558099999,144223.92219000,1010,137026.3,77013.44582000,0
1790558100000,0.5614000,0.5619000,0.5605000,0.5612000,408879.7,1790558159999,229382.99935000,1608,209641.3,117616.35878000,0
1790558160000,0.5613000,0.5616000,0.5604000,0.5608000,380070.0,1790558219999,213180.93157000,1580,199512.0,111924.87823000,0
1790558220000,0.5608000,0.5621000,0.5565000,0.5575000,1791199.6,1790558279999,1001656.34793000,3855,570468.7,318956.98427000,0
1790558280000,0.5575000,0.5586000,0.5564000,0.5581000,986888.0,1790558339999,550103.85114000,2711,490433.1,273491.94673000,0
1790558340000,0.5582000,0.5601000,0.5565000,0.5598000,560800.1,1790558399999,312909.93579000,2060,348935.0,194714.94670000,0
1790558400000,0.5598000,0.5608000,0.5591000,0.5600000,356160.6,1790558459999,199415.52365000,1673,204196.3,114339.58690000,0
1790558460000,0.5601000,0.5665000,0.5601000,0.5664000,700322.4,1790558519999,395231.77706000,2134,418450.7,236049.59510000,0
1790558520000,0.5664000,0.5664000,0.5634000,0.5634000,377180.6,1790558579999,213112.62667000,1866,220038.3,124309.55760000,0
1790558580000,0.5635000,0.5664000,0.5624000,0.5642000,360280.0,1790558639999,203530.89610000,1712,206827.5,116866.48997000,0
1790558640000,0.5642000,0.5650000,0.5638000,0.5646000,265427.6,1790558699999,149789.61553000,1129,152466.9,86030.70814000,0
1790558700000,0.5646000,0.5656000,0.5633000,0.5655000,279315.5,1790558759999,157631.17857000,1137,142987.7,80743.23784000,0
1790558760000,0.5655000,0.5686000,0.5654000,0.5682000,1211336.9,1790558819999,687267.45893000,1819,990764.3,562129.91939000,0
1790558820000,0.5682000,0.5702000,0.5682000,0.5700000,382042.0,1790558879999,217416.89391000,1336,251499.6,143149.55634000,0
1790558880000,0.5700000,0.5700000,0.5687000,0.5695000,376314.1,1790558939999,214240.84165000,1112,206779.8,117734.06989000,0
1790558940000,0.5695000,0.5698000,0.5682000,0.5688000,384684.6,1790558999999,218818.49047000,1125,156086.1,88781.06031000,0
1790559000000,0.5688000,0.5724000,0.5684000,0.5694000,1045054.8,1790559059999,596629.32489000,2258,632435.6,361171.93491000,0
1790559060000,0.5694000,0.5715000,0.5693000,0.5701000,325754.2,1790559119999,185835.30566000,1469,164237.2,93687.15361000,0
1790559120000,0.5702000,0.5717000,0.5692000,0.5712000,550555.3,1790559179999,314159.32897000,1680,316326.0,180545.12538000,0
1790559180000,0.5712000,0.5738000,0.5710000,0.5732000,977623.4,1790559239999,560141.13822000,2723,544956.9,312270.77663000,0
1790559240000,0.5732000,0.5762000,0.5724000,0.5746000,1601522.8,1790559299999,920677.17444000,3580,1056436.9,607385.92340000,0
1790559300000,0.5746000,0.5752000,0.5716000,0.5748000,1070829.3,1790559359999,614784.25092000,2824,342790.8,196775.03000000,0
1790559360000,0.5748000,0.5757000,0.5732000,0.5738000,609812.9,1790559419999,350331.91757000,2055,232282.0,133477.60943000,0
1790559420000,0.5737000,0.5752000,0.5730000,0.5743000,671798.2,1790559479999,385912.46635000,2110,216627.9,124447.66673000,0
1790559480000,0.5744000,0.5762000,0.5740000,0.5740000,720298.2,1790559539999,414124.34983000,2043,266723.2,153341.07789000,0
1790559540000,0.5740000,0.5779000,0.5736000,0.5776000,1307344.7,1790559599999,753143.54722000,3101,740360.5,426323.95849000,0
1790559600000,0.5775000,0.5777000,0.5744000,0.5745000,815500.3,1790559659999,469773.88612000,3046,288778.2,166400.47633000,0
1790559660000,0.5745000,0.5764000,0.5724000,0.5763000,644245.5,1790559719999,369881.79627000,2451,276217.1,158615.51437000,0
1790559720000,0.5764000,0.5784000,0.5748000,0.5749000,688814.8,1790559779999,397221.59933000,2629,284368.2,164056.95415000,0
1790559780000,0.5749000,0.5756000,0.5728000,0.5730000,491027.3,1790559839999,281836.26112000,1501,252999.0,145170.64341000,0
1790559840000,0.5731000,0.5744000,0.5718000,0.5719000,507018.5,1790559899999,290428.67799000,1600,245408.5,140623.94276000,0
1790559900000,0.5719000,0.5741000,0.5719000,0.5727000,272316.1,1790559959999,156032.74653000,1345,96743.7,55422.18702000,0
1790559960000,0.5728000,0.5744000,0.5721000,0.5726000,489986.4,1790560019999,280974.67687000,1194,85735.4,49156.44943000,0
1790560020000,0.5725000,0.5747000,0.5722000,0.5741000,246853.7,1790560079999,141633.10307000,1232,87673.9,50290.32820000,0
1790560080000,0.5741000,0.5741000,0.5704000,0.5705000,538182.8,1790560139999,308010.06733000,2081,182553.3,104536.58174000,0
1790560140000,0.5705000,0.5725000,0.5680000,0.5691000,1407057.8,1790560199999,801601.86037000,3549,434255.2,247419.31751000,0
1790560200000,0.5691000,0.5735000,0.5681000,0.5734000,670708.8,1790560259999,382940.96194000,2414,263370.4,150378.46405000,0
1790560260000,0.5735000,0.5750000,0.5728000,0.5742000,795046.6,1790560319999,456575.26133000,2349,317780.9,182516.21235000,0
1790560320000,0.5742000,0.5761000,0.5731000,0.5760000,489123.2,1790560379999,280905.16477000,1696,225561.9,129522.07503000,0
1790560380000,0.5761000,0.5764000,0.5741000,0.5752000,450845.3,1790560439999,259288.96110000,1445,94190.1,54181.08561000,0
1790560440000,0.5752000,0.5780000,0.5751000,0.5756000,686807.2,1790560499999,395765.73569000,2082,292555.1,168611.11154000,0
1790560500000,0.5755000,0.5755000,0.5739000,0.5742000,720049.6,1790560559999,413776.89398000,1754,267716.2,153826.98571000,0
1790560560000,0.5742000,0.5766000,0.5728000,0.5765000,358595.0,1790560619999,205823.29656000,1443,152722.6,87691.52270000,0
1790560620000,0.5766000,0.5780000,0.5738000,0.5738000,525814.0,1790560679999,303015.79243000,1866,193524.0,111530.59580000,0
1790560680000,0.5738000,0.5751000,0.5732000,0.5745000,339495.8,1790560739999,194841.91146000,1314,109923.8,63096.82789000,0
1790560740000,0.5745000,0.5752000,0.5729000,0.5729000,318921.8,1790560799999,183146.45293000,1132,135707.4,77942.68448000,0
1790560800000,0.5730000,0.5736000,0.5687000,0.5689000,1236716.4,1790560859999,705458.27134000,3535,448291.2,255696.69806000,0
1790560860000,0.5688000,0.5743000,0.5687000,0.5732000,770916.5,1790560919999,440690.92672000,2799,492204.7,281326.70126000,0
1790560920000,0.5731000,0.5732000,0.5700000,0.5705000,778745.7,1790560979999,444685.28341000,3021,253815.6,144960.77495000,0
1790560980000,0.5704000,0.5716000,0.5682000,0.5716000,773806.4,1790561039999,440928.63692000,2962,300843.8,171494.49572000,0
1790561040000,0.5716000,0.5731000,0.5694000,0.5703000,546425.5,1790561099999,312031.59530000,2259,175039.6,99950.12259000,0
1790561100000,0.5704000,0.5714000,0.5687000,0.5692000,448305.0,1790561159999,255526.46137000,1790,157399.8,89722.63672000,0
1790561160000,0.5692000,0.5707000,0.5687000,0.5706000,380273.9,1790561219999,216633.15376000,1657,164879.3,93927.90586000,0
1790561220000,0.5706000,0.5715000,0.5673000,0.5702000,954876.4,1790561279999,544238.32591000,2591,480903.5,274219.63655000,0
1790561280000,0.5702000,0.5723000,0.5691000,0.5713000,475039.0,1790561339999,271215.24902000,1684,272867.5,155811.31119000,0
1790561340000,0.5713000,0.5724000,0.5698000,0.5712000,658020.1,1790561399999,375730.70589000,1735,507747.6,289901.30292000,0
1790561400000,0.5712000,0.5724000,0.5711000,0.5722000,304337.6,1790561459999,173987.98698000,1254,153805.5,87929.20690000,0
1790561460000,0.5722000,0.5747000,0.5722000,0.5746000,571713.4,1790561519999,328014.81373000,2154,356282.4,204434.73461000,0
1790561520000,0.5747000,0.5767000,0.5738000,0.5762000,781860.7,1790561579999,449815.00787000,2259,495186.8,284951.93192000,0
1790561580000,0.5763000,0.5774000,0.5750000,0.5752000,322392.9,1790561639999,185714.32342000,1410,84299.2,48570.17436000,0
1790561640000,0.5753000,0.5782000,0.5753000,0.5776000,1026315.1,1790561699999,592075.90786000,2641,619315.9,357288.36290000,0
1790561700000,0.5777000,0.5790000,0.5762000,0.5781000,847077.2,1790561759999,489319.57022000,2779,274119.2,158457.62909000,0
1790561760000,0.5781000,0.5784000,0.5763000,0.5774000,438669.5,1790561819999,253287.45950000,1833,151089.9,87256.01347000,0
1790561820000,0.5774000,0.5807000,0.5770000,0.5794000,1153115.4,1790561879999,668080.29065000,3390,594167.1,344160.94165000,0
1790561880000,0.5794000,0.5794000,0.5763000,0.5763000,712206.8,1790561939999,411089.63493000,1822,130004.2,75055.44916000,0
1790561940000,0.5764000,0.5772000,0.5750000,0.5770000,376751.2,1790561999999,216953.96943000,1520,173873.6,100111.44635000,0
1790562000000,0.5769000,0.5783000,0.5759000,0.5777000,248967.1,1790562059999,143666.92620000,1222,91973.9,53089.87343000,0
1790562060000,0.5777000,0.5790000,0.5763000,0.5768000,326299.7,1790562119999,188478.77562000,1552,131976.9,76218.22421000,0
1790562120000,0.5768000,0.5769000,0.5744000,0.5747000,478454.3,1790562179999,275371.05159000,1981,155228.3,89351.37232000,0
1790562180000,0.5747000,0.5757000,0.5741000,0.5752000,309234.4,1790562239999,177785.00719000,1319,159532.4,91733.43195000,0
1790562240000,0.5753000,0.5759000,0.5735000,0.5758000,420530.7,1790562299999,241698.63843000,1656,195849.2,112578.88165000,0
1790562300000,0.5759000,0.5760000,0.5728000,0.5736000,469202.7,1790562359999,269343.54637000,1565,174294.3,100078.95914000,0
1790562360000,0.5736000,0.5766000,0.5730000,0.5765000,271730.5,1790562419999,156215.52717000,1394,191730.9,110239.06655000,0
1790562420000,0.5766000,0.5787000,0.5765000,0.5773000,358024.1,1790562479999,206837.77589000,1665,162188.2,93709.83373000,0
1790562480000,0.5772000,0.5772000,0.5743000,0.5743000,203632.7,1790562539999,117261.84623000,929,66833.7,38505.05146000,0
1790562540000,0.5742000,0.5749000,0.5735000,0.5740000,219352.1,1790562599999,125947.80335000,1033,42294.5,24286.53039000,0
1790562600000,0.5739000,0.5739000,0.5712000,0.5713000,478804.3,1790562659999,274076.69832000,1613,150730.0,86330.39660000,0
1790562660000,0.5714000,0.5721000,0.5703000,0.5703000,356645.0,1790562719999,203724.96257000,1426,174533.2,99708.40080000,0
1790562720000,0.5704000,0.5713000,0.5699000,0.5708000,222705.3,1790562779999,127059.75267000,1227,128173.3,73138.24425000,0
1790562780000,0.5708000,0.5721000,0.5704000,0.5708000,632198.9,1790562839999,361101.21549000,1565,173761.6,99265.55715000,0
1790562840000,0.5708000,0.5729000,0.5706000,0.5722000,354336.1,1790562899999,202607.35873000,1315,248750.2,142192.33157000,0
1790562900000,0.5721000,0.5735000,0.5713000,0.5728000,193101.1,1790562959999,110549.12929000,1283,100693.2,57639.43373000,0
1790562960000,0.5728000,0.5735000,0.5709000,0.5733000,356986.1,1790563019999,204208.81395000,1602,158725.3,90789.23395000,0
1790563020000,0.5734000,0.5743000,0.5723000,0.5733000,363289.2,1790563079999,208287.80866000,1288,203386.8,116619.23399000,0
1790563080000,0.5732000,0.5758000,0.5727000,0.5727000,449556.9,1790563139999,258091.66391000,1803,213160.0,122472.41058000,0
1790563140000,0.5728000,0.5728000,0.5701000,0.5709000,679481.5,1790563199999,388450.56967000,1962,263871.8,150806.85407000,0
1790563200000,0.5709000,0.5722000,0.5705000,0.5719000,230801.9,1790563259999,131856.60987000,1079,106060.0,60590.58383000,0
1790563260000,0.5719000,0.5735000,0.5710000,0.5716000,249391.6,1790563319999,142676.61004000,1354,139944.1,80076.46271000,0
1790563320000,0.5716000,0.5726000,0.5704000,0.5715000,141175.7,1790563379999,80688.12845000,1233,82713.9,47275.92637000,0
1790563380000,0.5716000,0.5718000,0.5697000,0.5701000,214908.1,1790563439999,122603.71620000,1280,86625.0,49420.63397000,0
1790563440000,0.5702000,0.5706000,0.5688000,0.5689000,349751.7,1790563499999,199208.30158000,1264,123972.7,70644.91111000,0
1790563500000,0.5689000,0.5707000,0.5683000,0.5692000,398698.1,1790563559999,226881.92833000,1587,175839.4,100141.98049000,0
1790563560000,0.5692000,0.5701000,0.5673000,0.5673000,521899.0,1790563619999,296711.26957000,2002,206824.7,117684.77616000,0
1790563620000,0.5674000,0.5687000,0.5667000,0.5672000,639482.8,1790563679999,362819.59928000,2187,298972.4,169689.51808000,0
1790563680000,0.5673000,0.5680000,0.5662000,0.5668000,352678.9,1790563739999,199990.53921000,1605,186130.1,105564.77320000,0
1790563740000,0.5667000,0.5684000,0.5656000,0.5675000,830603.0,1790563799999,470612.81168000,1889,505582.8,286566.04128000,0
1790563800000,0.5676000,0.5691000,0.5673000,0.5676000,408704.3,1790563859999,232222.36278000,1585,214951.9,122139.79890000,0
1790563860000,0.5677000,0.5686000,0.5669000,0.5671000,170635.0,1790563919999,96872.57344000,1025,110815.3,62909.57688000,0
1790563920000,0.5671000,0.5718000,0.5670000,0.5718000,369447.9,1790563979999,210612.62700000,1691,252136.1,143728.73712000,0
1790563980000,0.5719000,0.5722000,0.5698000,0.5710000,358684.4,1790564039999,204788.40501000,1220,136440.5,77927.56875000,0
1790564040000,0.5710000,0.5711000,0.5697000,0.5697000,142724.4,1790564099999,81407.59742000,793,73791.8,42084.45741000,0
1790564100000,0.5696000,0.5702000,0.5683000,0.5685000,141946.4,1790564159999,80776.84467000,705,64930.5,36948.43906000,0
1790564160000,0.5684000,0.5684000,0.5662000,0.5673000,376020.4,1790564219999,213283.08426000,1039,147064.6,83459.48754000,0
1790564220000,0.5672000,0.5682000,0.5669000,0.5669000,225422.8,1790564279999,127941.32856000,820,128704.9,73042.26520000,0
1790564280000,0.5670000,0.5685000,0.5670000,0.5676000,451384.7,1790564339999,256356.83985000,1099,377626.7,214473.54462000,0
1790564340000,0.5677000,0.5680000,0.5669000,0.5677000,160148.1,1790564399999,90878.56747000,803,81811.8,46429.53612000,0
1790564400000,0.5678000,0.5712000,0.5669000,0.5702000,573681.1,1790564459999,326558.07241000,2304,347580.5,197850.67556000,0
1790564460000,0.5702000,0.5702000,0.5666000,0.5666000,307169.4,1790564519999,174513.23441000,1508,107404.0,61082.44406000,0
1790564520000,0.5668000,0.5672000,0.5644000,0.5648000,1138195.5,1790564579999,643396.86991000,2204,263424.4,148983.22811000,0
1790564580000,0.5648000,0.5664000,0.5646000,0.5659000,275840.7,1790564639999,156014.93290000,1159,178467.3,100939.92323000,0
1790564640000,0.5660000,0.5678000,0.5660000,0.5674000,555611.8,1790564699999,314825.07161000,936,521121.3,295263.69984000,0
1790564700000,0.5674000,0.5682000,0.5663000,0.5664000,147951.3,1790564759999,83889.28967000,998,64930.9,36810.38424000,0
1790564760000,0.5663000,0.5674000,0.5641000,0.5643000,559979.6,1790564819999,316825.57672000,1598,171269.7,96902.66864000,0
1790564820000,0.5643000,0.5663000,0.5638000,0.5656000,709304.6,1790564879999,400426.19465000,1375,386844.8,218496.69351000,0
1790564880000,0.5656000,0.5656000,0.5640000,0.5642000,214299.8,1790564939999,121027.91117000,796,142147.2,80283.12521000,0
1790564940000,0.5642000,0.5650000,0.5633000,0.5649000,319483.6,1790564999999,180162.32041000,1020,238887.0,134727.30640000,0
1790565000000,0.5649000,0.5670000,0.5648000,0.5664000,423482.7,1790565059999,239590.83157000,1125,253381.8,143412.10103000,0
1790565060000,0.5664000,0.5664000,0.5637000,0.5637000,204944.3,1790565119999,115754.03720000,982,120511.4,68051.79371000,0
1790565120000,0.5637000,0.5642000,0.5621000,0.5635000,381788.8,1790565179999,215041.97415000,1324,223324.4,125826.42152000,0
1790565180000,0.5635000,0.5670000,0.5635000,0.5660000,414546.5,1790565239999,234274.91564000,1652,224742.6,127032.25885000,0
1790565240000,0.5660000,0.5673000,0.5654000,0.5672000,581875.1,1790565299999,329670.60743000,942,468390.6,265413.50897000,0
1790565300000,0.5672000,0.5686000,0.5669000,0.5677000,339684.2,1790565359999,192909.08406000,1404,220525.3,125259.62289000,0
1790565360000,0.5677000,0.5692000,0.5674000,0.5690000,325638.3,1790565419999,184998.56280000,1364,141701.9,80511.84175000,0
1790565420000,0.5691000,0.5709000,0.5684000,0.5692000,251803.7,1790565479999,143453.48643000,1546,114997.7,65515.17743000,0
1790565480000,0.5693000,0.5694000,0.5659000,0.5663000,414974.4,1790565539999,235346.30738000,1414,75748.1,42963.74768000,0
1790565540000,0.5663000,0.5682000,0.5661000,0.5665000,266844.1,1790565599999,151387.92963000,955,74659.3,42340.36036000,0
1790565600000,0.5666000,0.5675000,0.5664000,0.5672000,158680.7,1790565659999,89974.68663000,1067,85555.6,48511.11133000,0
1790565660000,0.5673000,0.5678000,0.5651000,0.5655000,669206.8,1790565719999,378849.46844000,1474,126022.8,71373.63846000,0
1790565720000,0.5655000,0.5658000,0.5637000,0.5638000,227546.4,1790565779999,128433.95971000,1048,74588.9,42121.49360000,0
1790565780000,0.5639000,0.5650000,0.5637000,0.5639000,143443.1,1790565839999,80936.17750000,870,86386.6,48741.04845000,0
1790565840000,0.5639000,0.5661000,0.5633000,0.5654000,273547.4,1790565899999,154462.66256000,1226,160394.5,90598.14740000,0
1790565900000,0.5653000,0.5655000,0.5630000,0.5639000,1974271.5,1790565959999,1113562.73404000,2149,1367980.2,771506.70715000,0
1790565960000,0.5640000,0.5650000,0.5636000,0.5643000,254015.2,1790566019999,143363.81115000,1378,128689.6,72629.13583000,0
1790566020000,0.5642000,0.5649000,0.5630000,0.5633000,183429.9,1790566079999,103448.44122000,963,116586.7,65759.37781000,0
1790566080000,0.5633000,0.5660000,0.5632000,0.5643000,561898.2,1790566139999,317535.58567000,1556,423010.2,239167.19390000,0
1790566140000,0.5644000,0.5646000,0.5629000,0.5635000,329551.6,1790566199999,185719.20876000,1377,151294.1,85268.57089000,0
1790566200000,0.5636000,0.5651000,0.5634000,0.5641000,395089.2,1790566259999,222961.14107000,1695,260248.4,146869.37214000,0
1790566260000,0.5640000,0.5643000,0.5611000,0.5626000,753446.4,1790566319999,423804.00154000,2193,142671.7,80281.55635000,0
1790566320000,0.5628000,0.5634000,0.5609000,0.5610000,1225257.8,1790566379999,688498.14033000,2333,338808.9,190386.77508000,0
1790566380000,0.5610000,0.5624000,0.5605000,0.5618000,462205.7,1790566439999,259434.30185000,1714,228149.1,128090.65482000,0
1790566440000,0.5619000,0.5639000,0.5617000,0.5622000,818914.8,1790566499999,460851.89804000,1434,667021.9,375324.76568000,0
1790566500000,0.5621000,0.5631000,0.5604000,0.5622000,815803.7,1790566559999,458388.03855000,2521,490106.3,275472.18362000,0
1790566560000,0.5622000,0.5647000,0.5615000,0.5646000,395940.8,1790566619999,223083.74709000,1580,286911.2,161710.30825000,0
1790566620000,0.5646000,0.5689000,0.5644000,0.5671000,978313.5,1790566679999,554935.48658000,2606,754424.3,427946.38145000,0
1790566680000,0.5672000,0.5707000,0.5670000,0.5704000,1250546.3,1790566739999,711680.98480000,2562,802093.1,456430.42524000,0
1790566740000,0.5704000,0.5730000,0.5690000,0.5724000,1200209.3,1790566799999,685571.16753000,3168,679640.9,388446.61051000,0
1790566800000,0.5724000,0.5733000,0.5695000,0.5700000,762985.5,1790566859999,435937.82040000,2465,280173.7,160191.80646000,0
1790566860000,0.5701000,0.5721000,0.5683000,0.5718000,492757.7,1790566919999,280970.31187000,1852,185836.4,106033.23943000,0
1790566920000,0.5718000,0.5741000,0.5717000,0.5734000,529830.5,1790566979999,303715.19140000,2135,256691.1,147168.78534000,0
1790566980000,0.5734000,0.5752000,0.5730000,0.5748000,1101758.4,1790567039999,632994.18940000,2108,495782.3,284833.39031000,0
1790567040000,0.5749000,0.5763000,0.5747000,0.5755000,1030425.9,1790567099999,593268.97777000,2695,387218.6,222936.86074000,0
1790567100000,0.5756000,0.5757000,0.5715000,0.5718000,621577.0,1790567159999,356271.75466000,2089,112722.0,64619.43202000,0
1790567160000,0.5718000,0.5719000,0.5705000,0.5713000,307272.6,1790567219999,175523.45654000,1385,103161.6,58933.15893000,0
1790567220000,0.5713000,0.5731000,0.5707000,0.5723000,257988.4,1790567279999,147506.53620000,1418,109950.2,62865.80035000,0
1790567280000,0.5724000,0.5725000,0.5705000,0.5718000,339407.6,1790567339999,194008.55808000,1479,181222.8,103617.24675000,0
1790567340000,0.5719000,0.5742000,0.5709000,0.5727000,387744.5,1790567399999,222037.21718000,1643,193494.1,110772.35341000,0
1790567400000,0.5726000,0.5735000,0.5713000,0.5733000,254131.5,1790567459999,145454.51807000,1347,107250.7,61386.15382000,0
1790567460000,0.5733000,0.5735000,0.5719000,0.5729000,452594.0,1790567519999,259168.66546000,1692,89540.3,51277.20703000,0
1790567520000,0.5728000,0.5734000,0.5718000,0.5727000,340278.4,1790567579999,194861.00614000,1190,138254.9,79167.80992000,0
1790567580000,0.5728000,0.5745000,0.5710000,0.5711000,471067.7,1790567639999,269862.87266000,1558,87149.5,49939.97024000,0
1790567640000,0.5712000,0.5729000,0.5705000,0.5707000,195661.2,1790567699999,111808.72721000,925,69690.9,39803.92887000,0
1790567700000,0.5707000,0.5718000,0.5698000,0.5711000,299116.8,1790567759999,170834.11392000,1044,91525.3,52278.90012000,0
1790567760000,0.5711000,0.5718000,0.5707000,0.5711000,266200.5,1790567819999,152070.51204000,1090,110962.8,63398.86351000,0
1790567820000,0.5711000,0.5720000,0.5709000,0.5710000,360159.2,1790567879999,205758.29404000,992,164870.0,94192.23752000,0
1790567880000,0.5710000,0.5714000,0.5699000,0.5701000,304466.4,1790567939999,173737.45161000,891,74119.2,42293.82638000,0
1790567940000,0.5702000,0.5704000,0.5694000,0.5698000,263040.1,1790567999999,149882.98408000,935,74333.5,42360.36229000,0
1790568000000,0.5698000,0.5709000,0.5657000,0.5661000,1432408.3,1790568059999,813786.52039000,2950,256127.9,145559.41917000,0
1790568060000,0.5661000,0.5673000,0.5647000,0.5666000,543973.5,1790568119999,307867.26272000,2113,315227.0,178434.52346000,0
1790568120000,0.5667000,0.5671000,0.5644000,0.5648000,406007.5,1790568179999,229618.36709000,1812,255641.3,144600.92765000,0
1790568180000,0.5648000,0.5659000,0.5633000,0.5642000,404823.7,1790568239999,228367.86879000,1906,148004.4,83516.76064000,0
1790568240000,0.5642000,0.5658000,0.5639000,0.5649000,712219.2,1790568299999,402373.16100000,2136,580110.9,327740.73998000,0
1790568300000,0.5648000,0.5670000,0.5643000,0.5668000,466507.5,1790568359999,263801.71410000,2206,246999.5,139697.68201000,0
1790568360000,0.5669000,0.5714000,0.5668000,0.5713000,467234.9,1790568419999,265948.36816000,2630,286082.4,162863.26961000,0
1790568420000,0.5713000,0.5726000,0.5707000,0.5726000,404859.1,1790568479999,231465.51434000,1970,211016.7,120644.17822000,0
1790568480000,0.5724000,0.5745000,0.5705000,0.5716000,635703.6,1790568539999,363921.60642000,2495,355760.4,203630.91148000,0
1790568540000,0.5716000,0.5748000,0.5714000,0.5738000,589422.9,1790568599999,337880.63614000,1933,308797.4,176920.15376000,0
1790568600000,0.5737000,0.5745000,0.5724000,0.5742000,523997.0,1790568659999,300512.38935000,1922,274816.6,157573.98179000,0
1790568660000,0.5743000,0.5751000,0.5738000,0.5748000,444312.2,1790568719999,255260.23680000,1985,203273.6,116791.27984000,0
1790568720000,0.5749000,0.5758000,0.5734000,0.5753000,676992.2,1790568779999,389207.12522000,2795,340780.2,195948.11347000,0
1790568780000,0.5754000,0.5772000,0.5745000,0.5757000,558226.6,1790568839999,321572.00256000,2536,271685.3,156533.83775000,0
1790568840000,0.5758000,0.5776000,0.5755000,0.5765000,485847.9,1790568899999,280123.80353000,1632,234944.7,135444.75187000,0
1790568900000,0.5765000,0.5780000,0.5761000,0.5771000,887184.9,1790568959999,512122.31964000,2860,392829.6,226787.60658000,0
1790568960000,0.5772000,0.5783000,0.5761000,0.5771000,514116.1,1790569019999,296599.54820000,2101,299317.2,172724.64923000,0
1790569020000,0.5771000,0.5812000,0.5761000,0.5805000,1047992.9,1790569079999,607216.10127000,3316,581744.5,337177.79704000,0
1790569080000,0.5805000,0.5836000,0.5805000,0.5835000,1578485.1,1790569139999,919912.09175000,4455,734145.3,427800.81114000,0
1790569140000,0.5836000,0.5878000,0.5829000,0.5872000,1556871.2,1790569199999,912044.62791000,4837,792989.1,464391.55146000,0
1790569200000,0.5872000,0.5912000,0.5865000,0.5897000,4152892.9,1790569259999,2446882.35587000,7627,2620704.9,1544643.66439000,0
1790569260000,0.5897000,0.5944000,0.5895000,0.5924000,3554326.2,1790569319999,2106284.89800000,7668,1943133.3,1151828.45164000,0
1790569320000,0.5925000,0.5943000,0.5894000,0.5932000,1543833.3,1790569379999,913606.49106000,5137,701310.6,415203.40542000,0
1790569380000,0.5934000,0.5958000,0.5927000,0.5953000,2429095.2,1790569439999,1444832.69161000,6648,1144604.7,680876.47055000,0
1790569440000,0.5953000,0.5976000,0.5944000,0.5971000,3666809.7,1790569499999,2186333.29899000,7253,1843239.1,1099386.70047000,0
1790569500000,0.5971000,0.5977000,0.5939000,0.5958000,1714613.2,1790569559999,1021784.98909000,4235,676990.9,403821.80376000,0
1790569560000,0.5958000,0.5960000,0.5932000,0.5960000,1228721.1,1790569619999,730670.61712000,3950,488591.0,290624.52937000,0
1790569620000,0.5959000,0.5959000,0.5924000,0.5932000,1025718.4,1790569679999,609401.04572000,3313,384810.1,228548.46902000,0
1790569680000,0.5932000,0.5944000,0.5904000,0.5916000,1634581.4,1790569739999,967688.98531000,5048,721759.5,427246.03678000,0
1790569740000,0.5917000,0.5927000,0.5910000,0.5916000,794980.9,1790569799999,470590.15226000,2383,352958.5,208933.48278000,0
1790569800000,0.5917000,0.5948000,0.5914000,0.5930000,1262344.3,1790569859999,748867.75972000,3456,677829.0,402033.64185000,0
1790569860000,0.5929000,0.5949000,0.5926000,0.5945000,782744.1,1790569919999,464649.36775000,2943,338442.7,200907.82423000,0
1790569920000,0.5944000,0.5959000,0.5941000,0.5947000,1073684.0,1790569979999,638745.19519000,2676,572045.8,340394.24639000,0
1790569980000,0.5947000,0.5949000,0.5926000,0.5928000,640153.0,1790570039999,380350.06910000,2258,181449.6,107804.48093000,0
1790570040000,0.5929000,0.5934000,0.5916000,0.5933000,1082999.3,1790570099999,641504.29615000,3067,501570.0,297148.46348000,0
1790570100000,0.5933000,0.5955000,0.5911000,0.5939000,1240607.0,1790570159999,735862.79349000,3498,553082.8,328245.04976000,0
1790570160000,0.5939000,0.5954000,0.5928000,0.5938000,1063188.7,1790570219999,631259.08843000,2994,605951.7,359800.43835000,0
1790570220000,0.5937000,0.5952000,0.5925000,0.5948000,1249874.5,1790570279999,742355.80436000,3242,610154.4,362572.02005000,0
1790570280000,0.5948000,0.5974000,0.5948000,0.5972000,1142435.3,1790570339999,681301.52935000,3810,622956.6,371621.14646000,0
1790570340000,0.5971000,0.6004000,0.5969000,0.5988000,3693423.3,1790570399999,2212544.23942000,8922,2303597.5,1380137.28261000,0
1790570400000,0.5987000,0.6032000,0.5977000,0.6007000,3361255.8,1790570459999,2019069.41856000,6240,2352676.2,1413609.24362000,0
1790570460000,0.6007000,0.6015000,0.5998000,0.6010000,1408474.9,1790570519999,845884.25321000,3583,416747.7,250320.98439000,0
1790570520000,0.6009000,0.6029000,0.5998000,0.6020000,1143550.6,1790570579999,687482.76842000,3431,498703.4,299910.65334000,0
1790570580000,0.6021000,0.6030000,0.6009000,0.6015000,1181581.4,1790570639999,711203.32563000,3827,524233.3,315614.82135000,0
1790570640000,0.6015000,0.6025000,0.6008000,0.6012000,769190.9,1790570699999,462803.61504000,2543,317914.5,191316.79978000,0
1790570700000,0.6012000,0.6116000,0.6001000,0.6058000,7255566.7,1790570759999,4391924.90013000,8795,5597386.3,3389822.73376000,0
1790570760000,0.6057000,0.6076000,0.6041000,0.6048000,2877448.8,1790570819999,1742706.52893000,9450,1386198.7,839514.62213000,0
1790570820000,0.6049000,0.6083000,0.6047000,0.6060000,2273760.4,1790570879999,1379503.25810000,8046,1243587.9,754596.42197000,0
1790570880000,0.6059000,0.6061000,0.6040000,0.6055000,1272656.9,1790570939999,769906.67682000,3679,470212.6,284511.39324000,0
1790570940000,0.6056000,0.6058000,0.6034000,0.6045000,978171.3,1790570999999,591080.03424000,2671,338831.7,204803.04299000,0
1790571000000,0.6045000,0.6055000,0.6021000,0.6022000,1060872.6,1790571059999,640070.79350000,3199,340970.4,205750.32303000,0
1790571060000,0.6023000,0.6044000,0.6008000,0.6013000,1163616.4,1790571119999,700843.04098000,4027,494066.0,297577.40616000,0
1790571120000,0.6013000,0.6023000,0.6005000,0.6018000,786830.0,1790571179999,473124.64352000,3014,315640.2,189858.62330000,0
1790571180000,0.6018000,0.6019000,0.5995000,0.6013000,969572.2,1790571239999,582390.74892000,3268,374607.8,225042.55638000,0
1790571240000,0.6013000,0.6037000,0.5995000,0.5998000,799070.5,1790571299999,480156.02420000,3354,392450.9,235903.27753000,0
1790571300000,0.5998000,0.6009000,0.5983000,0.5999000,812456.8,1790571359999,487154.00958000,2757,339931.1,203876.02339000,0
1790571360000,0.5999000,0.6008000,0.5983000,0.5992000,549249.8,1790571419999,329284.52265000,2161,250523.7,150204.10468000,0
1790571420000,0.5993000,0.5993000,0.5958000,0.5968000,1750192.3,1790571479999,1044799.17227000,4472,610189.6,364285.66601000,0
1790571480000,0.5969000,0.5986000,0.5963000,0.5973000,714035.8,1790571539999,426471.87016000,2610,351212.9,209823.94430000,0
1790571540000,0.5972000,0.5972000,0.5944000,0.5947000,1239745.5,1790571599999,737881.19522000,3444,392110.5,233371.98811000,0
1790571600000,0.5947000,0.5960000,0.5924000,0.5932000,2992113.0,1790571659999,1776744.58551000,5638,1272337.7,755421.95053000,0
1790571660000,0.5932000,0.5932000,0.5916000,0.5919000,1017755.3,1790571719999,602804.47952000,3236,426068.6,252408.12664000,0
1790571720000,0.5919000,0.5920000,0.5875000,0.5896000,2997256.5,1790571779999,1767023.25509000,6395,917989.2,541478.34909000,0
1790571780000,0.5896000,0.5904000,0.5877000,0.5888000,984423.7,1790571839999,579761.73209000,3203,462236.3,272328.59118000,0
1790571840000,0.5889000,0.5900000,0.5884000,0.5885000,615430.6,1790571899999,362610.23572000,2093,344688.0,203086.87593000,0
1790571900000,0.5886000,0.5888000,0.5861000,0.5872000,859651.3,1790571959999,505023.32328000,3009,467791.9,274867.41988000,0
1790571960000,0.5872000,0.5873000,0.5855000,0.5855000,671907.6,1790572019999,394043.04093000,2517,299100.5,175422.03052000,0
1790572020000,0.5855000,0.5857000,0.5837000,0.5845000,1449347.3,1790572079999,847276.98229000,3401,527249.5,308303.33364000,0
1790572080000,0.5845000,0.5858000,0.5839000,0.5849000,692440.9,1790572139999,405042.76124000,2186,453760.1,265428.57842000,0
1790572140000,0.5849000,0.5861000,0.5836000,0.5853000,731354.3,1790572199999,427573.17125000,2173,443416.7,259269.54597000,0
1790572200000,0.5853000,0.5865000,0.5839000,0.5853000,729943.2,1790572259999,427162.50753000,2141,432171.0,252924.75629000,0
1790572260000,0.5853000,0.5856000,0.5826000,0.5831000,1031375.8,1790572319999,602091.30153000,2825,530095.2,309492.48495000,0
1790572320000,0.5830000,0.5831000,0.5786000,0.5810000,5792755.4,1790572379999,3363864.99844000,5352,3121335.6,1812175.94874000,0
1790572380000,0.5809000,0.5817000,0.5797000,0.5800000,714958.8,1790572439999,415140.71946000,2433,424577.8,246545.10421000,0
1790572440000,0.5801000,0.5801000,0.5771000,0.5797000,2030261.1,1790572499999,1174558.79182000,4956,825762.5,477974.66633000,0
1790572500000,0.5798000,0.5806000,0.5790000,0.5801000,561972.7,1790572559999,325830.61397000,1979,361565.4,209662.86629000,0
1790572560000,0.5800000,0.5803000,0.5767000,0.5779000,1178123.6,1790572619999,681166.85112000,3353,463788.9,268238.47808000,0
1790572620000,0.5779000,0.5783000,0.5761000,0.5783000,1092508.8,1790572679999,630522.03179000,3078,441242.1,254689.84366000,0
1790572680000,0.5783000,0.5806000,0.5766000,0.5795000,685326.1,1790572739999,396925.89718000,2168,498826.1,288958.51880000,0
1790572740000,0.5794000,0.5794000,0.5768000,0.5769000,571717.4,1790572799999,330514.65008000,2030,341875.1,197609.44202000,0
1790572800000,0.5769000,0.5774000,0.5759000,0.5767000,499849.9,1790572859999,288202.62048000,1569,249793.8,144059.92439000,0
1790572860000,0.5767000,0.5770000,0.5755000,0.5762000,529291.2,1790572919999,304903.43452000,1863,278212.8,160284.21834000,0
1790572920000,0.5763000,0.5780000,0.5759000,0.5762000,745274.8,1790572979999,429762.34301000,1896,513029.3,295838.62955000,0
1790572980000,0.5763000,0.5766000,0.5749000,0.5758000,955037.0,1790573039999,549675.46479000,2622,467165.1,268882.31058000,0
1790573040000,0.5757000,0.5766000,0.5751000,0.5754000,528422.2,1790573099999,304303.27789000,1474,299623.1,172562.47907000,0
1790573100000,0.5754000,0.5766000,0.5747000,0.5758000,619084.6,1790573159999,356337.14037000,1471,346520.4,199477.19635000,0
1790573160000,0.5758000,0.5764000,0.5754000,0.5759000,349538.4,1790573219999,201283.23069000,1147,227408.6,130957.93925000,0
1790573220000,0.5759000,0.5768000,0.5750000,0.5760000,514264.6,1790573279999,296225.05397000,1596,343737.4,198062.12545000,0
1790573280000,0.5760000,0.5777000,0.5755000,0.5758000,524394.8,1790573339999,302333.31933000,1397,292128.4,168457.48292000,0
1790573340000,0.5758000,0.5761000,0.5747000,0.5756000,682379.9,1790573399999,392621.99044000,1678,422149.8,242889.90507000,0
1790573400000,0.5755000,0.5756000,0.5745000,0.5752000,375763.9,1790573459999,216053.82651000,1075,172973.7,99451.45100000,0
1790573460000,0.5753000,0.5764000,0.5731000,0.5738000,949514.2,1790573519999,545563.27618000,2080,323321.0,185845.39365000,0
1790573520000,0.5739000,0.5744000,0.5713000,0.5718000,1365333.5,1790573579999,781864.89823000,4541,628346.1,359857.82871000,0
1790573580000,0.5719000,0.5722000,0.5692000,0.5696000,2109118.6,1790573639999,1202884.55184000,4658,801658.0,457183.43680000,0
1790573640000,0.5696000,0.5705000,0.5682000,0.5684000,1347832.7,1790573699999,767641.59186000,3221,571129.4,325327.92725000,0
1790573700000,0.5685000,0.5706000,0.5684000,0.5695000,1139628.3,1790573759999,649086.71793000,2264,561851.7,320027.86602000,0
1790573760000,0.5695000,0.5711000,0.5688000,0.5709000,1013327.1,1790573819999,577337.63568000,2304,598470.4,341064.11139000,0
1790573820000,0.5709000,0.5730000,0.5698000,0.5716000,857419.1,1790573879999,489804.98504000,2315,493406.9,281986.05928000,0
1790573880000,0.5715000,0.5723000,0.5683000,0.5687000,967266.4,1790573939999,551504.88417000,2226,408641.4,233040.98691000,0
1790573940000,0.5687000,0.5699000,0.5657000,0.5676000,1806316.1,1790573999999,1025154.45086000,3311,609208.2,346092.90119000,0
1790574000000,0.5676000,0.5719000,0.5669000,0.5714000,1294210.1,1790574059999,737186.11223000,2678,933888.6,532150.34098000,0
1790574060000,0.5713000,0.5769000,0.5699000,0.5766000,1586881.7,1790574119999,910258.04711000,3907,1079040.4,619042.48506000,0
1790574120000,0.5766000,0.5792000,0.5760000,0.5790000,1582015.2,1790574179999,914346.22648000,3197,945383.5,546417.00247000,0
1790574180000,0.5789000,0.5808000,0.5778000,0.5807000,935288.0,1790574239999,541637.66776000,2443,600767.3,347978.04033000,0
1790574240000,0.5807000,0.5844000,0.5803000,0.5840000,2927385.7,1790574299999,1704949.11751000,5127,2031113.7,1183253.42257000,0
1790574300000,0.5839000,0.5849000,0.5804000,0.5806000,1480091.3,1790574359999,863396.99236000,3718,631994.3,368760.45722000,0
1790574360000,0.5806000,0.5812000,0.5779000,0.5789000,1359355.0,1790574419999,787786.57932000,3269,444604.5,257787.99619000,0
1790574420000,0.5789000,0.5810000,0.5788000,0.5800000,636417.9,1790574479999,369201.96207000,1954,413797.2,240059.28855000,0
1790574480000,0.5800000,0.5801000,0.5779000,0.5783000,531461.2,1790574539999,307866.90651000,1818,180641.1,104593.93198000,0
1790574540000,0.5782000,0.5784000,0.5772000,0.5778000,298438.2,1790574599999,172433.46086000,1198,149974.5,86649.13117000,0
1790574600000,0.5779000,0.5782000,0.5769000,0.5772000,310320.1,1790574659999,179208.73936000,1128,146702.4,84713.88279000,0
1790574660000,0.5771000,0.5777000,0.5763000,0.5777000,421220.0,1790574719999,243027.90780000,1642,206254.8,119029.20575000,0
1790574720000,0.5777000,0.5780000,0.5759000,0.5778000,586885.6,1790574779999,338519.19298000,1480,315612.8,182051.64790000,0
1790574780000,0.5778000,0.5779000,0.5760000,0.5764000,379341.8,1790574839999,218992.91269000,1252,213635.2,123331.67144000,0
1790574840000,0.5764000,0.5793000,0.5763000,0.5782000,342733.8,1790574899999,198069.43575000,1245,205759.2,118903.24837000,0
1790574900000,0.5783000,0.5785000,0.5768000,0.5781000,394511.5,1790574959999,227835.33048000,1381,167831.9,96924.00794000,0
1790574960000,0.5781000,0.5800000,0.5781000,0.5796000,268903.0,1790575019999,155771.07790000,1200,140710.7,81519.69725000,0
1790575020000,0.5796000,0.5807000,0.5795000,0.5805000,392482.9,1790575079999,227703.91863000,1285,244738.4,141993.57869000,0
1790575080000,0.5805000,0.5823000,0.5800000,0.5822000,685668.4,1790575139999,398765.13848000,1895,389824.6,226718.37738000,0
1790575140000,0.5822000,0.5822000,0.5808000,0.5811000,418776.8,1790575199999,243463.24064000,1427,199445.9,115959.93280000,0
1790575200000,0.5810000,0.5824000,0.5791000,0.5799000,660300.1,1790575259999,383315.88554000,1936,279843.9,162490.57063000,0
1790575260000,0.5799000,0.5799000,0.5775000,0.5777000,497573.6,1790575319999,287841.67458000,1815,208108.8,120342.02348000,0
1790575320000,0.5777000,0.5780000,0.5742000,0.5756000,1513960.1,1790575379999,871557.66973000,2585,245764.7,141543.54723000,0
1790575380000,0.5757000,0.5766000,0.5736000,0.5741000,560492.1,1790575439999,322555.74717000,1929,193535.0,111429.84000000,0
1790575440000,0.5743000,0.5751000,0.5708000,0.5718000,1175658.8,1790575499999,673354.02855000,3336,455023.6,260686.85576000,0
1790575500000,0.5718000,0.5736000,0.5706000,0.5734000,703673.8,1790575559999,402559.00846000,2047,411412.2,235528.28714000,0
1790575560000,0.5733000,0.5763000,0.5730000,0.5759000,625979.8,1790575619999,360095.83389000,2103,407790.6,234585.15925000,0
1790575620000,0.5760000,0.5767000,0.5742000,0.5749000,530480.8,1790575679999,305348.52714000,1724,214297.8,123346.12237000,0
1790575680000,0.5749000,0.5767000,0.5744000,0.5765000,318389.8,1790575739999,183176.27715000,961,155099.6,89248.80017000,0
1790575740000,0.5764000,0.5774000,0.5759000,0.5772000,437375.1,1790575799999,252259.02302000,1270,296755.2,171174.80380000,0
1790575800000,0.5772000,0.5794000,0.5771000,0.5786000,711799.6,1790575859999,411778.02495000,1908,473446.9,273876.64875000,0
1790575860000,0.5786000,0.5811000,0.5785000,0.5805000,1035346.7,1790575919999,600476.53918000,1754,811981.4,470897.27546000,0
1790575920000,0.5804000,0.5806000,0.5788000,0.5792000,381778.4,1790575979999,221384.69419000,1428,140403.2,81405.54126000,0
1790575980000,0.5792000,0.5794000,0.5778000,0.5779000,394396.4,1790576039999,228123.50390000,1153,190436.4,110151.88168000,0
1790576040000,0.5779000,0.5780000,0.5763000,0.5765000,188672.6,1790576099999,108845.21458000,949,72844.2,42023.70201000,0
1790576100000,0.5764000,0.5768000,0.5752000,0.5758000,305636.3,1790576159999,176077.59165000,1205,166221.7,95791.18710000,0
1790576160000,0.5758000,0.5762000,0.5746000,0.5753000,293559.2,1790576219999,168866.30427000,1591,100305.8,57708.33311000,0
1790576220000,0.5752000,0.5752000,0.5736000,0.5737000,386917.0,1790576279999,222159.21254000,1338,171775.6,98628.72474000,0
1790576280000,0.5736000,0.5742000,0.5731000,0.5732000,229472.0,1790576339999,131602.90434000,878,129608.0,74329.06842000,0
1790576340000,0.5732000,0.5732000,0.5720000,0.5723000,272277.8,1790576399999,155871.47476000,992,144990.4,83000.84959000,0
1790576400000,0.5723000,0.5733000,0.5703000,0.5709000,1038346.7,1790576459999,593166.62399000,2235,278388.9,159112.80148000,0
1790576460000,0.5708000,0.5724000,0.5708000,0.5723000,297417.4,1790576519999,169938.82295000,1134,139370.1,79649.86249000,0
1790576520000,0.5724000,0.5740000,0.5721000,0.5740000,341527.3,1790576579999,195624.23928000,1266,227483.8,130309.85470000,0
1790576580000,0.5740000,0.5748000,0.5732000,0.5748000,566698.8,1790576639999,325261.04799000,1696,351171.6,201565.27800000,0
1790576640000,0.5748000,0.5766000,0.5741000,0.5741000,934925.0,1790576699999,538264.74478000,2170,651010.0,374866.12428000,0
1790576700000,0.5741000,0.5754000,0.5739000,0.5742000,262212.3,1790576759999,150705.46995000,1002,141584.4,81377.18884000,0
1790576760000,0.5742000,0.5766000,0.5741000,0.5752000,248417.9,1790576819999,142948.93919000,996,142315.4,81901.18983000,0
1790576820000,0.5751000,0.5752000,0.5727000,0.5735000,330170.2,1790576879999,189419.71460000,1080,157099.6,90128.81700000,0
1790576880000,0.5735000,0.5747000,0.5734000,0.5743000,192325.4,1790576939999,110387.79216000,797,108563.7,62299.72450000,0
1790576940000,0.5743000,0.5745000,0.5733000,0.5735000,163704.3,1790576999999,93958.81594000,641,103079.8,59164.16169000,0
1790577000000,0.5735000,0.5745000,0.5724000,0.5739000,304358.9,1790577059999,174552.11979000,1119,139234.8,79831.79501000,0
1790577060000,0.5738000,0.5758000,0.5737000,0.5756000,364284.8,1790577119999,209484.85080000,1328,208732.4,120040.01743000,0
1790577120000,0.5755000,0.5770000,0.5745000,0.5767000,551842.1,1790577179999,317872.38270000,1572,353587.5,203709.44513000,0
1790577180000,0.5767000,0.5769000,0.5755000,0.5758000,313966.9,1790577239999,180875.16407000,1047,136296.1,78521.84834000,0
1790577240000,0.5758000,0.5760000,0.5746000,0.5757000,209072.2,1790577299999,120235.58757000,905,87386.6,50256.07517000,0
1790577300000,0.5757000,0.5764000,0.5749000,0.5762000,173315.5,1790577359999,99769.99113000,864,64222.2,36974.10045000,0
1790577360000,0.5763000,0.5776000,0.5733000,0.5737000,719945.8,1790577419999,413804.35994000,1615,158320.6,91184.66532000,0
1790577420000,0.5737000,0.5737000,0.5716000,0.5718000,326506.6,1790577479999,186971.61271000,1281,179118.9,102572.76066000,0
1790577480000,0.5719000,0.5730000,0.5710000,0.5717000,347663.1,1790577539999,198918.35304000,1141,139762.1,79952.85751000,0
1790577540000,0.5717000,0.5725000,0.5713000,0.5713000,222536.1,1790577599999,127268.11337000,832,115585.5,66108.74640000,0
1790577600000,0.5713000,0.5736000,0.5713000,0.5725000,270426.8,1790577659999,154865.44822000,1064,169755.3,97195.67163000,0
1790577660000,0.5725000,0.5738000,0.5721000,0.5738000,200166.8,1790577719999,114691.05174000,887,113635.3,65136.09904000,0
1790577720000,0.5737000,0.5756000,0.5737000,0.5753000,255544.1,1790577779999,146894.30142000,1101,167043.3,96027.32794000,0
1790577780000,0.5752000,0.5766000,0.5745000,0.5748000,275090.6,1790577839999,158398.37157000,1052,110806.6,63796.99772000,0
1790577840000,0.5748000,0.5749000,0.5732000,0.5732000,141374.3,1790577899999,81156.67614000,586,47824.5,27472.37783000,0
1790577900000,0.5732000,0.5742000,0.5728000,0.5735000,261042.4,1790577959999,149706.98761000,915,114456.7,65643.38652000,0
1790577960000,0.5734000,0.5734000,0.5711000,0.5711000,352644.9,1790578019999,201879.98846000,1181,104097.8,59607.47340000,0
1790578020000,0.5711000,0.5711000,0.5694000,0.5700000,768865.6,1790578079999,438410.25102000,1813,184455.8,105183.44968000,0
1790578080000,0.5699000,0.5703000,0.5691000,0.5701000,293899.6,1790578139999,167413.82091000,1066,155194.4,88402.83944000,0
1790578140000,0.5701000,0.5701000,0.5688000,0.5693000,391476.3,1790578199999,222861.53309000,1180,182092.7,103671.48114000,0
1790578200000,0.5691000,0.5694000,0.5682000,0.5689000,701865.7,1790578259999,399198.80369000,1467,340881.6,193892.41946000,0
1790578260000,0.5689000,0.5702000,0.5687000,0.5695000,257907.1,1790578319999,146881.74278000,1024,171248.0,97534.59636000,0
1790578320000,0.5695000,0.5698000,0.5686000,0.5690000,150263.6,1790578379999,85523.92247000,661,73583.5,41875.27069000,0
1790578380000,0.5690000,0.5713000,0.5690000,0.5706000,257356.6,1790578439999,146768.86264000,1004,126835.3,72311.85318000,0
1790578440000,0.5706000,0.5706000,0.5682000,0.5688000,418330.3,1790578499999,238149.27267000,929,196202.8,111695.23940000,0
1790578500000,0.5688000,0.5689000,0.5674000,0.5675000,386647.9,1790578559999,219660.88542000,1077,180918.5,102795.08489000,0
1790578560000,0.5676000,0.5678000,0.5666000,0.5675000,379895.9,1790578619999,215448.82418000,1247,187766.2,106493.66991000,0
1790578620000,0.5675000,0.5690000,0.5674000,0.5686000,326646.1,1790578679999,185660.85646000,989,265141.2,150702.64519000,0
1790578680000,0.5686000,0.5695000,0.5686000,0.5691000,349319.4,1790578739999,198793.03486000,832,275915.4,157018.02838000,0
1790578740000,0.5691000,0.5700000,0.5687000,0.5693000,99507.2,1790578799999,56664.42169000,555,49724.7,28317.25322000,0
1790578800000,0.5694000,0.5705000,0.5678000,0.5699000,311254.5,1790578859999,177121.87991000,1240,182834.5,104049.59221000,0
1790578860000,0.5698000,0.5698000,0.5673000,0.5690000,422181.5,1790578919999,239917.45664000,1323,139934.7,79506.59475000,0
1790578920000,0.5691000,0.5700000,0.5671000,0.5689000,452515.2,1790578979999,257093.18426000,1439,213213.0,121159.00873000,0
1790578980000,0.5689000,0.5707000,0.5687000,0.5694000,273227.3,1790579039999,155589.03247000,1276,162629.9,92618.87846000,0
1790579040000,0.5694000,0.5711000,0.5681000,0.5708000,413150.1,1790579099999,235394.33852000,1425,230828.8,131532.95273000,0
1790579100000,0.5709000,0.5711000,0.5688000,0.5688000,466950.8,1790579159999,266121.67507000,1307,219285.8,124946.92099000,0
1790579160000,0.5688000,0.5693000,0.5667000,0.5677000,792365.3,1790579219999,449844.75432000,1933,171775.1,97515.20886000,0
1790579220000,0.5676000,0.5677000,0.5643000,0.5651000,1612139.6,1790579279999,911652.13067000,2491,357177.9,202134.38433000,0
1790579280000,0.5650000,0.5659000,0.5648000,0.5653000,718163.2,1790579339999,406010.60467000,2013,437035.2,247086.17141000,0
1790579340000,0.5653000,0.5655000,0.5639000,0.5639000,663131.7,1790579399999,374275.65825000,1433,172118.3,97186.93277000,0
1790579400000,0.5640000,0.5645000,0.5630000,0.5632000,1088133.1,1790579459999,613220.59805000,1860,202402.1,114098.96110000,0
1790579460000,0.5631000,0.5635000,0.5613000,0.5632000,1885574.1,1790579519999,1059853.78960000,3096,660947.9,371659.64989000,0
1790579520000,0.5631000,0.5633000,0.5585000,0.5599000,1525467.2,1790579579999,855147.15459000,3049,411192.8,230804.66150000,0
1790579580000,0.5599000,0.5600000,0.5582000,0.5585000,1221958.9,1790579639999,683017.11228000,3398,587814.1,328590.47403000,0
1790579640000,0.5584000,0.5590000,0.5573000,0.5578000,1219890.3,1790579699999,680657.60926000,2971,530991.2,296353.03498000,0
1790579700000,0.5578000,0.5594000,0.5562000,0.5590000,1879167.9,1790579759999,1048015.58894000,4120,1122524.2,626235.13136000,0
1790579760000,0.5590000,0.5603000,0.5577000,0.5589000,822629.0,1790579819999,459886.35529000,1833,298211.3,166752.79494000,0
1790579820000,0.5589000,0.5605000,0.5571000,0.5573000,804057.1,1790579879999,449032.78281000,2364,333513.4,186295.39161000,0
1790579880000,0.5572000,0.5581000,0.5565000,0.5577000,721760.6,1790579939999,402276.36466000,1902,321869.8,179418.45046000,0
1790579940000,0.5577000,0.5591000,0.5574000,0.5577000,426409.9,1790579999999,238017.57137000,1415,259498.4,144864.15913000,0
1790580000000,0.5579000,0.5591000,0.5574000,0.5587000,303614.6,1790580059999,169467.10591000,1387,167454.4,93459.79021000,0
1790580060000,0.5586000,0.5587000,0.5534000,0.5548000,2676220.8,1790580119999,1484668.58801000,5305,705582.4,391603.40371000,0
1790580120000,0.5547000,0.5552000,0.5501000,0.5510000,3648820.1,1790580179999,2013041.80914000,6967,957520.1,528668.46674000,0
1790580180000,0.5509000,0.5516000,0.5427000,0.5464000,7629517.7,1790580239999,4170053.39795000,14052,2193958.3,1198837.01438000,0
1790580240000,0.5465000,0.5485000,0.5462000,0.5474000,1744277.1,1790580299999,954845.04574000,3913,1008380.9,552078.49800000,0
1790580300000,0.5475000,0.5496000,0.5463000,0.5476000,1681927.3,1790580359999,921584.88709000,3750,1008820.8,552707.37618000,0
1790580360000,0.5477000,0.5487000,0.5439000,0.5459000,2519629.9,1790580419999,1376114.96859000,4192,877398.4,479385.42141000,0
1790580420000,0.5459000,0.5477000,0.5448000,0.5456000,1412874.0,1790580479999,771691.79945000,2957,607349.3,331898.71988000,0
1790580480000,0.5456000,0.5473000,0.5451000,0.5459000,909574.0,1790580539999,496780.70448000,2191,465424.7,254214.45565000,0
1790580540000,0.5459000,0.5469000,0.5458000,0.5464000,699788.5,1790580599999,382436.32027000,1188,495873.2,270990.78758000,0
1790580600000,0.5464000,0.5479000,0.5463000,0.5474000,682443.0,1790580659999,373289.45296000,1774,414806.7,226910.40602000,0
1790580660000,0.5474000,0.5482000,0.5458000,0.5462000,592810.8,1790580719999,324310.60613000,1823,247577.6,135453.28424000,0
1790580720000,0.5462000,0.5481000,0.5451000,0.5458000,962738.0,1790580779999,525950.44187000,2288,638147.5,348631.43405000,0
1790580780000,0.5459000,0.5469000,0.5453000,0.5458000,638283.0,1790580839999,348472.81988000,1734,307831.6,168075.67907000,0
1790580840000,0.5459000,0.5466000,0.5430000,0.5462000,1347344.3,1790580899999,733466.50435000,3528,487508.4,265529.43952000,0
1790580900000,0.5462000,0.5470000,0.5459000,0.5467000,682840.8,1790580959999,373180.27552000,1991,391058.9,213743.35267000,0
1790580960000,0.5467000,0.5481000,0.5464000,0.5478000,382154.9,1790581019999,209234.68748000,1235,215662.9,118091.46432000,0
1790581020000,0.5477000,0.5493000,0.5474000,0.5487000,620254.0,1790581079999,340036.39760000,1766,453757.3,248763.45232000,0
1790581080000,0.5487000,0.5487000,0.5466000,0.5470000,635172.3,1790581139999,347778.82252000,1743,301482.9,165078.25721000,0
1790581140000,0.5469000,0.5470000,0.5458000,0.5468000,740605.5,1790581199999,404592.63711000,1312,286468.8,156551.95017000,0
1790581200000,0.5467000,0.5492000,0.5467000,0.5487000,339550.2,1790581259999,186024.73926000,1079,210142.4,115123.87354000,0
1790581260000,0.5487000,0.5492000,0.5478000,0.5480000,280630.1,1790581319999,153923.15390000,1136,219691.7,120490.00331000,0
1790581320000,0.5480000,0.5480000,0.5466000,0.5469000,221528.0,1790581379999,121205.07531000,1009,126900.9,69417.57036000,0
1790581380000,0.5469000,0.5470000,0.5458000,0.5462000,380432.3,1790581439999,207878.91651000,916,136326.9,74472.53195000,0
1790581440000,0.5463000,0.5464000,0.5435000,0.5436000,1230727.7,1790581499999,670804.34858000,2167,381130.5,207656.16297000,0
1790581500000,0.5436000,0.5446000,0.5361000,0.5371000,12382416.1,1790581559999,6685269.88361000,17797,3009974.3,1626911.59107000,0
1790581560000,0.5370000,0.5392000,0.5354000,0.5390000,3389707.3,1790581619999,1820838.14809000,6777,1550271.5,833248.87435000,0
1790581620000,0.5390000,0.5403000,0.5377000,0.5397000,1093797.1,1790581679999,589908.09657000,2321,680379.2,366993.23515000,0
1790581680000,0.5397000,0.5401000,0.5380000,0.5384000,1327993.3,1790581739999,715854.49920000,3069,534466.3,288126.21026000,0
1790581740000,0.5384000,0.5384000,0.5022000,0.5101000,31275231.7,1790581799999,16190708.85376000,47360,10308840.4,5324867.32515000,0
1790581800000,0.5102000,0.5245000,0.5101000,0.5237000,11074377.5,1790581859999,5749115.46079000,20117,7122196.9,3697869.79778000,0
1790581860000,0.5236000,0.5237000,0.5190000,0.5219000,2791722.0,1790581919999,1455114.41882000,6524,1246698.3,649827.03098000,0
1790581920000,0.5219000,0.5226000,0.5167000,0.5180000,3928623.0,1790581979999,2041039.50883000,5220,875571.0,455131.93805000,0
1790581980000,0.5179000,0.5190000,0.5132000,0.5171000,5237673.6,1790582039999,2700131.36578000,11409,2296474.8,1183968.29489000,0
1790582040000,0.5171000,0.5178000,0.5141000,0.5158000,2894390.4,1790582099999,1493147.79936000,6019,999703.9,515653.57600000,0
1790582100000,0.5157000,0.5200000,0.5146000,0.5199000,2778317.2,1790582159999,1438139.31577000,6321,1499371.7,776358.60967000,0
1790582160000,0.5198000,0.5211000,0.5190000,0.5194000,2099414.6,1790582219999,1091599.93747000,4480,1136622.4,591051.35343000,0
1790582220000,0.5193000,0.5194000,0.5164000,0.5166000,1444887.3,1790582279999,748482.40770000,3751,633109.7,327969.66658000,0
1790582280000,0.5167000,0.5202000,0.5158000,0.5186000,2605025.8,1790582339999,1350162.44665000,5806,1273725.7,660311.35543000,0
1790582340000,0.5186000,0.5213000,0.5184000,0.5194000,1599455.3,1790582399999,831136.24198000,3986,877583.1,456095.21492000,0
1790582400000,0.5193000,0.5196000,0.5166000,0.5184000,1724025.2,1790582459999,893060.92433000,4356,584936.3,303044.31958000,0
1790582460000,0.5184000,0.5225000,0.5176000,0.5225000,1491807.0,1790582519999,776518.71817000,3929,1007034.1,524284.96952000,0
1790582520000,0.5224000,0.5260000,0.5223000,0.5256000,3806472.7,1790582579999,1998076.53816000,5501,2569437.7,1348844.58749000,0
1790582580000,0.5256000,0.5283000,0.5235000,0.5274000,3182566.1,1790582639999,1675699.78306000,5763,1990192.8,1048120.72271000,0
1790582640000,0.5274000,0.5275000,0.5254000,0.5260000,1156009.0,1790582699999,608476.95594000,3234,521975.6,274747.58423000,0
1790582700000,0.5260000,0.5265000,0.5236000,0.5237000,1204777.6,1790582759999,632535.83989000,3391,517345.9,271708.48287000,0
1790582760000,0.5237000,0.5247000,0.5226000,0.5232000,1589629.9,1790582819999,832503.76599000,2824,714684.8,374387.80983000,0
1790582820000,0.5231000,0.5243000,0.5227000,0.5235000,1256012.8,1790582879999,657656.00591000,2680,640702.8,335475.23168000,0
1790582880000,0.5235000,0.5253000,0.5229000,0.5241000,1205655.7,1790582939999,631657.32657000,2898,576798.3,302178.44674000,0
1790582940000,0.5241000,0.5256000,0.5227000,0.5239000,1764949.2,1790582999999,924851.12828000,2576,408106.8,213887.70259000,0
1790583000000,0.5239000,0.5266000,0.5236000,0.5265000,951327.1,1790583059999,499497.04117000,2086,681362.7,357817.99880000,0
1790583060000,0.5266000,0.5288000,0.5254000,0.5285000,1256212.4,1790583119999,662321.82790000,3061,788618.7,415953.99087000,0
1790583120000,0.5285000,0.5295000,0.5273000,0.5275000,995013.1,1790583179999,525554.41667000,3630,536751.5,283558.78527000,0
1790583180000,0.5275000,0.5278000,0.5257000,0.5264000,845351.9,1790583239999,445043.27583000,3376,362142.6,190715.50904000,0
1790583240000,0.5263000,0.5290000,0.5260000,0.5286000,811691.7,1790583299999,428428.73062000,1946,471737.6,248951.15949000,0
1790583300000,0.5285000,0.5293000,0.5279000,0.5291000,830683.3,1790583359999,439297.50530000,2398,437611.2,231444.85978000,0
1790583360000,0.5291000,0.5299000,0.5278000,0.5284000,1166527.3,1790583419999,617136.24781000,3347,688825.3,364487.30345000,0
1790583420000,0.5284000,0.5289000,0.5261000,0.5266000,838722.0,1790583479999,442203.05616000,3184,328437.6,173228.80034000,0
1790583480000,0.5267000,0.5273000,0.5250000,0.5252000,808423.9,1790583539999,425211.45127000,2364,391547.2,205933.85062000,0
1790583540000,0.5251000,0.5263000,0.5247000,0.5259000,431207.5,1790583599999,226676.44497000,1492,264299.2,138960.80154000,0
1790583600000,0.5260000,0.5296000,0.5257000,0.5283000,1237143.9,1790583659999,652798.38777000,2591,661547.7,349138.60152000,0
1790583660000,0.5284000,0.5288000,0.5269000,0.5273000,469684.7,1790583719999,247985.58091000,1841,212961.5,112447.11522000,0
1790583720000,0.5272000,0.5272000,0.5245000,0.5248000,641143.2,1790583779999,336994.47555000,2023,249184.9,130984.01072000,0
1790583780000,0.5248000,0.5248000,0.5233000,0.5240000,870765.3,1790583839999,456097.48088000,2480,237943.4,124671.45564000,0
1790583840000,0.5240000,0.5245000,0.5221000,0.5238000,816758.7,1790583899999,427469.47856000,2144,316919.3,165933.89578000,0
1790583900000,0.5238000,0.5254000,0.5235000,0.5240000,1011427.2,1790583959999,530422.72532000,2243,544788.7,285831.84094000,0
1790583960000,0.5239000,0.5258000,0.5239000,0.5254000,858408.3,1790584019999,450671.96682000,2171,606299.4,318332.57752000,0
1790584020000,0.5254000,0.5262000,0.5240000,0.5240000,480279.2,1790584079999,252053.66058000,1586,145216.6,76258.92452000,0
1790584080000,0.5240000,0.5253000,0.5238000,0.5238000,264628.8,1790584139999,138740.68724000,1129,146536.0,76825.95129000,0
1790584140000,0.5238000,0.5254000,0.5238000,0.5250000,343973.2,1790584199999,180401.13893000,1171,241502.3,126654.08938000,0
1790584200000,0.5251000,0.5260000,0.5239000,0.5252000,416154.9,1790584259999,218532.68293000,1438,228604.6,120075.03067000,0
1790584260000,0.5252000,0.5259000,0.5246000,0.5257000,406593.9,1790584319999,213545.66195000,1102,256884.9,134888.63872000,0
1790584320000,0.5258000,0.5273000,0.5256000,0.5257000,287896.2,1790584379999,151593.95059000,1420,168797.9,88885.54199000,0
1790584380000,0.5257000,0.5262000,0.5252000,0.5260000,231435.5,1790584439999,121659.78598000,1174,126035.4,66256.40134000,0
1790584440000,0.5260000,0.5264000,0.5246000,0.5253000,340987.6,1790584499999,179152.07699000,1342,131045.2,68852.18360000,0
1790584500000,0.5253000,0.5253000,0.5211000,0.5217000,1555073.0,1790584559999,812711.04764000,3142,443728.0,232044.18985000,0
1790584560000,0.5218000,0.5220000,0.5196000,0.5205000,1626081.5,1790584619999,846183.75200000,2797,863683.0,449411.72810000,0
1790584620000,0.5206000,0.5206000,0.5193000,0.5201000,435907.7,1790584679999,226642.31211000,1717,159776.2,83092.19981000,0
1790584680000,0.5201000,0.5212000,0.5196000,0.5202000,866481.2,1790584739999,450770.19000000,1881,424323.0,220792.10647000,0
1790584740000,0.5202000,0.5203000,0.5172000,0.5195000,1842738.0,1790584799999,955164.59578000,3953,690970.9,358190.36473000,0
1790584800000,0.5195000,0.5196000,0.5160000,0.5169000,2533818.8,1790584859999,1311210.38660000,5237,644436.8,333605.72434000,0
1790584860000,0.5169000,0.5185000,0.5149000,0.5161000,1431169.6,1790584919999,739053.50225000,3543,565867.1,292323.60759000,0
1790584920000,0.5161000,0.5161000,0.5133000,0.5149000,1925790.8,1790584979999,990989.87019000,3785,597953.1,307846.59350000,0
1790584980000,0.5150000,0.5164000,0.5144000,0.5161000,1073609.3,1790585039999,553131.53418000,2947,526175.7,271105.33656000,0
1790585040000,0.5160000,0.5182000,0.5159000,0.5176000,788241.2,1790585099999,407624.35723000,2279,456264.4,235981.68128000,0
1790585100000,0.5176000,0.5183000,0.5165000,0.5166000,552880.9,1790585159999,286110.14029000,1484,148884.3,77051.49740000,0
1790585160000,0.5166000,0.5167000,0.5153000,0.5155000,422215.4,1790585219999,217821.76432000,1499,124721.0,64351.46983000,0
1790585220000,0.5155000,0.5159000,0.5144000,0.5157000,420352.2,1790585279999,216536.61727000,1408,152520.7,78562.82793000,0
1790585280000,0.5157000,0.5164000,0.5152000,0.5155000,449379.7,1790585339999,231794.78740000,1309,202459.2,104456.14516000,0
1790585340000,0.5155000,0.5173000,0.5155000,0.5168000,472744.7,1790585399999,244172.98124000,1413,326500.4,168653.49065000,0
1790585400000,0.5168000,0.5187000,0.5167000,0.5180000,557489.6,1790585459999,288635.58017000,1541,398202.2,206133.90684000,0
1790585460000,0.5180000,0.5218000,0.5177000,0.5191000,2578388.8,1790585519999,1340816.09931000,3797,1977656.1,1028328.49690000,0
1790585520000,0.5191000,0.5192000,0.5173000,0.5179000,450234.5,1790585579999,233297.46238000,1634,307300.3,159233.61352000,0
1790585580000,0.5179000,0.5183000,0.5168000,0.5175000,495193.7,1790585639999,256259.91748000,1670,248623.9,128663.18034000,0
1790585640000,0.5174000,0.5183000,0.5169000,0.5169000,359729.5,1790585699999,186208.85776000,1357,209368.4,108397.67380000,0
1790585700000,0.5169000,0.5183000,0.5165000,0.5179000,263040.6,1790585759999,136044.57132000,1235,151368.0,78288.48093000,0
1790585760000,0.5179000,0.5183000,0.5172000,0.5178000,328166.5,1790585819999,169901.16270000,1186,150444.7,77895.00377000,0
1790585820000,0.5178000,0.5178000,0.5169000,0.5170000,305458.2,1790585879999,158021.71831000,1011,81819.3,42324.61375000,0
1790585880000,0.5170000,0.5186000,0.5168000,0.5184000,429578.9,1790585939999,222330.51398000,1525,262337.0,135805.37189000,0
1790585940000,0.5185000,0.5194000,0.5184000,0.5189000,900260.5,1790585999999,467050.40150000,1716,658973.4,341857.68445000,0
1790586000000,0.5190000,0.5203000,0.5182000,0.5201000,908931.2,1790586059999,472249.56899000,2510,554743.0,288240.13518000,0
1790586060000,0.5202000,0.5203000,0.5186000,0.5190000,645748.2,1790586119999,335397.20330000,2191,318188.5,165246.46281000,0
1790586120000,0.5191000,0.5191000,0.5154000,0.5154000,962281.1,1790586179999,497868.34449000,2529,273767.1,141676.60423000,0
1790586180000,0.5156000,0.5161000,0.5144000,0.5153000,928616.1,1790586239999,478513.64665000,2815,426680.9,219914.52945000,0
1790586240000,0.5154000,0.5175000,0.5150000,0.5161000,473626.9,1790586299999,244543.91000000,2017,286153.7,147789.36089000,0
1790586300000,0.5161000,0.5172000,0.5141000,0.5156000,784915.8,1790586359999,404523.09150000,2287,267462.5,137923.97752000,0
1790586360000,0.5156000,0.5156000,0.5138000,0.5152000,1210403.2,1790586419999,622801.65224000,2239,463719.4,238612.38177000,0
1790586420000,0.5152000,0.5160000,0.5138000,0.5144000,1677445.1,1790586479999,864008.58733000,3090,751436.2,387181.46118000,0
1790586480000,0.5144000,0.5152000,0.5135000,0.5151000,1004105.4,1790586539999,516368.07384000,2973,339751.6,174780.75392000,0
1790586540000,0.5150000,0.5172000,0.5138000,0.5148000,1042050.0,1790586599999,537678.67671000,2830,389745.3,201060.15709000,0
1790586600000,0.5148000,0.5157000,0.5139000,0.5150000,620899.6,1790586659999,319640.19619000,1807,325010.0,167324.27110000,0
1790586660000,0.5151000,0.5192000,0.5151000,0.5191000,646754.9,1790586719999,334731.57019000,1877,376886.1,195087.61025000,0
1790586720000,0.5192000,0.5204000,0.5178000,0.5181000,823324.7,1790586779999,427766.81496000,2463,533228.2,277118.92741000,0
1790586780000,0.5181000,0.5202000,0.5180000,0.5201000,519277.6,1790586839999,269614.73311000,1647,343319.7,178281.91300000,0
1790586840000,0.5202000,0.5208000,0.5196000,0.5196000,426096.1,1790586899999,221741.80052000,1467,222025.0,115551.63419000,0
1790586900000,0.5196000,0.5236000,0.5195000,0.5232000,1657045.4,1790586959999,864955.36868000,3289,1150985.4,600804.24908000,0
1790586960000,0.5232000,0.5247000,0.5207000,0.5212000,836464.4,1790587019999,437631.51442000,2687,436977.0,228668.25652000,0
1790587020000,0.5212000,0.5212000,0.5187000,0.5200000,706365.5,1790587079999,367084.16233000,2022,247618.4,128662.56515000,0
1790587080000,0.5200000,0.5213000,0.5197000,0.5203000,308274.1,1790587139999,160429.10851000,1210,203530.7,105922.66379000,0
1790587140000,0.5204000,0.5227000,0.5201000,0.5219000,561786.6,1790587199999,293066.46070000,1470,360957.1,188333.47889000,0
1790587200000,0.5218000,0.5222000,0.5198000,0.5200000,602593.8,1790587259999,314217.84875000,1608,364261.0,189995.92092000,0
1790587260000,0.5199000,0.5220000,0.5199000,0.5208000,236405.8,1790587319999,123244.06433000,1075,139009.2,72467.90049000,0
1790587320000,0.5208000,0.5211000,0.5187000,0.5191000,489003.6,1790587379999,254097.67182000,1410,187488.3,97465.54259000,0
1790587380000,0.5191000,0.5205000,0.5180000,0.5185000,1070274.2,1790587439999,555600.76929000,1761,694474.2,360604.46070000,0
1790587440000,0.5185000,0.5187000,0.5165000,0.5166000,1130225.2,1790587499999,584781.16924000,2371,358954.9,185755.63664000,0
1790587500000,0.5165000,0.5173000,0.5142000,0.5149000,1377001.3,1790587559999,710440.14073000,2208,737447.3,380703.40473000,0
1790587560000,0.5149000,0.5156000,0.5114000,0.5131000,3243793.4,1790587619999,1665161.78734000,4571,1263998.7,649001.90664000,0
1790587620000,0.5129000,0.5146000,0.5124000,0.5132000,743100.5,1790587679999,381578.04048000,1984,477925.9,245495.82223000,0
1790587680000,0.5133000,0.5152000,0.5132000,0.5151000,318864.5,1790587739999,164020.70169000,1490,190459.3,97970.33059000,0
1790587740000,0.5151000,0.5159000,0.5145000,0.5151000,265856.9,1790587799999,136949.90344000,1119,184948.9,95277.09912000,0
1790587800000,0.5150000,0.5159000,0.5147000,0.5157000,492913.3,1790587859999,254032.01025000,975,215061.2,110827.82725000,0
1790587860000,0.5157000,0.5161000,0.5152000,0.5156000,249146.2,1790587919999,128477.45733000,1012,154427.9,79637.33297000,0
1790587920000,0.5155000,0.5160000,0.5137000,0.5137000,395524.0,1790587979999,203696.11022000,1252,176489.9,90933.55235000,0
1790587980000,0.5137000,0.5146000,0.5134000,0.5146000,529129.7,1790588039999,271986.95173000,909,412239.6,211906.50936000,0
1790588040000,0.5145000,0.5152000,0.5145000,0.5147000,303917.4,1790588099999,156472.32405000,814,138008.9,71055.50434000,0
1790588100000,0.5147000,0.5151000,0.5144000,0.5147000,427032.4,1790588159999,219796.18955000,748,283756.5,146054.11750000,0
1790588160000,0.5146000,0.5163000,0.5145000,0.5162000,671802.3,1790588219999,346475.90563000,876,515943.8,266087.83058000,0
1790588220000,0.5161000,0.5164000,0.5153000,0.5160000,212911.1,1790588279999,109816.92820000,810,83435.2,43033.65483000,0
1790588280000,0.5160000,0.5163000,0.5134000,0.5136000,439862.9,1790588339999,226222.86039000,1205,173672.6,89310.16369000,0
1790588340000,0.5136000,0.5142000,0.5111000,0.5120000,1081699.1,1790588399999,554229.79564000,2814,410427.4,210329.35602000,0
1790588400000,0.5119000,0.5129000,0.5119000,0.5125000,653037.0,1790588459999,334602.15347000,1599,267849.7,137253.18949000,0
1790588460000,0.5125000,0.5125000,0.5108000,0.5109000,1007957.3,1790588519999,515362.80508000,2872,370397.0,189419.05567000,0
1790588520000,0.5110000,0.5114000,0.5098000,0.5111000,1238349.7,1790588579999,632013.32886000,2992,340649.7,173922.27533000,0
1790588580000,0.5111000,0.5118000,0.5104000,0.5107000,557975.7,1790588639999,285136.52802000,1317,260871.7,133313.94841000,0
1790588640000,0.5107000,0.5109000,0.5097000,0.5099000,513120.3,1790588699999,261786.35951000,1473,182136.1,92935.28349000,0
1790588700000,0.5099000,0.5109000,0.5088000,0.5105000,882354.8,1790588759999,450029.60148000,1981,445159.6,227177.20757000,0
1790588760000,0.5105000,0.5106000,0.5090000,0.5101000,885338.1,1790588819999,451355.11241000,1958,378257.1,192895.38357000,0
1790588820000,0.5102000,0.5116000,0.5099000,0.5110000,262645.3,1790588879999,134152.13757000,1207,149092.8,76156.29317000,0
1790588880000,0.5110000,0.5119000,0.5099000,0.5103000,585175.7,1790588939999,298866.25580000,1743,339882.8,173562.52095000,0
1790588940000,0.5104000,0.5108000,0.5094000,0.5104000,325390.5,1790588999999,166020.10605000,1059,198584.6,101351.54461000,0
1790589000000,0.5105000,0.5107000,0.5092000,0.5101000,360936.8,1790589059999,184002.42970000,1039,140672.0,71725.50241000,0
1790589060000,0.5102000,0.5104000,0.5094000,0.5099000,349529.3,1790589119999,178228.85532000,951,116086.2,59195.82394000,0
1790589120000,0.5100000,0.5101000,0.5076000,0.5081000,1166593.3,1790589179999,593109.34818000,2523,297393.8,151202.70295000,0
1790589180000,0.5081000,0.5084000,0.5066000,0.5077000,1289350.5,1790589239999,654200.27039000,2890,361883.3,183693.35835000,0
1790589240000,0.5076000,0.5086000,0.5064000,0.5073000,665130.8,1790589299999,337540.58218000,1864,331923.3,168479.22791000,0
1790589300000,0.5074000,0.5089000,0.5074000,0.5088000,454054.6,1790589359999,230700.55558000,1197,275130.7,139822.99776000,0
1790589360000,0.5088000,0.5089000,0.5080000,0.5084000,309456.1,1790589419999,157367.35359000,929,123756.1,62938.07667000,0
1790589420000,0.5084000,0.5097000,0.5077000,0.5095000,528032.1,1790589479999,268540.86157000,1272,269847.2,137223.92830000,0
1790589480000,0.5096000,0.5096000,0.5089000,0.5093000,199285.8,1790589539999,101474.01335000,679,61786.6,31463.89760000,0
1790589540000,0.5093000,0.5102000,0.5086000,0.5100000,282940.5,1790589599999,144075.58613000,861,167743.2,85438.53303000,0
1790589600000,0.5101000,0.5124000,0.5101000,0.5112000,559151.1,1790589659999,286056.69856000,1417,322839.0,165128.73388000,0
1790589660000,0.5111000,0.5116000,0.5102000,0.5105000,189067.6,1790589719999,96571.96014000,967,94591.2,48303.54527000,0
1790589720000,0.5106000,0.5109000,0.5095000,0.5099000,411310.6,1790589779999,209850.96000000,1286,124105.4,63347.02643000,0
1790589780000,0.5099000,0.5128000,0.5097000,0.5122000,349867.7,1790589839999,179122.67135000,1235,255048.6,130588.00540000,0
1790589840000,0.5122000,0.5134000,0.5112000,0.5130000,515486.2,1790589899999,263971.13806000,1466,282386.4,144617.74109000,0
1790589900000,0.5129000,0.5153000,0.5117000,0.5141000,1035649.7,1790589959999,531782.85280000,2821,748248.5,384241.15490000,0
1790589960000,0.5142000,0.5151000,0.5131000,0.5135000,468225.5,1790590019999,240753.68262000,1840,260380.8,133894.25318000,0
1790590020000,0.5136000,0.5137000,0.5120000,0.5122000,304842.5,1790590079999,156299.26317000,990,146952.1,75364.45730000,0
1790590080000,0.5122000,0.5122000,0.5111000,0.5118000,263607.7,1790590139999,134828.69484000,1017,107043.3,54757.07708000,0
1790590140000,0.5118000,0.5127000,0.5115000,0.5122000,225719.7,1790590199999,115590.32261000,789,138994.9,71164.98586000,0
1790590200000,0.5123000,0.5127000,0.5115000,0.5115000,239135.5,1790590259999,122451.73543000,932,128616.5,65863.57352000,0
1790590260000,0.5115000,0.5122000,0.5110000,0.5116000,290706.2,1790590319999,148717.55816000,832,111515.6,57054.86869000,0
1790590320000,0.5116000,0.5120000,0.5101000,0.5102000,613432.5,1790590379999,313572.30786000,1508,205773.8,105180.29675000,0
1790590380000,0.5102000,0.5106000,0.5090000,0.5102000,505765.3,1790590439999,257681.33333000,1351,146428.7,74623.64449000,0
1790590440000,0.5102000,0.5104000,0.5096000,0.5101000,353201.6,1790590499999,180147.94559000,783,149007.7,76001.58689000,0
1790590500000,0.5101000,0.5129000,0.5101000,0.5125000,431374.1,1790590559999,220908.27054000,1178,301767.1,154497.22371000,0
1790590560000,0.5125000,0.5126000,0.5105000,0.5119000,230177.2,1790590619999,117732.62616000,1008,107310.8,54876.71933000,0
1790590620000,0.5119000,0.5121000,0.5106000,0.5106000,286796.1,1790590679999,146632.31885000,917,137508.9,70323.02201000,0
1790590680000,0.5106000,0.5121000,0.5104000,0.5113000,321803.5,1790590739999,164564.76613000,850,197179.2,100828.59741000,0
1790590740000,0.5113000,0.5116000,0.5103000,0.5103000,126276.9,1790590799999,64531.25224000,773,84385.4,43124.76378000,0
1790590800000,0.5103000,0.5107000,0.5096000,0.5098000,265699.4,1790590859999,135523.71359000,978,141745.3,72305.64352000,0
1790590860000,0.5098000,0.5109000,0.5095000,0.5105000,464798.9,1790590919999,237140.55887000,998,374991.3,191345.41849000,0
1790590920000,0.5106000,0.5121000,0.5106000,0.5116000,375017.0,1790590979999,191815.42508000,1068,261365.7,133669.38636000,0
1790590980000,0.5115000,0.5119000,0.5107000,0.5118000,237967.4,1790591039999,121652.62524000,755,127603.0,65240.72747000,0
1790591040000,0.5118000,0.5126000,0.5113000,0.5121000,265283.9,1790591099999,135817.54310000,871,129049.8,66070.46170000,0
1790591100000,0.5121000,0.5124000,0.5113000,0.5118000,309438.3,1790591159999,158396.83768000,877,137582.8,70431.68037000,0
1790591160000,0.5118000,0.5127000,0.5115000,0.5122000,461221.9,1790591219999,236269.05313000,745,251063.4,128627.53985000,0
1790591220000,0.5122000,0.5123000,0.5102000,0.5102000,425862.4,1790591279999,217728.55648000,1035,101356.3,51793.25683000,0
1790591280000,0.5102000,0.5111000,0.5100000,0.5104000,283354.5,1790591339999,144607.56972000,868,138886.8,70896.18126000,0
1790591340000,0.5103000,0.5112000,0.5101000,0.5109000,911426.4,1790591399999,465363.31700000,1627,616001.0,314548.42364000,0
1790591400000,0.5110000,0.5115000,0.5102000,0.5104000,215606.7,1790591459999,110126.33206000,855,123489.6,63079.46208000,0
1790591460000,0.5105000,0.5136000,0.5103000,0.5130000,355924.5,1790591519999,182344.66882000,1070,271071.7,138893.78841000,0
1790591520000,0.5130000,0.5148000,0.5112000,0.5140000,660218.1,1790591579999,338928.49853000,1611,490418.9,251783.91737000,0
1790591580000,0.5139000,0.5151000,0.5126000,0.5151000,482787.8,1790591639999,248016.67936000,1436,248703.8,127839.54083000,0
1790591640000,0.5151000,0.5159000,0.5145000,0.5151000,594269.9,1790591699999,306255.91173000,1316,381481.6,196613.15020000,0
1790591700000,0.5151000,0.5159000,0.5149000,0.5155000,555104.7,1790591759999,286067.73014000,1356,259464.2,133726.64823000,0
1790591760000,0.5154000,0.5160000,0.5149000,0.5154000,604842.9,1790591819999,311736.84254000,1130,231458.2,119314.91480000,0
1790591820000,0.5154000,0.5160000,0.5151000,0.5156000,452912.7,1790591879999,233533.58398000,1127,260420.0,134285.44366000,0
1790591880000,0.5155000,0.5164000,0.5151000,0.5164000,452526.5,1790591939999,233430.95205000,1025,314838.3,162431.02824000,0
1790591940000,0.5163000,0.5169000,0.5161000,0.5166000,459399.9,1790591999999,237288.19117000,1170,189242.9,97756.79799000,0
1790592000000,0.5165000,0.5171000,0.5158000,0.5159000,575792.5,1790592059999,297401.31546000,1462,311177.5,160736.51479000,0
1790592060000,0.5159000,0.5164000,0.5158000,0.5161000,587777.8,1790592119999,303360.35799000,942,185577.9,95795.05053000,0
1790592120000,0.5160000,0.5165000,0.5159000,0.5162000,341617.0,1790592179999,176362.29318000,862,164180.5,84765.92645000,0
1790592180000,0.5163000,0.5168000,0.5159000,0.5166000,229688.3,1790592239999,118598.26845000,852,148513.7,76686.09542000,0
1790592240000,0.5165000,0.5171000,0.5164000,0.5170000,223415.7,1790592299999,115463.96300000,723,163992.3,84755.58675000,0
1790592300000,0.5170000,0.5171000,0.5159000,0.5165000,519032.8,1790592359999,268038.60415000,1136,207654.9,107246.09819000,0
1790592360000,0.5164000,0.5239000,0.5164000,0.5230000,7970109.9,1790592419999,4145557.17331000,8900,6210647.8,3231527.68205000,0
1790592420000,0.5230000,0.5248000,0.5205000,0.5223000,2786905.7,1790592479999,1456386.34023000,4393,1863091.9,974017.60950000,0
1790592480000,0.5223000,0.5229000,0.5197000,0.5201000,890960.8,1790592539999,464301.10471000,1880,372013.4,193984.55598000,0
1790592540000,0.5201000,0.5206000,0.5191000,0.5203000,616813.2,1790592599999,320722.83241000,1525,307830.2,160072.39041000,0
1790592600000,0.5202000,0.5203000,0.5185000,0.5192000,972149.7,1790592659999,504876.25309000,2258,193379.3,100435.63118000,0
1790592660000,0.5192000,0.5195000,0.5187000,0.5190000,346503.8,1790592719999,179876.31821000,999,166801.7,86591.84041000,0
1790592720000,0.5190000,0.5215000,0.5189000,0.5210000,1312186.9,1790592779999,682921.39997000,1541,432099.8,224787.98374000,0
1790592780000,0.5210000,0.5210000,0.5199000,0.5199000,375695.8,1790592839999,195495.88803000,1149,229270.7,119305.70024000,0
1790592840000,0.5200000,0.5201000,0.5191000,0.5195000,321488.4,1790592899999,167054.32675000,895,167962.1,87283.56365000,0
1790592900000,0.5194000,0.5206000,0.5188000,0.5203000,357533.0,1790592959999,185818.00479000,1069,179534.7,93316.11800000,0
1790592960000,0.5203000,0.5204000,0.5195000,0.5200000,355997.9,1790593019999,185101.55120000,1149,161203.8,83818.12813000,0
1790593020000,0.5200000,0.5207000,0.5195000,0.5199000,426339.8,1790593079999,221770.94459000,914,190552.1,99123.40166000,0
1790593080000,0.5199000,0.5204000,0.5195000,0.5201000,446752.9,1790593139999,232318.19848000,781,174538.8,90750.09691000,0
1790593140000,0.5202000,0.5202000,0.5193000,0.5197000,202281.1,1790593199999,105099.23965000,665,97678.6,50758.84053000,0
1790593200000,0.5198000,0.5214000,0.5188000,0.5208000,609879.0,1790593259999,317193.36150000,1913,268584.8,139692.24803000,0
1790593260000,0.5209000,0.5225000,0.5205000,0.5213000,1076554.9,1790593319999,561140.34345000,2128,593623.1,309411.13842000,0
1790593320000,0.5212000,0.5213000,0.5201000,0.5211000,434482.1,1790593379999,226197.30186000,1557,190207.1,99037.84803000,0
1790593380000,0.5211000,0.5226000,0.5199000,0.5207000,758637.2,1790593439999,395299.18626000,1755,333065.3,173550.25783000,0
1790593440000,0.5207000,0.5209000,0.5196000,0.5201000,645237.1,1790593499999,335636.29524000,1508,299393.7,155750.69184000,0
1790593500000,0.5202000,0.5212000,0.5198000,0.5209000,409638.7,1790593559999,213156.80868000,930,225397.9,117293.82644000,0
1790593560000,0.5208000,0.5212000,0.5201000,0.5212000,439947.7,1790593619999,229121.91610000,1112,176162.8,91751.21515000,0
1790593620000,0.5211000,0.5224000,0.5208000,0.5215000,396825.1,1790593679999,207017.40780000,1114,192738.4,100516.28426000,0
1790593680000,0.5215000,0.5221000,0.5208000,0.5217000,330184.9,1790593739999,172143.48137000,1056,135200.7,70486.09857000,0
1790593740000,0.5217000,0.5221000,0.5213000,0.5220000,188714.0,1790593799999,98459.18846000,589,88812.6,46344.37274000,0
1790593800000,0.5219000,0.5219000,0.5208000,0.5211000,262448.0,1790593859999,136816.65839000,859,68016.2,35470.66170000,0
1790593860000,0.5210000,0.5216000,0.5206000,0.5214000,244096.5,1790593919999,127261.05551000,651,119074.4,62080.03404000,0
1790593920000,0.5214000,0.5219000,0.5213000,0.5216000,234357.6,1790593979999,122234.01348000,670,103772.7,54127.89294000,0
1790593980000,0.5216000,0.5225000,0.5215000,0.5220000,211633.8,1790594039999,110475.30138000,786,117340.8,61260.14090000,0
1790594040000,0.5219000,0.5222000,0.5214000,0.5214000,159948.3,1790594099999,83471.85390000,525,91583.4,47796.94230000,0
1790594100000,0.5215000,0.5225000,0.5211000,0.5224000,274354.5,1790594159999,143193.53679000,998,160102.6,83575.86598000,0
1790594160000,0.5225000,0.5231000,0.5218000,0.5228000,588755.6,1790594219999,307659.67538000,1537,317298.0,165831.46393000,0
1790594220000,0.5227000,0.5239000,0.5226000,0.5239000,364055.6,1790594279999,190526.98276000,1077,198206.0,103739.69805000,0
1790594280000,0.5239000,0.5254000,0.5236000,0.5246000,804214.5,1790594339999,421983.12881000,2131,500754.0,262766.95107000,0
1790594340000,0.5246000,0.5252000,0.5237000,0.5250000,924679.9,1790594399999,484983.99510000,1463,293747.5,154070.38072000,0
1790594400000,0.5250000,0.5250000,0.5225000,0.5235000,603688.6,1790594459999,316085.43067000,1432,186332.4,97512.47264000,0
1790594460000,0.5235000,0.5235000,0.5221000,0.5229000,555651.8,1790594519999,290549.95888000,1566,266864.0,139535.40213000,0
1790594520000,0.5228000,0.5240000,0.5227000,0.5227000,297127.6,1790594579999,155538.68533000,1032,132783.0,69503.97829000,0
1790594580000,0.5226000,0.5237000,0.5225000,0.5233000,196331.0,1790594639999,102672.20501000,692,139209.0,72794.28191000,0
1790594640000,0.5233000,0.5238000,0.5228000,0.5233000,264172.4,1790594699999,138251.77817000,680,166328.4,87056.80198000,0
1790594700000,0.5233000,0.5234000,0.5217000,0.5221000,154073.3,1790594759999,80507.95538000,591,95609.2,49959.06731000,0
1790594760000,0.5220000,0.5224000,0.5214000,0.5215000,208956.0,1790594819999,109034.87807000,710,93415.4,48741.90809000,0
1790594820000,0.5215000,0.5218000,0.5208000,0.5213000,147526.4,1790594879999,76913.77764000,639,67500.0,35197.64105000,0
1790594880000,0.5212000,0.5229000,0.5208000,0.5221000,193004.7,1790594939999,100759.18232000,637,73775.5,38507.61898000,0
1790594940000,0.5221000,0.5232000,0.5221000,0.5225000,311354.2,1790594999999,162715.73966000,788,205146.3,107205.83490000,0
1790595000000,0.5225000,0.5226000,0.5215000,0.5218000,320243.3,1790595059999,167134.82376000,916,82156.7,42891.14873000,0
1790595060000,0.5218000,0.5232000,0.5217000,0.5226000,280211.3,1790595119999,146427.36255000,732,154724.1,80845.53459000,0
1790595120000,0.5225000,0.5240000,0.5225000,0.5236000,341779.0,1790595179999,178919.20178000,975,195721.2,102450.70634000,0
1790595180000,0.5236000,0.5236000,0.5226000,0.5230000,244893.2,1790595239999,128091.25417000,619,136482.5,71394.70959000,0
1790595240000,0.5230000,0.5231000,0.5221000,0.5230000,150733.5,1790595299999,78763.35784000,611,81475.1,42581.50075000,0
1790595300000,0.5229000,0.5229000,0.5220000,0.5222000,171178.8,1790595359999,89432.58351000,634,97780.4,51081.94994000,0
1790595360000,0.5222000,0.5223000,0.5215000,0.5218000,152241.9,1790595419999,79458.85347000,577,76760.9,40060.67651000,0
1790595420000,0.5219000,0.5231000,0.5218000,0.5227000,159752.2,1790595479999,83459.57643000,602,106219.2,55486.76582000,0
1790595480000,0.5227000,0.5233000,0.5226000,0.5230000,142937.6,1790595539999,74760.00571000,506,92316.1,48283.86372000,0
1790595540000,0.5230000,0.5233000,0.5226000,0.5231000,100897.3,1790595599999,52776.10796000,433,83189.6,43513.01650000,0
1790595600000,0.5231000,0.5246000,0.5227000,0.5244000,289786.0,1790595659999,151709.20746000,883,211283.7,110624.04027000,0
1790595660000,0.5244000,0.5246000,0.5240000,0.5244000,254885.3,1790595719999,133637.57886000,769,141691.3,74292.64153000,0
1790595720000,0.5244000,0.5249000,0.5236000,0.5248000,227144.2,1790595779999,119059.59381000,691,139086.3,72916.49630000,0
1790595780000,0.5247000,0.5257000,0.5245000,0.5250000,263070.5,1790595839999,138176.25365000,980,179398.0,94232.14056000,0
1790595840000,0.5249000,0.5249000,0.5235000,0.5241000,752317.4,1790595899999,394377.12048000,940,326485.8,171147.06382000,0
1790595900000,0.5240000,0.5242000,0.5224000,0.5230000,200579.9,1790595959999,104959.58940000,715,96279.2,50376.99366000,0
1790595960000,0.5229000,0.5233000,0.5220000,0.5223000,305775.1,1790596019999,159785.88274000,814,117746.7,61534.41190000,0
1790596020000,0.5223000,0.5229000,0.5219000,0.5224000,220399.1,1790596079999,115105.11291000,567,89415.3,46705.85760000,0
1790596080000,0.5224000,0.5224000,0.5210000,0.5213000,379992.5,1790596139999,198127.82985000,860,127079.1,66260.15313000,0
1790596140000,0.5213000,0.5225000,0.5210000,0.5211000,302050.6,1790596199999,157613.17446000,896,202384.3,105626.62457000,0
1790596200000,0.5211000,0.5225000,0.5209000,0.5224000,270243.1,1790596259999,141050.78823000,772,160371.4,83719.74245000,0
1790596260000,0.5224000,0.5239000,0.5223000,0.5235000,307336.9,1790596319999,160883.26236000,731,165416.6,86576.50094000,0
1790596320000,0.5235000,0.5239000,0.5227000,0.5232000,308066.7,1790596379999,161219.48659000,771,168681.2,88276.81737000,0
1790596380000,0.5232000,0.5236000,0.5227000,0.5229000,317915.1,1790596439999,166286.79214000,603,209176.6,109412.42455000,0
1790596440000,0.5230000,0.5230000,0.5225000,0.5226000,101440.4,1790596499999,53014.88971000,355,63470.7,33170.98658000,0
1790596500000,0.5226000,0.5227000,0.5218000,0.5223000,309654.8,1790596559999,161685.72346000,507,176202.4,92006.81765000,0
1790596560000,0.5223000,0.5238000,0.5221000,0.5232000,126366.6,1790596619999,66070.66043000,582,88052.8,46034.86023000,0
1790596620000,0.5233000,0.5242000,0.5233000,0.5237000,194368.3,1790596679999,101807.42921000,674,130479.6,68341.71045000,0
1790596680000,0.5236000,0.5241000,0.5231000,0.5239000,175386.0,1790596739999,91847.48074000,534,123613.4,64747.84673000,0
1790596740000,0.5239000,0.5239000,0.5232000,0.5234000,75061.7,1790596799999,39297.03480000,447,41054.6,21492.07866000,0
1790596800000,0.5234000,0.5240000,0.5227000,0.5239000,564369.3,1790596859999,295404.77771000,1242,299751.1,156909.76991000,0
1790596860000,0.5239000,0.5252000,0.5237000,0.5239000,340500.1,1790596919999,178573.61560000,1216,191052.8,100187.23242000,0
1790596920000,0.5239000,0.5239000,0.5230000,0.5231000,986110.1,1790596979999,516110.59448000,816,113575.9,59441.68469000,0
1790596980000,0.5231000,0.5231000,0.5217000,0.5225000,1251291.7,1790597039999,654289.16063000,709,116708.0,60943.01733000,0
1790597040000,0.5225000,0.5258000,0.5223000,0.5256000,665056.1,1790597099999,348606.93864000,2050,459408.3,240783.89193000,0
1790597100000,0.5257000,0.5280000,0.5253000,0.5277000,1588096.5,1790597159999,835988.35919000,3448,947277.3,498735.59532000,0
1790597160000,0.5277000,0.5331000,0.5266000,0.5309000,2848779.0,1790597219999,1509916.14310000,5712,1808454.3,959248.72928000,0
1790597220000,0.5308000,0.5348000,0.5302000,0.5342000,2363996.0,1790597279999,1258303.84330000,4769,1325213.1,705509.62016000,0
1790597280000,0.5342000,0.5352000,0.5327000,0.5348000,1428216.9,1790597339999,762494.66094000,3382,747192.6,399001.01683000,0
1790597340000,0.5349000,0.5379000,0.5344000,0.5377000,1714798.6,1790597399999,919557.12347000,3823,955751.7,512638.95213000,0
1790597400000,0.5376000,0.5414000,0.5371000,0.5403000,3684313.5,1790597459999,1987998.23306000,7883,2152206.6,1161501.11297000,0
1790597460000,0.5402000,0.5403000,0.5364000,0.5372000,1193481.9,1790597519999,641864.02809000,3487,393422.3,211476.00081000,0
1790597520000,0.5371000,0.5374000,0.5347000,0.5351000,859673.5,1790597579999,460751.94553000,2127,244663.2,131084.60956000,0
1790597580000,0.5352000,0.5364000,0.5348000,0.5359000,1198539.1,1790597639999,642004.19512000,1919,502197.4,268975.15336000,0
1790597640000,0.5360000,0.5374000,0.5352000,0.5371000,474766.3,1790597699999,254704.96620000,1436,240722.7,129139.35126000,0
1790597700000,0.5371000,0.5378000,0.5358000,0.5371000,685699.1,1790597759999,368116.30760000,1791,321047.6,172359.56994000,0
1790597760000,0.5370000,0.5377000,0.5361000,0.5376000,656658.1,1790597819999,352581.67907000,1681,251809.3,135233.58170000,0
1790597820000,0.5375000,0.5392000,0.5366000,0.5379000,931298.5,1790597879999,500828.80167000,2161,350310.3,188458.14838000,0
1790597880000,0.5380000,0.5404000,0.5375000,0.5390000,1355696.2,1790597939999,730857.84672000,2489,669648.5,360981.94814000,0
1790597940000,0.5389000,0.5414000,0.5384000,0.5398000,908943.0,1790597999999,491018.74795000,2795,381667.0,206141.82032000,0
1790598000000,0.5398000,0.5403000,0.5383000,0.5394000,636195.9,1790598059999,343123.29791000,2561,262255.0,141462.00704000,0
1790598060000,0.5395000,0.5404000,0.5384000,0.5385000,865807.8,1790598119999,466858.74899000,1882,271566.9,146467.68547000,0
1790598120000,0.5384000,0.5385000,0.5366000,0.5370000,1469029.4,1790598179999,789636.00710000,2969,616909.2,331639.33267000,0
1790598180000,0.5371000,0.5383000,0.5355000,0.5381000,1576400.3,1790598239999,846162.68665000,2857,641258.3,344481.47800000,0
1790598240000,0.5381000,0.5388000,0.5378000,0.5386000,595328.8,1790598299999,320469.93622000,1494,365232.9,196630.17068000,0
1790598300000,0.5385000,0.5385000,0.5349000,0.5358000,1028293.8,1790598359999,551029.70661000,2219,193951.5,104022.06768000,0
1790598360000,0.5357000,0.5386000,0.5356000,0.5382000,506300.7,1790598419999,272009.33911000,1501,371178.7,199386.28353000,0
1790598420000,0.5382000,0.5391000,0.5379000,0.5391000,269133.9,1790598479999,144955.87948000,980,134369.4,72378.37698000,0
1790598480000,0.5390000,0.5409000,0.5388000,0.5398000,1214404.5,1790598539999,655755.17864000,2295,629287.5,339799.25063000,0
1790598540000,0.5397000,0.5411000,0.5388000,0.5393000,1011191.0,1790598599999,545696.85817000,2584,283142.7,152861.29233000,0
1790598600000,0.5394000,0.5396000,0.5375000,0.5382000,981787.4,1790598659999,528642.97695000,2559,385238.2,207483.46807000,0
1790598660000,0.5382000,0.5387000,0.5374000,0.5375000,306869.1,1790598719999,165091.49757000,1543,111306.5,59877.27265000,0
1790598720000,0.5375000,0.5377000,0.5361000,0.5370000,630189.3,1790598779999,338308.47635000,1681,324753.7,174322.50940000,0
1790598780000,0.5370000,0.5398000,0.5366000,0.5398000,448560.7,1790598839999,241359.54638000,1421,300457.4,161681.24607000,0
1790598840000,0.5398000,0.5411000,0.5387000,0.5410000,843761.7,1790598899999,455519.32562000,1823,282357.8,152436.15267000,0
1790598900000,0.5410000,0.5417000,0.5401000,0.5413000,571470.7,1790598959999,309158.22321000,1561,317566.8,171776.57474000,0
1790598960000,0.5413000,0.5413000,0.5395000,0.5407000,451764.2,1790599019999,244060.57674000,1243,198137.3,107070.10298000,0
1790599020000,0.5408000,0.5408000,0.5393000,0.5394000,292031.0,1790599079999,157639.64895000,1191,90648.1,48922.11523000,0
1790599080000,0.5393000,0.5394000,0.5334000,0.5353000,1865180.9,1790599139999,999833.10306000,4230,552702.4,296038.54014000,0
1790599140000,0.5352000,0.5365000,0.5339000,0.5356000,1647751.8,1790599199999,881995.05206000,4225,804591.9,430858.69158000,0
1790599200000,0.5356000,0.5356000,0.5317000,0.5330000,1276867.1,1790599259999,680767.68294000,3799,269486.6,143753.08549000,0
1790599260000,0.5330000,0.5339000,0.5321000,0.5328000,751291.6,1790599319999,400483.50809000,2465,416002.7,221792.70486000,0
1790599320000,0.5328000,0.5329000,0.5311000,0.5314000,857676.3,1790599379999,456185.61012000,2284,448978.6,238834.65283000,0
1790599380000,0.5314000,0.5332000,0.5312000,0.5312000,666580.7,1790599439999,354689.07668000,1864,362860.8,193095.76406000,0
1790599440000,0.5312000,0.5333000,0.5305000,0.5332000,858295.5,1790599499999,456187.49336000,1805,463134.5,246303.44885000,0
1790599500000,0.5332000,0.5360000,0.5331000,0.5357000,761116.7,1790599559999,407092.54692000,1700,388351.7,207679.51137000,0
1790599560000,0.5357000,0.5377000,0.5352000,0.5356000,728010.0,1790599619999,390662.03107000,1859,271049.6,145446.98888000,0
1790599620000,0.5355000,0.5356000,0.5331000,0.5332000,688324.8,1790599679999,367533.32501000,1530,257423.6,137441.35235000,0
1790599680000,0.5332000,0.5346000,0.5328000,0.5334000,428898.5,1790599739999,228820.03883000,1378,269790.8,143946.10660000,0
1790599740000,0.5334000,0.5336000,0.5305000,0.5321000,811346.0,1790599799999,431352.98808000,2213,321515.0,170928.26554000,0
1790599800000,0.5322000,0.5331000,0.5313000,0.5314000,657649.9,1790599859999,349870.42908000,1449,322105.5,171377.14974000,0
1790599860000,0.5313000,0.5322000,0.5311000,0.5312000,592312.3,1790599919999,314842.96825000,868,149281.8,79367.07189000,0
1790599920000,0.5311000,0.5324000,0.5309000,0.5319000,834503.9,1790599979999,443695.94479000,2059,322524.5,171505.60278000,0
1790599980000,0.5318000,0.5331000,0.5302000,0.5329000,574352.8,1790600039999,305563.70481000,1727,429641.2,228641.35387000,0
1790600040000,0.5328000,0.5340000,0.5326000,0.5339000,277310.9,1790600099999,147883.37442000,1090,156811.1,83635.09488000,0
1790600100000,0.5339000,0.5358000,0.5330000,0.5336000,743173.5,1790600159999,397369.46095000,1966,540261.0,288958.52206000,0
1790600160000,0.5336000,0.5336000,0.5319000,0.5328000,420569.8,1790600219999,224027.48367000,1141,119499.0,63677.10465000,0
1790600220000,0.5328000,0.5335000,0.5322000,0.5333000,325370.6,1790600279999,173386.83438000,920,196251.1,104578.93941000,0
1790600280000,0.5332000,0.5334000,0.5323000,0.5332000,163062.2,1790600339999,86892.87788000,746,98198.7,52333.53223000,0
1790600340000,0.5331000,0.5331000,0.5319000,0.5326000,239123.9,1790600399999,127280.71482000,953,92136.9,49050.55954000,0
1790600400000,0.5326000,0.5326000,0.5283000,0.5300000,1562192.5,1790600459999,827940.62260000,2824,362703.4,192321.12637000,0
1790600460000,0.5300000,0.5306000,0.5285000,0.5287000,566565.2,1790600519999,299943.75669000,1737,268491.4,142164.68184000,0
1790600520000,0.5287000,0.5289000,0.5278000,0.5283000,522389.2,1790600579999,275953.33794000,1895,234689.2,123993.81278000,0
1790600580000,0.5282000,0.5290000,0.5272000,0.5282000,869641.0,1790600639999,459184.54321000,1624,486717.5,257096.73948000,0
1790600640000,0.5282000,0.5294000,0.5277000,0.5277000,671548.1,1790600699999,354895.37312000,1445,370822.1,196038.51356000,0
1790600700000,0.5277000,0.5288000,0.5275000,0.5285000,570609.0,1790600759999,301345.02378000,1161,344964.9,182201.18914000,0
1790600760000,0.5285000,0.5290000,0.5260000,0.5286000,1014625.3,1790600819999,535012.71602000,2222,468184.7,247071.93468000,0
1790600820000,0.5285000,0.5320000,0.5285000,0.5315000,643011.5,1790600879999,341451.08103000,1531,519033.5,275655.58515000,0
1790600880000,0.5314000,0.5316000,0.5293000,0.5295000,705774.1,1790600939999,374544.52348000,1431,224862.1,119399.80783000,0
1790600940000,0.5296000,0.5296000,0.5284000,0.5288000,203633.1,1790600999999,107706.94205000,675,141236.4,74715.35569000,0
1790601000000,0.5289000,0.5289000,0.5272000,0.5276000,239918.7,1790601059999,126603.71578000,728,56153.7,29630.30559000,0
1790601060000,0.5276000,0.5283000,0.5273000,0.5277000,176580.6,1790601119999,93188.66135000,617,97981.4,51706.25084000,0
1790601120000,0.5276000,0.5285000,0.5273000,0.5276000,130528.4,1790601179999,68886.42722000,550,77611.9,40963.24149000,0
1790601180000,0.5276000,0.5284000,0.5272000,0.5284000,166378.5,1790601239999,87827.09222000,645,113850.1,60104.35330000,0
1790601240000,0.5284000,0.5302000,0.5283000,0.5286000,736644.3,1790601299999,389874.45640000,1236,342313.2,181195.14527000,0
1790601300000,0.5286000,0.5289000,0.5285000,0.5286000,183213.5,1790601359999,96859.05124000,516,105243.4,55641.97169000,0
1790601360000,0.5286000,0.5304000,0.5286000,0.5291000,375502.4,1790601419999,198888.12619000,934,194727.2,103133.09801000,0
1790601420000,0.5292000,0.5299000,0.5287000,0.5288000,174832.7,1790601479999,92521.54494000,808,77779.6,41164.90751000,0
1790601480000,0.5289000,0.5291000,0.5280000,0.5288000,443740.6,1790601539999,234599.76600000,774,127287.0,67301.70432000,0
1790601540000,0.5288000,0.5293000,0.5284000,0.5293000,83200.5,1790601599999,43997.54786000,422,62055.7,32816.59672000,0
1790601600000,0.5292000,0.5297000,0.5288000,0.5294000,77386.1,1790601659999,40952.37154000,433,41488.9,21957.79404000,0
1790601660000,0.5293000,0.5296000,0.5290000,0.5291000,248730.4,1790601719999,131663.33663000,709,126177.4,66787.95317000,0
1790601720000,0.5290000,0.5292000,0.5283000,0.5285000,179510.9,1790601779999,94912.80647000,592,50820.9,26874.31756000,0
1790601780000,0.5285000,0.5303000,0.5282000,0.5297000,274978.5,1790601839999,145633.92439000,692,245119.7,129832.02596000,0
1790601840000,0.5296000,0.5308000,0.5293000,0.5304000,439576.6,1790601899999,233122.24720000,1060,279975.0,148489.57363000,0
1790601900000,0.5305000,0.5318000,0.5297000,0.5318000,409582.7,1790601959999,217309.34188000,1154,239208.8,126922.14921000,0
1790601960000,0.5318000,0.5325000,0.5315000,0.5316000,305626.8,1790602019999,162629.53191000,1034,169350.9,90127.52125000,0
1790602020000,0.5315000,0.5326000,0.5310000,0.5315000,520978.5,1790602079999,277063.93667000,1089,329311.1,175153.58604000,0
1790602080000,0.5314000,0.5327000,0.5313000,0.5326000,247704.7,1790602139999,131782.60978000,809,139765.0,74356.86350000,0
1790602140000,0.5326000,0.5333000,0.5323000,0.5330000,238710.3,1790602199999,127198.14888000,886,151056.3,80492.38976000,0
1790602200000,0.5330000,0.5363000,0.5314000,0.5315000,1680557.1,1790602259999,898144.99233000,3344,1060696.3,567032.21068000,0
1790602260000,0.5315000,0.5338000,0.5303000,0.5318000,1010595.4,1790602319999,537906.11396000,2397,719906.8,383235.39951000,0
1790602320000,0.5319000,0.5320000,0.5295000,0.5297000,957046.0,1790602379999,507703.90732000,2042,185060.8,98206.20976000,0
1790602380000,0.5297000,0.5306000,0.5291000,0.5297000,365697.0,1790602439999,193693.86305000,1292,175698.3,93082.63512000,0
1790602440000,0.5296000,0.5319000,0.5287000,0.5311000,289467.8,1790602499999,153600.24539000,1168,158335.3,84015.65154000,0
1790602500000,0.5310000,0.5327000,0.5287000,0.5292000,561268.0,1790602559999,297964.67607000,1666,206453.5,109697.15898000,0
1790602560000,0.5291000,0.5297000,0.5275000,0.5283000,747245.9,1790602619999,395130.19628000,2134,377918.8,199895.25178000,0
1790602620000,0.5282000,0.5315000,0.5282000,0.5304000,793022.4,1790602679999,420088.33855000,2081,504048.9,267035.89359000,0
1790602680000,0.5304000,0.5314000,0.5301000,0.5311000,378787.1,1790602739999,200987.19936000,1300,165400.3,87786.29924000,0
1790602740000,0.5310000,0.5338000,0.5310000,0.5316000,597336.6,1790602799999,318223.88416000,1692,377442.2,201046.50637000,0
1790602800000,0.5317000,0.5321000,0.5305000,0.5314000,388875.8,1790602859999,206604.18196000,1398,195190.4,103713.42990000,0
1790602860000,0.5313000,0.5317000,0.5301000,0.5304000,231408.9,1790602919999,122861.41823000,961,121131.3,64307.16116000,0
1790602920000,0.5305000,0.5324000,0.5305000,0.5314000,274433.8,1790602979999,145845.01591000,1048,138054.7,73361.64350000,0
1790602980000,0.5313000,0.5313000,0.5302000,0.5304000,202672.9,1790603039999,107563.04035000,896,86602.8,45964.04315000,0
1790603040000,0.5305000,0.5306000,0.5290000,0.5296000,225663.6,1790603099999,119517.42136000,904,102467.4,54277.36504000,0
1790603100000,0.5296000,0.5302000,0.5287000,0.5287000,350754.7,1790603159999,185680.70122000,1159,116360.9,61606.69532000,0
1790603160000,0.5287000,0.5299000,0.5281000,0.5295000,242683.3,1790603219999,128335.30382000,1079,147396.3,77946.17650000,0
1790603220000,0.5295000,0.5303000,0.5287000,0.5292000,278826.5,1790603279999,147690.44779000,1081,144125.4,76343.76776000,0
1790603280000,0.5291000,0.5312000,0.5291000,0.5297000,463207.0,1790603339999,245687.02223000,1193,327102.8,173550.21961000,0
1790603340000,0.5297000,0.5297000,0.5258000,0.5261000,668256.4,1790603399999,352101.54631000,1539,127212.9,67127.32447000,0
1790603400000,0.5261000,0.5261000,0.5231000,0.5237000,1895703.1,1790603459999,994222.92457000,3846,466458.9,244710.97860000,0
1790603460000,0.5238000,0.5247000,0.5226000,0.5240000,706669.8,1790603519999,369951.94716000,1889,271767.7,142341.13899000,0
1790603520000,0.5239000,0.5260000,0.5235000,0.5256000,383383.7,1790603579999,201233.77719000,1107,185069.6,97130.82129000,0
1790603580000,0.5257000,0.5266000,0.5253000,0.5258000,468895.5,1790603639999,246605.43229000,1467,270572.8,142311.25510000,0
1790603640000,0.5259000,0.5272000,0.5256000,0.5269000,327732.9,1790603699999,172534.01929000,1022,218639.2,115128.22958000,0
1790603700000,0.5268000,0.5274000,0.5249000,0.5252000,424637.1,1790603759999,223568.97164000,1207,181940.7,95831.87825000,0
1790603760000,0.5252000,0.5252000,0.5234000,0.5246000,440642.6,1790603819999,230913.20118000,1327,147922.7,77540.68229000,0
1790603820000,0.5246000,0.5255000,0.5243000,0.5254000,276403.9,1790603879999,145085.18775000,775,194828.1,102274.67259000,0
1790603880000,0.5254000,0.5254000,0.5239000,0.5240000,181323.4,1790603939999,95109.86678000,689,92773.0,48666.44324000,0
1790603940000,0.5240000,0.5242000,0.5224000,0.5227000,402753.7,1790603999999,210720.94383000,954,85048.4,44503.99954000,0
1790604000000,0.5227000,0.5229000,0.5211000,0.5216000,816623.3,1790604059999,426222.95745000,1829,398425.3,208011.34851000,0
1790604060000,0.5217000,0.5222000,0.5178000,0.5203000,3796120.8,1790604119999,1974160.83506000,5016,1107186.8,576163.56939000,0
1790604120000,0.5203000,0.5211000,0.5190000,0.5203000,1681295.6,1790604179999,874393.43495000,2915,688811.3,358446.08603000,0
1790604180000,0.5204000,0.5209000,0.5193000,0.5198000,482026.8,1790604239999,250712.75764000,1332,241588.3,125656.59335000,0
1790604240000,0.5199000,0.5206000,0.5193000,0.5199000,415964.4,1790604299999,216233.70670000,1258,222276.1,115554.87603000,0
1790604300000,0.5200000,0.5208000,0.5192000,0.5199000,359873.6,1790604359999,187120.12595000,1319,149064.1,77511.08864000,0
1790604360000,0.5199000,0.5222000,0.5187000,0.5222000,628556.2,1790604419999,326944.37877000,1579,382212.5,198932.33633000,0
1790604420000,0.5222000,0.5237000,0.5219000,0.5232000,576374.5,1790604479999,301352.24297000,1498,401227.9,209797.94816000,0
1790604480000,0.5232000,0.5244000,0.5232000,0.5237000,397879.1,1790604539999,208465.92951000,1102,234065.2,122636.37126000,0
1790604540000,0.5237000,0.5240000,0.5216000,0.5223000,300536.5,1790604599999,157177.97786000,1024,77023.0,40265.17983000,0
1790604600000,0.5223000,0.5223000,0.5209000,0.5216000,230003.7,1790604659999,119987.85949000,847,89998.9,46927.94425000,0
1790604660000,0.5216000,0.5236000,0.5213000,0.5235000,312185.7,1790604719999,163095.44997000,953,173946.1,90870.77347000,0
1790604720000,0.5234000,0.5234000,0.5221000,0.5225000,318988.1,1790604779999,166755.74616000,1026,146038.3,76341.40952000,0
1790604780000,0.5225000,0.5226000,0.5212000,0.5216000,823730.1,1790604839999,430027.99192000,989,251241.6,131110.05824000,0
1790604840000,0.5216000,0.5216000,0.5201000,0.5202000,200494.5,1790604899999,104384.52664000,855,93284.7,48569.77429000,0
1790604900000,0.5201000,0.5204000,0.5181000,0.5185000,516390.0,1790604959999,268157.01616000,1314,169157.3,87907.33587000,0
1790604960000,0.5186000,0.5191000,0.5161000,0.5181000,1516331.9,1790605019999,784446.86386000,3216,531894.8,275239.87228000,0
1790605020000,0.5181000,0.5197000,0.5177000,0.5182000,419032.1,1790605079999,217337.78886000,1458,269087.2,139587.32386000,0
1790605080000,0.5182000,0.5187000,0.5163000,0.5167000,647882.2,1790605139999,335146.71376000,1593,283964.8,146926.95931000,0
1790605140000,0.5166000,0.5185000,0.5162000,0.5179000,595457.3,1790605199999,307911.14761000,1485,344202.4,177990.99255000,0
1790605200000,0.5178000,0.5198000,0.5176000,0.5195000,278723.0,1790605259999,144542.42787000,1074,182957.1,94884.50501000,0
1790605260000,0.5195000,0.5206000,0.5186000,0.5203000,385144.6,1790605319999,200039.70785000,1023,169318.6,87984.22742000,0
1790605320000,0.5203000,0.5219000,0.5200000,0.5218000,345273.2,1790605379999,179832.90359000,969,191569.8,99770.58814000,0
1790605380000,0.5218000,0.5218000,0.5200000,0.5207000,698999.2,1790605439999,363936.08516000,1178,545252.2,283915.90003000,0
1790605440000,0.5206000,0.5213000,0.5196000,0.5212000,591611.7,1790605499999,307717.69620000,957,164087.7,85369.09238000,0
1790605500000,0.5212000,0.5218000,0.5200000,0.5202000,305389.4,1790605559999,159048.48424000,986,140592.8,73230.81852000,0
1790605560000,0.5201000,0.5202000,0.5175000,0.5181000,292242.0,1790605619999,151570.47613000,1136,122845.7,63714.26533000,0
1790605620000,0.5181000,0.5197000,0.5132000,0.5132000,5450750.3,1790605679999,2810750.97700000,7062,2000346.8,1033973.47070000,0
1790605680000,0.5132000,0.5138000,0.5106000,0.5110000,2586576.3,1790605739999,1324028.66563000,5242,873741.9,447331.16266000,0
1790605740000,0.5110000,0.5119000,0.5089000,0.5104000,2567446.3,1790605799999,1309393.90163000,5661,982152.7,501118.17896000,0
1790605800000,0.5104000,0.5123000,0.5104000,0.5113000,1700315.8,1790605859999,869185.11589000,3092,1034296.8,528711.28648000,0
1790605860000,0.5113000,0.5116000,0.5101000,0.5105000,1341173.4,1790605919999,685142.26109000,2533,635196.5,324560.22918000,0
1790605920000,0.5105000,0.5128000,0.5101000,0.5117000,1327376.2,1790605979999,678906.38052000,2946,881446.5,450980.33247000,0
1790605980000,0.5117000,0.5140000,0.5112000,0.5134000,746970.8,1790606039999,383253.31571000,2201,392205.9,201242.16950000,0
1790606040000,0.5133000,0.5148000,0.5130000,0.5142000,1031100.0,1790606099999,530000.70606000,1885,780858.3,401331.00613000,0
1790606100000,0.5141000,0.5149000,0.5119000,0.5148000,1165080.3,1790606159999,597964.67414000,2028,364943.9,187509.10837000,0
1790606160000,0.5148000,0.5155000,0.5134000,0.5135000,791939.3,1790606219999,407459.97953000,1700,326168.0,167914.61737000,0
1790606220000,0.5134000,0.5147000,0.5130000,0.5138000,451101.5,1790606279999,231892.91408000,1147,201824.7,103748.25094000,0
1790606280000,0.5138000,0.5143000,0.5128000,0.5139000,412446.7,1790606339999,211792.99069000,1122,190131.9,97625.66706000,0
1790606340000,0.5140000,0.5155000,0.5135000,0.5146000,820533.4,1790606399999,422401.81560000,1327,437682.9,225348.45660000,0
1790606400000,0.5145000,0.5156000,0.5138000,0.5147000,597360.5,1790606459999,307480.72857000,1216,275398.0,141752.69106000,0
1790606460000,0.5147000,0.5147000,0.5126000,0.5128000,525910.2,1790606519999,270023.13077000,1484,218459.6,112147.43352000,0
1790606520000,0.5127000,0.5127000,0.5097000,0.5103000,1105579.6,1790606579999,564711.48356000,2848,490836.1,250714.81099000,0
1790606580000,0.5104000,0.5114000,0.5084000,0.5088000,1234212.3,1790606639999,629460.33815000,3351,531287.7,271129.29734000,0
1790606640000,0.5088000,0.5108000,0.5079000,0.5107000,1795471.9,1790606699999,913176.85280000,2778,1035838.4,526657.21782000,0
1790606700000,0.5108000,0.5127000,0.5094000,0.5121000,1155327.9,1790606759999,590663.13730000,2484,736341.1,376654.68539000,0
1790606760000,0.5121000,0.5150000,0.5112000,0.5150000,1062619.7,1790606819999,545336.35929000,2517,595878.1,305723.29634000,0
1790606820000,0.5149000,0.5152000,0.5129000,0.5136000,525761.4,1790606879999,270340.56652000,1589,300117.0,154308.42260000,0
1790606880000,0.5136000,0.5159000,0.5129000,0.5151000,689339.3,1790606939999,354930.96186000,1814,310269.3,159789.83552000,0
1790606940000,0.5150000,0.5165000,0.5147000,0.5149000,571620.6,1790606999999,294716.72755000,1313,294535.6,151905.39570000,0
1790607000000,0.5149000,0.5156000,0.5134000,0.5136000,423038.4,1790607059999,217585.70265000,1381,218874.6,112595.26655000,0
1790607060000,0.5136000,0.5150000,0.5099000,0.5101000,966065.6,1790607119999,494770.99274000,1793,205185.2,105222.85811000,0
1790607120000,0.5101000,0.5117000,0.5086000,0.5113000,1043538.9,1790607179999,532253.04648000,2763,329360.4,168086.41852000,0
1790607180000,0.5114000,0.5146000,0.5081000,0.5139000,971396.0,1790607239999,497189.69878000,2680,613309.0,314049.94092000,0
1790607240000,0.5140000,0.5155000,0.5130000,0.5131000,544385.3,1790607299999,280082.32489000,1629,316865.9,163027.14053000,0
1790607300000,0.5131000,0.5137000,0.5114000,0.5120000,747161.4,1790607359999,383141.85164000,1866,554995.0,284657.86320000,0
1790607360000,0.5120000,0.5138000,0.5116000,0.5138000,471964.0,1790607419999,242022.64583000,1471,271768.4,139376.79735000,0
1790607420000,0.5138000,0.5153000,0.5137000,0.5144000,539924.5,1790607479999,277895.95606000,1376,432026.5,222380.18167000,0
1790607480000,0.5144000,0.5148000,0.5124000,0.5129000,389389.0,1790607539999,199974.68101000,970,187456.5,96264.88219000,0
1790607540000,0.5129000,0.5140000,0.5126000,0.5137000,260776.1,1790607599999,133881.89547000,795,214877.6,110315.43784000,0
1790607600000,0.5138000,0.5156000,0.5133000,0.5148000,333498.8,1790607659999,171659.76615000,1234,232472.0,119691.95803000,0
1790607660000,0.5149000,0.5166000,0.5149000,0.5153000,459341.7,1790607719999,236928.61497000,1515,238435.5,122982.27761000,0
1790607720000,0.5154000,0.5160000,0.5144000,0.5158000,265420.7,1790607779999,136753.16378000,1208,161226.8,83072.91149000,0
1790607780000,0.5158000,0.5162000,0.5153000,0.5159000,348866.8,1790607839999,179958.85039000,811,228029.9,117646.98760000,0
1790607840000,0.5158000,0.5158000,0.5131000,0.5133000,207428.6,1790607899999,106677.29227000,920,122041.2,62759.87766000,0
1790607900000,0.5134000,0.5148000,0.5130000,0.5138000,434781.0,1790607959999,223264.80586000,1088,183968.7,94498.53461000,0
1790607960000,0.5138000,0.5139000,0.5129000,0.5137000,341653.1,1790608019999,175402.65431000,1208,168675.2,86605.59036000,0
1790608020000,0.5137000,0.5147000,0.5128000,0.5134000,647551.4,1790608079999,332600.01453000,1369,309962.2,159285.27348000,0
1790608080000,0.5134000,0.5135000,0.5121000,0.5127000,293723.2,1790608139999,150636.51152000,1066,132877.6,68155.61737000,0
1790608140000,0.5128000,0.5164000,0.5126000,0.5164000,562224.8,1790608199999,289266.45628000,1720,291186.8,149858.50600000,0
1790608200000,0.5165000,0.5177000,0.5158000,0.5173000,915973.8,1790608259999,473619.27307000,2584,612671.2,316849.24689000,0
1790608260000,0.5172000,0.5172000,0.5142000,0.5144000,648961.9,1790608319999,334950.48651000,1985,313561.1,161852.52139000,0
1790608320000,0.5143000,0.5163000,0.5138000,0.5156000,458285.4,1790608379999,236004.45453000,1391,252666.1,130140.09134000,0
1790608380000,0.5156000,0.5159000,0.5145000,0.5148000,388681.5,1790608439999,200279.93287000,1121,163888.4,84442.51353000,0
1790608440000,0.5149000,0.5155000,0.5141000,0.5146000,415515.4,1790608499999,213872.60209000,1082,222829.0,114676.16013000,0
1790608500000,0.5146000,0.5153000,0.5139000,0.5141000,283159.5,1790608559999,145684.31630000,1056,166608.9,85718.34448000,0
1790608560000,0.5141000,0.5145000,0.5116000,0.5125000,717057.8,1790608619999,367730.73438000,1996,259844.3,133302.60262000,0
1790608620000,0.5125000,0.5131000,0.5107000,0.5114000,727630.3,1790608679999,372296.59798000,1860,256839.6,131450.20826000,0
1790608680000,0.5114000,0.5122000,0.5107000,0.5118000,436839.2,1790608739999,223405.09028000,1448,230955.4,118118.18625000,0
1790608740000,0.5118000,0.5140000,0.5112000,0.5115000,557399.9,1790608799999,285882.84372000,1723,410694.3,210673.83551000,0
1790608800000,0.5115000,0.5125000,0.5108000,0.5111000,586442.4,1790608859999,299947.45135000,1692,221698.6,113439.51156000,0
1790608860000,0.5111000,0.5131000,0.5107000,0.5131000,286759.3,1790608919999,146715.54907000,1180,194493.8,99508.83047000,0
1790608920000,0.5131000,0.5136000,0.5116000,0.5120000,300405.3,1790608979999,154075.35830000,965,144030.6,73886.00071000,0
1790608980000,0.5119000,0.5136000,0.5105000,0.5134000,275776.4,1790609039999,141187.96529000,1245,109353.5,56019.92283000,0
1790609040000,0.5133000,0.5163000,0.5128000,0.5151000,368060.2,1790609099999,189423.37843000,1342,229551.8,118164.04898000,0
1790609100000,0.5151000,0.5163000,0.5138000,0.5158000,565573.4,1790609159999,291442.91824000,1670,320392.5,165125.61386000,0
1790609160000,0.5158000,0.5179000,0.5156000,0.5177000,379191.5,1790609219999,195993.95561000,1408,256660.1,132680.70378000,0
1790609220000,0.5178000,0.5180000,0.5158000,0.5165000,474293.9,1790609279999,245179.71580000,1298,232849.6,120325.29479000,0
1790609280000,0.5165000,0.5170000,0.5161000,0.5168000,273482.9,1790609339999,141305.95999000,727,200856.3,103776.99288000,0
1790609340000,0.5168000,0.5174000,0.5153000,0.5156000,651386.1,1790609399999,336669.83775000,994,481557.8,248918.54638000,0
1790609400000,0.5156000,0.5156000,0.5143000,0.5150000,267163.9,1790609459999,137576.14324000,970,153744.6,79185.08594000,0
1790609460000,0.5150000,0.5154000,0.5141000,0.5145000,245318.0,1790609519999,126280.05311000,942,146530.6,75433.05299000,0
1790609520000,0.5146000,0.5166000,0.5145000,0.5153000,307629.8,1790609579999,158655.61146000,961,150863.6,77780.72285000,0
1790609580000,0.5152000,0.5158000,0.5147000,0.5149000,262386.3,1790609639999,135205.44284000,928,141024.1,72671.14232000,0
1790609640000,0.5149000,0.5154000,0.5144000,0.5151000,202486.7,1790609699999,104260.75903000,686,94863.9,48857.34145000,0
1790609700000,0.5151000,0.5154000,0.5134000,0.5151000,1774109.4,1790609759999,911988.43167000,1422,1231485.9,633052.48783000,0
1790609760000,0.5150000,0.5179000,0.5149000,0.5176000,511800.3,1790609819999,264102.70407000,1487,243441.3,125637.25509000,0
1790609820000,0.5175000,0.5184000,0.5162000,0.5184000,479498.7,1790609879999,248155.47379000,1452,291292.2,150774.83231000,0
1790609880000,0.5184000,0.5191000,0.5176000,0.5184000,264082.5,1790609939999,136847.79290000,1188,168247.5,87187.64916000,0
1790609940000,0.5183000,0.5183000,0.5164000,0.5176000,398824.1,1790609999999,206219.82040000,1273,245142.9,126731.09129000,0
1790610000000,0.5176000,0.5181000,0.5170000,0.5172000,282470.9,1790610059999,146222.38101000,1187,186733.2,96672.12031000,0
1790610060000,0.5172000,0.5172000,0.5166000,0.5171000,153935.5,1790610119999,79560.70307000,723,81868.2,42314.78313000,0
1790610120000,0.5169000,0.5183000,0.5158000,0.5160000,384035.7,1790610179999,198585.61913000,1312,261687.6,135360.28678000,0
1790610180000,0.5160000,0.5170000,0.5151000,0.5152000,150717.2,1790610239999,77787.49832000,753,90247.4,46585.63545000,0
1790610240000,0.5151000,0.5154000,0.5144000,0.5150000,247319.1,1790610299999,127349.61620000,866,93163.6,47975.19481000,0
1790610300000,0.5150000,0.5162000,0.5147000,0.5158000,133899.1,1790610359999,69008.31753000,728,70576.1,36369.78088000,0
1790610360000,0.5158000,0.5174000,0.5152000,0.5160000,269505.5,1790610419999,139163.11626000,961,100831.4,52058.12123000,0
1790610420000,0.5159000,0.5172000,0.5153000,0.5171000,133428.8,1790610479999,68875.77677000,765,84840.7,43801.66052000,0
1790610480000,0.5171000,0.5171000,0.5153000,0.5154000,205650.7,1790610539999,106187.06590000,852,83999.5,43391.34257000,0
1790610540000,0.5154000,0.5162000,0.5150000,0.5161000,156649.4,1790610599999,80753.76094000,652,103965.4,53598.27610000,0
1790610600000,0.5160000,0.5174000,0.5159000,0.5167000,199880.0,1790610659999,103313.57947000,821,116868.6,60406.85379000,0
1790610660000,0.5166000,0.5168000,0.5142000,0.5143000,351080.9,1790610719999,180840.22988000,957,119259.9,61446.41656000,0
1790610720000,0.5142000,0.5144000,0.5136000,0.5138000,164588.2,1790610779999,84600.82814000,737,99942.2,51376.78122000,0
1790610780000,0.5137000,0.5143000,0.5134000,0.5138000,152007.3,1790610839999,78098.47600000,655,90077.7,46282.59665000,0
1790610840000,0.5138000,0.5145000,0.5135000,0.5144000,221064.9,1790610899999,113622.08481000,768,162744.8,83651.05476000,0
1790610900000,0.5143000,0.5147000,0.5142000,0.5142000,219723.0,1790610959999,113041.30581000,891,131952.1,67892.09105000,0
1790610960000,0.5143000,0.5148000,0.5136000,0.5146000,315613.5,1790611019999,162312.70476000,961,221717.3,114039.90164000,0
1790611020000,0.5146000,0.5154000,0.5136000,0.5136000,234486.8,1790611079999,120685.77874000,923,102746.5,52892.99190000,0
1790611080000,0.5137000,0.5137000,0.5126000,0.5129000,340559.5,1790611139999,174714.02645000,1097,137355.2,70472.21355000,0
1790611140000,0.5129000,0.5143000,0.5127000,0.5138000,464596.6,1790611199999,238602.51026000,1094,330984.9,169986.90433000,0
1790611200000,0.5137000,0.5144000,0.5126000,0.5144000,357863.7,1790611259999,183731.17252000,1315,174851.4,89768.70571000,0
1790611260000,0.5144000,0.5156000,0.5130000,0.5145000,363753.9,1790611319999,187036.91899000,1307,185816.8,95552.76749000,0
1790611320000,0.5146000,0.5147000,0.5124000,0.5124000,368114.7,1790611379999,188956.35490000,1207,162914.9,83621.26369000,0
1790611380000,0.5125000,0.5127000,0.5104000,0.5105000,565094.4,1790611439999,289050.57936000,1871,266501.7,136340.33046000,0
1790611440000,0.5105000,0.5123000,0.5103000,0.5113000,422663.8,1790611499999,216063.52131000,1450,273481.2,139809.04537000,0
1790611500000,0.5112000,0.5121000,0.5104000,0.5105000,328352.2,1790611559999,167862.75819000,1105,194900.9,99649.68792000,0
1790611560000,0.5106000,0.5123000,0.5106000,0.5121000,339792.9,1790611619999,173809.36656000,1172,241150.5,123353.46029000,0
1790611620000,0.5120000,0.5150000,0.5115000,0.5144000,612744.4,1790611679999,314373.07146000,1658,349331.3,179344.06627000,0
1790611680000,0.5145000,0.5166000,0.5145000,0.5154000,250890.6,1790611739999,129403.18234000,1308,148399.1,76539.25917000,0
1790611740000,0.5153000,0.5160000,0.5140000,0.5153000,457267.4,1790611799999,235487.14121000,1305,242965.2,125128.65053000,0
1790611800000,0.5152000,0.5172000,0.5150000,0.5165000,338326.1,1790611859999,174741.46314000,1044,176323.1,91055.07116000,0
1790611860000,0.5164000,0.5169000,0.5158000,0.5166000,164827.2,1790611919999,85072.42585000,868,101905.1,52596.76708000,0
1790611920000,0.5166000,0.5183000,0.5165000,0.5171000,480219.0,1790611979999,248464.18898000,1482,311773.4,161300.10634000,0
1790611980000,0.5170000,0.5174000,0.5167000,0.5168000,193759.2,1790612039999,100189.01074000,709,85359.2,44133.30104000,0
1790612040000,0.5168000,0.5168000,0.5155000,0.5159000,104300.9,1790612099999,53822.77839000,592,40499.6,20893.78716000,0
1790612100000,0.5159000,0.5171000,0.5153000,0.5163000,270072.9,1790612159999,139400.59855000,799,157179.2,81144.89457000,0
1790612160000,0.5164000,0.5187000,0.5163000,0.5182000,542150.3,1790612219999,280574.73347000,1990,370941.5,191951.67272000,0
1790612220000,0.5182000,0.5217000,0.5176000,0.5217000,731312.6,1790612279999,380058.27643000,2931,485694.0,252385.05923000,0
1790612280000,0.5217000,0.5226000,0.5182000,0.5182000,1208348.9,1790612339999,628030.38217000,2761,512945.7,266747.21325000,0
1790612340000,0.5182000,0.5195000,0.5179000,0.5195000,190895.8,1790612399999,98991.26136000,902,124469.1,64555.11152000,0
1790612400000,0.5195000,0.5218000,0.5191000,0.5212000,387791.5,1790612459999,201912.35749000,1486,210151.2,109410.04513000,0
1790612460000,0.5213000,0.5226000,0.5213000,0.5217000,564530.6,1790612519999,294718.12870000,1716,259481.2,135461.52999000,0
1790612520000,0.5217000,0.5223000,0.5210000,0.5210000,693517.3,1790612579999,361666.30102000,2041,292085.2,152332.33464000,0
1790612580000,0.5210000,0.5232000,0.5199000,0.5226000,477523.9,1790612639999,249061.67459000,1769,319669.7,166720.94928000,0
1790612640000,0.5226000,0.5246000,0.5220000,0.5244000,801458.6,1790612699999,419375.39262000,2052,366868.5,192020.14456000,0
1790612700000,0.5244000,0.5244000,0.5231000,0.5240000,405374.9,1790612759999,212299.54770000,1410,150594.5,78882.28900000,0
1790612760000,0.5241000,0.5260000,0.5238000,0.5257000,1553446.3,1790612819999,815467.23888000,3185,468316.5,245959.51725000,0
1790612820000,0.5256000,0.5261000,0.5251000,0.5257000,666403.7,1790612879999,350307.69960000,2172,272155.5,143070.32644000,0
1790612880000,0.5257000,0.5268000,0.5252000,0.5265000,933921.2,1790612939999,491321.47420000,2582,538959.3,283590.46491000,0
1790612940000,0.5265000,0.5269000,0.5245000,0.5256000,927154.1,1790612999999,487470.48205000,3429,478711.0,251695.23248000,0
1790613000000,0.5257000,0.5265000,0.5246000,0.5254000,556779.1,1790613059999,292582.43319000,2116,334533.4,175801.48456000,0
1790613060000,0.5254000,0.5258000,0.5238000,0.5241000,557901.8,1790613119999,292785.82318000,1427,220693.7,115778.67300000,0
1790613120000,0.5242000,0.5250000,0.5229000,0.5231000,454180.3,1790613179999,237973.44812000,1194,178243.7,93377.34795000,0
1790613180000,0.5230000,0.5234000,0.5216000,0.5223000,482375.4,1790613239999,252008.92721000,1273,189381.7,98957.88671000,0
1790613240000,0.5223000,0.5235000,0.5223000,0.5233000,266629.1,1790613299999,139467.10275000,909,160853.2,84134.76385000,0
1790613300000,0.5234000,0.5243000,0.5231000,0.5239000,308449.0,1790613359999,161545.49767000,1254,186479.1,97657.93446000,0
1790613360000,0.5239000,0.5245000,0.5238000,0.5240000,358227.9,1790613419999,187777.98836000,977,159623.8,83674.49540000,0
1790613420000,0.5240000,0.5241000,0.5222000,0.5233000,491841.6,1790613479999,257206.41844000,1100,184776.3,96601.81408000,0
1790613480000,0.5232000,0.5232000,0.5207000,0.5216000,301662.7,1790613539999,157304.14869000,912,130578.7,68094.11997000,0
1790613540000,0.5217000,0.5228000,0.5214000,0.5219000,360118.7,1790613599999,188058.28838000,970,268190.3,140074.57201000,0
1790613600000,0.5219000,0.5227000,0.5217000,0.5218000,170721.3,1790613659999,89135.00537000,656,91330.6,47682.48358000,0
1790613660000,0.5219000,0.5223000,0.5204000,0.5207000,150736.3,1790613719999,78611.49753000,752,63239.9,32982.34123000,0
1790613720000,0.5207000,0.5212000,0.5199000,0.5199000,240893.7,1790613779999,125383.14248000,768,79265.0,41266.47990000,0
1790613780000,0.5199000,0.5201000,0.5183000,0.5189000,343614.7,1790613839999,178392.56483000,1085,124034.7,64396.77940000,0
1790613840000,0.5189000,0.5193000,0.5183000,0.5188000,469560.2,1790613899999,243679.97615000,1018,280025.1,145316.29661000,0
1790613900000,0.5189000,0.5199000,0.5186000,0.5188000,248269.3,1790613959999,128881.57088000,931,151874.4,78844.05917000,0
1790613960000,0.5187000,0.5189000,0.5175000,0.5181000,365288.2,1790614019999,189275.67030000,1056,123782.0,64145.68659000,0
1790614020000,0.5180000,0.5182000,0.5170000,0.5174000,337160.2,1790614079999,174461.60396000,925,112193.1,58055.56579000,0
1790614080000,0.5173000,0.5179000,0.5163000,0.5163000,260803.8,1790614139999,134821.74007000,679,70522.3,36478.48422000,0
1790614140000,0.5163000,0.5168000,0.5161000,0.5165000,277772.2,1790614199999,143459.51096000,773,144149.7,74452.09406000,0
1790614200000,0.5166000,0.5180000,0.5164000,0.5174000,343712.8,1790614259999,177759.87556000,929,203305.1,105178.91176000,0
1790614260000,0.5173000,0.5177000,0.5164000,0.5173000,175489.0,1790614319999,90756.75997000,727,102775.5,53159.16887000,0
1790614320000,0.5173000,0.5181000,0.5166000,0.5175000,188417.9,1790614379999,97488.18437000,619,97238.6,50311.10488000,0
1790614380000,0.5176000,0.5181000,0.5172000,0.5180000,94734.2,1790614439999,49032.43919000,458,65788.0,34049.50654000,0
1790614440000,0.5180000,0.5183000,0.5175000,0.5181000,365731.9,1790614499999,189400.94358000,639,89452.7,46331.67262000,0
1790614500000,0.5180000,0.5183000,0.5173000,0.5173000,260743.8,1790614559999,135070.02181000,508,72525.9,37572.21179000,0
1790614560000,0.5174000,0.5184000,0.5168000,0.5177000,555839.8,1790614619999,287619.97106000,1033,341302.4,176611.35138000,0
1790614620000,0.5177000,0.5185000,0.5171000,0.5174000,334566.6,1790614679999,173275.23954000,744,229469.6,118876.83954000,0
1790614680000,0.5173000,0.5181000,0.5173000,0.5175000,94047.3,1790614739999,48691.83468000,394,65233.6,33774.09997000,0
1790614740000,0.5174000,0.5176000,0.5161000,0.5163000,265361.4,1790614799999,137144.16203000,496,67913.7,35101.03637000,0
1790614800000,0.5162000,0.5165000,0.5138000,0.5144000,820471.7,1790614859999,422552.44599000,1654,279242.8,143820.38218000,0
1790614860000,0.5144000,0.5146000,0.5129000,0.5133000,684092.9,1790614919999,351346.64313000,1594,257583.9,132330.00352000,0
1790614920000,0.5134000,0.5164000,0.5134000,0.5164000,608462.6,1790614979999,313270.00707000,1437,444672.3,229013.52913000,0
1790614980000,0.5163000,0.5169000,0.5127000,0.5137000,497503.8,1790615039999,256116.95041000,1393,165893.8,85361.38066000,0
1790615040000,0.5136000,0.5145000,0.5131000,0.5138000,364018.3,1790615099999,187060.83271000,988,229489.2,117935.55155000,0
1790615100000,0.5139000,0.5141000,0.5133000,0.5136000,195236.2,1790615159999,100295.00929000,704,98133.4,50410.34885000,0
1790615160000,0.5135000,0.5138000,0.5124000,0.5135000,168475.5,1790615219999,86452.28422000,734,70329.8,36092.70841000,0
1790615220000,0.5134000,0.5138000,0.5125000,0.5126000,226657.4,1790615279999,116295.97917000,678,109932.7,56406.61897000,0
1790615280000,0.5126000,0.5132000,0.5120000,0.5129000,167570.0,1790615339999,85921.91235000,677,81465.0,41776.66064000,0
1790615340000,0.5129000,0.5141000,0.5128000,0.5135000,244414.0,1790615399999,125526.48142000,738,165176.8,84821.34350000,0
1790615400000,0.5134000,0.5142000,0.5134000,0.5135000,257806.0,1790615459999,132464.78521000,680,128036.6,65794.44755000,0
1790615460000,0.5136000,0.5190000,0.5136000,0.5188000,726655.5,1790615519999,375361.13558000,2229,533835.4,275711.45767000,0
1790615520000,0.5189000,0.5219000,0.5189000,0.5209000,656397.0,1790615579999,341537.58036000,2236,392421.0,204191.94176000,0
1790615580000,0.5208000,0.5241000,0.5208000,0.5236000,647601.4,1790615639999,338557.28007000,2274,344465.1,180123.10854000,0
1790615640000,0.5235000,0.5254000,0.5231000,0.5250000,1020064.4,1790615699999,534799.82861000,2235,570010.5,298948.50104000,0
1790615700000,0.5250000,0.5253000,0.5212000,0.5230000,515036.4,1790615759999,269380.86755000,1796,221292.0,115698.22056000,0
1790615760000,0.5230000,0.5248000,0.5223000,0.5239000,692420.0,1790615819999,362614.67002000,1932,335223.9,175563.72528000,0
1790615820000,0.5240000,0.5242000,0.5221000,0.5227000,472184.4,1790615879999,247007.12452000,1402,170824.6,89376.86130000,0
1790615880000,0.5226000,0.5226000,0.5204000,0.5205000,544733.0,1790615939999,284107.48630000,1438,153429.8,80034.54147000,0
1790615940000,0.5205000,0.5212000,0.5197000,0.5200000,336820.4,1790615999999,175203.06386000,861,137752.3,71650.56140000,0
1790616000000,0.5198000,0.5206000,0.5196000,0.5199000,273650.1,1790616059999,142305.32411000,773,147206.3,76557.04448000,0
1790616060000,0.5199000,0.5209000,0.5198000,0.5207000,333473.9,1790616119999,173551.02609000,859,181360.5,94383.50698000,0
1790616120000,0.5206000,0.5212000,0.5202000,0.5207000,117610.7,1790616179999,61228.78085000,574,64110.1,33378.85804000,0
1790616180000,0.5207000,0.5223000,0.5205000,0.5209000,243991.9,1790616239999,127230.59193000,719,120056.4,62599.45155000,0
1790616240000,0.5210000,0.5210000,0.5202000,0.5202000,154662.3,1790616299999,80487.15809000,500,59208.9,30814.80389000,0
1790616300000,0.5201000,0.5204000,0.5196000,0.5202000,103087.9,1790616359999,53592.72255000,406,70202.4,36497.08425000,0
1790616360000,0.5202000,0.5202000,0.5188000,0.5188000,151118.9,1790616419999,78492.81090000,644,73238.6,38035.60263000,0
1790616420000,0.5188000,0.5193000,0.5183000,0.5187000,217816.8,1790616479999,113022.24134000,777,119038.6,61766.11450000,0
1790616480000,0.5188000,0.5192000,0.5184000,0.5186000,66062.6,1790616539999,34273.01288000,384,53342.1,27674.14442000,0
1790616540000,0.5187000,0.5195000,0.5186000,0.5187000,149431.9,1790616599999,77577.65276000,482,119759.0,62175.23062000,0
1790616600000,0.5187000,0.5214000,0.5186000,0.5211000,133612.8,1790616659999,69499.49290000,565,107437.3,55874.77337000,0
1790616660000,0.5210000,0.5210000,0.5197000,0.5206000,132010.8,1790616719999,68666.11805000,537,68883.2,35821.66924000,0
1790616720000,0.5206000,0.5215000,0.5204000,0.5214000,96344.4,1790616779999,50181.98622000,481,54435.1,28359.30384000,0
1790616780000,0.5214000,0.5221000,0.5206000,0.5206000,166898.9,1790616839999,86993.56239000,625,52173.5,27203.24633000,0
1790616840000,0.5205000,0.5205000,0.5195000,0.5195000,172590.8,1790616899999,89738.81244000,365,29175.6,15163.77631000,0
1790616900000,0.5196000,0.5205000,0.5193000,0.5205000,99063.6,1790616959999,51492.08357000,418,72792.6,37834.01577000,0
1790616960000,0.5206000,0.5209000,0.5200000,0.5201000,207905.7,1790617019999,108218.71386000,530,82756.9,43075.07599000,0
1790617020000,0.5201000,0.5202000,0.5182000,0.5185000,140032.4,1790617079999,72684.54673000,487,55241.9,28674.01085000,0
1790617080000,0.5185000,0.5212000,0.5183000,0.5207000,259141.2,1790617139999,134752.95144000,632,216876.0,112755.83820000,0
1790617140000,0.5207000,0.5209000,0.5198000,0.5199000,218642.4,1790617199999,113771.03269000,585,86070.0,44791.27927000,0
1790617200000,0.5199000,0.5204000,0.5193000,0.5195000,99597.1,1790617259999,51767.22238000,486,61158.0,31784.90227000,0
1790617260000,0.5195000,0.5215000,0.5194000,0.5215000,89977.5,1790617319999,46833.76807000,492,64541.7,33588.02695000,0
1790617320000,0.5215000,0.5215000,0.5192000,0.5207000,91201.4,1790617379999,47437.65468000,572,47027.6,24447.64859000,0
1790617380000,0.5208000,0.5211000,0.5204000,0.5208000,113777.4,1790617439999,59253.21746000,475,48476.5,25246.13564000,0
1790617440000,0.5207000,0.5215000,0.5204000,0.5208000,136703.5,1790617499999,71216.92568000,540,87516.4,45591.29163000,0
1790617500000,0.5208000,0.5217000,0.5206000,0.5211000,265394.9,1790617559999,138322.61687000,747,191880.3,100011.96512000,0
1790617560000,0.5211000,0.5211000,0.5206000,0.5209000,139349.6,1790617619999,72583.40740000,412,69787.3,36348.74859000,0
1790617620000,0.5209000,0.5210000,0.5201000,0.5204000,80771.5,1790617679999,42044.24900000,398,27323.2,14223.15586000,0
1790617680000,0.5204000,0.5205000,0.5201000,0.5204000,81553.9,1790617739999,42426.22991000,295,30723.8,15984.43033000,0
1790617740000,0.5204000,0.5204000,0.5192000,0.5194000,97882.7,1790617799999,50868.68451000,347,45122.3,23436.44712000,0
1790617800000,0.5194000,0.5197000,0.5191000,0.5191000,140653.4,1790617859999,73045.24433000,397,41472.6,21538.31716000,0
1790617860000,0.5191000,0.5194000,0.5186000,0.5192000,56530.0,1790617919999,29337.02956000,419,43323.8,22483.20556000,0
1790617920000,0.5192000,0.5200000,0.5191000,0.5199000,122514.5,1790617979999,63629.78394000,425,63567.3,33016.35333000,0
1790617980000,0.5198000,0.5205000,0.5194000,0.5198000,146921.8,1790618039999,76391.56732000,466,59372.9,30866.95133000,0
1790618040000,0.5197000,0.5202000,0.5195000,0.5195000,64298.4,1790618099999,33425.36504000,301,21907.7,11388.93056000,0
1790618100000,0.5195000,0.5197000,0.5187000,0.5197000,239054.7,1790618159999,124105.46330000,676,91272.6,47382.96146000,0
1790618160000,0.5197000,0.5203000,0.5195000,0.5200000,46696.3,1790618219999,24275.28033000,325,22686.7,11792.10550000,0
1790618220000,0.5200000,0.5208000,0.5199000,0.5205000,157123.3,1790618279999,81799.20715000,380,118027.8,61450.38352000,0
1790618280000,0.5205000,0.5206000,0.5200000,0.5204000,81579.5,1790618339999,42441.66039000,361,21760.3,11324.84217000,0
1790618340000,0.5203000,0.5205000,0.5200000,0.5201000,35852.5,1790618399999,18652.00295000,193,22978.2,11954.21804000,0
1790618400000,0.5200000,0.5201000,0.5185000,0.5188000,215961.8,1790618459999,112056.18275000,704,91042.2,47237.21595000,0
1790618460000,0.5187000,0.5189000,0.5177000,0.5189000,154285.5,1790618519999,79965.67327000,675,83694.3,43388.65856000,0
1790618520000,0.5189000,0.5214000,0.5188000,0.5214000,188497.3,1790618579999,98069.41768000,574,129480.8,67354.28230000,0
1790618580000,0.5213000,0.5218000,0.5198000,0.5198000,258133.6,1790618639999,134388.89608000,838,139043.1,72392.68811000,0
1790618640000,0.5198000,0.5206000,0.5194000,0.5199000,134877.1,1790618699999,70102.04933000,577,46751.4,24299.98085000,0
1790618700000,0.5199000,0.5203000,0.5191000,0.5192000,164700.7,1790618759999,85548.82848000,497,65439.6,33996.75085000,0
1790618760000,0.5192000,0.5194000,0.5181000,0.5184000,159543.8,1790618819999,82767.42761000,486,80684.6,41867.40984000,0
1790618820000,0.5184000,0.5184000,0.5167000,0.5181000,334522.0,1790618879999,173085.53247000,930,79626.3,41200.49926000,0
1790618880000,0.5182000,0.5195000,0.5181000,0.5188000,105586.5,1790618939999,54787.07607000,510,55026.9,28547.59594000,0
1790618940000,0.5188000,0.5190000,0.5183000,0.5185000,136734.3,1790618999999,70910.10118000,458,62791.3,32566.85369000,0
1790619000000,0.5184000,0.5193000,0.5183000,0.5185000,176267.4,1790619059999,91462.10492000,513,76406.2,39640.15620000,0
1790619060000,0.5184000,0.5188000,0.5183000,0.5188000,102886.0,1790619119999,53347.43128000,433,53780.2,27885.14443000,0
1790619120000,0.5188000,0.5190000,0.5185000,0.5185000,63711.3,1790619179999,33051.27221000,363,19310.0,10018.71199000,0
1790619180000,0.5185000,0.5196000,0.5183000,0.5196000,245262.3,1790619239999,127258.61098000,575,218494.8,113373.20682000,0
1790619240000,0.5196000,0.5196000,0.5189000,0.5192000,153691.0,1790619299999,79799.05198000,475,76898.6,39924.83597000,0
1790619300000,0.5192000,0.5197000,0.5190000,0.5191000,156685.2,1790619359999,81370.06867000,607,94894.3,49282.53048000,0
1790619360000,0.5192000,0.5195000,0.5189000,0.5195000,76835.3,1790619419999,39888.87141000,341,43422.9,22544.99584000,0
1790619420000,0.5194000,0.5195000,0.5184000,0.5184000,134327.0,1790619479999,69723.96414000,581,57004.3,29595.13577000,0
1790619480000,0.5185000,0.5189000,0.5179000,0.5181000,115678.9,1790619539999,59954.68249000,460,40543.7,21016.19311000,0
1790619540000,0.5181000,0.5181000,0.5170000,0.5170000,146520.5,1790619599999,75829.68718000,524,71519.7,37011.51618000,0
1790619600000,0.5170000,0.5172000,0.5157000,0.5167000,390467.9,1790619659999,201608.93417000,882,55655.4,28754.88047000,0
1790619660000,0.5168000,0.5174000,0.5168000,0.5171000,70387.5,1790619719999,36396.27896000,377,37739.5,19513.06702000,0
1790619720000,0.5171000,0.5183000,0.5171000,0.5176000,221013.8,1790619779999,114418.51419000,620,131316.2,67986.23080000,0
1790619780000,0.5175000,0.5180000,0.5172000,0.5174000,34805.2,1790619839999,18014.58939000,321,19490.0,10086.54511000,0
1790619840000,0.5173000,0.5175000,0.5169000,0.5174000,51005.3,1790619899999,26378.73184000,347,24675.3,12760.79645000,0
1790619900000,0.5173000,0.5180000,0.5170000,0.5172000,111770.8,1790619959999,57849.43867000,415,45884.9,23748.06861000,0
1790619960000,0.5171000,0.5178000,0.5170000,0.5178000,121784.6,1790620019999,63017.15817000,395,97722.6,50568.18271000,0
1790620020000,0.5178000,0.5185000,0.5176000,0.5179000,98632.6,1790620079999,51093.90634000,454,30250.5,15670.59359000,0
1790620080000,0.5178000,0.5179000,0.5167000,0.5170000,211306.8,1790620139999,109230.57527000,477,148984.0,77010.30191000,0
1790620140000,0.5169000,0.5172000,0.5165000,0.5170000,39956.2,1790620199999,20653.91340000,239,18014.1,9312.87502000,0
1790620200000,0.5170000,0.5172000,0.5162000,0.5172000,119955.6,1790620259999,61987.76299000,511,69406.4,35861.66414000,0
1790620260000,0.5171000,0.5171000,0.5153000,0.5160000,182161.8,1790620319999,93956.22394000,606,78055.3,40263.85499000,0
1790620320000,0.5161000,0.5161000,0.5151000,0.5153000,113734.9,1790620379999,58625.50731000,478,35185.8,18136.91392000,0
1790620380000,0.5152000,0.5163000,0.5150000,0.5152000,121479.1,1790620439999,62648.58880000,521,33423.3,17240.85184000,0
1790620440000,0.5152000,0.5169000,0.5152000,0.5164000,88527.4,1790620499999,45694.59101000,397,51651.3,26652.61532000,0
1790620500000,0.5164000,0.5168000,0.5159000,0.5168000,95810.2,1790620559999,49472.37518000,397,72540.9,37457.36430000,0
1790620560000,0.5167000,0.5172000,0.5161000,0.5171000,56784.4,1790620619999,29338.61749000,375,40464.6,20908.21144000,0
1790620620000,0.5171000,0.5176000,0.5168000,0.5169000,51128.3,1790620679999,26443.89227000,388,19418.6,10045.29998000,0
1790620680000,0.5170000,0.5171000,0.5167000,0.5169000,71829.3,1790620739999,37128.90507000,473,23828.7,12318.62499000,0
1790620740000,0.5169000,0.5169000,0.5161000,0.5164000,68482.0,1790620799999,35369.82468000,329,36258.0,18724.65723000,0
1790620800000,0.5164000,0.5164000,0.5151000,0.5156000,161723.6,1790620859999,83382.75916000,640,61943.6,31929.07353000,0
1790620860000,0.5156000,0.5159000,0.5149000,0.5159000,143411.5,1790620919999,73916.19500000,476,80668.1,41579.09669000,0
1790620920000,0.5159000,0.5162000,0.5153000,0.5155000,79327.5,1790620979999,40913.40562000,418,35522.6,18322.09455000,0
1790620980000,0.5155000,0.5157000,0.5154000,0.5157000,56004.6,1790621039999,28872.15361000,278,34830.6,17957.21134000,0
1790621040000,0.5157000,0.5162000,0.5155000,0.5159000,98792.1,1790621099999,50965.82027000,358,60540.0,31232.82334000,0
1790621100000,0.5158000,0.5158000,0.5152000,0.5156000,146961.2,1790621159999,75766.66092000,399,86475.8,44582.26942000,0
1790621160000,0.5157000,0.5161000,0.5154000,0.5160000,78430.7,1790621219999,40444.80346000,378,40323.9,20797.30643000,0
1790621220000,0.5160000,0.5164000,0.5152000,0.5164000,62407.4,1790621279999,32197.08676000,392,46316.5,23898.82891000,0
1790621280000,0.5164000,0.5180000,0.5161000,0.5169000,344937.4,1790621339999,178459.91597000,795,282834.1,146352.29186000,0
1790621340000,0.5169000,0.5170000,0.5164000,0.5167000,54320.9,1790621399999,28064.41135000,381,26670.7,13779.28550000,0
1790621400000,0.5168000,0.5177000,0.5165000,0.5173000,78981.6,1790621459999,40837.18806000,394,41646.3,21532.67932000,0
1790621460000,0.5173000,0.5177000,0.5170000,0.5176000,42952.1,1790621519999,22215.27033000,314,22758.3,11771.37435000,0
1790621520000,0.5176000,0.5191000,0.5175000,0.5191000,116579.7,1790621579999,60423.98742000,503,96613.1,50078.34709000,0
1790621580000,0.5190000,0.5205000,0.5187000,0.5199000,227201.3,1790621639999,118079.44885000,866,105686.5,54924.37178000,0
1790621640000,0.5199000,0.5202000,0.5192000,0.5200000,63161.9,1790621699999,32825.88111000,411,24933.9,12959.91655000,0
1790621700000,0.5200000,0.5206000,0.5198000,0.5198000,161239.6,1790621759999,83869.19783000,495,64842.2,33729.67342000,0
1790621760000,0.5198000,0.5202000,0.5192000,0.5194000,109618.4,1790621819999,56964.74321000,412,61531.7,31977.58357000,0
1790621820000,0.5195000,0.5202000,0.5193000,0.5195000,64233.7,1790621879999,33387.50351000,271,23103.8,12009.82190000,0
1790621880000,0.5194000,0.5203000,0.5194000,0.5200000,143755.9,1790621939999,74748.18235000,379,120942.4,62893.09336000,0
1790621940000,0.5200000,0.5202000,0.5198000,0.5199000,67619.1,1790621999999,35162.90203000,289,31053.0,16150.49115000,0
1790622000000,0.5200000,0.5202000,0.5191000,0.5193000,117491.3,1790622059999,61056.84342000,424,31559.6,16400.12583000,0
1790622060000,0.5193000,0.5194000,0.5183000,0.5185000,111479.5,1790622119999,57813.59717000,473,32025.4,16605.39006000,0
1790622120000,0.5185000,0.5188000,0.5176000,0.5180000,314679.1,1790622179999,163049.12638000,684,136490.7,70754.90545000,0
1790622180000,0.5180000,0.5181000,0.5167000,0.5167000,89657.9,1790622239999,46381.49037000,369,37268.5,19284.22376000,0
1790622240000,0.5167000,0.5168000,0.5157000,0.5159000,141452.4,1790622299999,73008.80024000,427,28451.4,14691.91094000,0
1790622300000,0.5159000,0.5159000,0.5152000,0.5155000,91858.6,1790622359999,47354.67970000,388,35886.4,18499.76735000,0
1790622360000,0.5156000,0.5156000,0.5141000,0.5143000,179961.3,1790622419999,92677.02697000,548,60463.2,31130.68024000,0
1790622420000,0.5143000,0.5144000,0.5135000,0.5140000,265250.4,1790622479999,136321.05189000,815,107489.9,55243.19966000,0
1790622480000,0.5141000,0.5145000,0.5139000,0.5140000,135964.8,1790622539999,69911.35316000,454,53514.5,27514.54208000,0
1790622540000,0.5139000,0.5139000,0.5131000,0.5134000,241466.6,1790622599999,123980.78896000,596,92604.0,47544.22271000,0
1790622600000,0.5133000,0.5134000,0.5121000,0.5127000,1769702.8,1790622659999,907373.13047000,1079,193670.6,99306.25076000,0
1790622660000,0.5127000,0.5132000,0.5124000,0.5126000,167783.9,1790622719999,86030.75604000,579,45715.1,23446.17766000,0
1790622720000,0.5126000,0.5136000,0.5125000,0.5133000,208919.5,1790622779999,107179.82684000,484,158012.9,81068.36333000,0
1790622780000,0.5133000,0.5149000,0.5132000,0.5139000,447408.3,1790622839999,230028.62488000,899,296940.9,152661.30119000,0
1790622840000,0.5139000,0.5140000,0.5127000,0.5131000,107882.0,1790622899999,55364.42724000,514,41550.8,21318.52280000,0
1790622900000,0.5130000,0.5130000,0.5118000,0.5125000,305660.0,1790622959999,156613.18968000,808,143131.4,73346.74409000,0
1790622960000,0.5124000,0.5127000,0.5117000,0.5121000,188138.1,1790623019999,96348.17785000,758,76224.5,39033.82852000,0
1790623020000,0.5121000,0.5136000,0.5121000,0.5128000,153949.4,1790623079999,78939.96005000,647,91786.8,47059.32137000,0
1790623080000,0.5129000,0.5142000,0.5127000,0.5142000,140947.0,1790623139999,72359.59546000,555,66388.6,34094.11419000,0
1790623140000,0.5142000,0.5151000,0.5141000,0.5151000,118685.4,1790623199999,61055.75239000,490,89251.4,45915.90232000,0
1790623200000,0.5150000,0.5151000,0.5143000,0.5145000,165510.7,1790623259999,85195.00106000,449,63948.3,32910.51135000,0
1790623260000,0.5145000,0.5147000,0.5136000,0.5141000,80972.5,1790623319999,41618.71772000,381,41914.4,21539.52568000,0
1790623320000,0.5141000,0.5144000,0.5136000,0.5139000,65453.4,1790623379999,33644.29202000,275,45711.8,23495.16996000,0
1790623380000,0.5140000,0.5141000,0.5134000,0.5136000,212633.0,1790623439999,109216.23689000,349,134820.7,69251.07780000,0
1790623440000,0.5137000,0.5143000,0.5136000,0.5141000,57428.6,1790623499999,29520.24622000,267,37910.5,19485.61221000,0
1790623500000,0.5142000,0.5146000,0.5139000,0.5139000,97160.2,1790623559999,49965.80054000,341,56149.7,28873.01702000,0
1790623560000,0.5139000,0.5144000,0.5139000,0.5142000,68212.2,1790623619999,35074.45378000,296,47630.4,24494.08637000,0
1790623620000,0.5143000,0.5146000,0.5141000,0.5142000,42682.4,1790623679999,21955.73285000,279,28147.3,14479.43992000,0
1790623680000,0.5141000,0.5143000,0.5140000,0.5140000,66162.1,1790623739999,34018.53612000,250,48227.8,24798.72470000,0
1790623740000,0.5139000,0.5141000,0.5135000,0.5138000,189417.6,1790623799999,97319.45451000,349,43873.7,22541.68894000,0
1790623800000,0.5139000,0.5140000,0.5134000,0.5135000,144379.7,1790623859999,74160.56760000,447,54572.3,28034.84889000,0
1790623860000,0.5135000,0.5136000,0.5130000,0.5133000,65848.5,1790623919999,33797.91165000,320,29289.3,15034.52430000,0
1790623920000,0.5134000,0.5138000,0.5126000,0.5131000,158667.2,1790623979999,81435.84228000,517,92308.6,47377.06110000,0
1790623980000,0.5131000,0.5136000,0.5126000,0.5127000,205175.3,1790624039999,105241.45021000,488,98037.3,50293.84803000,0
1790624040000,0.5127000,0.5131000,0.5121000,0.5127000,146802.4,1790624099999,75234.87347000,447,39553.0,20275.27585000,0
1790624100000,0.5128000,0.5129000,0.5123000,0.5124000,98293.4,1790624159999,50380.75473000,282,39400.2,20198.80327000,0
1790624160000,0.5125000,0.5127000,0.5115000,0.5118000,234237.2,1790624219999,119919.47584000,657,72218.5,36981.60181000,0
1790624220000,0.5117000,0.5119000,0.5105000,0.5106000,317824.0,1790624279999,162416.93713000,823,71837.9,36722.79529000,0
1790624280000,0.5107000,0.5112000,0.5100000,0.5104000,606324.0,1790624339999,309409.62862000,1121,114859.7,58640.86600000,0
1790624340000,0.5103000,0.5107000,0.5095000,0.5099000,613069.9,1790624399999,312588.69355000,982,238592.0,121679.70573000,0
1790624400000,0.5099000,0.5099000,0.5069000,0.5070000,1654728.2,1790624459999,840637.97184000,3174,362685.7,184289.14710000,0
1790624460000,0.5069000,0.5092000,0.5069000,0.5092000,435628.6,1790624519999,221399.38285000,1040,294954.5,149887.39368000,0
1790624520000,0.5091000,0.5102000,0.5089000,0.5101000,265928.8,1790624579999,135529.95380000,792,198480.6,101171.65562000,0
1790624580000,0.5100000,0.5113000,0.5100000,0.5102000,354023.6,1790624639999,180782.93198000,731,136708.1,69785.75344000,0
1790624640000,0.5101000,0.5113000,0.5096000,0.5100000,375572.2,1790624699999,191713.82656000,820,227314.9,116064.97362000,0
1790624700000,0.5100000,0.5113000,0.5100000,0.5112000,199491.3,1790624759999,101853.24190000,641,113166.0,57769.69064000,0
1790624760000,0.5112000,0.5112000,0.5096000,0.5097000,182745.9,1790624819999,93243.57248000,590,63281.5,32285.42074000,0
1790624820000,0.5096000,0.5103000,0.5093000,0.5100000,104151.6,1790624879999,53105.04391000,476,65917.1,33612.64140000,0
1790624880000,0.5100000,0.5113000,0.5100000,0.5105000,707854.9,1790624939999,361545.20389000,1030,634599.9,324135.11499000,0
1790624940000,0.5104000,0.5108000,0.5100000,0.5104000,186803.9,1790624999999,95349.48110000,500,60905.6,31085.99952000,0
1790625000000,0.5103000,0.5109000,0.5097000,0.5104000,290096.7,1790625059999,147968.59535000,670,135739.4,69245.38397000,0
1790625060000,0.5103000,0.5115000,0.5100000,0.5115000,243276.5,1790625119999,124267.12282000,585,182697.4,93339.20531000,0
1790625120000,0.5115000,0.5124000,0.5114000,0.5123000,116144.2,1790625179999,59450.81868000,435,83581.5,42784.69638000,0
1790625180000,0.5122000,0.5124000,0.5116000,0.5116000,85464.5,1790625239999,43752.42891000,330,44297.7,22678.84822000,0
1790625240000,0.5117000,0.5123000,0.5112000,0.5114000,134865.4,1790625299999,69022.84533000,452,77295.0,39557.67468000,0
1790625300000,0.5115000,0.5119000,0.5107000,0.5109000,106448.7,1790625359999,54414.69451000,347,30201.4,15446.85586000,0
1790625360000,0.5109000,0.5112000,0.5105000,0.5111000,105226.2,1790625419999,53745.29918000,264,84920.2,43372.03396000,0
1790625420000,0.5111000,0.5112000,0.5106000,0.5109000,96681.8,1790625479999,49411.86867000,227,55216.2,28219.83855000,0
1790625480000,0.5109000,0.5110000,0.5104000,0.5108000,99955.9,1790625539999,51037.66194000,249,30675.4,15664.42592000,0
1790625540000,0.5107000,0.5107000,0.5102000,0.5103000,129915.8,1790625599999,66313.95581000,369,53996.3,27559.00240000,0
1790625600000,0.5103000,0.5120000,0.5103000,0.5106000,126786.5,1790625659999,64792.66626000,541,70067.8,35799.11022000,0
1790625660000,0.5105000,0.5105000,0.5086000,0.5093000,445824.9,1790625719999,227201.30332000,932,83947.7,42794.57135000,0
1790625720000,0.5093000,0.5110000,0.5084000,0.5110000,290899.0,1790625779999,148177.07810000,736,121431.2,61880.25564000,0
1790625780000,0.5111000,0.5124000,0.5110000,0.5117000,208816.2,1790625839999,106866.27581000,624,149840.0,76685.93745000,0
1790625840000,0.5116000,0.5140000,0.5113000,0.5135000,231571.3,1790625899999,118830.51148000,731,170879.8,87664.50795000,0
1790625900000,0.5135000,0.5152000,0.5135000,0.5147000,141444.4,1790625959999,72785.92050000,658,84306.5,43374.73552000,0
1790625960000,0.5146000,0.5159000,0.5142000,0.5159000,286508.4,1790626019999,147599.40514000,674,112083.5,57740.78209000,0
1790626020000,0.5158000,0.5160000,0.5150000,0.5159000,96696.8,1790626079999,49844.67212000,448,34397.8,17732.68198000,0
1790626080000,0.5159000,0.5160000,0.5148000,0.5152000,130932.9,1790626139999,67472.11781000,462,61117.4,31490.68089000,0
1790626140000,0.5152000,0.5152000,0.5146000,0.5152000,88791.7,1790626199999,45714.99925000,395,35286.3,18168.23167000,0
1790626200000,0.5152000,0.5154000,0.5149000,0.5149000,80505.8,1790626259999,41472.60117000,393,27789.9,14317.06930000,0
1790626260000,0.5149000,0.5152000,0.5148000,0.5149000,180292.4,1790626319999,92852.52959000,411,40980.0,21106.07260000,0
1790626320000,0.5149000,0.5149000,0.5135000,0.5141000,168418.1,1790626379999,86591.14916000,561,54113.9,27833.59787000,0
1790626380000,0.5141000,0.5148000,0.5139000,0.5145000,90757.6,1790626439999,46685.44653000,400,60437.4,31090.24677000,0
1790626440000,0.5145000,0.5145000,0.5141000,0.5141000,129067.1,1790626499999,66379.92374000,379,46462.0,23895.40032000,0
1790626500000,0.5141000,0.5146000,0.5138000,0.5138000,149135.6,1790626559999,76676.58658000,512,52939.3,27220.44315000,0
1790626560000,0.5137000,0.5137000,0.5124000,0.5126000,192469.4,1790626619999,98725.01846000,598,90375.7,46350.74981000,0
1790626620000,0.5126000,0.5134000,0.5125000,0.5131000,48814.8,1790626679999,25039.51337000,325,26922.9,13807.45869000,0
1790626680000,0.5130000,0.5137000,0.5129000,0.5137000,41811.4,1790626739999,21462.12239000,297,22827.7,11719.02776000,0
1790626740000,0.5136000,0.5147000,0.5136000,0.5147000,77736.0,1790626799999,39973.38909000,367,52032.1,26756.76947000,0
1790626800000,0.5146000,0.5152000,0.5145000,0.5150000,109869.7,1790626859999,56581.28550000,446,63166.9,32533.67426000,0
1790626860000,0.5150000,0.5151000,0.5147000,0.5148000,79616.2,1790626919999,40994.09115000,303,19380.4,9980.78272000,0
1790626920000,0.5148000,0.5153000,0.5145000,0.5149000,116940.8,1790626979999,60227.07437000,371,95505.6,49188.56826000,0
1790626980000,0.5149000,0.5149000,0.5131000,0.5139000,1171822.4,1790627039999,601861.01947000,714,1007625.9,517439.60169000,0
1790627040000,0.5138000,0.5154000,0.5138000,0.5153000,102386.8,1790627099999,52679.16869000,372,85970.4,44234.07055000,0
1790627100000,0.5153000,0.5153000,0.5145000,0.5149000,93826.7,1790627159999,48312.24803000,339,47280.4,24342.63951000,0
1790627160000,0.5149000,0.5159000,0.5148000,0.5158000,73454.4,1790627219999,37855.14753000,395,47852.1,24663.62366000,0
1790627220000,0.5157000,0.5158000,0.5151000,0.5155000,35323.3,1790627279999,18203.55420000,246,19431.5,10013.58623000,0
1790627280000,0.5154000,0.5162000,0.5152000,0.5161000,110407.0,1790627339999,56935.51626000,373,35096.1,18098.83194000,0
1790627340000,0.5160000,0.5165000,0.5156000,0.5158000,222479.8,1790627399999,114795.90479000,533,88914.2,45886.91568000,0
1790627400000,0.5158000,0.5160000,0.5152000,0.5159000,170795.1,1790627459999,88082.78198000,355,85756.5,44228.63525000,0
1790627460000,0.5158000,0.5171000,0.5155000,0.5169000,161372.2,1790627519999,83321.79328000,504,102653.7,53016.72616000,0
1790627520000,0.5169000,0.5171000,0.5160000,0.5164000,85685.7,1790627579999,44244.45640000,329,40221.1,20761.95553000,0
1790627580000,0.5163000,0.5169000,0.5162000,0.5163000,175072.1,1790627639999,90427.75589000,451,72344.0,37366.96591000,0
1790627640000,0.5162000,0.5163000,0.5155000,0.5163000,114987.7,1790627699999,59309.39884000,349,41774.7,21550.10568000,0
1790627700000,0.5163000,0.5164000,0.5157000,0.5157000,79498.0,1790627759999,41021.72881000,298,44010.4,22706.14367000,0
1790627760000,0.5157000,0.5162000,0.5155000,0.5158000,89600.9,1790627819999,46220.52584000,314,68581.4,35378.65708000,0
1790627820000,0.5158000,0.5158000,0.5154000,0.5156000,69776.5,1790627879999,35973.37249000,292,54611.5,28155.52162000,0
1790627880000,0.5155000,0.5157000,0.5154000,0.5157000,45212.0,1790627939999,23311.06485000,174,32630.4,16824.71802000,0
1790627940000,0.5157000,0.5161000,0.5155000,0.5160000,67257.5,1790627999999,34689.18967000,217,35166.5,18139.44452000,0
1790628000000,0.5160000,0.5162000,0.5158000,0.5160000,83097.4,1790628059999,42877.45843000,346,44937.8,23187.36807000,0
1790628060000,0.5160000,0.5166000,0.5160000,0.5165000,67997.7,1790628119999,35112.53111000,272,46796.9,24162.78332000,0
1790628120000,0.5165000,0.5165000,0.5155000,0.5155000,72475.2,1790628179999,37405.89121000,439,22859.1,11799.23779000,0
1790628180000,0.5155000,0.5155000,0.5141000,0.5147000,118518.2,1790628239999,60996.90904000,547,57803.5,29748.80465000,0
1790628240000,0.5146000,0.5147000,0.5142000,0.5143000,56372.4,1790628299999,29001.23031000,288,20005.9,10292.72516000,0
1790628300000,0.5142000,0.5146000,0.5140000,0.5142000,96779.8,1790628359999,49768.37033000,383,58469.9,30067.86659000,0
1790628360000,0.5142000,0.5147000,0.5141000,0.5147000,107803.7,1790628419999,55463.61434000,253,86256.7,44381.93964000,0
1790628420000,0.5148000,0.5151000,0.5144000,0.5146000,84700.5,1790628479999,43596.77806000,359,38418.6,19773.78418000,0
1790628480000,0.5146000,0.5148000,0.5140000,0.5141000,52836.8,1790628539999,27177.43531000,356,13814.8,7107.27811000,0
1790628540000,0.5140000,0.5140000,0.5131000,0.5133000,179067.9,1790628599999,91929.39468000,419,78983.7,40545.27973000,0
1790628600000,0.5133000,0.5133000,0.5124000,0.5128000,247472.5,1790628659999,126884.41080000,493,80895.3,41473.58972000,0
1790628660000,0.5127000,0.5129000,0.5125000,0.5128000,137424.0,1790628719999,70454.59764000,278,92678.2,47516.19645000,0
1790628720000,0.5127000,0.5130000,0.5123000,0.5126000,98102.5,1790628779999,50293.62651000,293,42469.5,21772.41257000,0
1790628780000,0.5126000,0.5126000,0.5121000,0.5122000,116239.1,1790628839999,59541.57642000,283,75727.7,38789.14735000,0
1790628840000,0.5121000,0.5136000,0.5121000,0.5128000,108072.0,1790628899999,55442.84618000,415,81925.5,42020.76692000,0
1790628900000,0.5128000,0.5139000,0.5128000,0.5139000,83551.2,1790628959999,42884.09694000,322,58922.4,30240.28988000,0
1790628960000,0.5138000,0.5151000,0.5137000,0.5151000,108749.0,1790629019999,55968.15449000,373,94510.5,48644.69702000,0
1790629020000,0.5149000,0.5157000,0.5146000,0.5149000,87444.8,1790629079999,45052.84459000,384,46374.5,23895.02551000,0
1790629080000,0.5149000,0.5153000,0.5148000,0.5153000,251232.8,1790629139999,129391.52034000,280,42981.9,22140.15796000,0
1790629140000,0.5154000,0.5156000,0.5152000,0.5155000,53120.4,1790629199999,27378.12927000,244,39918.3,20573.84878000,0
1790629200000,0.5156000,0.5171000,0.5156000,0.5166000,144132.3,1790629259999,74433.56449000,532,108696.8,56140.74225000,0
1790629260000,0.5167000,0.5184000,0.5167000,0.5183000,244419.5,1790629319999,126526.34973000,580,92739.0,48011.34395000,0
1790629320000,0.5184000,0.5189000,0.5180000,0.5187000,411848.3,1790629379999,213583.90588000,1025,189228.1,98133.96841000,0
1790629380000,0.5187000,0.5192000,0.5186000,0.5188000,140015.0,1790629439999,72660.10941000,389,84522.4,43862.14539000,0
1790629440000,0.5187000,0.5195000,0.5185000,0.5189000,157340.4,1790629499999,81670.08271000,480,68873.4,35740.17333000,0
1790629500000,0.5189000,0.5191000,0.5177000,0.5177000,354034.1,1790629559999,183544.96378000,660,211227.0,109518.38843000,0
1790629560000,0.5177000,0.5187000,0.5175000,0.5183000,114092.5,1790629619999,59136.09345000,493,49537.2,25673.68262000,0
1790629620000,0.5183000,0.5183000,0.5165000,0.5169000,226113.6,1790629679999,116961.51814000,512,50461.0,26104.76265000,0
1790629680000,0.5169000,0.5182000,0.5168000,0.5181000,88871.7,1790629739999,45988.11145000,408,60643.7,31383.95509000,0
1790629740000,0.5181000,0.5191000,0.5181000,0.5190000,68234.7,1790629799999,35390.77818000,382,45862.4,23786.78504000,0
1790629800000,0.5191000,0.5196000,0.5185000,0.5188000,297361.3,1790629859999,154314.55324000,698,95959.4,49811.41981000,0
1790629860000,0.5189000,0.5190000,0.5182000,0.5187000,366143.3,1790629919999,189885.36449000,752,201499.8,104518.44739000,0
1790629920000,0.5186000,0.5193000,0.5182000,0.5192000,131942.3,1790629979999,68422.97599000,477,73802.7,38268.02655000,0
1790629980000,0.5192000,0.5196000,0.5185000,0.5195000,477524.8,1790630039999,247889.87836000,851,319880.9,166095.02134000,0
1790630040000,0.5194000,0.5196000,0.5185000,0.5190000,151626.1,1790630099999,78695.60089000,568,41078.2,21325.75646000,0
1790630100000,0.5189000,0.5192000,0.5182000,0.5182000,106169.1,1790630159999,55071.04407000,496,45382.6,23544.58301000,0
1790630160000,0.5182000,0.5187000,0.5178000,0.5179000,80495.4,1790630219999,41714.48249000,362,34018.5,17626.24963000,0
1790630220000,0.5179000,0.5179000,0.5165000,0.5166000,123874.0,1790630279999,64049.12234000,467,17405.0,9001.87107000,0
1790630280000,0.5165000,0.5165000,0.5156000,0.5162000,132538.1,1790630339999,68387.48826000,463,44795.4,23114.11933000,0
1790630340000,0.5162000,0.5171000,0.5160000,0.5169000,77584.3,1790630399999,40081.16863000,367,63021.3,32558.74690000,0
1790630400000,0.5170000,0.5171000,0.5164000,0.5164000,46942.1,1790630459999,24260.59633000,239,29941.7,15475.47097000,0
1790630460000,0.5163000,0.5164000,0.5155000,0.5155000,68246.1,1790630519999,35211.12225000,306,26298.9,13573.59567000,0
1790630520000,0.5154000,0.5157000,0.5148000,0.5151000,103190.8,1790630579999,53157.20804000,342,63671.5,32802.69815000,0
1790630580000,0.5151000,0.5154000,0.5147000,0.5147000,33098.7,1790630639999,17050.33896000,209,18804.2,9687.37768000,0
1790630640000,0.5148000,0.5154000,0.5148000,0.5153000,49330.6,1790630699999,25411.46929000,176,45881.1,23635.22110000,0
1790630700000,0.5153000,0.5156000,0.5149000,0.5153000,59053.6,1790630759999,30428.68670000,282,24055.9,12396.39395000,0
1790630760000,0.5153000,0.5154000,0.5143000,0.5146000,86107.9,1790630819999,44327.49484000,294,51476.8,26498.40338000,0
1790630820000,0.5146000,0.5147000,0.5140000,0.5144000,56743.1,1790630879999,29185.31409000,285,23416.4,12044.94997000,0
1790630880000,0.5143000,0.5146000,0.5141000,0.5142000,60701.8,1790630939999,31221.99634000,249,28350.1,14583.12790000,0
1790630940000,0.5142000,0.5144000,0.5136000,0.5138000,58326.1,1790630999999,29973.52248000,239,21244.6,10916.83580000,0
1790631000000,0.5139000,0.5143000,0.5139000,0.5142000,42689.2,1790631059999,21946.57331000,171,39782.0,20452.14313000,0
1790631060000,0.5142000,0.5143000,0.5123000,0.5129000,390807.9,1790631119999,200513.64098000,659,40970.4,21042.64305000,0
1790631120000,0.5129000,0.5129000,0.5117000,0.5129000,167830.9,1790631179999,85974.10779000,549,57473.0,29443.06095000,0
1790631180000,0.5128000,0.5138000,0.5124000,0.5136000,104376.3,1790631239999,53564.05200000,314,77133.4,39590.62866000,0
1790631240000,0.5136000,0.5143000,0.5135000,0.5143000,120527.8,1790631299999,61948.00408000,282,110120.2,56602.04255000,0
1790631300000,0.5142000,0.5145000,0.5135000,0.5135000,76239.2,1790631359999,39198.27401000,311,30134.6,15500.35245000,0
1790631360000,0.5135000,0.5143000,0.5134000,0.5141000,124529.0,1790631419999,63995.73643000,351,63886.8,32823.17163000,0
1790631420000,0.5140000,0.5142000,0.5136000,0.5138000,213139.1,1790631479999,109556.52755000,405,136708.4,70275.31754000,0
1790631480000,0.5138000,0.5138000,0.5123000,0.5129000,73803.0,1790631539999,37842.70721000,338,17482.0,8962.81695000,0
1790631540000,0.5128000,0.5128000,0.5118000,0.5119000,94944.7,1790631599999,48623.18123000,390,31766.1,16265.15198000,0
1790631600000,0.5118000,0.5120000,0.5114000,0.5118000,175833.4,1790631659999,89987.80003000,473,116216.9,59480.58281000,0
1790631660000,0.5117000,0.5118000,0.5104000,0.5108000,254735.4,1790631719999,130150.50376000,597,35412.7,18103.52377000,0
1790631720000,0.5107000,0.5110000,0.5105000,0.5108000,80348.1,1790631779999,41038.63561000,352,39273.7,20061.36020000,0
1790631780000,0.5107000,0.5110000,0.5104000,0.5110000,65517.1,1790631839999,33462.29639000,271,51904.9,26512.43655000,0
1790631840000,0.5109000,0.5116000,0.5107000,0.5115000,100906.9,1790631899999,51581.35069000,337,41477.5,21207.48788000,0
1790631900000,0.5114000,0.5115000,0.5112000,0.5114000,48724.7,1790631959999,24916.24676000,232,22049.3,11274.89461000,0
1790631960000,0.5113000,0.5114000,0.5105000,0.5105000,44761.7,1790632019999,22869.95459000,351,14979.6,7653.10078000,0
1790632020000,0.5105000,0.5105000,0.5090000,0.5095000,215221.8,1790632079999,109669.06768000,598,62136.5,31647.11324000,0
1790632080000,0.5095000,0.5096000,0.5085000,0.5085000,111360.4,1790632139999,56686.71673000,438,24358.5,12400.03336000,0
1790632140000,0.5085000,0.5095000,0.5084000,0.5093000,157364.4,1790632199999,80116.66378000,443,72807.3,37059.37285000,0
1790632200000,0.5093000,0.5093000,0.5088000,0.5089000,158799.3,1790632259999,80815.90616000,290,31857.0,16212.84247000,0
1790632260000,0.5088000,0.5088000,0.5080000,0.5087000,193574.0,1790632319999,98428.07996000,513,52993.0,26943.50446000,0
1790632320000,0.5087000,0.5096000,0.5082000,0.5096000,154907.7,1790632379999,78801.92070000,497,101238.0,51509.84527000,0
1790632380000,0.5096000,0.5096000,0.5081000,0.5084000,143478.3,1790632439999,73009.46110000,410,64016.3,32578.08373000,0
1790632440000,0.5083000,0.5087000,0.5075000,0.5086000,303982.1,1790632499999,154410.79242000,656,130527.5,66318.56028000,0
1790632500000,0.5086000,0.5096000,0.5086000,0.5091000,127307.2,1790632559999,64820.19163000,414,96880.9,49322.56249000,0
1790632560000,0.5090000,0.5092000,0.5083000,0.5090000,287549.3,1790632619999,146264.66353000,559,49622.3,25254.29411000,0
1790632620000,0.5089000,0.5096000,0.5089000,0.5090000,145194.3,1790632679999,73937.93022000,386,73933.3,37657.62371000,0
1790632680000,0.5089000,0.5092000,0.5083000,0.5087000,143913.2,1790632739999,73211.88137000,429,42211.6,21479.81060000,0
1790632740000,0.5086000,0.5089000,0.5078000,0.5088000,240259.2,1790632799999,122093.13120000,576,116156.4,59019.34475000,0
1790632800000,0.5089000,0.5090000,0.5073000,0.5075000,152921.8,1790632859999,77695.88552000,480,49945.2,25383.38156000,0
1790632860000,0.5075000,0.5098000,0.5072000,0.5083000,1107113.6,1790632919999,563283.22879000,1373,919113.8,467673.83350000,0
1790632920000,0.5083000,0.5094000,0.5060000,0.5093000,934442.2,1790632979999,473779.49158000,1801,296391.1,150420.59836000,0
1790632980000,0.5094000,0.5105000,0.5086000,0.5095000,243669.0,1790633039999,124260.01538000,853,149793.3,76384.54990000,0
1790633040000,0.5094000,0.5102000,0.5086000,0.5092000,178986.4,1790633099999,91182.63289000,639,58257.3,29685.02012000,0
1790633100000,0.5091000,0.5092000,0.5079000,0.5080000,203057.6,1790633159999,103264.26169000,553,77792.5,39550.71856000,0
1790633160000,0.5080000,0.5080000,0.5066000,0.5072000,464047.8,1790633219999,235456.25031000,1215,232850.6,118154.46933000,0
1790633220000,0.5072000,0.5081000,0.5072000,0.5076000,193849.4,1790633279999,98436.24914000,602,101467.6,51524.06998000,0
1790633280000,0.5076000,0.5089000,0.5076000,0.5089000,179523.8,1790633339999,91273.81013000,599,113869.4,57890.07010000,0
1790633340000,0.5088000,0.5090000,0.5074000,0.5076000,185784.4,1790633399999,94389.96493000,681,75217.0,38208.31729000,0
1790633400000,0.5076000,0.5083000,0.5073000,0.5082000,137002.6,1790633459999,69556.98452000,547,49907.2,25341.20936000,0
1790633460000,0.5082000,0.5084000,0.5078000,0.5082000,81286.4,1790633519999,41302.66634000,505,36449.1,18521.21834000,0
1790633520000,0.5082000,0.5086000,0.5079000,0.5085000,63005.3,1790633579999,32020.01429000,322,35494.5,18040.01485000,0
1790633580000,0.5085000,0.5090000,0.5084000,0.5090000,69296.1,1790633639999,35252.85465000,307,32947.5,16761.96258000,0
1790633640000,0.5089000,0.5093000,0.5062000,0.5077000,1870424.7,1790633699999,949761.57754000,2459,499234.7,253664.04963000,0
1790633700000,0.5076000,0.5092000,0.5075000,0.5083000,337242.1,1790633759999,171532.59354000,754,102771.4,52259.62786000,0
1790633760000,0.5083000,0.5094000,0.5083000,0.5092000,147988.9,1790633819999,75303.03121000,513,64284.0,32702.37630000,0
1790633820000,0.5092000,0.5108000,0.5091000,0.5108000,174826.6,1790633879999,89163.40062000,697,139007.8,70891.94851000,0
1790633880000,0.5109000,0.5112000,0.5106000,0.5107000,282907.6,1790633939999,144550.98928000,627,117521.1,60049.24210000,0
1790633940000,0.5106000,0.5115000,0.5104000,0.5115000,198763.3,1790633999999,101577.84931000,527,127743.6,65289.12851000,0
1790634000000,0.5115000,0.5116000,0.5105000,0.5111000,166037.8,1790634059999,84843.87313000,489,61541.6,31440.97256000,0
1790634060000,0.5111000,0.5118000,0.5110000,0.5118000,128054.1,1790634119999,65492.14149000,422,50343.4,25746.20816000,0
1790634120000,0.5118000,0.5118000,0.5113000,0.5116000,62782.7,1790634179999,32117.85210000,282,32799.6,16779.42080000,0
1790634180000,0.5115000,0.5116000,0.5108000,0.5111000,192630.0,1790634239999,98485.51317000,451,97263.8,49729.34635000,0
1790634240000,0.5110000,0.5115000,0.5106000,0.5110000,86603.8,1790634299999,44267.59000000,354,35764.4,18280.69224000,0
1790634300000,0.5110000,0.5110000,0.5102000,0.5104000,93603.6,1790634359999,47782.33401000,284,26348.3,13448.17777000,0
1790634360000,0.5104000,0.5111000,0.5103000,0.5109000,33553.3,1790634419999,17136.66382000,238,21131.8,10791.06252000,0
1790634420000,0.5110000,0.5111000,0.5102000,0.5104000,78997.1,1790634479999,40338.90034000,246,13493.9,6889.66875000,0
1790634480000,0.5104000,0.5104000,0.5097000,0.5100000,86240.2,1790634539999,43982.34997000,331,22877.9,11665.77240000,0
1790634540000,0.5101000,0.5101000,0.5093000,0.5098000,144651.2,1790634599999,73728.54111000,426,81639.7,41608.57892000,0
1790634600000,0.5098000,0.5105000,0.5096000,0.5098000,80907.7,1790634659999,41270.91453000,412,38411.1,19594.08399000,0
1790634660000,0.5097000,0.5104000,0.5095000,0.5102000,56215.4,1790634719999,28659.70842000,338,33758.3,17210.19504000,0
1790634720000,0.5102000,0.5112000,0.5097000,0.5111000,64252.3,1790634779999,32788.99947000,442,35880.3,18310.42764000,0
1790634780000,0.5112000,0.5119000,0.5108000,0.5115000,116693.4,1790634839999,59665.11790000,378,48146.4,24628.23353000,0
1790634840000,0.5115000,0.5119000,0.5105000,0.5108000,283351.1,1790634899999,144894.46521000,509,105859.8,54127.37065000,0
1790634900000,0.5109000,0.5122000,0.5109000,0.5121000,69052.1,1790634959999,35320.16748000,279,29807.6,15246.94169000,0
1790634960000,0.5120000,0.5132000,0.5119000,0.5131000,129895.4,1790635019999,66597.50387000,475,77975.1,39973.86373000,0
1790635020000,0.5131000,0.5140000,0.5129000,0.5138000,170026.4,1790635079999,87296.58699000,570,117477.5,60330.04318000,0
1790635080000,0.5139000,0.5140000,0.5133000,0.5137000,100961.7,1790635139999,51866.57346000,400,34865.5,17913.74135000,0
1790635140000,0.5136000,0.5136000,0.5125000,0.5126000,143120.6,1790635199999,73428.77527000,522,42381.9,21748.63221000,0
1790635200000,0.5126000,0.5132000,0.5124000,0.5129000,174156.0,1790635259999,89290.17642000,434,115582.9,59260.23164000,0
1790635260000,0.5129000,0.5134000,0.5125000,0.5133000,141441.2,1790635319999,72538.22947000,472,49525.8,25405.71252000,0
1790635320000,0.5133000,0.5137000,0.5132000,0.5136000,55259.1,1790635379999,28373.67042000,234,27620.5,14180.80662000,0
1790635380000,0.5135000,0.5140000,0.5135000,0.5136000,54976.7,1790635439999,28244.50878000,247,22187.7,11397.21676000,0
1790635440000,0.5137000,0.5140000,0.5134000,0.5140000,40180.1,1790635499999,20639.30972000,246,18373.4,9438.31349000,0
1790635500000,0.5140000,0.5146000,0.5139000,0.5145000,96417.3,1790635559999,49583.79740000,371,53808.2,27670.38161000,0
1790635560000,0.5145000,0.5151000,0.5145000,0.5146000,102180.7,1790635619999,52596.98863000,439,45727.7,23540.36234000,0
1790635620000,0.5147000,0.5147000,0.5136000,0.5138000,69878.5,1790635679999,35907.86625000,268,28271.8,14528.64239000,0
1790635680000,0.5138000,0.5138000,0.5133000,0.5136000,101025.1,1790635739999,51883.10130000,271,52846.4,27140.38415000,0
1790635740000,0.5136000,0.5140000,0.5135000,0.5136000,52384.9,1790635799999,26911.38316000,224,33024.0,16963.47388000,0
1790635800000,0.5137000,0.5139000,0.5135000,0.5138000,37557.1,1790635859999,19292.89019000,203,17658.3,9071.64460000,0
1790635860000,0.5139000,0.5141000,0.5137000,0.5137000,41846.0,1790635919999,21504.89960000,271,26174.7,13451.94550000,0
1790635920000,0.5137000,0.5137000,0.5131000,0.5133000,50623.2,1790635979999,25985.92759000,240,16525.1,8482.07309000,0
1790635980000,0.5134000,0.5144000,0.5134000,0.5144000,89202.7,1790636039999,45850.56595000,274,68155.0,35036.95549000,0
1790636040000,0.5143000,0.5145000,0.5142000,0.5145000,71030.0,1790636099999,36535.86101000,222,30520.7,15700.21056000,0
1790636100000,0.5145000,0.5152000,0.5145000,0.5146000,70800.1,1790636159999,36451.18904000,313,29502.2,15187.88413000,0
1790636160000,0.5145000,0.5151000,0.5142000,0.5150000,134066.2,1790636219999,68998.17093000,363,64877.1,33392.26960000,0
1790636220000,0.5149000,0.5150000,0.5146000,0.5150000,20674.9,1790636279999,10642.60756000,120,6639.3,3417.94882000,0
1790636280000,0.5149000,0.5150000,0.5145000,0.5148000,56188.6,1790636339999,28923.25547000,274,20741.9,10676.67467000,0
1790636340000,0.5148000,0.5150000,0.5146000,0.5149000,31849.0,1790636399999,16395.93280000,130,10974.2,5651.39852000,0
1790636400000,0.5149000,0.5150000,0.5144000,0.5149000,95561.3,1790636459999,49184.58713000,412,34773.8,17900.25703000,0
1790636460000,0.5150000,0.5159000,0.5149000,0.5155000,116912.0,1790636519999,60260.82370000,440,76779.1,39570.41831000,0
1790636520000,0.5155000,0.5166000,0.5149000,0.5163000,466322.7,1790636579999,240426.61229000,822,251930.3,129927.59819000,0
1790636580000,0.5163000,0.5175000,0.5160000,0.5169000,834948.8,1790636639999,431626.39924000,1444,669681.7,346219.40977000,0
1790636640000,0.5169000,0.5174000,0.5157000,0.5157000,248224.3,1790636699999,128305.13701000,650,108950.9,56333.63714000,0
1790636700000,0.5158000,0.5163000,0.5150000,0.5157000,364497.9,1790636759999,187991.12424000,762,270240.5,139403.04208000,0
1790636760000,0.5157000,0.5158000,0.5150000,0.5153000,102245.1,1790636819999,52687.45462000,460,36611.5,18865.34317000,0
1790636820000,0.5153000,0.5155000,0.5149000,0.5155000,128124.1,1790636879999,66008.68172000,432,34216.6,17630.43209000,0
1790636880000,0.5155000,0.5160000,0.5154000,0.5158000,54531.7,1790636939999,28124.10396000,302,21522.9,11100.83085000,0
1790636940000,0.5159000,0.5165000,0.5158000,0.5158000,96156.1,1790636999999,49642.09624000,401,46934.5,24232.22056000,0
1790637000000,0.5159000,0.5161000,0.5151000,0.5153000,107930.1,1790637059999,55635.67291000,499,30978.8,15964.89349000,0
1790637060000,0.5153000,0.5154000,0.5150000,0.5151000,113060.0,1790637119999,58248.22547000,444,19512.3,10054.80863000,0
1790637120000,0.5151000,0.5157000,0.5149000,0.5150000,126363.2,1790637179999,65110.94734000,478,34403.8,17729.16240000,0
1790637180000,0.5150000,0.5151000,0.5146000,0.5146000,98641.7,1790637239999,50791.47662000,439,17194.7,8855.26388000,0
1790637240000,0.5147000,0.5149000,0.5144000,0.5147000,120779.5,1790637299999,62156.37278000,460,74122.9,38146.62584000,0
1790637300000,0.5147000,0.5150000,0.5146000,0.5148000,90221.3,1790637359999,46449.07186000,346,18376.8,9462.35936000,0
1790637360000,0.5149000,0.5158000,0.5145000,0.5157000,127859.6,1790637419999,65874.30378000,487,69825.0,35968.41314000,0
1790637420000,0.5157000,0.5164000,0.5157000,0.5160000,63344.2,1790637479999,32691.33070000,286,30769.6,15881.87090000,0
1790637480000,0.5160000,0.5163000,0.5156000,0.5162000,79302.6,1790637539999,40912.02401000,338,43710.4,22554.44830000,0
1790637540000,0.5163000,0.5164000,0.5161000,0.5161000,53137.1,1790637599999,27433.68509000,228,18059.7,9324.20875000,0
1790637600000,0.5162000,0.5169000,0.5161000,0.5167000,66278.7,1790637659999,34234.94604000,328,27698.6,14305.75657000,0
1790637660000,0.5167000,0.5167000,0.5157000,0.5161000,67805.4,1790637719999,34991.35806000,408,16640.2,8586.65051000,0
1790637720000,0.5162000,0.5168000,0.5161000,0.5165000,107121.9,1790637779999,55321.30974000,376,73838.5,38133.05456000,0
1790637780000,0.5166000,0.5167000,0.5161000,0.5165000,170850.5,1790637839999,88221.96652000,457,36018.7,18599.54633000,0
1790637840000,0.5165000,0.5170000,0.5163000,0.5169000,133860.1,1790637899999,69171.48887000,430,42513.7,21967.32144000,0
1790637900000,0.5169000,0.5173000,0.5165000,0.5172000,166002.7,1790637959999,85808.70888000,436,128333.1,66339.40796000,0
1790637960000,0.5172000,0.5179000,0.5172000,0.5177000,186842.7,1790638019999,96701.59688000,427,111249.0,57580.10075000,0
1790638020000,0.5178000,0.5183000,0.5175000,0.5182000,83078.2,1790638079999,43020.40858000,319,32220.5,16687.75539000,0
1790638080000,0.5181000,0.5183000,0.5177000,0.5178000,297140.4,1790638139999,153894.51546000,477,211591.1,109588.15251000,0
1790638140000,0.5178000,0.5182000,0.5177000,0.5178000,90667.7,1790638199999,46959.48587000,257,56461.9,29246.12984000,0
1790638200000,0.5179000,0.5185000,0.5178000,0.5182000,92615.7,1790638259999,47987.20005000,349,48760.7,25264.04863000,0
1790638260000,0.5181000,0.5181000,0.5171000,0.5171000,143361.0,1790638319999,74178.94466000,417,29487.9,15254.75039000,0
1790638320000,0.5171000,0.5172000,0.5165000,0.5167000,212707.9,1790638379999,109910.03758000,542,21518.1,11118.97213000,0
1790638380000,0.5167000,0.5168000,0.5164000,0.5164000,73928.4,1790638439999,38187.12850000,318,28111.3,14522.81224000,0
1790638440000,0.5164000,0.5165000,0.5156000,0.5157000,215263.0,1790638499999,111041.56123000,411,23931.8,12343.88443000,0
1790638500000,0.5157000,0.5162000,0.5157000,0.5161000,68971.8,1790638559999,35587.16158000,298,22154.0,11431.55980000,0
1790638560000,0.5162000,0.5165000,0.5161000,0.5161000,113055.3,1790638619999,58372.70739000,334,38739.1,20003.28881000,0
1790638620000,0.5161000,0.5163000,0.5159000,0.5162000,43126.6,1790638679999,22258.09969000,304,27012.0,13940.60365000,0
1790638680000,0.5163000,0.5165000,0.5159000,0.5165000,63790.2,1790638739999,32931.48874000,241,29351.4,15152.46556000,0
1790638740000,0.5166000,0.5168000,0.5164000,0.5168000,82908.7,1790638799999,42828.25562000,281,17701.6,9144.94867000,0
1790638800000,0.5167000,0.5175000,0.5165000,0.5174000,68202.2,1790638859999,35250.15604000,350,32435.7,16766.90175000,0
1790638860000,0.5174000,0.5174000,0.5167000,0.5168000,315699.5,1790638919999,163217.15167000,443,39923.1,20646.78036000,0
1790638920000,0.5168000,0.5168000,0.5163000,0.5164000,108435.9,1790638979999,56009.48329000,490,35173.1,18168.14416000,0
1790638980000,0.5164000,0.5166000,0.5162000,0.5162000,98090.1,1790639039999,50656.99388000,319,56676.0,29271.12168000,0
1790639040000,0.5162000,0.5162000,0.5157000,0.5159000,148930.7,1790639099999,76830.19547000,534,22343.6,11527.29693000,0
1790639100000,0.5158000,0.5165000,0.5156000,0.5159000,119105.6,1790639159999,61465.99787000,452,88554.5,45703.60095000,0
1790639160000,0.5158000,0.5168000,0.5157000,0.5167000,148555.8,1790639219999,76709.67646000,455,100568.8,51926.47500000,0
1790639220000,0.5167000,0.5170000,0.5166000,0.5170000,89264.4,1790639279999,46139.36122000,232,72672.3,37563.69045000,0
1790639280000,0.5169000,0.5172000,0.5167000,0.5170000,95165.7,1790639339999,49192.03664000,293,24258.9,12540.94707000,0
1790639340000,0.5170000,0.5172000,0.5168000,0.5170000,66770.8,1790639399999,34515.80392000,262,25022.7,12934.38534000,0
1790639400000,0.5169000,0.5170000,0.5165000,0.5169000,97160.6,1790639459999,50199.31950000,275,75730.7,39126.79045000,0
1790639460000,0.5168000,0.5173000,0.5166000,0.5172000,126716.5,1790639519999,65520.95712000,353,105559.0,54584.46194000,0
1790639520000,0.5171000,0.5178000,0.5169000,0.5177000,118502.4,1790639579999,61315.36522000,431,54718.7,28307.47343000,0
1790639580000,0.5177000,0.5177000,0.5174000,0.5175000,32702.5,1790639639999,16927.12631000,119,23497.6,12162.79073000,0
1790639640000,0.5175000,0.5184000,0.5175000,0.5184000,59504.0,1790639699999,30819.09298000,266,52337.0,27106.26206000,0
1790639700000,0.5183000,0.5190000,0.5178000,0.5190000,166306.3,1790639759999,86219.04086000,442,117355.0,60850.78589000,0
1790639760000,0.5189000,0.5191000,0.5186000,0.5189000,136338.3,1790639819999,70747.93653000,265,94826.5,49208.85224000,0
1790639820000,0.5189000,0.5189000,0.5177000,0.5181000,599158.1,1790639879999,310471.78837000,773,127664.6,66151.03761000,0
1790639880000,0.5182000,0.5197000,0.5182000,0.5196000,458343.5,1790639939999,237894.28669000,852,380221.2,197343.91048000,0
1790639940000,0.5197000,0.5199000,0.5189000,0.5194000,455021.4,1790639999999,236343.53011000,944,266690.7,138529.39248000,0
