open_time,open,high,low,close,volume,close_time,quote_asset_volume,count,taker_buy_volume,taker_buy_quote_volume,ignore
1790553600000,2.6340000,2.6349000,2.6275000,2.6294000,5813,1790553659999,15285.1024000,297,1276,3355.9419000,0
1790553660000,2.6292000,2.6350000,2.6274000,2.6336000,14081,1790553719999,37059.2718000,362,8750,23029.4319000,0
1790553720000,2.6346000,2.6373000,2.6318000,2.6325000,6236,1790553779999,16430.3921000,278,2640,6957.6340000,0
1790553780000,2.6327000,2.6381000,2.6324000,2.6376000,6835,1790553839999,18007.8660000,258,1909,5030.3333000,0
1790553840000,2.6372000,2.6387000,2.6361000,2.6372000,6664,1790553899999,17575.4874000,139,2671,7044.0298000,0
1790553900000,2.6375000,2.6383000,2.6323000,2.6330000,5387,1790553959999,14198.6044000,152,246,648.2140000,0
1790553960000,2.6330000,2.6390000,2.6330000,2.6390000,3099,1790554019999,8166.6249000,172,2028,5345.5829000,0
1790554020000,2.6392000,2.6394000,2.6338000,2.6356000,5844,1790554079999,15417.7505000,135,1431,3774.3636000,0
1790554080000,2.6356000,2.6408000,2.6324000,2.6357000,37442,1790554139999,98759.3054000,503,24879,65621.1284000,0
1790554140000,2.6352000,2.6360000,2.6295000,2.6322000,4330,1790554199999,11398.6872000,233,1850,4871.6734000,0
1790554200000,2.6324000,2.6327000,2.6310000,2.6315000,1436,1790554259999,3778.9765000,79,114,300.0247000,0
1790554260000,2.6315000,2.6391000,2.6314000,2.6383000,4912,1790554319999,12948.9935000,186,3567,9406.8217000,0
1790554320000,2.6383000,2.6402000,2.6374000,2.6399000,3287,1790554379999,8672.2564000,133,1271,3353.8972000,0
1790554380000,2.6404000,2.6433000,2.6392000,2.6401000,12777,1790554439999,33757.5434000,233,11254,29735.2141000,0
1790554440000,2.6398000,2.6417000,2.6387000,2.6387000,885,1790554499999,2336.8760000,90,451,1190.9547000,0
1790554500000,2.6392000,2.6401000,2.6340000,2.6365000,4400,1790554559999,11602.2322000,166,458,1208.9179000,0
1790554560000,2.6365000,2.6418000,2.6362000,2.6400000,3469,1790554619999,9158.3527000,151,606,1599.6742000,0
1790554620000,2.6395000,2.6403000,2.6378000,2.6387000,1822,1790554679999,4807.9623000,102,624,1646.6716000,0
1790554680000,2.6386000,2.6430000,2.6373000,2.6430000,2863,1790554739999,7554.9974000,117,1300,3431.2875000,0
1790554740000,2.6431000,2.6473000,2.6422000,2.6453000,5422,1790554799999,14337.5535000,174,1045,2762.8889000,0
1790554800000,2.6458000,2.6523000,2.6454000,2.6519000,7712,1790554859999,20427.5035000,269,5325,14108.4492000,0
1790554860000,2.6520000,2.6624000,2.6509000,2.6624000,12953,1790554919999,34400.6731000,515,8720,23163.3942000,0
1790554920000,2.6625000,2.6672000,2.6618000,2.6666000,12227,1790554979999,32581.0334000,457,8753,23326.9774000,0
1790554980000,2.6666000,2.6763000,2.6666000,2.6759000,24260,1790555039999,64812.8126000,502,6480,17313.2576000,0
1790555040000,2.6756000,2.6786000,2.6722000,2.6735000,24381,1790555099999,65239.8930000,381,4824,12906.5786000,0
1790555100000,2.6738000,2.6755000,2.6665000,2.6740000,37304,1790555159999,99674.1338000,428,15578,41617.0919000,0
1790555160000,2.6740000,2.6760000,2.6718000,2.6731000,2620,1790555219999,7004.9931000,162,1132,3026.8050000,0
1790555220000,2.6731000,2.6745000,2.6673000,2.6680000,6609,1790555279999,17643.5634000,263,973,2598.1210000,0
1790555280000,2.6677000,2.6686000,2.6607000,2.6683000,5516,1790555339999,14697.7110000,274,2521,6718.3155000,0
1790555340000,2.6683000,2.6785000,2.6683000,2.6722000,33781,1790555399999,90350.2703000,511,27533,73640.8959000,0
1790555400000,2.6720000,2.6720000,2.6640000,2.6673000,4735,1790555459999,12625.8719000,233,1738,4634.6009000,0
1790555460000,2.6669000,2.6669000,2.6519000,2.6580000,26803,1790555519999,71243.1449000,737,6047,16070.1654000,0
1790555520000,2.6585000,2.6585000,2.6423000,2.6427000,15240,1790555579999,40373.0123000,533,6113,16186.5259000,0
1790555580000,2.6425000,2.6425000,2.6309000,2.6309000,24805,1790555639999,65392.1754000,619,5188,13679.9367000,0
1790555640000,2.6311000,2.6374000,2.6265000,2.6345000,8443,1790555699999,22221.6573000,341,3988,10497.0763000,0
1790555700000,2.6345000,2.6361000,2.6219000,2.6270000,29280,1790555759999,76900.2308000,470,4285,11263.3605000,0
1790555760000,2.6268000,2.6331000,2.6237000,2.6246000,8254,1790555819999,21691.3105000,271,5485,14417.4030000,0
1790555820000,2.6248000,2.6257000,2.6161000,2.6228000,23561,1790555879999,61737.9835000,527,7191,18840.1038000,0
1790555880000,2.6237000,2.6237000,2.6177000,2.6220000,14327,1790555939999,37535.5292000,285,2061,5402.8996000,0
1790555940000,2.6220000,2.6220000,2.6081000,2.6097000,42827,1790555999999,111936.1327000,641,5932,15527.8290000,0
1790556000000,2.6096000,2.6124000,2.6088000,2.6098000,6999,1790556059999,18270.9818000,206,3537,9233.7867000,0
1790556060000,2.6102000,2.6121000,2.6081000,2.6121000,4151,1790556119999,10833.8538000,181,1234,3220.6221000,0
1790556120000,2.6124000,2.6141000,2.6101000,2.6119000,12198,1790556179999,31861.2749000,259,9217,24076.7809000,0
1790556180000,2.6118000,2.6158000,2.6112000,2.6112000,6663,1790556239999,17417.6626000,181,5767,15076.0371000,0
1790556240000,2.6111000,2.6133000,2.6088000,2.6112000,3031,1790556299999,7915.2298000,157,1630,4256.8243000,0
1790556300000,2.6116000,2.6200000,2.6112000,2.6192000,9363,1790556359999,24490.5154000,283,4437,11606.8112000,0
1790556360000,2.6190000,2.6205000,2.6150000,2.6173000,7935,1790556419999,20780.1422000,238,4826,12639.9761000,0
1790556420000,2.6181000,2.6235000,2.6166000,2.6235000,4429,1790556479999,11603.1600000,172,3700,9694.4039000,0
1790556480000,2.6230000,2.6255000,2.6205000,2.6215000,4280,1790556539999,11225.0163000,171,1838,4821.1783000,0
1790556540000,2.6221000,2.6234000,2.6174000,2.6182000,6147,1790556599999,16110.8499000,212,1286,3370.0826000,0
1790556600000,2.6182000,2.6262000,2.6182000,2.6260000,3324,1790556659999,8713.4794000,184,2354,6170.6640000,0
1790556660000,2.6258000,2.6319000,2.6252000,2.6317000,6018,1790556719999,15824.3290000,156,3265,8584.6957000,0
1790556720000,2.6317000,2.6346000,2.6293000,2.6298000,12181,1790556779999,32065.6818000,266,4135,10887.0889000,0
1790556780000,2.6299000,2.6299000,2.6282000,2.6286000,4180,1790556839999,10989.9297000,141,820,2155.4628000,0
1790556840000,2.6292000,2.6298000,2.6234000,2.6237000,5892,1790556899999,15481.8554000,191,1021,2683.1083000,0
1790556900000,2.6235000,2.6258000,2.6214000,2.6238000,9434,1790556959999,24749.8607000,182,7701,20203.0401000,0
1790556960000,2.6237000,2.6237000,2.6187000,2.6187000,4738,1790557019999,12419.1380000,170,1639,4295.7906000,0
1790557020000,2.6185000,2.6186000,2.6158000,2.6165000,6875,1790557079999,17988.3513000,125,4306,11264.4119000,0
1790557080000,2.6162000,2.6235000,2.6133000,2.6192000,11631,1790557139999,30470.1333000,415,8302,21747.9905000,0
1790557140000,2.6191000,2.6191000,2.6140000,2.6181000,7430,1790557199999,19435.1125000,240,2484,6499.4699000,0
1790557200000,2.6179000,2.6209000,2.6153000,2.6175000,6153,1790557259999,16108.0707000,232,5009,13113.6832000,0
1790557260000,2.6178000,2.6204000,2.6141000,2.6156000,4269,1790557319999,11175.2595000,250,3157,8264.3403000,0
1790557320000,2.6155000,2.6282000,2.6147000,2.6254000,14767,1790557379999,38703.9655000,521,9890,25920.7061000,0
1790557380000,2.6254000,2.6266000,2.6174000,2.6226000,8579,1790557439999,22511.5506000,352,4541,11916.4030000,0
1790557440000,2.6224000,2.6278000,2.6197000,2.6278000,13651,1790557499999,35805.3116000,311,7531,19760.3461000,0
1790557500000,2.6279000,2.6310000,2.6178000,2.6183000,7508,1790557559999,19728.3239000,268,6193,16280.4345000,0
1790557560000,2.6180000,2.6192000,2.6126000,2.6177000,11191,1790557619999,29269.1303000,397,3506,9169.9994000,0
1790557620000,2.6176000,2.6355000,2.6176000,2.6347000,8616,1790557679999,22642.2033000,377,6421,16876.5408000,0
1790557680000,2.6349000,2.6362000,2.6322000,2.6362000,2639,1790557739999,6951.1201000,157,1388,3656.4450000,0
1790557740000,2.6364000,2.6379000,2.6244000,2.6265000,9522,1790557799999,25051.2533000,358,3558,9356.8515000,0
1790557800000,2.6268000,2.6286000,2.6203000,2.6220000,3921,1790557859999,10291.7527000,208,1632,4283.8279000,0
1790557860000,2.6219000,2.6260000,2.6210000,2.6260000,3329,1790557919999,8732.1856000,154,1849,4851.6020000,0
1790557920000,2.6261000,2.6279000,2.6194000,2.6196000,7291,1790557979999,19137.7191000,198,5108,13412.8496000,0
1790557980000,2.6192000,2.6205000,2.6141000,2.6192000,3726,1790558039999,9748.9402000,227,1542,4035.1991000,0
1790558040000,2.6187000,2.6244000,2.6185000,2.6192000,2827,1790558099999,7409.4995000,203,1912,5011.2758000,0
1790558100000,2.6189000,2.6226000,2.6134000,2.6180000,7587,1790558159999,19860.3857000,411,3849,10081.7452000,0
1790558160000,2.6178000,2.6212000,2.6166000,2.6193000,2938,1790558219999,7692.2751000,192,1095,2867.6708000,0
1790558220000,2.6190000,2.6236000,2.6156000,2.6157000,8265,1790558279999,21648.5894000,320,5111,13390.3424000,0
1790558280000,2.6160000,2.6195000,2.6132000,2.6169000,12898,1790558339999,33733.9153000,366,8127,21251.8012000,0
1790558340000,2.6171000,2.6179000,2.6100000,2.6168000,5804,1790558399999,15162.9132000,249,2253,5889.0753000,0
1790558400000,2.6176000,2.6206000,2.6153000,2.6201000,2754,1790558459999,7208.2948000,153,1379,3610.2470000,0
1790558460000,2.6205000,2.6408000,2.6205000,2.6408000,10529,1790558519999,27733.0538000,390,8724,22981.0928000,0
1790558520000,2.6390000,2.6390000,2.6234000,2.6234000,10638,1790558579999,27992.2118000,425,1591,4188.8200000,0
1790558580000,2.6234000,2.6338000,2.6195000,2.6282000,4168,1790558639999,10948.0022000,295,2772,7280.6437000,0
1790558640000,2.6280000,2.6280000,2.6208000,2.6236000,7660,1790558699999,20098.8545000,243,3991,10469.9709000,0
1790558700000,2.6231000,2.6272000,2.6208000,2.6266000,1396,1790558759999,3661.9178000,91,732,1920.5679000,0
1790558760000,2.6269000,2.6311000,2.6269000,2.6302000,2689,1790558819999,7070.5413000,173,1315,3457.5137000,0
1790558820000,2.6299000,2.6339000,2.6252000,2.6301000,9936,1790558879999,26133.3252000,273,4683,12324.0956000,0
1790558880000,2.6297000,2.6358000,2.6269000,2.6356000,5217,1790558939999,13719.0100000,280,4542,11944.9865000,0
1790558940000,2.6359000,2.6395000,2.6344000,2.6373000,7884,1790558999999,20795.4495000,302,4886,12887.8558000,0
1790559000000,2.6377000,2.6390000,2.6305000,2.6312000,8217,1790559059999,21664.1481000,251,2123,5596.6837000,0
1790559060000,2.6303000,2.6369000,2.6303000,2.6323000,5224,1790559119999,13763.1864000,201,3988,10507.1511000,0
1790559120000,2.6319000,2.6347000,2.6270000,2.6333000,3961,1790559179999,10419.4014000,235,2785,7325.2156000,0
1790559180000,2.6334000,2.6356000,2.6252000,2.6289000,9298,1790559239999,24442.2394000,304,643,1690.6428000,0
1790559240000,2.6278000,2.6331000,2.6268000,2.6295000,2990,1790559299999,7864.0697000,165,947,2490.7156000,0
1790559300000,2.6292000,2.6293000,2.6231000,2.6290000,3170,1790559359999,8323.9088000,182,1622,4260.0856000,0
1790559360000,2.6285000,2.6366000,2.6212000,2.6338000,37190,1790559419999,97804.1630000,583,30442,80048.8669000,0
1790559420000,2.6337000,2.6397000,2.6314000,2.6339000,7723,1790559479999,20356.6531000,257,5114,13481.0031000,0
1790559480000,2.6329000,2.6357000,2.6307000,2.6311000,5281,1790559539999,13908.5783000,147,3222,8486.0789000,0
1790559540000,2.6313000,2.6344000,2.6244000,2.6344000,65368,1790559599999,171902.7613000,457,10019,26343.0780000,0
1790559600000,2.6344000,2.6344000,2.6240000,2.6246000,5705,1790559659999,14995.4011000,275,3294,8657.4914000,0
1790559660000,2.6244000,2.6331000,2.6223000,2.6328000,7488,1790559719999,19663.1921000,284,2269,5963.3984000,0
1790559720000,2.6331000,2.6367000,2.6302000,2.6311000,3564,1790559779999,9387.9552000,214,1725,4544.7786000,0
1790559780000,2.6308000,2.6309000,2.6253000,2.6253000,1618,1790559839999,4252.2712000,150,727,1910.3803000,0
1790559840000,2.6253000,2.6263000,2.6213000,2.6224000,4608,1790559899999,12086.7534000,188,1682,4411.7823000,0
1790559900000,2.6228000,2.6293000,2.6212000,2.6257000,2588,1790559959999,6797.8203000,150,1890,4964.6413000,0
1790559960000,2.6254000,2.6257000,2.6216000,2.6236000,2452,1790560019999,6433.0670000,165,548,1437.8153000,0
1790560020000,2.6239000,2.6265000,2.6207000,2.6252000,7694,1790560079999,20178.2009000,291,636,1669.0733000,0
1790560080000,2.6254000,2.6256000,2.6137000,2.6137000,11147,1790560139999,29197.1681000,321,1684,4412.9347000,0
1790560140000,2.6156000,2.6179000,2.6009000,2.6033000,23370,1790560199999,60997.7077000,519,4556,11907.2364000,0
1790560200000,2.6030000,2.6183000,2.5970000,2.6169000,36157,1790560259999,94215.7461000,879,19569,51019.2412000,0
1790560260000,2.6154000,2.6250000,2.6154000,2.6211000,8300,1790560319999,21754.0972000,305,6085,15945.9408000,0
1790560320000,2.6215000,2.6256000,2.6185000,2.6247000,6426,1790560379999,16851.7256000,259,4243,11129.0298000,0
1790560380000,2.6249000,2.6269000,2.6225000,2.6250000,7623,1790560439999,20010.7953000,216,3842,10087.3652000,0
1790560440000,2.6251000,2.6264000,2.6158000,2.6158000,7847,1790560499999,20568.6640000,220,3923,10285.3316000,0
1790560500000,2.6158000,2.6175000,2.6134000,2.6157000,6533,1790560559999,17086.1188000,190,1848,4834.1132000,0
1790560560000,2.6157000,2.6217000,2.6132000,2.6217000,3772,1790560619999,9866.5656000,170,3371,8818.2886000,0
1790560620000,2.6217000,2.6274000,2.6103000,2.6105000,7198,1790560679999,18856.1469000,335,1936,5074.8547000,0
1790560680000,2.6102000,2.6109000,2.6066000,2.6079000,12874,1790560739999,33572.9726000,214,10950,28554.1415000,0
1790560740000,2.6077000,2.6079000,2.6031000,2.6031000,4434,1790560799999,11555.8481000,169,2264,5901.7300000,0
1790560800000,2.6030000,2.6047000,2.5947000,2.5969000,13892,1790560859999,36090.3706000,355,5142,13353.0633000,0
1790560860000,2.5963000,2.6007000,2.5860000,2.5984000,87529,1790560919999,226720.5216000,1200,19789,51288.8226000,0
1790560920000,2.5984000,2.5985000,2.5915000,2.5971000,10861,1790560979999,28187.7793000,399,7377,19146.5228000,0
1790560980000,2.5973000,2.6004000,2.5921000,2.5985000,17685,1790561039999,45909.4069000,454,11784,30598.7731000,0
1790561040000,2.5985000,2.6051000,2.5942000,2.5998000,10178,1790561099999,26454.0401000,427,7704,20021.3091000,0
1790561100000,2.6000000,2.6026000,2.5932000,2.5974000,30265,1790561159999,78588.3848000,564,8362,21727.4947000,0
1790561160000,2.5976000,2.6003000,2.5935000,2.5990000,6350,1790561219999,16489.9458000,264,3121,8106.2341000,0
1790561220000,2.5991000,2.6000000,2.5892000,2.5915000,13283,1790561279999,34449.7444000,460,8402,21792.6829000,0
1790561280000,2.5918000,2.6037000,2.5877000,2.6021000,11212,1790561339999,29113.9370000,446,7404,19221.6050000,0
1790561340000,2.6020000,2.6105000,2.6020000,2.6069000,20844,1790561399999,54321.1992000,535,15811,41204.6270000,0
1790561400000,2.6071000,2.6170000,2.6064000,2.6170000,16965,1790561459999,44331.4174000,488,13116,34277.6136000,0
1790561460000,2.6172000,2.6227000,2.6155000,2.6215000,6631,1790561519999,17371.0591000,365,4494,11771.8540000,0
1790561520000,2.6217000,2.6253000,2.6202000,2.6250000,4167,1790561579999,10925.6741000,292,2788,7310.4591000,0
1790561580000,2.6240000,2.6262000,2.6225000,2.6257000,2815,1790561639999,7389.0506000,207,1487,3903.6585000,0
1790561640000,2.6252000,2.6309000,2.6233000,2.6249000,5173,1790561699999,13595.1076000,349,3939,10352.5473000,0
1790561700000,2.6253000,2.6257000,2.6125000,2.6190000,4918,1790561759999,12876.4545000,325,1258,3292.3527000,0
1790561760000,2.6189000,2.6189000,2.6146000,2.6166000,2326,1790561819999,6086.3684000,171,807,2111.0903000,0
1790561820000,2.6155000,2.6196000,2.6141000,2.6141000,2992,1790561879999,7828.9094000,193,801,2095.9533000,0
1790561880000,2.6143000,2.6143000,2.6064000,2.6068000,8809,1790561939999,22987.5799000,306,1581,4125.3730000,0
1790561940000,2.6066000,2.6066000,2.5951000,2.5972000,21481,1790561999999,55825.0333000,619,9547,24800.6516000,0
1790562000000,2.5974000,2.6004000,2.5970000,2.5978000,17123,1790562059999,44477.6419000,216,14247,37005.4319000,0
1790562060000,2.5980000,2.5994000,2.5924000,2.5929000,4655,1790562119999,12085.8502000,265,1448,3759.9259000,0
1790562120000,2.5923000,2.5925000,2.5874000,2.5874000,7451,1790562179999,19296.1383000,236,4360,11291.1482000,0
1790562180000,2.5874000,2.5893000,2.5742000,2.5788000,84833,1790562239999,218967.5224000,939,19296,49808.8503000,0
1790562240000,2.5789000,2.5878000,2.5776000,2.5866000,32800,1790562299999,84666.3087000,787,20846,53810.3271000,0
1790562300000,2.5870000,2.5914000,2.5839000,2.5886000,11503,1790562359999,29773.1985000,335,8984,23254.4397000,0
1790562360000,2.5885000,2.5998000,2.5875000,2.5990000,6274,1790562419999,16284.7371000,345,4173,10832.1314000,0
1790562420000,2.5988000,2.6037000,2.5946000,2.5954000,5618,1790562479999,14612.6715000,215,4422,11504.7361000,0
1790562480000,2.5958000,2.5985000,2.5923000,2.5931000,3620,1790562539999,9396.5010000,184,2558,6640.7161000,0
1790562540000,2.5924000,2.5925000,2.5889000,2.5905000,6086,1790562599999,15766.8730000,229,4605,11931.2099000,0
1790562600000,2.5904000,2.5904000,2.5852000,2.5859000,3013,1790562659999,7797.8176000,200,906,2344.8409000,0
1790562660000,2.5854000,2.5854000,2.5741000,2.5766000,177450,1790562719999,457775.5108000,730,126499,326360.1576000,0
1790562720000,2.5763000,2.5812000,2.5745000,2.5763000,13905,1790562779999,35822.1383000,292,7985,20564.4964000,0
1790562780000,2.5763000,2.5807000,2.5721000,2.5721000,26191,1790562839999,67495.3240000,384,14823,38209.0390000,0
1790562840000,2.5725000,2.5768000,2.5721000,2.5743000,7522,1790562899999,19369.1823000,174,5767,14852.4559000,0
1790562900000,2.5740000,2.5822000,2.5731000,2.5818000,9646,1790562959999,24872.5658000,315,6644,17131.0638000,0
1790562960000,2.5823000,2.5845000,2.5767000,2.5804000,10962,1790563019999,28297.8484000,447,6263,16165.6009000,0
1790563020000,2.5803000,2.5805000,2.5749000,2.5753000,17964,1790563079999,46278.9398000,280,13010,33514.2615000,0
1790563080000,2.5750000,2.5807000,2.5741000,2.5762000,20419,1790563139999,52621.1150000,372,13802,35563.1096000,0
1790563140000,2.5764000,2.5765000,2.5603000,2.5668000,79458,1790563199999,203917.7739000,1170,21233,54490.9678000,0
1790563200000,2.5667000,2.5684000,2.5600000,2.5651000,32023,1790563259999,82109.2661000,487,13125,33683.8610000,0
1790563260000,2.5653000,2.5725000,2.5621000,2.5621000,25991,1790563319999,66739.4293000,660,16817,43198.7582000,0
1790563320000,2.5623000,2.5655000,2.5600000,2.5604000,20832,1790563379999,53366.9105000,479,5446,13961.4481000,0
1790563380000,2.5620000,2.5640000,2.5541000,2.5640000,50585,1790563439999,129456.8275000,531,13741,35175.8545000,0
1790563440000,2.5634000,2.5649000,2.5612000,2.5622000,5050,1790563499999,12943.2348000,162,2270,5819.2737000,0
1790563500000,2.5622000,2.5658000,2.5617000,2.5655000,9807,1790563559999,25137.4555000,241,8414,21565.3416000,0
1790563560000,2.5650000,2.5655000,2.5600000,2.5612000,14141,1790563619999,36207.6151000,188,1106,2833.9871000,0
1790563620000,2.5611000,2.5614000,2.5371000,2.5408000,129060,1790563679999,328689.2541000,1617,37900,96466.9046000,0
1790563680000,2.5404000,2.5428000,2.5374000,2.5389000,16176,1790563739999,41083.8870000,434,10474,26600.2944000,0
1790563740000,2.5391000,2.5392000,2.5259000,2.5352000,89426,1790563799999,226325.4007000,994,20120,50925.7342000,0
1790563800000,2.5341000,2.5364000,2.5332000,2.5336000,6504,1790563859999,16485.7025000,227,3103,7865.1895000,0
1790563860000,2.5338000,2.5355000,2.5297000,2.5324000,24105,1790563919999,61051.0344000,389,12374,31341.5771000,0
1790563920000,2.5324000,2.5356000,2.5259000,2.5356000,27561,1790563979999,69748.4288000,408,12121,30694.5187000,0
1790563980000,2.5358000,2.5369000,2.5277000,2.5288000,17423,1790564039999,44085.5124000,337,7572,19157.7534000,0
1790564040000,2.5286000,2.5353000,2.5280000,2.5331000,17378,1790564099999,43983.6007000,330,12539,31730.8214000,0
1790564100000,2.5336000,2.5349000,2.5322000,2.5331000,4968,1790564159999,12588.7197000,165,2363,5987.0602000,0
1790564160000,2.5330000,2.5343000,2.5296000,2.5313000,15524,1790564219999,39309.1296000,346,11071,28038.5953000,0
1790564220000,2.5312000,2.5343000,2.5308000,2.5310000,8699,1790564279999,22033.4290000,229,5515,13968.1685000,0
1790564280000,2.5305000,2.5369000,2.5305000,2.5337000,14195,1790564339999,35980.0078000,325,8692,22029.1770000,0
1790564340000,2.5335000,2.5340000,2.5271000,2.5314000,18629,1790564399999,47131.4657000,501,12006,30374.5483000,0
1790564400000,2.5320000,2.5371000,2.5319000,2.5328000,27346,1790564459999,69304.1520000,1008,14389,36465.2271000,0
1790564460000,2.5330000,2.5338000,2.5298000,2.5298000,5877,1790564519999,14882.1675000,277,2909,7367.2370000,0
1790564520000,2.5299000,2.5303000,2.5215000,2.5223000,24895,1790564579999,62850.0831000,662,6177,15592.8584000,0
1790564580000,2.5227000,2.5253000,2.5221000,2.5231000,13207,1790564639999,33324.5976000,306,6831,17234.6208000,0
1790564640000,2.5227000,2.5250000,2.5227000,2.5240000,10789,1790564699999,27224.2039000,189,7447,18790.2246000,0
1790564700000,2.5240000,2.5275000,2.5212000,2.5213000,15755,1790564759999,39742.0658000,314,1783,4500.7177000,0
1790564760000,2.5217000,2.5265000,2.5216000,2.5222000,8744,1790564819999,22056.8446000,242,5751,14506.2541000,0
1790564820000,2.5222000,2.5256000,2.5220000,2.5234000,11506,1790564879999,29034.7892000,246,7195,18158.4603000,0
1790564880000,2.5236000,2.5265000,2.5217000,2.5249000,13370,1790564939999,33742.3487000,339,5169,13046.1467000,0
1790564940000,2.5249000,2.5254000,2.5234000,2.5244000,6109,1790564999999,15423.6680000,222,2083,5258.7352000,0
1790565000000,2.5250000,2.5293000,2.5250000,2.5261000,11103,1790565059999,28048.4378000,392,4915,12415.9064000,0
1790565060000,2.5262000,2.5262000,2.5185000,2.5207000,31818,1790565119999,80220.0884000,524,8169,20591.9829000,0
1790565120000,2.5199000,2.5214000,2.5121000,2.5146000,21829,1790565179999,54917.0673000,614,6562,16507.9516000,0
1790565180000,2.5147000,2.5210000,2.5147000,2.5169000,12439,1790565239999,31303.5105000,316,9227,23216.2587000,0
1790565240000,2.5170000,2.5182000,2.5147000,2.5153000,3713,1790565299999,9343.1952000,227,1277,3213.1483000,0
1790565300000,2.5153000,2.5175000,2.5125000,2.5125000,8325,1790565359999,20941.1656000,383,3607,9074.0118000,0
1790565360000,2.5126000,2.5173000,2.5115000,2.5171000,4907,1790565419999,12337.9221000,183,3294,8282.7009000,0
1790565420000,2.5169000,2.5185000,2.5151000,2.5170000,11596,1790565479999,29187.5015000,407,4554,11462.9432000,0
1790565480000,2.5170000,2.5182000,2.5104000,2.5111000,13507,1790565539999,33980.4491000,514,7436,18708.6442000,0
1790565540000,2.5118000,2.5160000,2.5094000,2.5101000,10325,1790565599999,25947.7539000,315,6513,16371.2002000,0
1790565600000,2.5101000,2.5109000,2.5047000,2.5098000,23453,1790565659999,58808.8704000,438,8207,20582.2568000,0
1790565660000,2.5099000,2.5121000,2.5089000,2.5105000,9540,1790565719999,23950.2431000,253,7791,19558.7661000,0
1790565720000,2.5109000,2.5120000,2.5076000,2.5083000,11951,1790565779999,29994.1074000,261,6606,16582.8894000,0
1790565780000,2.5081000,2.5086000,2.5053000,2.5072000,10280,1790565839999,25773.2972000,207,7932,19885.7865000,0
1790565840000,2.5072000,2.5092000,2.5058000,2.5061000,7233,1790565899999,18133.9341000,198,4533,11364.4163000,0
1790565900000,2.5061000,2.5061000,2.5000000,2.5038000,60242,1790565959999,150744.0718000,763,12055,30181.9383000,0
1790565960000,2.5042000,2.5066000,2.5026000,2.5048000,9338,1790566019999,23387.4931000,327,7035,17619.6559000,0
1790566020000,2.5038000,2.5056000,2.5010000,2.5023000,6239,1790566079999,15620.7028000,280,4198,10511.5678000,0
1790566080000,2.5029000,2.5071000,2.5013000,2.5016000,8890,1790566139999,22256.2375000,269,6805,17036.2788000,0
1790566140000,2.5018000,2.5021000,2.4951000,2.4996000,23886,1790566199999,59684.6234000,563,7895,19727.6039000,0
1790566200000,2.4999000,2.5027000,2.4856000,2.4899000,79560,1790566259999,198330.2204000,864,28126,70100.8039000,0
1790566260000,2.4889000,2.4970000,2.4878000,2.4930000,39468,1790566319999,98369.4842000,760,19248,47979.2690000,0
1790566320000,2.4932000,2.4947000,2.4843000,2.4860000,23534,1790566379999,58604.0938000,547,11315,28182.9229000,0
1790566380000,2.4860000,2.4887000,2.4849000,2.4862000,12674,1790566439999,31517.6088000,340,3836,9539.8045000,0
1790566440000,2.4861000,2.4953000,2.4861000,2.4894000,11491,1790566499999,28614.9030000,372,7807,19437.8877000,0
1790566500000,2.4891000,2.4949000,2.4874000,2.4942000,7432,1790566559999,18520.1088000,220,6151,15328.5305000,0
1790566560000,2.4942000,2.4983000,2.4927000,2.4978000,7731,1790566619999,19296.2448000,244,3472,8663.7409000,0
1790566620000,2.4979000,2.5011000,2.4967000,2.4976000,13564,1790566679999,33906.9870000,512,6450,16123.8655000,0
1790566680000,2.4980000,2.5079000,2.4980000,2.5074000,39269,1790566739999,98223.0784000,602,9973,24956.2922000,0
1790566740000,2.5079000,2.5126000,2.5040000,2.5117000,20558,1790566799999,51570.5519000,585,13030,32688.5987000,0
1790566800000,2.5121000,2.5158000,2.5092000,2.5148000,13514,1790566859999,33962.6937000,452,5100,12815.3947000,0
1790566860000,2.5148000,2.5187000,2.5099000,2.5176000,21700,1790566919999,54604.3309000,418,17046,42902.2137000,0
1790566920000,2.5176000,2.5247000,2.5164000,2.5220000,23208,1790566979999,58520.2604000,397,15267,38492.7727000,0
1790566980000,2.5215000,2.5255000,2.5194000,2.5251000,16790,1790567039999,42361.6232000,324,8551,21571.1959000,0
1790567040000,2.5251000,2.5251000,2.5203000,2.5208000,20435,1790567099999,51586.9377000,169,1477,3723.6608000,0
1790567100000,2.5209000,2.5211000,2.5185000,2.5189000,8194,1790567159999,20644.3357000,187,6313,15904.3339000,0
1790567160000,2.5190000,2.5199000,2.5173000,2.5176000,2654,1790567219999,6684.6562000,164,1465,3689.8366000,0
1790567220000,2.5175000,2.5208000,2.5171000,2.5188000,7502,1790567279999,18899.7454000,177,4864,12253.1013000,0
1790567280000,2.5189000,2.5197000,2.5162000,2.5183000,5723,1790567339999,14408.2746000,169,2183,5496.6955000,0
1790567340000,2.5184000,2.5247000,2.5172000,2.5217000,7591,1790567399999,19129.2563000,249,5018,12642.7889000,0
1790567400000,2.5217000,2.5221000,2.5176000,2.5221000,4243,1790567459999,10690.1620000,200,2511,6326.3608000,0
1790567460000,2.5220000,2.5220000,2.5158000,2.5170000,17507,1790567519999,44070.0246000,186,12797,32211.4504000,0
1790567520000,2.5171000,2.5171000,2.5065000,2.5083000,24727,1790567579999,62029.6449000,406,1816,4557.4913000,0
1790567580000,2.5083000,2.5135000,2.5082000,2.5094000,13411,1790567639999,33657.4642000,211,11246,28220.6673000,0
1790567640000,2.5092000,2.5102000,2.5069000,2.5069000,2374,1790567699999,5954.7743000,99,400,1003.5514000,0
1790567700000,2.5068000,2.5068000,2.5045000,2.5057000,3405,1790567759999,8531.8833000,96,2755,6903.2184000,0
1790567760000,2.5055000,2.5063000,2.5035000,2.5054000,4112,1790567819999,10298.9943000,156,3099,7761.8191000,0
1790567820000,2.5055000,2.5062000,2.5004000,2.5005000,7146,1790567879999,17886.0322000,186,4451,11138.7530000,0
1790567880000,2.5003000,2.5005000,2.4988000,2.4993000,5684,1790567939999,14207.7950000,128,3053,7630.7827000,0
1790567940000,2.4991000,2.5007000,2.4975000,2.5007000,2211,1790567999999,5524.6886000,111,942,2354.0382000,0
1790568000000,2.5008000,2.5037000,2.4941000,2.4950000,5788,1790568059999,14460.0708000,265,2038,5093.9519000,0
1790568060000,2.4948000,2.4953000,2.4899000,2.4920000,10570,1790568119999,26343.6467000,375,5417,13500.2974000,0
1790568120000,2.4921000,2.4928000,2.4849000,2.4867000,13827,1790568179999,34402.5791000,427,3852,9585.8685000,0
1790568180000,2.4865000,2.4874000,2.4826000,2.4854000,15099,1790568239999,37523.2226000,284,5239,13020.7974000,0
1790568240000,2.4858000,2.4875000,2.4768000,2.4777000,70365,1790568299999,174528.7205000,683,11127,27609.6853000,0
1790568300000,2.4787000,2.4823000,2.4741000,2.4793000,27820,1790568359999,68936.2823000,647,14964,37093.4093000,0
1790568360000,2.4793000,2.4853000,2.4787000,2.4834000,20141,1790568419999,49979.4338000,497,14263,35389.5784000,0
1790568420000,2.4834000,2.4933000,2.4834000,2.4931000,12080,1790568479999,30082.5978000,414,9850,24528.6560000,0
1790568480000,2.4933000,2.4973000,2.4874000,2.4888000,8662,1790568539999,21591.2380000,515,3091,7708.8311000,0
1790568540000,2.4888000,2.4942000,2.4880000,2.4920000,7300,1790568599999,18185.1714000,279,2938,7319.9497000,0
1790568600000,2.4922000,2.4971000,2.4913000,2.4959000,5693,1790568659999,14200.3948000,230,4177,10417.7410000,0
1790568660000,2.4959000,2.4960000,2.4941000,2.4950000,3140,1790568719999,7835.1268000,158,1494,3728.0930000,0
1790568720000,2.4950000,2.4966000,2.4923000,2.4947000,4626,1790568779999,11542.0965000,209,2662,6642.0175000,0
1790568780000,2.4955000,2.5005000,2.4949000,2.4949000,3294,1790568839999,8228.3926000,232,1941,4847.5696000,0
1790568840000,2.4949000,2.4969000,2.4941000,2.4943000,2670,1790568899999,6663.3013000,168,1897,4734.3969000,0
1790568900000,2.4943000,2.4975000,2.4914000,2.4928000,4965,1790568959999,12387.8839000,247,2005,5002.9577000,0
1790568960000,2.4927000,2.4951000,2.4900000,2.4909000,7694,1790569019999,19175.5817000,292,5182,12915.3101000,0
1790569020000,2.4913000,2.4978000,2.4911000,2.4977000,5054,1790569079999,12613.5393000,181,4298,10726.0638000,0
1790569080000,2.4978000,2.5068000,2.4977000,2.5060000,11304,1790569139999,28292.0988000,292,5808,14526.5831000,0
1790569140000,2.5061000,2.5122000,2.5061000,2.5095000,15074,1790569199999,37826.1633000,241,10999,27598.5580000,0
1790569200000,2.5095000,2.5127000,2.5071000,2.5072000,4526,1790569259999,11362.0179000,190,1386,3479.1084000,0
1790569260000,2.5072000,2.5091000,2.5051000,2.5066000,7876,1790569319999,19748.2701000,270,3978,9974.7487000,0
1790569320000,2.5066000,2.5066000,2.5019000,2.5056000,9774,1790569379999,24477.1487000,220,5869,14694.1890000,0
1790569380000,2.5057000,2.5066000,2.5035000,2.5044000,4861,1790569439999,12174.8110000,156,3364,8424.8952000,0
1790569440000,2.5043000,2.5043000,2.5009000,2.5014000,8800,1790569499999,22020.0399000,198,6446,16128.7540000,0
1790569500000,2.5009000,2.5031000,2.4987000,2.5028000,5424,1790569559999,13566.3872000,198,2702,6758.5055000,0
1790569560000,2.5026000,2.5026000,2.4989000,2.5007000,8851,1790569619999,22139.3434000,202,2790,6977.1658000,0
1790569620000,2.5004000,2.5004000,2.4978000,2.4982000,3378,1790569679999,8441.9393000,157,1669,4170.3838000,0
1790569680000,2.4980000,2.5006000,2.4933000,2.4933000,15459,1790569739999,38593.8044000,355,4876,12172.6247000,0
1790569740000,2.4933000,2.4979000,2.4894000,2.4958000,21984,1790569799999,54804.4830000,375,17732,44208.0167000,0
1790569800000,2.4954000,2.4981000,2.4943000,2.4973000,3941,1790569859999,9836.5818000,147,1050,2621.3354000,0
1790569860000,2.4973000,2.4975000,2.4945000,2.4964000,2374,1790569919999,5925.2496000,99,1451,3621.0379000,0
1790569920000,2.4958000,2.4968000,2.4922000,2.4922000,2739,1790569979999,6832.2227000,165,1315,3280.3897000,0
1790569980000,2.4921000,2.4922000,2.4885000,2.4899000,4970,1790570039999,12378.8968000,188,2792,6954.0728000,0
1790570040000,2.4896000,2.4905000,2.4874000,2.4890000,10072,1790570099999,25070.0200000,176,7942,19768.6248000,0
1790570100000,2.4896000,2.4915000,2.4883000,2.4915000,4255,1790570159999,10593.9048000,109,3392,8445.9563000,0
1790570160000,2.4902000,2.4922000,2.4889000,2.4912000,5097,1790570219999,12693.9192000,152,3607,8982.6350000,0
1790570220000,2.4904000,2.4919000,2.4883000,2.4912000,4403,1790570279999,10960.9064000,119,3612,8990.8566000,0
1790570280000,2.4909000,2.4934000,2.4891000,2.4922000,3432,1790570339999,8549.7571000,164,640,1594.1615000,0
1790570340000,2.4920000,2.5025000,2.4914000,2.4977000,12836,1790570399999,32073.8105000,374,10275,25674.3188000,0
1790570400000,2.4977000,2.4987000,2.4948000,2.4952000,2344,1790570459999,5852.0186000,146,1016,2536.0789000,0
1790570460000,2.4952000,2.4959000,2.4945000,2.4953000,1857,1790570519999,4633.2174000,91,1436,3582.8275000,0
1790570520000,2.4950000,2.5011000,2.4947000,2.5001000,3867,1790570579999,9663.0324000,145,2497,6238.5495000,0
1790570580000,2.5002000,2.5025000,2.4986000,2.4986000,5056,1790570639999,12644.0122000,166,2429,6074.0106000,0
1790570640000,2.4984000,2.4997000,2.4971000,2.4984000,2939,1790570699999,7341.8010000,93,1367,3414.6380000,0
1790570700000,2.4977000,2.5004000,2.4966000,2.4993000,5266,1790570759999,13158.8650000,177,3168,7916.3715000,0
1790570760000,2.4983000,2.4997000,2.4966000,2.4983000,2354,1790570819999,5880.1626000,134,1184,2958.2260000,0
1790570820000,2.4976000,2.4981000,2.4956000,2.4959000,1500,1790570879999,3744.9866000,98,720,1797.4373000,0
1790570880000,2.4959000,2.4979000,2.4952000,2.4975000,1795,1790570939999,4481.5433000,88,865,2159.4451000,0
1790570940000,2.4975000,2.4988000,2.4962000,2.4988000,1838,1790570999999,4590.6229000,76,977,2440.4681000,0
1790571000000,2.4982000,2.5047000,2.4959000,2.5047000,6697,1790571059999,16741.6574000,239,4000,10005.0510000,0
1790571060000,2.5046000,2.5049000,2.5012000,2.5042000,6503,1790571119999,16276.8774000,166,3800,9511.4684000,0
1790571120000,2.5043000,2.5077000,2.5026000,2.5040000,23156,1790571179999,58019.3776000,248,1472,3687.9485000,0
1790571180000,2.5033000,2.5063000,2.5020000,2.5062000,5829,1790571239999,14602.7405000,138,3899,9768.6872000,0
1790571240000,2.5061000,2.5070000,2.5035000,2.5043000,11796,1790571299999,29560.6407000,217,4785,11990.5880000,0
1790571300000,2.5041000,2.5050000,2.5018000,2.5040000,2899,1790571359999,7257.1953000,98,1084,2713.2601000,0
1790571360000,2.5032000,2.5061000,2.5012000,2.5014000,2839,1790571419999,7110.4465000,157,1166,2920.7658000,0
1790571420000,2.5014000,2.5034000,2.4979000,2.5005000,13846,1790571479999,34629.2983000,299,7088,17728.0053000,0
1790571480000,2.5006000,2.5006000,2.4963000,2.4972000,8439,1790571539999,21074.7241000,186,5787,14449.8650000,0
1790571540000,2.4978000,2.4980000,2.4953000,2.4960000,1843,1790571599999,4600.5160000,94,1417,3537.1939000,0
1790571600000,2.4964000,2.5039000,2.4950000,2.5032000,5350,1790571659999,13370.6286000,162,4590,11470.3786000,0
1790571660000,2.5036000,2.5046000,2.5005000,2.5006000,5854,1790571719999,14648.7553000,261,4106,10273.4152000,0
1790571720000,2.5011000,2.5012000,2.4951000,2.4954000,5438,1790571779999,13576.9035000,265,3394,8472.6687000,0
1790571780000,2.4954000,2.4968000,2.4908000,2.4912000,5998,1790571839999,14952.4966000,253,2979,7426.2505000,0
1790571840000,2.4909000,2.4919000,2.4885000,2.4897000,9974,1790571899999,24830.0345000,219,6059,15081.7893000,0
1790571900000,2.4894000,2.4953000,2.4889000,2.4901000,4743,1790571959999,11823.7275000,258,2370,5907.3063000,0
1790571960000,2.4894000,2.4906000,2.4874000,2.4886000,4496,1790572019999,11188.3872000,133,1065,2651.4316000,0
1790572020000,2.4886000,2.4890000,2.4865000,2.4876000,5679,1790572079999,14127.6856000,194,1773,4410.9542000,0
1790572080000,2.4875000,2.4882000,2.4864000,2.4879000,3065,1790572139999,7624.0540000,142,508,1263.5724000,0
1790572140000,2.4879000,2.4886000,2.4850000,2.4855000,3629,1790572199999,9025.5581000,202,1700,4227.6898000,0
1790572200000,2.4855000,2.4857000,2.4837000,2.4837000,4653,1790572259999,11560.2949000,127,1404,3488.4197000,0
1790572260000,2.4849000,2.4853000,2.4828000,2.4828000,2799,1790572319999,6953.5106000,139,989,2457.5218000,0
1790572320000,2.4828000,2.4838000,2.4808000,2.4808000,4376,1790572379999,10864.6314000,202,758,1882.2014000,0
1790572380000,2.4807000,2.4808000,2.4767000,2.4795000,7356,1790572439999,18232.2258000,317,1609,3988.5167000,0
1790572440000,2.4788000,2.4818000,2.4731000,2.4806000,10208,1790572499999,25278.9977000,336,3239,8027.0287000,0
1790572500000,2.4810000,2.4849000,2.4809000,2.4828000,3752,1790572559999,9317.5584000,188,2319,5758.5268000,0
1790572560000,2.4827000,2.4835000,2.4762000,2.4773000,2840,1790572619999,7040.9189000,219,619,1534.1395000,0
1790572620000,2.4781000,2.4831000,2.4781000,2.4821000,5770,1790572679999,14314.2923000,245,3258,8082.4647000,0
1790572680000,2.4822000,2.4822000,2.4762000,2.4805000,6237,1790572739999,15461.6651000,284,2491,6178.1369000,0
1790572740000,2.4800000,2.4800000,2.4767000,2.4767000,6173,1790572799999,15303.6873000,133,781,1935.1995000,0
1790572800000,2.4768000,2.4821000,2.4768000,2.4811000,2306,1790572859999,5718.1516000,125,1507,3735.9286000,0
1790572860000,2.4813000,2.4824000,2.4783000,2.4820000,6259,1790572919999,15526.1477000,204,4203,10424.1417000,0
1790572920000,2.4817000,2.4835000,2.4800000,2.4803000,3737,1790572979999,9275.1378000,186,1435,3561.9228000,0
1790572980000,2.4804000,2.4811000,2.4771000,2.4779000,5398,1790573039999,13383.2072000,196,952,2360.2177000,0
1790573040000,2.4783000,2.4838000,2.4783000,2.4802000,7204,1790573099999,17882.2216000,233,2160,5360.5659000,0
1790573100000,2.4802000,2.4844000,2.4802000,2.4832000,2404,1790573159999,5967.6328000,150,1423,3531.8338000,0
1790573160000,2.4830000,2.4863000,2.4828000,2.4863000,2306,1790573219999,5730.3073000,154,1515,3764.6329000,0
1790573220000,2.4864000,2.4882000,2.4862000,2.4880000,4962,1790573279999,12341.6507000,180,1552,3860.3423000,0
1790573280000,2.4881000,2.4884000,2.4834000,2.4852000,4136,1790573339999,10286.0444000,213,1597,3971.3056000,0
1790573340000,2.4852000,2.4852000,2.4747000,2.4781000,24313,1790573399999,60233.8512000,445,2734,6777.4740000,0
1790573400000,2.4783000,2.4800000,2.4759000,2.4761000,8341,1790573459999,20671.7292000,293,6121,15171.7313000,0
1790573460000,2.4769000,2.4792000,2.4715000,2.4733000,23626,1790573519999,58486.3555000,620,6199,15346.8528000,0
1790573520000,2.4734000,2.4741000,2.4601000,2.4702000,104036,1790573579999,256381.3511000,945,31043,76526.5785000,0
1790573580000,2.4703000,2.4721000,2.4660000,2.4686000,11211,1790573639999,27679.8590000,274,5994,14801.1192000,0
1790573640000,2.4687000,2.4705000,2.4651000,2.4674000,9497,1790573699999,23439.3836000,290,5798,14309.0105000,0
1790573700000,2.4676000,2.4704000,2.4634000,2.4662000,25827,1790573759999,63713.9758000,590,12166,30019.5185000,0
1790573760000,2.4660000,2.4748000,2.4613000,2.4646000,64489,1790573819999,159224.1247000,909,48689,120275.7708000,0
1790573820000,2.4646000,2.4708000,2.4627000,2.4700000,9600,1790573879999,23679.4001000,437,4306,10618.7114000,0
1790573880000,2.4702000,2.4708000,2.4601000,2.4607000,19785,1790573939999,48732.6940000,619,1118,2758.8276000,0
1790573940000,2.4615000,2.4665000,2.4607000,2.4631000,6481,1790573999999,15967.9122000,424,2655,6540.2089000,0
1790574000000,2.4630000,2.4703000,2.4626000,2.4697000,8403,1790574059999,20734.8044000,349,4812,11873.1487000,0
1790574060000,2.4698000,2.4770000,2.4694000,2.4761000,7417,1790574119999,18340.6376000,349,4946,12230.1419000,0
1790574120000,2.4765000,2.4832000,2.4762000,2.4832000,8643,1790574179999,21436.9373000,390,6564,16281.1002000,0
1790574180000,2.4834000,2.4844000,2.4795000,2.4844000,4080,1790574239999,10127.6718000,192,2143,5319.5330000,0
1790574240000,2.4845000,2.4902000,2.4839000,2.4894000,3099,1790574299999,7708.8704000,143,1896,4716.4367000,0
1790574300000,2.4894000,2.4919000,2.4814000,2.4818000,5635,1790574359999,14018.0126000,289,1977,4918.9957000,0
1790574360000,2.4818000,2.4840000,2.4760000,2.4823000,3801,1790574419999,9428.6478000,236,1433,3555.6695000,0
1790574420000,2.4836000,2.4846000,2.4819000,2.4833000,3036,1790574479999,7539.1475000,164,1629,4045.2036000,0
1790574480000,2.4830000,2.4830000,2.4737000,2.4742000,7183,1790574539999,17799.1282000,349,2004,4965.1343000,0
1790574540000,2.4745000,2.4755000,2.4700000,2.4738000,17613,1790574599999,43540.9592000,433,5414,13388.7290000,0
1790574600000,2.4736000,2.4745000,2.4688000,2.4688000,3134,1790574659999,7743.2070000,190,1079,2666.2686000,0
1790574660000,2.4689000,2.4726000,2.4680000,2.4717000,11176,1790574719999,27612.7354000,190,8608,21269.7497000,0
1790574720000,2.4718000,2.4739000,2.4677000,2.4737000,9724,1790574779999,24015.1246000,171,818,2021.9478000,0
1790574780000,2.4737000,2.4737000,2.4695000,2.4697000,2632,1790574839999,6506.1415000,113,429,1060.4689000,0
1790574840000,2.4701000,2.4738000,2.4701000,2.4729000,2183,1790574899999,5397.3010000,92,589,1455.9206000,0
1790574900000,2.4730000,2.4731000,2.4709000,2.4731000,2409,1790574959999,5956.6109000,81,236,583.3420000,0
1790574960000,2.4727000,2.4789000,2.4726000,2.4781000,4224,1790575019999,10463.6758000,220,2401,5946.9052000,0
1790575020000,2.4782000,2.4789000,2.4775000,2.4785000,3685,1790575079999,9131.7759000,98,1370,3394.9481000,0
1790575080000,2.4778000,2.4814000,2.4775000,2.4809000,1741,1790575139999,4317.3336000,120,1141,2828.9502000,0
1790575140000,2.4809000,2.4813000,2.4775000,2.4778000,1486,1790575199999,3684.7360000,114,642,1591.9294000,0
1790575200000,2.4783000,2.4800000,2.4753000,2.4753000,3533,1790575259999,8754.8493000,207,1580,3916.3813000,0
1790575260000,2.4750000,2.4750000,2.4720000,2.4735000,8341,1790575319999,20628.0797000,194,7119,17606.1483000,0
1790575320000,2.4740000,2.4749000,2.4722000,2.4729000,2806,1790575379999,6939.0377000,167,1750,4327.4740000,0
1790575380000,2.4728000,2.4772000,2.4708000,2.4716000,19210,1790575439999,47535.7846000,448,13935,34485.1340000,0
1790575440000,2.4723000,2.4742000,2.4700000,2.4710000,2238,1790575499999,5533.2085000,191,1060,2621.0480000,0
1790575500000,2.4709000,2.4767000,2.4708000,2.4747000,4241,1790575559999,10491.4245000,209,2108,5213.0395000,0
1790575560000,2.4749000,2.4809000,2.4746000,2.4807000,2951,1790575619999,7313.4117000,161,2654,6577.4449000,0
1790575620000,2.4810000,2.4824000,2.4756000,2.4782000,6964,1790575679999,17257.5971000,272,3156,7819.1404000,0
1790575680000,2.4779000,2.4779000,2.4748000,2.4767000,3153,1790575739999,7807.5671000,189,2323,5752.2011000,0
1790575740000,2.4767000,2.4827000,2.4766000,2.4806000,5322,1790575799999,13200.3943000,202,4813,11937.8717000,0
1790575800000,2.4806000,2.4829000,2.4800000,2.4812000,3821,1790575859999,9482.3351000,110,2333,5790.0594000,0
1790575860000,2.4815000,2.4921000,2.4800000,2.4863000,53977,1790575919999,134319.7685000,566,44161,109895.8658000,0
1790575920000,2.4865000,2.4875000,2.4832000,2.4855000,6061,1790575979999,15061.8992000,216,3802,9448.4690000,0
1790575980000,2.4854000,2.4870000,2.4825000,2.4825000,23862,1790576039999,59301.9742000,177,961,2387.1858000,0
1790576040000,2.4828000,2.4828000,2.4777000,2.4787000,3704,1790576099999,9186.4868000,167,1728,4284.9473000,0
1790576100000,2.4787000,2.4788000,2.4765000,2.4774000,763,1790576159999,1890.3625000,77,503,1246.2103000,0
1790576160000,2.4766000,2.4794000,2.4756000,2.4768000,2627,1790576219999,6509.9717000,148,1829,4532.8125000,0
1790576220000,2.4769000,2.4769000,2.4722000,2.4722000,2397,1790576279999,5931.1675000,170,1055,2610.4125000,0
1790576280000,2.4722000,2.4735000,2.4713000,2.4713000,1433,1790576339999,3543.3370000,116,691,1708.8116000,0
1790576340000,2.4713000,2.4723000,2.4709000,2.4718000,881,1790576399999,2177.5575000,59,711,1757.4078000,0
1790576400000,2.4714000,2.4761000,2.4702000,2.4722000,14784,1790576459999,36575.4899000,327,11338,28057.2785000,0
1790576460000,2.4722000,2.4756000,2.4709000,2.4748000,7396,1790576519999,18288.6930000,245,5289,13078.5020000,0
1790576520000,2.4744000,2.4744000,2.4694000,2.4705000,4259,1790576579999,10522.6624000,167,825,2039.0112000,0
1790576580000,2.4705000,2.4708000,2.4689000,2.4703000,6341,1790576639999,15660.7327000,125,4264,10531.0663000,0
1790576640000,2.4705000,2.4707000,2.4682000,2.4687000,2296,1790576699999,5670.0738000,111,1206,2978.0394000,0
1790576700000,2.4684000,2.4693000,2.4653000,2.4656000,4292,1790576759999,10588.1113000,135,1614,3981.6043000,0
1790576760000,2.4658000,2.4725000,2.4634000,2.4720000,14390,1790576819999,35490.0848000,361,3020,7452.1816000,0
1790576820000,2.4718000,2.4722000,2.4700000,2.4712000,4417,1790576879999,10914.6818000,216,2226,5500.1876000,0
1790576880000,2.4713000,2.4752000,2.4710000,2.4747000,4330,1790576939999,10708.5925000,220,2794,6910.1522000,0
1790576940000,2.4745000,2.4759000,2.4710000,2.4722000,4289,1790576999999,10612.7139000,201,2271,5621.3619000,0
1790577000000,2.4723000,2.4747000,2.4700000,2.4735000,9171,1790577059999,22675.1049000,280,1166,2883.2385000,0
1790577060000,2.4737000,2.4770000,2.4710000,2.4723000,4071,1790577119999,10072.6228000,245,1407,3481.4922000,0
1790577120000,2.4724000,2.4769000,2.4724000,2.4769000,6411,1790577179999,15862.8489000,192,4785,11839.9624000,0
1790577180000,2.4769000,2.4772000,2.4734000,2.4734000,3871,1790577239999,9582.5498000,239,2355,5830.1126000,0
1790577240000,2.4734000,2.4759000,2.4709000,2.4756000,5175,1790577299999,12795.1793000,176,1389,3435.6918000,0
1790577300000,2.4756000,2.4788000,2.4748000,2.4778000,5223,1790577359999,12931.8810000,136,1763,4367.0288000,0
1790577360000,2.4776000,2.4801000,2.4764000,2.4774000,8571,1790577419999,21247.1050000,252,6752,16738.0395000,0
1790577420000,2.4770000,2.4770000,2.4723000,2.4726000,3032,1790577479999,7499.5871000,122,1527,3776.2398000,0
1790577480000,2.4728000,2.4739000,2.4700000,2.4717000,1992,1790577539999,4924.6805000,148,873,2158.6140000,0
1790577540000,2.4718000,2.4723000,2.4706000,2.4717000,699,1790577599999,1727.4955000,82,458,1131.9386000,0
1790577600000,2.4715000,2.4742000,2.4703000,2.4732000,2855,1790577659999,7058.5553000,148,1236,3056.1068000,0
1790577660000,2.4731000,2.4771000,2.4708000,2.4770000,13841,1790577719999,34260.6989000,312,11080,27432.1955000,0
1790577720000,2.4768000,2.4801000,2.4752000,2.4782000,6700,1790577779999,16605.7890000,291,4663,11557.8752000,0
1790577780000,2.4781000,2.4793000,2.4746000,2.4746000,3484,1790577839999,8633.4682000,152,2056,5095.7056000,0
1790577840000,2.4746000,2.4746000,2.4713000,2.4719000,11272,1790577899999,27878.5505000,137,8639,21366.6439000,0
1790577900000,2.4720000,2.4750000,2.4717000,2.4739000,14255,1790577959999,35258.6214000,189,12775,31598.0932000,0
1790577960000,2.4740000,2.4761000,2.4734000,2.4734000,4868,1790578019999,12046.8091000,192,2996,7413.9786000,0
1790578020000,2.4738000,2.4740000,2.4716000,2.4725000,2551,1790578079999,6308.6973000,128,366,905.0859000,0
1790578080000,2.4724000,2.4724000,2.4704000,2.4724000,1179,1790578139999,2913.6688000,90,304,751.4180000,0
1790578140000,2.4724000,2.4727000,2.4705000,2.4724000,1127,1790578199999,2785.3240000,96,500,1235.8220000,0
1790578200000,2.4720000,2.4720000,2.4696000,2.4696000,1146,1790578259999,2831.2759000,86,252,622.6932000,0
1790578260000,2.4697000,2.4708000,2.4693000,2.4695000,2086,1790578319999,5152.5439000,100,544,1343.6841000,0
1790578320000,2.4696000,2.4714000,2.4695000,2.4714000,2198,1790578379999,5430.0565000,103,1358,3354.7232000,0
1790578380000,2.4713000,2.4749000,2.4704000,2.4739000,3181,1790578439999,7865.3588000,147,1751,4329.8149000,0
1790578440000,2.4739000,2.4741000,2.4700000,2.4717000,3988,1790578499999,9857.4897000,172,1065,2632.4703000,0
1790578500000,2.4718000,2.4720000,2.4694000,2.4694000,1100,1790578559999,2717.9301000,65,342,845.1338000,0
1790578560000,2.4695000,2.4703000,2.4620000,2.4633000,9805,1790578619999,24178.0831000,445,1751,4322.9333000,0
1790578620000,2.4633000,2.4639000,2.4607000,2.4637000,10729,1790578679999,26418.5088000,257,3585,8829.2713000,0
1790578680000,2.4638000,2.4664000,2.4620000,2.4663000,3335,1790578739999,8218.3858000,141,1143,2816.6127000,0
1790578740000,2.4665000,2.4676000,2.4654000,2.4672000,2540,1790578799999,6264.7332000,88,567,1398.6953000,0
1790578800000,2.4677000,2.4690000,2.4662000,2.4684000,8995,1790578859999,22195.6536000,228,2613,6449.3228000,0
1790578860000,2.4688000,2.4727000,2.4659000,2.4725000,6993,1790578919999,17260.2386000,262,5342,13185.7328000,0
1790578920000,2.4730000,2.4740000,2.4707000,2.4725000,6895,1790578979999,17048.3588000,324,3696,9137.8663000,0
1790578980000,2.4730000,2.4738000,2.4697000,2.4708000,6628,1790579039999,16380.4608000,295,3419,8448.9942000,0
1790579040000,2.4710000,2.4726000,2.4670000,2.4725000,5754,1790579099999,14210.1565000,211,1970,4865.7693000,0
1790579100000,2.4725000,2.4725000,2.4667000,2.4667000,2264,1790579159999,5591.2566000,181,436,1076.6260000,0
1790579160000,2.4666000,2.4683000,2.4642000,2.4680000,2800,1790579219999,6906.8471000,186,1631,4023.3904000,0
1790579220000,2.4671000,2.4691000,2.4647000,2.4657000,4005,1790579279999,9879.6934000,235,1140,2812.4602000,0
1790579280000,2.4655000,2.4665000,2.4639000,2.4661000,2945,1790579339999,7260.4182000,187,1048,2583.9794000,0
1790579340000,2.4662000,2.4671000,2.4651000,2.4656000,1819,1790579399999,4486.1153000,95,801,1975.4975000,0
1790579400000,2.4650000,2.4669000,2.4616000,2.4623000,1832,1790579459999,4514.0559000,153,348,857.7012000,0
1790579460000,2.4622000,2.4652000,2.4621000,2.4637000,1998,1790579519999,4922.6517000,119,1427,3515.6221000,0
1790579520000,2.4636000,2.4640000,2.4618000,2.4618000,1786,1790579579999,4398.5654000,100,498,1226.5334000,0
1790579580000,2.4618000,2.4622000,2.4529000,2.4604000,50857,1790579639999,124959.8565000,779,12052,29625.6267000,0
1790579640000,2.4607000,2.4625000,2.4600000,2.4622000,2745,1790579699999,6756.4653000,107,1597,3930.8636000,0
1790579700000,2.4622000,2.4622000,2.4589000,2.4615000,5053,1790579759999,12431.9889000,205,1440,3542.4577000,0
1790579760000,2.4618000,2.4633000,2.4604000,2.4611000,2249,1790579819999,5536.5740000,168,789,1942.1371000,0
1790579820000,2.4608000,2.4630000,2.4551000,2.4554000,5078,1790579879999,12486.4381000,290,690,1697.4391000,0
1790579880000,2.4557000,2.4590000,2.4556000,2.4583000,2827,1790579939999,6946.8253000,154,1053,2587.4822000,0
1790579940000,2.4590000,2.4616000,2.4569000,2.4580000,2727,1790579999999,6705.6633000,176,771,1895.7832000,0
1790580000000,2.4583000,2.4606000,2.4577000,2.4594000,2240,1790580059999,5509.3796000,123,953,2343.8171000,0
1790580060000,2.4593000,2.4603000,2.4555000,2.4571000,3338,1790580119999,8204.0710000,216,1087,2673.0238000,0
1790580120000,2.4581000,2.4585000,2.4526000,2.4538000,5231,1790580179999,12847.3027000,203,735,1804.5992000,0
1790580180000,2.4536000,2.4545000,2.4508000,2.4518000,6899,1790580239999,16920.1074000,229,1377,3377.4113000,0
1790580240000,2.4515000,2.4522000,2.4467000,2.4484000,85117,1790580299999,208530.8425000,595,7390,18102.6178000,0
1790580300000,2.4479000,2.4537000,2.4468000,2.4484000,14040,1790580359999,34397.4343000,347,6448,15797.6218000,0
1790580360000,2.4489000,2.4500000,2.4460000,2.4477000,18889,1790580419999,46225.6505000,235,1540,3769.4307000,0
1790580420000,2.4480000,2.4507000,2.4461000,2.4471000,13064,1790580479999,31992.2939000,362,9477,23213.2158000,0
1790580480000,2.4472000,2.4483000,2.4356000,2.4369000,104057,1790580539999,254107.2474000,1731,16516,40349.5201000,0
1790580540000,2.4367000,2.4387000,2.4355000,2.4368000,10608,1790580599999,25849.8579000,374,3327,8108.3699000,0
1790580600000,2.4369000,2.4403000,2.4365000,2.4391000,11494,1790580659999,28033.4930000,345,8775,21403.7733000,0
1790580660000,2.4391000,2.4407000,2.4360000,2.4367000,10877,1790580719999,26526.0363000,347,1868,4556.2598000,0
1790580720000,2.4369000,2.4409000,2.4355000,2.4357000,12150,1790580779999,29630.6694000,390,4180,10191.9500000,0
1790580780000,2.4359000,2.4393000,2.4310000,2.4380000,27061,1790580839999,65866.0687000,652,5730,13952.6971000,0
1790580840000,2.4382000,2.4423000,2.4370000,2.4423000,17056,1790580899999,41613.7195000,398,6579,16053.7628000,0
1790580900000,2.4422000,2.4449000,2.4398000,2.4420000,6844,1790580959999,16715.2594000,268,2159,5272.8474000,0
1790580960000,2.4418000,2.4438000,2.4416000,2.4428000,4370,1790581019999,10675.2270000,163,1974,4821.8560000,0
1790581020000,2.4428000,2.4443000,2.4393000,2.4436000,11558,1790581079999,28216.4092000,347,4781,11673.7328000,0
1790581080000,2.4437000,2.4437000,2.4382000,2.4395000,21125,1790581139999,51577.4873000,321,2330,5685.5043000,0
1790581140000,2.4404000,2.4420000,2.4389000,2.4407000,4712,1790581199999,11500.3459000,209,1762,4300.4904000,0
1790581200000,2.4408000,2.4447000,2.4400000,2.4439000,8904,1790581259999,21746.3713000,292,2950,7206.3017000,0
1790581260000,2.4438000,2.4446000,2.4398000,2.4416000,5171,1790581319999,12628.0134000,251,1679,4100.8827000,0
1790581320000,2.4413000,2.4417000,2.4382000,2.4385000,1374,1790581379999,3352.3218000,125,690,1683.4888000,0
1790581380000,2.4392000,2.4399000,2.4348000,2.4348000,7066,1790581439999,17231.0742000,212,718,1750.7290000,0
1790581440000,2.4349000,2.4364000,2.4314000,2.4345000,13814,1790581499999,33611.8037000,318,3882,9451.3467000,0
1790581500000,2.4346000,2.4358000,2.4338000,2.4338000,4097,1790581559999,9975.6887000,159,1231,2997.3890000,0
1790581560000,2.4339000,2.4341000,2.4300000,2.4328000,29936,1790581619999,72774.3186000,355,3192,7763.0766000,0
1790581620000,2.4330000,2.4352000,2.4300000,2.4337000,15139,1790581679999,36811.5736000,306,4118,10021.9623000,0
1790581680000,2.4337000,2.4382000,2.4336000,2.4364000,5861,1790581739999,14275.5641000,285,3062,7457.8005000,0
1790581740000,2.4368000,2.4381000,2.4308000,2.4326000,7347,1790581799999,17887.1634000,295,2370,5769.7343000,0
1790581800000,2.4317000,2.4338000,2.4307000,2.4338000,4545,1790581859999,11053.6339000,217,2961,7201.1670000,0
1790581860000,2.4339000,2.4414000,2.4326000,2.4388000,20501,1790581919999,49998.3919000,407,17368,42360.8572000,0
1790581920000,2.4389000,2.4397000,2.4347000,2.4352000,5966,1790581979999,14546.9895000,153,2058,5017.3403000,0
1790581980000,2.4350000,2.4350000,2.4302000,2.4332000,5653,1790582039999,13746.7112000,274,2810,6833.9404000,0
1790582040000,2.4333000,2.4371000,2.4333000,2.4371000,4766,1790582099999,11606.9237000,173,1624,3954.4968000,0
1790582100000,2.4371000,2.4444000,2.4371000,2.4440000,6599,1790582159999,16107.3396000,294,4098,10003.4856000,0
1790582160000,2.4443000,2.4445000,2.4376000,2.4382000,12138,1790582219999,29637.7901000,279,1973,4813.9138000,0
1790582220000,2.4382000,2.4397000,2.4358000,2.4358000,10343,1790582279999,25217.4454000,261,1889,4605.0659000,0
1790582280000,2.4356000,2.4356000,2.4313000,2.4351000,8294,1790582339999,20186.7766000,289,3856,9386.0392000,0
1790582340000,2.4353000,2.4358000,2.4349000,2.4350000,8271,1790582399999,20142.8168000,127,1290,3141.7060000,0
1790582400000,2.4351000,2.4432000,2.4330000,2.4425000,10530,1790582459999,25662.2875000,342,6020,14676.3128000,0
1790582460000,2.4430000,2.4508000,2.4430000,2.4508000,19643,1790582519999,48053.2791000,582,13442,32888.0330000,0
1790582520000,2.4508000,2.4574000,2.4507000,2.4561000,16940,1790582579999,41569.4586000,530,6540,16053.1664000,0
1790582580000,2.4557000,2.4565000,2.4435000,2.4452000,12844,1790582639999,31470.9584000,470,6293,15417.1331000,0
1790582640000,2.4456000,2.4494000,2.4442000,2.4472000,7694,1790582699999,18818.2346000,295,2868,7015.1231000,0
1790582700000,2.4468000,2.4473000,2.4441000,2.4441000,4719,1790582759999,11544.1316000,200,2703,6613.1814000,0
1790582760000,2.4442000,2.4462000,2.4431000,2.4450000,1968,1790582819999,4811.1338000,155,787,1924.1410000,0
1790582820000,2.4450000,2.4476000,2.4445000,2.4445000,3217,1790582879999,7869.5879000,171,864,2113.6436000,0
1790582880000,2.4447000,2.4526000,2.4447000,2.4472000,4952,1790582939999,12132.3204000,316,3261,7989.6342000,0
1790582940000,2.4472000,2.4480000,2.4451000,2.4461000,3386,1790582999999,8284.2749000,209,1898,4643.5738000,0
1790583000000,2.4461000,2.4474000,2.4363000,2.4468000,54790,1790583059999,133699.7323000,899,16150,39403.7845000,0
1790583060000,2.4467000,2.4480000,2.4437000,2.4444000,7336,1790583119999,17942.0716000,322,1895,4635.7328000,0
1790583120000,2.4450000,2.4478000,2.4442000,2.4466000,5583,1790583179999,13659.4597000,285,1760,4306.7318000,0
1790583180000,2.4466000,2.4479000,2.4444000,2.4461000,5014,1790583239999,12267.2554000,219,2400,5872.8631000,0
1790583240000,2.4467000,2.4502000,2.4464000,2.4468000,37536,1790583299999,91864.4730000,1049,13740,33628.0720000,0
1790583300000,2.4467000,2.4477000,2.4439000,2.4442000,4314,1790583359999,10551.3451000,238,1103,2697.6479000,0
1790583360000,2.4445000,2.4484000,2.4422000,2.4467000,17395,1790583419999,42550.3395000,507,13620,33321.2802000,0
1790583420000,2.4467000,2.4470000,2.4429000,2.4432000,6804,1790583479999,16636.7581000,318,4167,10189.9518000,0
1790583480000,2.4432000,2.4446000,2.4412000,2.4413000,4709,1790583539999,11503.9571000,212,1140,2784.5953000,0
1790583540000,2.4412000,2.4416000,2.4393000,2.4397000,3313,1790583599999,8085.0737000,169,1524,3719.3896000,0
1790583600000,2.4400000,2.4428000,2.4384000,2.4416000,3133,1790583659999,7646.6533000,173,1052,2568.0541000,0
1790583660000,2.4415000,2.4450000,2.4398000,2.4403000,16611,1790583719999,40583.9953000,375,12145,29678.7648000,0
1790583720000,2.4403000,2.4423000,2.4399000,2.4416000,3381,1790583779999,8251.9527000,174,1285,3136.1325000,0
1790583780000,2.4416000,2.4420000,2.4360000,2.4366000,23574,1790583839999,57479.5394000,298,1117,2723.4659000,0
1790583840000,2.4365000,2.4367000,2.4306000,2.4329000,15180,1790583899999,36937.1153000,339,2800,6819.8948000,0
1790583900000,2.4332000,2.4366000,2.4332000,2.4354000,2806,1790583959999,6833.7125000,141,1468,3574.9805000,0
1790583960000,2.4358000,2.4407000,2.4358000,2.4391000,7958,1790584019999,19399.5662000,208,5966,14543.1455000,0
1790584020000,2.4391000,2.4404000,2.4360000,2.4360000,2963,1790584079999,7224.2433000,114,1181,2880.0598000,0
1790584080000,2.4359000,2.4391000,2.4359000,2.4385000,3530,1790584139999,8606.6419000,221,2132,5198.3558000,0
1790584140000,2.4385000,2.4389000,2.4370000,2.4373000,4662,1790584199999,11365.9300000,123,2388,5822.0062000,0
1790584200000,2.4380000,2.4406000,2.4362000,2.4366000,10216,1790584259999,24909.2423000,208,2555,6230.1183000,0
1790584260000,2.4363000,2.4370000,2.4342000,2.4350000,6846,1790584319999,16669.4980000,242,3795,9240.0128000,0
1790584320000,2.4349000,2.4361000,2.4340000,2.4341000,4972,1790584379999,12107.2955000,177,1732,4217.5705000,0
1790584380000,2.4342000,2.4360000,2.4337000,2.4347000,7990,1790584439999,19456.2834000,203,6083,14813.5695000,0
1790584440000,2.4350000,2.4363000,2.4339000,2.4362000,4016,1790584499999,9779.4085000,148,1199,2919.5791000,0
1790584500000,2.4362000,2.4378000,2.4359000,2.4369000,7881,1790584559999,19204.2974000,140,5677,13833.2804000,0
1790584560000,2.4364000,2.4364000,2.4345000,2.4355000,6932,1790584619999,16883.3692000,165,1793,4366.6649000,0
1790584620000,2.4355000,2.4355000,2.4337000,2.4337000,3507,1790584679999,8537.0155000,101,1117,2719.4397000,0
1790584680000,2.4337000,2.4388000,2.4311000,2.4388000,10418,1790584739999,25355.7617000,294,8280,20148.8314000,0
1790584740000,2.4384000,2.4384000,2.4331000,2.4359000,5258,1790584799999,12806.1908000,208,1718,4182.3923000,0
1790584800000,2.4357000,2.4389000,2.4354000,2.4361000,6188,1790584859999,15080.8773000,211,2352,5732.2384000,0
1790584860000,2.4360000,2.4364000,2.4347000,2.4351000,3338,1790584919999,8129.2299000,127,1148,2795.6580000,0
1790584920000,2.4351000,2.4352000,2.4322000,2.4338000,3024,1790584979999,7358.8730000,147,1797,4373.0696000,0
1790584980000,2.4340000,2.4356000,2.4339000,2.4356000,1435,1790585039999,3493.7638000,76,827,2013.4260000,0
1790585040000,2.4356000,2.4378000,2.4348000,2.4367000,2504,1790585099999,6100.0169000,116,1237,3014.1098000,0
1790585100000,2.4367000,2.4373000,2.4366000,2.4373000,860,1790585159999,2095.7579000,42,721,1757.0387000,0
1790585160000,2.4373000,2.4385000,2.4365000,2.4369000,4402,1790585219999,10728.9651000,169,1235,3009.8196000,0
1790585220000,2.4373000,2.4389000,2.4350000,2.4356000,3609,1790585279999,8795.3996000,164,2297,5598.1138000,0
1790585280000,2.4357000,2.4358000,2.4342000,2.4342000,1194,1790585339999,2907.3979000,67,507,1234.4677000,0
1790585340000,2.4342000,2.4346000,2.4330000,2.4330000,1602,1790585399999,3899.1006000,85,828,2015.4290000,0
1790585400000,2.4330000,2.4354000,2.4330000,2.4345000,1940,1790585459999,4723.0120000,103,1104,2687.5642000,0
1790585460000,2.4346000,2.4384000,2.4346000,2.4382000,2408,1790585519999,5868.1695000,122,1875,4569.1722000,0
1790585520000,2.4382000,2.4383000,2.4356000,2.4367000,3637,1790585579999,8861.9914000,109,1420,3459.4064000,0
1790585580000,2.4369000,2.4385000,2.4358000,2.4378000,3623,1790585639999,8831.0734000,148,3139,7651.5103000,0
1790585640000,2.4378000,2.4378000,2.4343000,2.4344000,3191,1790585699999,7774.3194000,128,1263,3077.4552000,0
1790585700000,2.4344000,2.4374000,2.4337000,2.4370000,3072,1790585759999,7482.5803000,165,1161,2827.9618000,0
1790585760000,2.4371000,2.4399000,2.4367000,2.4372000,12537,1790585819999,30570.1011000,316,10043,24490.6070000,0
1790585820000,2.4372000,2.4390000,2.4369000,2.4372000,1863,1790585879999,4541.4457000,87,675,1645.3737000,0
1790585880000,2.4371000,2.4383000,2.4350000,2.4354000,7273,1790585939999,17723.4618000,141,3632,8852.0782000,0
1790585940000,2.4358000,2.4393000,2.4357000,2.4384000,5364,1790585999999,13072.2775000,131,4794,11682.3705000,0
1790586000000,2.4383000,2.4406000,2.4357000,2.4361000,3991,1790586059999,9729.0667000,212,1763,4297.4733000,0
1790586060000,2.4359000,2.4362000,2.4330000,2.4330000,6208,1790586119999,15119.2277000,160,3956,9635.8922000,0
1790586120000,2.4331000,2.4332000,2.4217000,2.4224000,38532,1790586179999,93483.8621000,788,12295,29845.6482000,0
1790586180000,2.4223000,2.4238000,2.4112000,2.4181000,115142,1790586239999,278365.0765000,1079,28065,67876.6552000,0
1790586240000,2.4180000,2.4197000,2.4161000,2.4174000,13582,1790586299999,32835.3891000,273,2585,6249.3493000,0
1790586300000,2.4175000,2.4193000,2.4157000,2.4188000,10908,1790586359999,26361.0023000,242,2529,6114.7077000,0
1790586360000,2.4188000,2.4188000,2.4141000,2.4150000,7207,1790586419999,17411.3082000,310,1562,3773.9182000,0
1790586420000,2.4154000,2.4224000,2.4153000,2.4197000,4279,1790586479999,10354.4089000,215,975,2358.6981000,0
1790586480000,2.4196000,2.4214000,2.4174000,2.4204000,7488,1790586539999,18116.0951000,228,3340,8079.4351000,0
1790586540000,2.4208000,2.4222000,2.4154000,2.4154000,7039,1790586599999,17034.5476000,284,2918,7063.5146000,0
1790586600000,2.4154000,2.4176000,2.4134000,2.4164000,12176,1790586659999,29407.2038000,382,3831,9254.5690000,0
1790586660000,2.4167000,2.4233000,2.4166000,2.4200000,8169,1790586719999,19773.7442000,312,5121,12394.6868000,0
1790586720000,2.4200000,2.4243000,2.4200000,2.4222000,3679,1790586779999,8911.8541000,239,1630,3948.4305000,0
1790586780000,2.4224000,2.4280000,2.4193000,2.4280000,5216,1790586839999,12631.0655000,222,1075,2606.5523000,0
1790586840000,2.4280000,2.4318000,2.4276000,2.4304000,3033,1790586899999,7370.5818000,189,1976,4801.9639000,0
1790586900000,2.4303000,2.4406000,2.4299000,2.4372000,26295,1790586959999,64098.7463000,456,22109,53896.7664000,0
1790586960000,2.4377000,2.4395000,2.4290000,2.4300000,9220,1790587019999,22422.4580000,299,570,1387.1099000,0
1790587020000,2.4300000,2.4338000,2.4270000,2.4304000,5553,1790587079999,13490.8472000,263,2426,5895.2961000,0
1790587080000,2.4304000,2.4317000,2.4283000,2.4313000,4114,1790587139999,9997.6659000,246,1944,4724.1467000,0
1790587140000,2.4313000,2.4355000,2.4311000,2.4331000,2096,1790587199999,5101.7621000,193,832,2024.8732000,0
1790587200000,2.4330000,2.4359000,2.4296000,2.4312000,2432,1790587259999,5914.5350000,209,1077,2619.4145000,0
1790587260000,2.4311000,2.4383000,2.4309000,2.4366000,8090,1790587319999,19713.9235000,203,4315,10513.7170000,0
1790587320000,2.4363000,2.4363000,2.4333000,2.4354000,2008,1790587379999,4889.1900000,142,995,2422.4966000,0
1790587380000,2.4352000,2.4370000,2.4266000,2.4269000,10061,1790587439999,24468.7540000,263,4392,10679.3130000,0
1790587440000,2.4270000,2.4272000,2.4180000,2.4193000,17042,1790587499999,41283.9303000,453,3665,8876.6881000,0
1790587500000,2.4193000,2.4211000,2.4171000,2.4172000,10373,1790587559999,25093.5619000,233,6548,15840.7850000,0
1790587560000,2.4171000,2.4184000,2.4105000,2.4115000,16926,1790587619999,40863.9545000,470,4511,10895.8258000,0
1790587620000,2.4115000,2.4143000,2.4050000,2.4058000,69184,1790587679999,166733.7765000,777,9691,23364.7869000,0
1790587680000,2.4059000,2.4076000,2.4018000,2.4075000,37720,1790587739999,90693.4110000,938,16450,39556.0441000,0
1790587740000,2.4074000,2.4089000,2.4051000,2.4061000,11961,1790587799999,28791.1627000,242,6230,14994.9353000,0
1790587800000,2.4060000,2.4097000,2.4059000,2.4094000,8636,1790587859999,20788.3069000,218,7022,16901.9299000,0
1790587860000,2.4095000,2.4121000,2.4080000,2.4105000,8399,1790587919999,20242.9778000,240,4322,10414.4326000,0
1790587920000,2.4104000,2.4132000,2.4093000,2.4107000,9315,1790587979999,22463.6864000,293,5475,13201.4966000,0
1790587980000,2.4103000,2.4103000,2.4071000,2.4089000,4673,1790588039999,11256.8869000,185,2784,6705.9365000,0
1790588040000,2.4089000,2.4091000,2.4050000,2.4051000,7359,1790588099999,17717.7146000,160,2565,6176.0804000,0
1790588100000,2.4051000,2.4081000,2.4051000,2.4073000,3179,1790588159999,7649.9860000,112,2796,6728.0939000,0
1790588160000,2.4075000,2.4090000,2.4070000,2.4079000,1941,1790588219999,4673.9330000,88,1698,4088.8006000,0
1790588220000,2.4079000,2.4090000,2.4060000,2.4074000,5052,1790588279999,12163.4811000,165,2801,6743.5923000,0
1790588280000,2.4074000,2.4097000,2.4073000,2.4097000,7207,1790588339999,17353.9425000,194,2843,6847.3320000,0
1790588340000,2.4098000,2.4126000,2.4097000,2.4120000,3779,1790588399999,9111.8417000,176,1633,3937.5739000,0
1790588400000,2.4120000,2.4137000,2.4101000,2.4137000,6391,1790588459999,15414.7052000,178,1763,4252.6348000,0
1790588460000,2.4137000,2.4139000,2.4108000,2.4137000,4410,1790588519999,10640.4632000,212,2520,6080.7776000,0
1790588520000,2.4137000,2.4137000,2.4098000,2.4129000,2992,1790588579999,7214.4906000,136,1384,3336.9630000,0
1790588580000,2.4130000,2.4142000,2.4112000,2.4112000,5268,1790588639999,12713.6885000,136,687,1658.0711000,0
1790588640000,2.4111000,2.4111000,2.4082000,2.4082000,2174,1790588699999,5238.7069000,146,1310,3156.7988000,0
1790588700000,2.4083000,2.4104000,2.4001000,2.4015000,32459,1790588759999,78093.1762000,654,6515,15672.0698000,0
1790588760000,2.4017000,2.4030000,2.3965000,2.3983000,43449,1790588819999,104262.5602000,519,15238,36571.7358000,0
1790588820000,2.3987000,2.4038000,2.3987000,2.4030000,37664,1790588879999,90397.4349000,213,35596,85431.9411000,0
1790588880000,2.4028000,2.4065000,2.4028000,2.4056000,4287,1790588939999,10309.8934000,144,1675,4027.9762000,0
1790588940000,2.4053000,2.4071000,2.4045000,2.4051000,2042,1790588999999,4911.8412000,117,1040,2501.6372000,0
1790589000000,2.4054000,2.4074000,2.4032000,2.4071000,6896,1790589059999,16585.0558000,202,1669,4015.8606000,0
1790589060000,2.4071000,2.4073000,2.4028000,2.4047000,5822,1790589119999,14005.9665000,190,2371,5704.0498000,0
1790589120000,2.4047000,2.4054000,2.4019000,2.4019000,4286,1790589179999,10303.0179000,154,508,1221.1711000,0
1790589180000,2.4019000,2.4019000,2.3987000,2.3998000,7012,1790589239999,16832.1247000,163,564,1354.0553000,0
1790589240000,2.4001000,2.4011000,2.3943000,2.3989000,29231,1790589299999,70075.6931000,374,5674,13609.3262000,0
1790589300000,2.3995000,2.4002000,2.3912000,2.3954000,26447,1790589359999,63330.7824000,625,6161,14753.1208000,0
1790589360000,2.3961000,2.3961000,2.3938000,2.3952000,5034,1790589419999,12056.5136000,136,2347,5621.0955000,0
1790589420000,2.3950000,2.3980000,2.3946000,2.3978000,7165,1790589479999,17173.8728000,131,1838,4404.8474000,0
1790589480000,2.3980000,2.3999000,2.3965000,2.3992000,9501,1790589539999,22781.7959000,120,1746,4187.8566000,0
1790589540000,2.3993000,2.3995000,2.3968000,2.3984000,18397,1790589599999,44134.0988000,155,10295,24696.2298000,0
1790589600000,2.3984000,2.4074000,2.3984000,2.4063000,20868,1790589659999,50116.5104000,341,16099,38646.9724000,0
1790589660000,2.4066000,2.4077000,2.4044000,2.4056000,6078,1790589719999,14624.0404000,195,1311,3153.8770000,0
1790589720000,2.4051000,2.4096000,2.4046000,2.4081000,8984,1790589779999,21631.2321000,308,5502,13247.5912000,0
1790589780000,2.4084000,2.4174000,2.4083000,2.4163000,8255,1790589839999,19926.5585000,209,5285,12752.0905000,0
1790589840000,2.4163000,2.4197000,2.4136000,2.4166000,8650,1790589899999,20905.4757000,197,5233,12648.0390000,0
1790589900000,2.4168000,2.4171000,2.4106000,2.4115000,6644,1790589959999,16035.4296000,203,3539,8538.6028000,0
1790589960000,2.4115000,2.4142000,2.4108000,2.4137000,4461,1790590019999,10760.8166000,204,2147,5178.8014000,0
1790590020000,2.4137000,2.4142000,2.4114000,2.4120000,9682,1790590079999,23361.3314000,196,3247,7834.9835000,0
1790590080000,2.4126000,2.4130000,2.4102000,2.4113000,3672,1790590139999,8853.9914000,167,2339,5639.4064000,0
1790590140000,2.4112000,2.4127000,2.4053000,2.4109000,18358,1790590199999,44237.8261000,340,14766,35580.2243000,0
1790590200000,2.4109000,2.4118000,2.4065000,2.4068000,2499,1790590259999,6020.8749000,125,285,687.1835000,0
1790590260000,2.4068000,2.4079000,2.4051000,2.4076000,2479,1790590319999,5965.8498000,91,1265,3043.6983000,0
1790590320000,2.4078000,2.4110000,2.4062000,2.4084000,5321,1790590379999,12818.0785000,206,3429,8261.5843000,0
1790590380000,2.4080000,2.4114000,2.4075000,2.4108000,2576,1790590439999,6207.4854000,98,757,1823.5359000,0
1790590440000,2.4107000,2.4130000,2.4088000,2.4130000,1489,1790590499999,3589.9168000,107,677,1632.4766000,0
1790590500000,2.4136000,2.4194000,2.4136000,2.4174000,7898,1790590559999,19093.4957000,253,6633,16036.1403000,0
1790590560000,2.4175000,2.4192000,2.4165000,2.4192000,2112,1790590619999,5105.5258000,116,1073,2594.1286000,0
1790590620000,2.4185000,2.4205000,2.4173000,2.4174000,6668,1790590679999,16135.1452000,193,5146,12453.0229000,0
1790590680000,2.4172000,2.4183000,2.4144000,2.4152000,7172,1790590739999,17326.6469000,188,6094,14721.5752000,0
1790590740000,2.4152000,2.4164000,2.4132000,2.4134000,1260,1790590799999,3043.5419000,84,735,1775.5564000,0
1790590800000,2.4131000,2.4169000,2.4122000,2.4152000,2921,1790590859999,7053.1120000,127,1282,3096.1743000,0
1790590860000,2.4153000,2.4163000,2.4140000,2.4161000,3807,1790590919999,9196.4983000,111,2504,6048.8166000,0
1790590920000,2.4159000,2.4180000,2.4159000,2.4162000,1988,1790590979999,4804.5314000,106,1167,2820.0931000,0
1790590980000,2.4160000,2.4191000,2.4151000,2.4188000,5938,1790591039999,14350.7962000,144,4449,10750.8440000,0
1790591040000,2.4186000,2.4227000,2.4185000,2.4222000,8010,1790591099999,19389.4519000,209,6394,15477.3328000,0
1790591100000,2.4221000,2.4240000,2.4218000,2.4232000,861,1790591159999,2086.0583000,55,404,978.8382000,0
1790591160000,2.4239000,2.4249000,2.4230000,2.4230000,1705,1790591219999,4133.1163000,94,444,1076.1863000,0
1790591220000,2.4231000,2.4231000,2.4173000,2.4173000,6654,1790591279999,16102.7711000,236,2455,5940.0471000,0
1790591280000,2.4172000,2.4198000,2.4145000,2.4145000,6081,1790591339999,14702.8534000,192,3678,8894.4234000,0
1790591340000,2.4145000,2.4184000,2.4127000,2.4178000,12803,1790591399999,30934.9128000,184,8551,20660.0091000,0
1790591400000,2.4183000,2.4199000,2.4140000,2.4155000,16886,1790591459999,40810.4043000,165,1225,2961.9603000,0
1790591460000,2.4156000,2.4200000,2.4151000,2.4187000,3707,1790591519999,8959.9966000,115,2953,7137.0085000,0
1790591520000,2.4189000,2.4206000,2.4177000,2.4203000,7301,1790591579999,17659.6148000,151,5606,13559.1726000,0
1790591580000,2.4202000,2.4238000,2.4190000,2.4227000,4439,1790591639999,10746.1804000,152,1692,4095.7717000,0
1790591640000,2.4227000,2.4260000,2.4221000,2.4252000,4460,1790591699999,10808.7561000,111,4001,9695.6106000,0
1790591700000,2.4257000,2.4331000,2.4257000,2.4318000,7267,1790591759999,17654.9100000,294,5765,14005.2736000,0
1790591760000,2.4321000,2.4325000,2.4256000,2.4263000,16310,1790591819999,39638.2513000,283,13118,31882.4120000,0
1790591820000,2.4264000,2.4321000,2.4264000,2.4283000,12014,1790591879999,29190.0407000,273,10413,25298.5629000,0
1790591880000,2.4283000,2.4283000,2.4258000,2.4281000,18693,1790591939999,45369.0283000,175,17832,43279.1735000,0
1790591940000,2.4282000,2.4327000,2.4282000,2.4326000,1715,1790591999999,4168.3631000,100,509,1236.9887000,0
1790592000000,2.4326000,2.4344000,2.4317000,2.4327000,4077,1790592059999,9921.0924000,208,2020,4916.0639000,0
1790592060000,2.4324000,2.4329000,2.4293000,2.4306000,1186,1790592119999,2883.8039000,106,357,868.0617000,0
1790592120000,2.4298000,2.4337000,2.4297000,2.4336000,2515,1790592179999,6116.3314000,146,1377,3348.5873000,0
1790592180000,2.4333000,2.4336000,2.4310000,2.4336000,4261,1790592239999,10363.9026000,113,2542,6182.4352000,0
1790592240000,2.4338000,2.4347000,2.4325000,2.4329000,4390,1790592299999,10682.7286000,154,2227,5419.3536000,0
1790592300000,2.4329000,2.4346000,2.4310000,2.4329000,3401,1790592359999,8276.2161000,154,1296,3153.5166000,0
1790592360000,2.4327000,2.4343000,2.4303000,2.4308000,2991,1790592419999,7276.6995000,150,1000,2432.1912000,0
1790592420000,2.4310000,2.4320000,2.4285000,2.4297000,9385,1790592479999,22814.3960000,117,8165,19848.7732000,0
1790592480000,2.4299000,2.4320000,2.4288000,2.4311000,9759,1790592539999,23717.7098000,196,5519,13413.7477000,0
1790592540000,2.4310000,2.4319000,2.4285000,2.4308000,4836,1790592599999,11751.2612000,155,1374,3339.4877000,0
1790592600000,2.4298000,2.4321000,2.4291000,2.4302000,3011,1790592659999,7318.8344000,121,1328,3228.0535000,0
1790592660000,2.4303000,2.4307000,2.4288000,2.4294000,7357,1790592719999,17877.9626000,128,5244,12744.4500000,0
1790592720000,2.4291000,2.4340000,2.4291000,2.4338000,12214,1790592779999,29708.9000000,274,9531,23182.1713000,0
1790592780000,2.4336000,2.4336000,2.4261000,2.4261000,4489,1790592839999,10910.9467000,186,852,2070.3302000,0
1790592840000,2.4260000,2.4281000,2.4253000,2.4274000,10881,1790592899999,26399.6397000,133,9372,22737.4147000,0
1790592900000,2.4274000,2.4277000,2.4257000,2.4277000,2118,1790592959999,5140.1548000,65,796,1931.7396000,0
1790592960000,2.4278000,2.4278000,2.4252000,2.4272000,3757,1790593019999,9115.3183000,117,2436,5909.8369000,0
1790593020000,2.4268000,2.4268000,2.4227000,2.4234000,7499,1790593079999,18183.5741000,150,613,1485.8791000,0
1790593080000,2.4235000,2.4235000,2.4206000,2.4208000,9594,1790593139999,23239.2363000,115,7454,18055.7167000,0
1790593140000,2.4208000,2.4223000,2.4187000,2.4208000,10676,1790593199999,25840.0495000,180,7683,18596.0987000,0
1790593200000,2.4215000,2.4261000,2.4195000,2.4260000,11051,1790593259999,26788.3683000,358,5752,13943.7729000,0
1790593260000,2.4249000,2.4299000,2.4211000,2.4225000,16688,1790593319999,40473.5341000,446,9753,23657.7690000,0
1790593320000,2.4228000,2.4239000,2.4196000,2.4228000,8830,1790593379999,21382.9221000,307,4245,10278.8623000,0
1790593380000,2.4226000,2.4237000,2.4196000,2.4221000,5915,1790593439999,14327.1419000,183,3144,7614.5566000,0
1790593440000,2.4215000,2.4228000,2.4193000,2.4228000,6757,1790593499999,16359.6492000,134,3063,7413.0779000,0
1790593500000,2.4229000,2.4247000,2.4219000,2.4247000,2202,1790593559999,5336.5527000,113,1262,3058.4604000,0
1790593560000,2.4238000,2.4265000,2.4229000,2.4252000,4062,1790593619999,9847.8864000,127,1103,2674.6675000,0
1790593620000,2.4250000,2.4264000,2.4225000,2.4244000,3285,1790593679999,7963.7324000,151,1674,4058.0316000,0
1790593680000,2.4238000,2.4244000,2.4215000,2.4225000,5743,1790593739999,13912.4640000,144,4477,10845.1481000,0
1790593740000,2.4225000,2.4240000,2.4214000,2.4214000,2683,1790593799999,6500.2109000,98,1468,3557.0755000,0
1790593800000,2.4217000,2.4226000,2.4200000,2.4209000,3859,1790593859999,9344.4587000,111,1016,2460.1126000,0
1790593860000,2.4205000,2.4207000,2.4178000,2.4178000,3114,1790593919999,7535.8161000,105,692,1674.8341000,0
1790593920000,2.4178000,2.4199000,2.4174000,2.4181000,2491,1790593979999,6025.5250000,111,672,1625.5847000,0
1790593980000,2.4179000,2.4197000,2.4167000,2.4185000,3363,1790594039999,8134.1170000,104,1852,4479.7823000,0
1790594040000,2.4185000,2.4193000,2.4178000,2.4190000,2468,1790594099999,5969.2917000,70,798,1929.9678000,0
1790594100000,2.4187000,2.4202000,2.4170000,2.4184000,2238,1790594159999,5413.2144000,132,840,2032.1938000,0
1790594160000,2.4192000,2.4222000,2.4166000,2.4202000,9924,1790594219999,24009.7297000,311,4297,10399.6820000,0
1790594220000,2.4200000,2.4254000,2.4196000,2.4241000,8310,1790594279999,20134.7415000,225,4887,11838.5749000,0
1790594280000,2.4242000,2.4271000,2.4196000,2.4196000,29649,1790594339999,71882.9786000,385,21921,53161.8291000,0
1790594340000,2.4197000,2.4197000,2.4148000,2.4174000,4496,1790594399999,10864.8846000,151,1327,3206.2653000,0
1790594400000,2.4174000,2.4185000,2.4143000,2.4176000,6091,1790594459999,14717.8050000,189,2277,5502.4770000,0
1790594460000,2.4177000,2.4177000,2.4151000,2.4151000,1582,1790594519999,3822.5686000,88,165,398.7134000,0
1790594520000,2.4155000,2.4165000,2.4134000,2.4150000,26710,1790594579999,64492.6610000,305,14445,34876.1794000,0
1790594580000,2.4148000,2.4180000,2.4137000,2.4174000,10133,1790594639999,24477.7450000,173,4079,9854.6055000,0
1790594640000,2.4173000,2.4209000,2.4151000,2.4178000,12815,1790594699999,30989.7561000,217,7197,17402.2312000,0
1790594700000,2.4179000,2.4193000,2.4136000,2.4147000,20617,1790594759999,49824.0276000,292,1981,4785.0926000,0
1790594760000,2.4147000,2.4164000,2.4124000,2.4124000,4327,1790594819999,10446.4870000,228,1506,3637.0582000,0
1790594820000,2.4123000,2.4130000,2.4078000,2.4093000,25572,1790594879999,61610.6974000,327,2727,6574.0502000,0
1790594880000,2.4094000,2.4143000,2.4094000,2.4142000,5494,1790594939999,13252.5301000,164,2755,6643.5976000,0
1790594940000,2.4144000,2.4159000,2.4136000,2.4137000,3503,1790594999999,8459.6854000,181,860,2077.0272000,0
1790595000000,2.4139000,2.4144000,2.4128000,2.4130000,3335,1790595059999,8049.3644000,134,624,1506.2980000,0
1790595060000,2.4130000,2.4160000,2.4130000,2.4150000,10884,1790595119999,26278.2418000,201,6958,16797.1881000,0
1790595120000,2.4151000,2.4151000,2.4091000,2.4113000,38570,1790595179999,93000.7695000,409,17672,42604.8807000,0
1790595180000,2.4113000,2.4129000,2.4074000,2.4129000,20673,1790595239999,49810.9206000,259,4712,11358.2529000,0
1790595240000,2.4130000,2.4134000,2.3966000,2.4073000,89206,1790595299999,214309.8654000,860,30151,72468.4883000,0
1790595300000,2.4068000,2.4080000,2.3975000,2.4004000,24658,1790595359999,59217.9707000,443,12070,28973.5161000,0
1790595360000,2.4005000,2.4031000,2.3800000,2.3921000,184743,1790595419999,441155.4046000,1631,50743,121308.6348000,0
1790595420000,2.3922000,2.3967000,2.3898000,2.3914000,28511,1790595479999,68236.7005000,506,12316,29476.3973000,0
1790595480000,2.3914000,2.3953000,2.3879000,2.3890000,43805,1790595539999,104737.2913000,520,13249,31676.8944000,0
1790595540000,2.3888000,2.3917000,2.3840000,2.3897000,50548,1790595599999,120743.8011000,840,27271,65151.0107000,0
1790595600000,2.3897000,2.3943000,2.3888000,2.3941000,11028,1790595659999,26372.4988000,223,7354,17586.4508000,0
1790595660000,2.3945000,2.3989000,2.3941000,2.3955000,16210,1790595719999,38858.1079000,329,11782,28247.5589000,0
1790595720000,2.3956000,2.3969000,2.3917000,2.3961000,15760,1790595779999,37726.7415000,294,4412,10563.9130000,0
1790595780000,2.3961000,2.3973000,2.3928000,2.3942000,13879,1790595839999,33251.5006000,239,2943,7049.2671000,0
1790595840000,2.3945000,2.3950000,2.3916000,2.3918000,8941,1790595899999,21404.8685000,170,2847,6815.3696000,0
1790595900000,2.3926000,2.3962000,2.3913000,2.3953000,7576,1790595959999,18138.5811000,192,4095,9804.2117000,0
1790595960000,2.3952000,2.3970000,2.3934000,2.3934000,12041,1790596019999,28843.2177000,233,2860,6851.8709000,0
1790596020000,2.3936000,2.3950000,2.3904000,2.3944000,7041,1790596079999,16844.1584000,206,3757,8988.4647000,0
1790596080000,2.3941000,2.3941000,2.3857000,2.3857000,25377,1790596139999,60645.7631000,350,2277,5447.1281000,0
1790596140000,2.3859000,2.3880000,2.3815000,2.3820000,34505,1790596199999,82269.4589000,649,11375,27129.8926000,0
1790596200000,2.3832000,2.3879000,2.3822000,2.3876000,11079,1790596259999,26425.0409000,198,7062,16841.4966000,0
1790596260000,2.3875000,2.3882000,2.3861000,2.3878000,11827,1790596319999,28237.3313000,151,717,1711.8542000,0
1790596320000,2.3874000,2.3898000,2.3847000,2.3882000,24007,1790596379999,57318.9193000,531,13321,31809.8346000,0
1790596380000,2.3877000,2.3896000,2.3873000,2.3889000,18674,1790596439999,44592.6339000,348,4650,11106.2210000,0
1790596440000,2.3888000,2.3892000,2.3863000,2.3889000,13243,1790596499999,31628.5107000,179,2603,6216.2745000,0
1790596500000,2.3886000,2.3916000,2.3886000,2.3911000,11186,1790596559999,26735.4214000,292,7244,17314.7982000,0
1790596560000,2.3912000,2.3935000,2.3906000,2.3913000,7553,1790596619999,18070.0399000,208,3725,8911.7262000,0
1790596620000,2.3915000,2.3915000,2.3759000,2.3832000,100947,1790596679999,240355.4816000,1196,31478,74920.0091000,0
1790596680000,2.3836000,2.3881000,2.3820000,2.3881000,21574,1790596739999,51435.9499000,304,7230,17245.4289000,0
1790596740000,2.3881000,2.3882000,2.3829000,2.3840000,18078,1790596799999,43137.0833000,208,3482,8301.3278000,0
1790596800000,2.3846000,2.3848000,2.3730000,2.3827000,59893,1790596859999,142491.5835000,881,28987,68957.6097000,0
1790596860000,2.3819000,2.3830000,2.3776000,2.3828000,26967,1790596919999,64203.9928000,397,15883,37817.7958000,0
1790596920000,2.3827000,2.3844000,2.3791000,2.3793000,48172,1790596979999,114696.7463000,684,12159,28959.7753000,0
1790596980000,2.3793000,2.3856000,2.3791000,2.3847000,21742,1790597039999,51787.9020000,386,15157,36108.9689000,0
1790597040000,2.3845000,2.3947000,2.3844000,2.3947000,35255,1790597099999,84270.2019000,801,27258,65161.9585000,0
1790597100000,2.3940000,2.4022000,2.3921000,2.4017000,13473,1790597159999,32284.3725000,423,7042,16881.6345000,0
1790597160000,2.4018000,2.4272000,2.4015000,2.4247000,162839,1790597219999,393880.9874000,1580,120510,291435.0084000,0
1790597220000,2.4255000,2.4294000,2.4202000,2.4225000,26578,1790597279999,64431.7017000,654,14353,34797.2523000,0
1790597280000,2.4226000,2.4229000,2.4171000,2.4210000,24767,1790597339999,59908.8886000,403,8075,19533.3255000,0
1790597340000,2.4210000,2.4347000,2.4205000,2.4318000,29158,1790597399999,70812.3653000,805,19726,47921.9231000,0
1790597400000,2.4318000,2.4364000,2.4271000,2.4302000,30986,1790597459999,75344.7496000,977,19466,47332.5327000,0
1790597460000,2.4288000,2.4289000,2.4200000,2.4202000,28294,1790597519999,68575.6908000,717,19689,47717.2850000,0
1790597520000,2.4200000,2.4225000,2.4160000,2.4161000,9755,1790597579999,23585.6478000,359,2727,6595.3409000,0
1790597580000,2.4160000,2.4193000,2.4153000,2.4161000,12729,1790597639999,30763.1725000,264,10171,24581.8634000,0
1790597640000,2.4161000,2.4175000,2.4051000,2.4102000,88360,1790597699999,212965.6372000,1136,16072,38712.6493000,0
1790597700000,2.4100000,2.4135000,2.4022000,2.4059000,35998,1790597759999,86595.1039000,802,13113,31542.2445000,0
1790597760000,2.4058000,2.4091000,2.4040000,2.4073000,12698,1790597819999,30553.9980000,506,4560,10974.3298000,0
1790597820000,2.4075000,2.4104000,2.4055000,2.4064000,16072,1790597879999,38683.8850000,376,10361,24936.2901000,0
1790597880000,2.4063000,2.4119000,2.4045000,2.4045000,20257,1790597939999,48771.7611000,701,12773,30755.5369000,0
1790597940000,2.4045000,2.4073000,2.4037000,2.4067000,13139,1790597999999,31607.1504000,561,5706,13728.7188000,0
1790598000000,2.4063000,2.4132000,2.4051000,2.4132000,19846,1790598059999,47827.4554000,659,10363,24975.3111000,0
1790598060000,2.4133000,2.4197000,2.4133000,2.4188000,45055,1790598119999,108899.8609000,725,18072,43683.9675000,0
1790598120000,2.4188000,2.4188000,2.4071000,2.4071000,15089,1790598179999,36421.8706000,593,9308,22469.2754000,0
1790598180000,2.4071000,2.4073000,2.4028000,2.4041000,20028,1790598239999,48163.1222000,396,10767,25891.2247000,0
1790598240000,2.4044000,2.4074000,2.4026000,2.4061000,10829,1790598299999,26041.2340000,316,6113,14700.7034000,0
1790598300000,2.4063000,2.4067000,2.4013000,2.4020000,10436,1790598359999,25077.2823000,427,2898,6966.3104000,0
1790598360000,2.4016000,2.4086000,2.4014000,2.4062000,12828,1790598419999,30858.7418000,499,6317,15197.9989000,0
1790598420000,2.4063000,2.4094000,2.4043000,2.4053000,7016,1790598479999,16893.9525000,283,4264,10269.6020000,0
1790598480000,2.4051000,2.4154000,2.4051000,2.4098000,15483,1790598539999,37335.8375000,489,10465,25230.2687000,0
1790598540000,2.4095000,2.4110000,2.4059000,2.4060000,5251,1790598599999,12645.3348000,306,1357,3268.8243000,0
1790598600000,2.4067000,2.4074000,2.4025000,2.4044000,7650,1790598659999,18397.7675000,328,2447,5887.3606000,0
1790598660000,2.4044000,2.4064000,2.4040000,2.4045000,3500,1790598719999,8418.5640000,130,1677,4033.9100000,0
1790598720000,2.4044000,2.4049000,2.4007000,2.4012000,6356,1790598779999,15269.4454000,303,3238,7778.8372000,0
1790598780000,2.4007000,2.4012000,2.3983000,2.4003000,8649,1790598839999,20753.5947000,317,2896,6950.2634000,0
1790598840000,2.4007000,2.4059000,2.3993000,2.4058000,7508,1790598899999,18035.8903000,336,5214,12526.9869000,0
1790598900000,2.4058000,2.4158000,2.4058000,2.4154000,23707,1790598959999,57171.1170000,919,13930,33588.5733000,0
1790598960000,2.4149000,2.4149000,2.4076000,2.4130000,12913,1790599019999,31128.5226000,819,8188,19737.4530000,0
1790599020000,2.4130000,2.4130000,2.4083000,2.4089000,11305,1790599079999,27241.4553000,631,8040,19373.2977000,0
1790599080000,2.4090000,2.4091000,2.3985000,2.3991000,14773,1790599139999,35509.2872000,910,7937,19077.2309000,0
1790599140000,2.3991000,2.4035000,2.3989000,2.3991000,8640,1790599199999,20742.0162000,404,4573,10976.9269000,0
1790599200000,2.3991000,2.3995000,2.3953000,2.3956000,8021,1790599259999,19235.0010000,355,2540,6092.3148000,0
1790599260000,2.3958000,2.3989000,2.3938000,2.3967000,8152,1790599319999,19533.2163000,266,4449,10660.7900000,0
1790599320000,2.3965000,2.3966000,2.3926000,2.3959000,12378,1790599379999,29641.0169000,321,3176,7607.6635000,0
1790599380000,2.3952000,2.3975000,2.3951000,2.3961000,6658,1790599439999,15953.8237000,196,2625,6290.3587000,0
1790599440000,2.3966000,2.4039000,2.3960000,2.4039000,7298,1790599499999,17506.6234000,309,4208,10096.9974000,0
1790599500000,2.4040000,2.4116000,2.4038000,2.4116000,8784,1790599559999,21157.9603000,410,5164,12437.4661000,0
1790599560000,2.4116000,2.4178000,2.4112000,2.4115000,11661,1790599619999,28155.2407000,528,5176,12496.4326000,0
1790599620000,2.4117000,2.4117000,2.4047000,2.4060000,8156,1790599679999,19639.4017000,269,2861,6888.8405000,0
1790599680000,2.4061000,2.4112000,2.4048000,2.4077000,9850,1790599739999,23709.4414000,260,2636,6348.3197000,0
1790599740000,2.4077000,2.4086000,2.4045000,2.4061000,3260,1790599799999,7843.0176000,136,1256,3021.9400000,0
1790599800000,2.4065000,2.4066000,2.4043000,2.4049000,3359,1790599859999,8078.8405000,239,1600,3848.3507000,0
1790599860000,2.4048000,2.4065000,2.4006000,2.4006000,14621,1790599919999,35139.5421000,426,3061,7359.9997000,0
1790599920000,2.4006000,2.4133000,2.4006000,2.4081000,7374,1790599979999,17762.7433000,463,5271,12697.2379000,0
1790599980000,2.4080000,2.4102000,2.4060000,2.4090000,4981,1790600039999,11991.4616000,262,3870,9316.9493000,0
1790600040000,2.4089000,2.4137000,2.4082000,2.4137000,15406,1790600099999,37161.5047000,302,9675,23338.7351000,0
1790600100000,2.4139000,2.4158000,2.4099000,2.4116000,14792,1790600159999,35694.1089000,447,6634,16013.8249000,0
1790600160000,2.4114000,2.4121000,2.4074000,2.4097000,13724,1790600219999,33081.8280000,432,9382,22617.3413000,0
1790600220000,2.4097000,2.4154000,2.4078000,2.4144000,12827,1790600279999,30922.1895000,274,8678,20913.0673000,0
1790600280000,2.4143000,2.4187000,2.4109000,2.4156000,30307,1790600339999,73219.9995000,472,24828,59994.6167000,0
1790600340000,2.4150000,2.4162000,2.4116000,2.4138000,6438,1790600399999,15543.3693000,242,2451,5917.4058000,0
1790600400000,2.4138000,2.4138000,2.4033000,2.4045000,12561,1790600459999,30224.6281000,452,4195,10094.6089000,0
1790600460000,2.4044000,2.4052000,2.4025000,2.4034000,6927,1790600519999,16651.0508000,308,3556,8549.2162000,0
1790600520000,2.4028000,2.4041000,2.4001000,2.4015000,19898,1790600579999,47785.9217000,500,5301,12735.0808000,0
1790600580000,2.4011000,2.4050000,2.4002000,2.4030000,15728,1790600639999,37792.1482000,445,11682,28072.9176000,0
1790600640000,2.4020000,2.4060000,2.4010000,2.4037000,13347,1790600699999,32084.0173000,291,8600,20674.6138000,0
1790600700000,2.4036000,2.4055000,2.4030000,2.4049000,5278,1790600759999,12689.1989000,170,1828,4395.1614000,0
1790600760000,2.4049000,2.4093000,2.4035000,2.4078000,7698,1790600819999,18524.8138000,325,2614,6291.0812000,0
1790600820000,2.4078000,2.4141000,2.4078000,2.4078000,9598,1790600879999,23142.7068000,374,4325,10430.7064000,0
1790600880000,2.4076000,2.4077000,2.4006000,2.4015000,7662,1790600939999,18419.2698000,309,3110,7476.1788000,0
1790600940000,2.4013000,2.4045000,2.4010000,2.4032000,2952,1790600999999,7092.5282000,174,1466,3522.3753000,0
1790601000000,2.4033000,2.4065000,2.4000000,2.4065000,40204,1790601059999,96638.5557000,721,30878,74228.8359000,0
1790601060000,2.4060000,2.4060000,2.4003000,2.4005000,5817,1790601119999,13977.8911000,278,1241,2981.1173000,0
1790601120000,2.4001000,2.4014000,2.3982000,2.3989000,11173,1790601179999,26811.0129000,222,1389,3333.0576000,0
1790601180000,2.3991000,2.4029000,2.3984000,2.4015000,3821,1790601239999,9170.0796000,133,1340,3217.1977000,0
1790601240000,2.4016000,2.4070000,2.4011000,2.4063000,6747,1790601299999,16224.7536000,238,4086,9826.4384000,0
1790601300000,2.4066000,2.4078000,2.4022000,2.4031000,12553,1790601359999,30194.2247000,293,3066,7372.2682000,0
1790601360000,2.4032000,2.4040000,2.3961000,2.3962000,14108,1790601419999,33863.6012000,360,6051,14529.9540000,0
1790601420000,2.3963000,2.3985000,2.3923000,2.3950000,17286,1790601479999,41389.2487000,438,10218,24461.3978000,0
1790601480000,2.3938000,2.3975000,2.3926000,2.3943000,7008,1790601539999,16785.6202000,283,4289,10275.5393000,0
1790601540000,2.3940000,2.3941000,2.3910000,2.3937000,3780,1790601599999,9044.1598000,178,2378,5690.0429000,0
1790601600000,2.3938000,2.3959000,2.3937000,2.3957000,4072,1790601659999,9751.5545000,163,2218,5311.8516000,0
1790601660000,2.3956000,2.3957000,2.3912000,2.3913000,15595,1790601719999,37327.8247000,338,3432,8214.6249000,0
1790601720000,2.3912000,2.3919000,2.3887000,2.3908000,10585,1790601779999,25299.4732000,246,4256,10172.6630000,0
1790601780000,2.3908000,2.3922000,2.3899000,2.3914000,7570,1790601839999,18099.3891000,154,3291,7869.2263000,0
1790601840000,2.3915000,2.3924000,2.3903000,2.3910000,4494,1790601899999,10747.2395000,106,1900,4543.7452000,0
1790601900000,2.3910000,2.3972000,2.3903000,2.3972000,5822,1790601959999,13935.2726000,206,4016,9615.1034000,0
1790601960000,2.3972000,2.3996000,2.3958000,2.3958000,4763,1790602019999,11422.8906000,255,2502,6001.2996000,0
1790602020000,2.3956000,2.3969000,2.3942000,2.3942000,3935,1790602079999,9426.8058000,160,1923,4607.4163000,0
1790602080000,2.3942000,2.3999000,2.3936000,2.3999000,5882,1790602139999,14096.1734000,267,4211,10093.4451000,0
1790602140000,2.3998000,2.3999000,2.3973000,2.3992000,5305,1790602199999,12722.5610000,153,3380,8105.4695000,0
1790602200000,2.3991000,2.4076000,2.3934000,2.3934000,25610,1790602259999,61540.4524000,704,17590,42290.4439000,0
1790602260000,2.3936000,2.3963000,2.3881000,2.3893000,27464,1790602319999,65675.1115000,829,16770,40112.0135000,0
1790602320000,2.3894000,2.3935000,2.3881000,2.3890000,13180,1790602379999,31495.4637000,447,4748,11346.9631000,0
1790602380000,2.3890000,2.3927000,2.3875000,2.3924000,16381,1790602439999,39122.0094000,205,966,2308.5991000,0
1790602440000,2.3915000,2.3952000,2.3885000,2.3932000,4408,1790602499999,10541.4775000,243,2318,5544.3568000,0
1790602500000,2.3932000,2.3960000,2.3882000,2.3882000,4540,1790602559999,10863.2446000,210,1729,4138.4852000,0
1790602560000,2.3882000,2.3916000,2.3856000,2.3895000,9007,1790602619999,21509.7840000,328,3610,8625.6165000,0
1790602620000,2.3900000,2.3988000,2.3900000,2.3959000,7368,1790602679999,17652.6528000,408,3911,9367.6476000,0
1790602680000,2.3958000,2.3969000,2.3926000,2.3965000,6623,1790602739999,15860.5770000,282,2328,5575.2451000,0
1790602740000,2.3967000,2.4043000,2.3967000,2.4009000,11215,1790602799999,26919.9633000,325,3636,8728.5925000,0
1790602800000,2.4006000,2.4008000,2.3950000,2.4000000,12068,1790602859999,28950.1209000,364,8075,19375.3055000,0
1790602860000,2.3994000,2.3998000,2.3913000,2.3963000,16187,1790602919999,38788.4239000,544,6689,16033.7675000,0
1790602920000,2.3965000,2.3994000,2.3960000,2.3992000,5588,1790602979999,13399.2353000,196,2626,6297.7750000,0
1790602980000,2.3992000,2.3996000,2.3944000,2.3954000,2987,1790603039999,7157.8583000,178,840,2012.2647000,0
1790603040000,2.3958000,2.3980000,2.3947000,2.3978000,9668,1790603099999,23167.1481000,235,6202,14860.9957000,0
1790603100000,2.3978000,2.3984000,2.3936000,2.3960000,5433,1790603159999,13016.0023000,218,1194,2860.8357000,0
1790603160000,2.3958000,2.3992000,2.3924000,2.3981000,6608,1790603219999,15829.6714000,329,3518,8432.6396000,0
1790603220000,2.3981000,2.4015000,2.3956000,2.3981000,21642,1790603279999,51928.2827000,458,12193,29263.3919000,0
1790603280000,2.3983000,2.4020000,2.3977000,2.3998000,8113,1790603339999,19475.2262000,272,5397,12958.6736000,0
1790603340000,2.3996000,2.3996000,2.3933000,2.3933000,6528,1790603399999,15642.1044000,359,2188,5243.6835000,0
1790603400000,2.3933000,2.3933000,2.3837000,2.3875000,20806,1790603459999,49676.4055000,642,8904,21255.1869000,0
1790603460000,2.3875000,2.3879000,2.3823000,2.3859000,8418,1790603519999,20078.3426000,522,3448,8223.2931000,0
1790603520000,2.3859000,2.3898000,2.3822000,2.3850000,46060,1790603579999,109908.9005000,687,15480,36971.0588000,0
1790603580000,2.3849000,2.3877000,2.3843000,2.3859000,3414,1790603639999,8146.7060000,196,974,2323.9205000,0
1790603640000,2.3861000,2.3929000,2.3845000,2.3925000,5599,1790603699999,13379.6154000,382,2540,6070.2437000,0
1790603700000,2.3926000,2.3962000,2.3876000,2.3876000,7636,1790603759999,18268.4579000,487,2221,5316.7173000,0
1790603760000,2.3875000,2.3878000,2.3841000,2.3877000,4645,1790603819999,11081.7345000,311,2247,5361.3411000,0
1790603820000,2.3877000,2.3900000,2.3808000,2.3816000,30873,1790603879999,73629.1478000,616,7847,18708.7265000,0
1790603880000,2.3816000,2.3837000,2.3801000,2.3828000,9406,1790603939999,22408.9137000,346,3517,8379.5784000,0
1790603940000,2.3825000,2.3848000,2.3806000,2.3831000,10600,1790603999999,25257.0902000,321,3178,7574.8093000,0
1790604000000,2.3829000,2.3829000,2.3781000,2.3802000,12292,1790604059999,29256.3448000,484,3240,7712.3543000,0
1790604060000,2.3798000,2.3798000,2.3704000,2.3714000,37878,1790604119999,89945.1389000,969,8017,19048.2851000,0
1790604120000,2.3715000,2.3749000,2.3603000,2.3739000,112118,1790604179999,265235.6034000,1979,27957,66167.4097000,0
1790604180000,2.3739000,2.3742000,2.3672000,2.3703000,8551,1790604239999,20272.0906000,525,2796,6626.2552000,0
1790604240000,2.3704000,2.3709000,2.3669000,2.3686000,12824,1790604299999,30384.6433000,384,2859,6772.6825000,0
1790604300000,2.3683000,2.3732000,2.3675000,2.3680000,38396,1790604359999,90998.7046000,848,7151,16949.2541000,0
1790604360000,2.3682000,2.3805000,2.3654000,2.3805000,20554,1790604419999,48751.0178000,926,9717,23047.9911000,0
1790604420000,2.3805000,2.3829000,2.3779000,2.3829000,14293,1790604479999,34020.1809000,610,7099,16897.1463000,0
1790604480000,2.3826000,2.3892000,2.3803000,2.3873000,20917,1790604539999,49901.0330000,708,12741,30407.7315000,0
1790604540000,2.3875000,2.3893000,2.3859000,2.3886000,8589,1790604599999,20509.0118000,386,4997,11933.0132000,0
1790604600000,2.3885000,2.3904000,2.3864000,2.3869000,13082,1790604659999,31249.1573000,604,4640,11084.1024000,0
1790604660000,2.3875000,2.3935000,2.3865000,2.3931000,11214,1790604719999,26800.7899000,699,6678,15959.3355000,0
1790604720000,2.3927000,2.3949000,2.3899000,2.3915000,7354,1790604779999,17592.1943000,436,3897,9325.3289000,0
1790604780000,2.3915000,2.3935000,2.3885000,2.3902000,12355,1790604839999,29543.2512000,591,7315,17494.2493000,0
1790604840000,2.3901000,2.3948000,2.3883000,2.3938000,10110,1790604899999,24168.6922000,660,4736,11323.1399000,0
1790604900000,2.3941000,2.3945000,2.3837000,2.3840000,15562,1790604959999,37184.2746000,946,7707,18419.4098000,0
1790604960000,2.3837000,2.3845000,2.3713000,2.3733000,19740,1790605019999,46930.4398000,690,3124,7427.9675000,0
1790605020000,2.3732000,2.3775000,2.3680000,2.3738000,20089,1790605079999,47675.4292000,800,7714,18314.1711000,0
1790605080000,2.3738000,2.3740000,2.3655000,2.3665000,9744,1790605139999,23079.0137000,462,4054,9602.2571000,0
1790605140000,2.3665000,2.3705000,2.3651000,2.3688000,6597,1790605199999,15615.8941000,443,3148,7452.2132000,0
1790605200000,2.3687000,2.3730000,2.3638000,2.3720000,22578,1790605259999,53450.4585000,613,7812,18496.9845000,0
1790605260000,2.3721000,2.3782000,2.3721000,2.3772000,5625,1790605319999,13358.5559000,238,3192,7580.5943000,0
1790605320000,2.3772000,2.3822000,2.3764000,2.3820000,7637,1790605379999,18171.7145000,320,4735,11266.7939000,0
1790605380000,2.3817000,2.3817000,2.3735000,2.3735000,9636,1790605439999,22920.9183000,263,6788,16151.5060000,0
1790605440000,2.3734000,2.3741000,2.3676000,2.3730000,17798,1790605499999,42210.1701000,265,2795,6627.0953000,0
1790605500000,2.3733000,2.3751000,2.3673000,2.3692000,7111,1790605559999,16859.5061000,256,3941,9344.4792000,0
1790605560000,2.3692000,2.3692000,2.3603000,2.3632000,20707,1790605619999,48920.1335000,315,2084,4928.7608000,0
1790605620000,2.3633000,2.3649000,2.3495000,2.3511000,98944,1790605679999,232926.9799000,1464,17674,41631.3213000,0
1790605680000,2.3508000,2.3561000,2.3497000,2.3534000,49365,1790605739999,116146.0094000,1757,17006,40016.3375000,0
1790605740000,2.3540000,2.3551000,2.3470000,2.3539000,30413,1790605799999,71526.6914000,996,18972,44622.7300000,0
1790605800000,2.3547000,2.3638000,2.3530000,2.3621000,25117,1790605859999,59269.9169000,754,15131,35711.1824000,0
1790605860000,2.3622000,2.3625000,2.3543000,2.3544000,16550,1790605919999,39029.9831000,410,2179,5137.7602000,0
1790605920000,2.3543000,2.3579000,2.3494000,2.3544000,24838,1790605979999,58487.4977000,486,5340,12573.0545000,0
1790605980000,2.3547000,2.3624000,2.3535000,2.3585000,11638,1790606039999,27438.3664000,381,3646,8599.8792000,0
1790606040000,2.3585000,2.3620000,2.3557000,2.3583000,4604,1790606099999,10861.6021000,225,2489,5872.9517000,0
1790606100000,2.3586000,2.3653000,2.3562000,2.3649000,24778,1790606159999,58531.1388000,603,14931,35268.1126000,0
1790606160000,2.3654000,2.3699000,2.3642000,2.3659000,15259,1790606219999,36126.2670000,580,6989,16551.9214000,0
1790606220000,2.3659000,2.3688000,2.3631000,2.3640000,9954,1790606279999,23546.6186000,361,2350,5559.2553000,0
1790606280000,2.3639000,2.3647000,2.3608000,2.3640000,10782,1790606339999,25470.9360000,379,4656,10998.0441000,0
1790606340000,2.3633000,2.3700000,2.3627000,2.3667000,14187,1790606399999,33599.1342000,429,10459,24774.9208000,0
1790606400000,2.3666000,2.3681000,2.3639000,2.3641000,5626,1790606459999,13309.5207000,497,2965,7014.7388000,0
1790606460000,2.3640000,2.3640000,2.3561000,2.3566000,21471,1790606519999,50664.1400000,573,2575,6075.2159000,0
1790606520000,2.3563000,2.3563000,2.3439000,2.3550000,32519,1790606579999,76402.0588000,1280,11927,28037.6785000,0
1790606580000,2.3549000,2.3550000,2.3444000,2.3444000,25820,1790606639999,60675.2890000,948,8579,20163.5069000,0
1790606640000,2.3454000,2.3520000,2.3426000,2.3516000,19273,1790606699999,45242.2665000,784,12906,30298.4109000,0
1790606700000,2.3516000,2.3524000,2.3446000,2.3486000,14513,1790606759999,34090.6981000,570,6472,15203.8661000,0
1790606760000,2.3491000,2.3520000,2.3462000,2.3503000,7778,1790606819999,18273.3240000,410,3033,7127.0032000,0
1790606820000,2.3505000,2.3524000,2.3442000,2.3443000,14779,1790606879999,34705.9561000,615,4876,11452.9835000,0
1790606880000,2.3444000,2.3523000,2.3418000,2.3512000,14985,1790606939999,35187.1174000,839,6421,15077.6304000,0
1790606940000,2.3511000,2.3523000,2.3468000,2.3498000,10336,1790606999999,24282.7273000,482,5431,12763.3466000,0
1790607000000,2.3495000,2.3534000,2.3488000,2.3516000,11156,1790607059999,26233.5503000,444,6907,16245.2028000,0
1790607060000,2.3516000,2.3527000,2.3413000,2.3432000,21879,1790607119999,51342.1534000,980,8773,20582.9835000,0
1790607120000,2.3429000,2.3478000,2.3361000,2.3463000,44238,1790607179999,103563.1540000,1415,15766,36933.1466000,0
1790607180000,2.3463000,2.3543000,2.3398000,2.3543000,28304,1790607239999,66453.9960000,967,11361,26680.6409000,0
1790607240000,2.3545000,2.3579000,2.3502000,2.3507000,15437,1790607299999,36359.6007000,487,7790,18349.0647000,0
1790607300000,2.3505000,2.3516000,2.3468000,2.3476000,14746,1790607359999,34630.1341000,539,8102,19027.2735000,0
1790607360000,2.3472000,2.3580000,2.3472000,2.3569000,11118,1790607419999,26142.5169000,557,7567,17796.2151000,0
1790607420000,2.3569000,2.3648000,2.3568000,2.3618000,19001,1790607479999,44857.2212000,583,11645,27496.8499000,0
1790607480000,2.3629000,2.3634000,2.3538000,2.3551000,10979,1790607539999,25880.3915000,330,3837,9049.4053000,0
1790607540000,2.3551000,2.3648000,2.3549000,2.3645000,8557,1790607599999,20199.1153000,421,7158,16898.6596000,0
1790607600000,2.3645000,2.3682000,2.3614000,2.3677000,24266,1790607659999,57419.9687000,568,5344,12637.6742000,0
1790607660000,2.3679000,2.3700000,2.3657000,2.3666000,25121,1790607719999,59488.4690000,471,17754,42047.1696000,0
1790607720000,2.3665000,2.3684000,2.3601000,2.3640000,10267,1790607779999,24277.1016000,414,4404,10411.1485000,0
1790607780000,2.3640000,2.3646000,2.3599000,2.3609000,6218,1790607839999,14685.6257000,340,2157,5095.6463000,0
1790607840000,2.3607000,2.3684000,2.3582000,2.3645000,44018,1790607899999,104086.0871000,960,27434,64856.3053000,0
1790607900000,2.3647000,2.3674000,2.3619000,2.3672000,12051,1790607959999,28491.0410000,570,8580,20286.6190000,0
1790607960000,2.3668000,2.3668000,2.3631000,2.3655000,3050,1790608019999,7215.1770000,273,1548,3662.1548000,0
1790608020000,2.3659000,2.3659000,2.3593000,2.3607000,10165,1790608079999,24011.8251000,437,3127,7388.3078000,0
1790608080000,2.3609000,2.3623000,2.3597000,2.3606000,5469,1790608139999,12910.8657000,316,3602,8503.1891000,0
1790608140000,2.3606000,2.3700000,2.3598000,2.3699000,18597,1790608199999,44012.5591000,717,13709,32453.0584000,0
1790608200000,2.3699000,2.3731000,2.3626000,2.3632000,27043,1790608259999,64084.6842000,515,23070,54678.5346000,0
1790608260000,2.3627000,2.3627000,2.3534000,2.3534000,11736,1790608319999,27667.8445000,712,5487,12936.1581000,0
1790608320000,2.3534000,2.3554000,2.3496000,2.3541000,11324,1790608379999,26630.6383000,417,3601,8470.1675000,0
1790608380000,2.3536000,2.3544000,2.3472000,2.3499000,10385,1790608439999,24398.4171000,405,2431,5712.4458000,0
1790608440000,2.3499000,2.3530000,2.3471000,2.3500000,4720,1790608499999,11091.2380000,312,2235,5251.7627000,0
1790608500000,2.3497000,2.3497000,2.3455000,2.3474000,7795,1790608559999,18302.8250000,374,3564,8368.4816000,0
1790608560000,2.3468000,2.3538000,2.3451000,2.3531000,14594,1790608619999,34270.9538000,467,9276,21793.4010000,0
1790608620000,2.3532000,2.3543000,2.3435000,2.3458000,10885,1790608679999,25561.2964000,372,4466,10487.3244000,0
1790608680000,2.3458000,2.3494000,2.3421000,2.3486000,27433,1790608739999,64339.6830000,592,11195,26273.3764000,0
1790608740000,2.3487000,2.3517000,2.3472000,2.3481000,8362,1790608799999,19643.9096000,319,3928,9226.8905000,0
1790608800000,2.3479000,2.3497000,2.3460000,2.3480000,7615,1790608859999,17879.7604000,336,3653,8577.7892000,0
1790608860000,2.3477000,2.3530000,2.3462000,2.3530000,7227,1790608919999,16972.0757000,280,5429,12749.5666000,0
1790608920000,2.3532000,2.3573000,2.3501000,2.3504000,6465,1790608979999,15222.3931000,341,2461,5796.1183000,0
1790608980000,2.3504000,2.3585000,2.3479000,2.3579000,10021,1790609039999,23579.5750000,391,5447,12814.8629000,0
1790609040000,2.3582000,2.3648000,2.3565000,2.3628000,14625,1790609099999,34529.4870000,390,10766,25415.2345000,0
1790609100000,2.3633000,2.3665000,2.3603000,2.3656000,8424,1790609159999,19913.7827000,582,6230,14729.8145000,0
1790609160000,2.3658000,2.3732000,2.3643000,2.3732000,29596,1790609219999,70056.6728000,422,6372,15094.2911000,0
1790609220000,2.3733000,2.3762000,2.3675000,2.3750000,24935,1790609279999,59188.5429000,687,17108,40617.6124000,0
1790609280000,2.3750000,2.3768000,2.3719000,2.3738000,11313,1790609339999,26861.0958000,384,9099,21604.5889000,0
1790609340000,2.3743000,2.3756000,2.3709000,2.3734000,7101,1790609399999,16853.4999000,460,3487,8276.1686000,0
1790609400000,2.3735000,2.3735000,2.3637000,2.3672000,9268,1790609459999,21943.5983000,465,3981,9425.0876000,0
1790609460000,2.3672000,2.3672000,2.3616000,2.3622000,6803,1790609519999,16082.9430000,337,4218,9971.9329000,0
1790609520000,2.3623000,2.3664000,2.3623000,2.3645000,9014,1790609579999,21307.2974000,346,5818,13749.6727000,0
1790609580000,2.3645000,2.3662000,2.3616000,2.3620000,9599,1790609639999,22692.9647000,344,2232,5277.4786000,0
1790609640000,2.3620000,2.3697000,2.3619000,2.3697000,5159,1790609699999,12205.0435000,298,2868,6785.0453000,0
1790609700000,2.3693000,2.3713000,2.3673000,2.3706000,3552,1790609759999,8414.5349000,262,2786,6600.2709000,0
1790609760000,2.3708000,2.3782000,2.3705000,2.3775000,9951,1790609819999,23640.5939000,477,7485,17782.7746000,0
1790609820000,2.3774000,2.3788000,2.3734000,2.3773000,16819,1790609879999,39956.3556000,519,12324,29282.4217000,0
1790609880000,2.3775000,2.3813000,2.3753000,2.3813000,12823,1790609939999,30491.3913000,465,10496,24957.1189000,0
1790609940000,2.3810000,2.3810000,2.3738000,2.3779000,5550,1790609999999,13197.3671000,358,2860,6799.0663000,0
1790610000000,2.3780000,2.3783000,2.3735000,2.3735000,2311,1790610059999,5489.7831000,211,1286,3054.7035000,0
1790610060000,2.3736000,2.3753000,2.3708000,2.3740000,13044,1790610119999,30948.2379000,353,4311,10231.4975000,0
1790610120000,2.3740000,2.3767000,2.3710000,2.3721000,3684,1790610179999,8747.0047000,253,2535,6018.3023000,0
1790610180000,2.3722000,2.3723000,2.3674000,2.3676000,9118,1790610239999,21615.1858000,227,4285,10157.8242000,0
1790610240000,2.3676000,2.3684000,2.3651000,2.3669000,2747,1790610299999,6501.8744000,215,804,1903.1365000,0
1790610300000,2.3670000,2.3695000,2.3654000,2.3685000,2728,1790610359999,6457.4474000,204,2230,5278.5023000,0
1790610360000,2.3685000,2.3742000,2.3667000,2.3694000,2842,1790610419999,6735.9168000,283,1719,4075.1772000,0
1790610420000,2.3694000,2.3720000,2.3680000,2.3720000,2658,1790610479999,6300.2404000,151,1733,4108.3343000,0
1790610480000,2.3717000,2.3735000,2.3697000,2.3711000,2897,1790610539999,6868.9170000,150,1232,2922.2988000,0
1790610540000,2.3712000,2.3735000,2.3706000,2.3735000,2628,1790610599999,6232.5655000,137,2042,4842.8572000,0
1790610600000,2.3734000,2.3781000,2.3734000,2.3763000,5518,1790610659999,13108.7780000,324,4323,10270.3835000,0
1790610660000,2.3759000,2.3773000,2.3707000,2.3707000,6649,1790610719999,15774.2404000,250,5210,12359.6063000,0
1790610720000,2.3706000,2.3719000,2.3685000,2.3697000,12624,1790610779999,29914.2565000,184,4887,11579.4731000,0
1790610780000,2.3699000,2.3721000,2.3685000,2.3701000,5687,1790610839999,13479.5053000,171,4725,11198.9995000,0
1790610840000,2.3701000,2.3722000,2.3694000,2.3722000,4344,1790610899999,10301.2164000,143,3262,7735.8102000,0
1790610900000,2.3721000,2.3763000,2.3718000,2.3743000,4539,1790610959999,10777.8712000,233,2632,6248.6101000,0
1790610960000,2.3740000,2.3752000,2.3730000,2.3739000,3904,1790611019999,9267.3881000,153,3205,7607.9370000,0
1790611020000,2.3740000,2.3773000,2.3725000,2.3725000,5300,1790611079999,12582.9280000,230,2414,5732.2470000,0
1790611080000,2.3725000,2.3743000,2.3716000,2.3743000,9950,1790611139999,23612.3760000,135,9036,21443.2278000,0
1790611140000,2.3741000,2.3761000,2.3738000,2.3751000,2044,1790611199999,4854.8950000,120,904,2147.1587000,0
1790611200000,2.3751000,2.3791000,2.3738000,2.3787000,6064,1790611259999,14406.9331000,256,3353,7967.0892000,0
1790611260000,2.3791000,2.3821000,2.3762000,2.3786000,10842,1790611319999,25792.1404000,387,6525,15524.3604000,0
1790611320000,2.3787000,2.3789000,2.3711000,2.3711000,7721,1790611379999,18346.9927000,386,3756,8926.3049000,0
1790611380000,2.3711000,2.3714000,2.3668000,2.3672000,15019,1790611439999,35580.1068000,369,7245,17164.9527000,0
1790611440000,2.3671000,2.3715000,2.3668000,2.3687000,14237,1790611499999,33720.6246000,315,12782,30272.8404000,0
1790611500000,2.3687000,2.3690000,2.3642000,2.3649000,8451,1790611559999,20004.9641000,359,4430,10488.7119000,0
1790611560000,2.3648000,2.3705000,2.3647000,2.3704000,12584,1790611619999,29779.2215000,290,10843,25659.5470000,0
1790611620000,2.3703000,2.3785000,2.3701000,2.3770000,10497,1790611679999,24915.3094000,360,8974,21301.3235000,0
1790611680000,2.3769000,2.3840000,2.3768000,2.3836000,7152,1790611739999,17030.3244000,308,4926,11730.0464000,0
1790611740000,2.3838000,2.3847000,2.3788000,2.3847000,8537,1790611799999,20337.7458000,338,3029,7216.9552000,0
1790611800000,2.3846000,2.3882000,2.3820000,2.3862000,4479,1790611859999,10685.1462000,246,2707,6459.0876000,0
1790611860000,2.3865000,2.3865000,2.3835000,2.3851000,14550,1790611919999,34700.0985000,235,9901,23612.3241000,0
1790611920000,2.3852000,2.3939000,2.3844000,2.3856000,58745,1790611979999,140352.4177000,778,49149,117432.5796000,0
1790611980000,2.3856000,2.3870000,2.3850000,2.3864000,1802,1790612039999,4299.6953000,124,892,2128.5909000,0
1790612040000,2.3863000,2.3891000,2.3845000,2.3888000,5312,1790612099999,12679.7730000,327,2201,5255.7109000,0
1790612100000,2.3883000,2.3904000,2.3879000,2.3879000,15526,1790612159999,37092.6573000,195,2262,5404.3109000,0
1790612160000,2.3875000,2.3956000,2.3855000,2.3956000,12290,1790612219999,29379.7564000,563,6307,15081.0721000,0
1790612220000,2.3954000,2.4041000,2.3938000,2.4037000,18041,1790612279999,43275.0659000,560,14120,33870.5688000,0
1790612280000,2.4038000,2.4058000,2.3902000,2.3936000,24453,1790612339999,58640.1131000,854,2929,7017.8153000,0
1790612340000,2.3925000,2.3987000,2.3909000,2.3980000,26081,1790612399999,62448.8061000,525,13826,33089.9103000,0
1790612400000,2.3977000,2.3981000,2.3928000,2.3959000,12127,1790612459999,29049.3229000,449,7092,16991.5318000,0
1790612460000,2.3962000,2.4072000,2.3962000,2.4019000,23138,1790612519999,55585.7682000,858,16195,38899.2037000,0
1790612520000,2.4021000,2.4045000,2.3996000,2.4024000,7858,1790612579999,18871.6479000,370,4898,11762.4868000,0
1790612580000,2.4023000,2.4098000,2.3991000,2.4075000,30566,1790612639999,73414.1887000,584,27497,66040.6481000,0
1790612640000,2.4073000,2.4100000,2.4043000,2.4051000,14758,1790612699999,35506.3695000,364,11220,26992.7027000,0
1790612700000,2.4054000,2.4138000,2.4042000,2.4138000,27840,1790612759999,67036.8250000,532,19306,46486.5066000,0
1790612760000,2.4132000,2.4163000,2.4111000,2.4138000,8838,1790612819999,21335.3806000,384,4594,11090.9230000,0
1790612820000,2.4143000,2.4163000,2.4129000,2.4146000,6034,1790612879999,14572.2677000,244,3069,7411.9462000,0
1790612880000,2.4150000,2.4167000,2.4114000,2.4122000,6755,1790612939999,16307.2007000,281,3626,8754.3842000,0
1790612940000,2.4118000,2.4156000,2.4070000,2.4122000,21331,1790612999999,51422.7967000,537,11142,26866.1150000,0
1790613000000,2.4116000,2.4187000,2.4111000,2.4178000,21425,1790613059999,51755.5501000,813,14450,34914.1336000,0
1790613060000,2.4174000,2.4210000,2.4124000,2.4151000,32217,1790613119999,77835.8071000,648,25369,61299.0677000,0
1790613120000,2.4149000,2.4167000,2.4095000,2.4106000,21673,1790613179999,52263.1850000,643,17524,42253.8612000,0
1790613180000,2.4100000,2.4132000,2.4082000,2.4122000,20635,1790613239999,49729.0794000,545,17516,42212.1971000,0
1790613240000,2.4126000,2.4165000,2.4115000,2.4116000,7553,1790613299999,18236.8597000,363,2255,5445.0542000,0
1790613300000,2.4117000,2.4178000,2.4102000,2.4150000,35660,1790613359999,86105.7647000,692,17554,42371.3069000,0
1790613360000,2.4142000,2.4151000,2.4102000,2.4105000,12342,1790613419999,29776.1703000,426,5318,12832.5459000,0
1790613420000,2.4105000,2.4116000,2.4058000,2.4062000,16159,1790613479999,38896.6436000,371,11793,28383.9804000,0
1790613480000,2.4062000,2.4065000,2.4013000,2.4030000,18415,1790613539999,44263.0093000,524,11682,28076.3625000,0
1790613540000,2.4029000,2.4041000,2.3998000,2.4033000,11545,1790613599999,27735.2734000,372,7761,18649.1015000,0
1790613600000,2.4033000,2.4070000,2.4033000,2.4055000,4441,1790613659999,10679.5573000,349,2963,7124.9329000,0
1790613660000,2.4055000,2.4058000,2.3950000,2.3957000,12318,1790613719999,29563.9739000,535,2256,5410.3997000,0
1790613720000,2.3957000,2.3975000,2.3934000,2.3940000,7831,1790613779999,18755.1326000,395,2540,6085.2241000,0
1790613780000,2.3940000,2.3967000,2.3936000,2.3960000,3742,1790613839999,8961.5336000,197,1556,3726.3859000,0
1790613840000,2.3961000,2.3980000,2.3949000,2.3952000,5173,1790613899999,12398.6013000,199,1867,4474.4522000,0
1790613900000,2.3953000,2.3999000,2.3947000,2.3962000,4581,1790613959999,10981.6021000,286,2183,5233.4153000,0
1790613960000,2.3960000,2.4012000,2.3930000,2.3942000,36301,1790614019999,87045.7997000,587,26881,64475.6269000,0
1790614020000,2.3942000,2.3962000,2.3924000,2.3935000,6034,1790614079999,14445.4522000,241,1342,3212.5899000,0
1790614080000,2.3931000,2.3947000,2.3915000,2.3917000,1902,1790614139999,4551.9169000,116,602,1440.8824000,0
1790614140000,2.3917000,2.3924000,2.3878000,2.3889000,6218,1790614199999,14860.0977000,213,2012,4807.5766000,0
1790614200000,2.3892000,2.3918000,2.3873000,2.3890000,12073,1790614259999,28848.1154000,387,6393,15281.1424000,0
1790614260000,2.3886000,2.3890000,2.3848000,2.3869000,12638,1790614319999,30157.9254000,344,2352,5613.2620000,0
1790614320000,2.3874000,2.3903000,2.3855000,2.3900000,6480,1790614379999,15466.8264000,204,2116,5051.7563000,0
1790614380000,2.3896000,2.3904000,2.3886000,2.3897000,1907,1790614439999,4556.6861000,111,1148,2743.0911000,0
1790614440000,2.3902000,2.3924000,2.3897000,2.3908000,6420,1790614499999,15350.4173000,199,4433,10599.3073000,0
1790614500000,2.3905000,2.3923000,2.3892000,2.3898000,5361,1790614559999,12815.5371000,182,2913,6963.5540000,0
1790614560000,2.3896000,2.3912000,2.3887000,2.3888000,3762,1790614619999,8991.2481000,217,2096,5009.5932000,0
1790614620000,2.3888000,2.3902000,2.3868000,2.3886000,5541,1790614679999,13235.7549000,189,3579,8549.1812000,0
1790614680000,2.3886000,2.3916000,2.3885000,2.3896000,5877,1790614739999,14046.5832000,237,3031,7244.3577000,0
1790614740000,2.3896000,2.3917000,2.3896000,2.3917000,3583,1790614799999,8565.2931000,197,2985,7135.5410000,0
1790614800000,2.3918000,2.3925000,2.3850000,2.3866000,11173,1790614859999,26684.8452000,281,3571,8528.1380000,0
1790614860000,2.3862000,2.3873000,2.3828000,2.3841000,11007,1790614919999,26255.4487000,319,7527,17956.0061000,0
1790614920000,2.3841000,2.3936000,2.3839000,2.3936000,8529,1790614979999,20377.8476000,457,5687,13590.9577000,0
1790614980000,2.3934000,2.3959000,2.3838000,2.3877000,15016,1790615039999,35887.3739000,520,6494,15511.9800000,0
1790615040000,2.3871000,2.3880000,2.3836000,2.3845000,4552,1790615099999,10861.9582000,251,1545,3686.4973000,0
1790615100000,2.3846000,2.3846000,2.3740000,2.3781000,50068,1790615159999,119077.8622000,1082,7580,18030.7018000,0
1790615160000,2.3775000,2.3802000,2.3757000,2.3769000,7819,1790615219999,18591.4687000,435,2692,6400.6919000,0
1790615220000,2.3767000,2.3784000,2.3740000,2.3741000,9290,1790615279999,22067.9238000,305,6688,15886.2475000,0
1790615280000,2.3744000,2.3763000,2.3724000,2.3751000,8366,1790615339999,19861.0634000,301,2375,5639.7495000,0
1790615340000,2.3752000,2.3778000,2.3747000,2.3762000,5895,1790615399999,14007.0253000,227,1811,4303.5614000,0
1790615400000,2.3762000,2.3792000,2.3755000,2.3780000,10560,1790615459999,25107.0134000,271,6320,15030.0510000,0
1790615460000,2.3780000,2.3945000,2.3780000,2.3936000,20143,1790615519999,48068.9118000,782,12849,30643.2327000,0
1790615520000,2.3946000,2.4029000,2.3929000,2.3975000,14129,1790615579999,33881.2387000,728,7828,18772.6174000,0
1790615580000,2.3979000,2.4116000,2.3973000,2.4116000,13671,1790615639999,32892.0872000,586,9265,22301.1507000,0
1790615640000,2.4105000,2.4179000,2.4086000,2.4179000,15872,1790615699999,38297.1349000,591,7347,17730.3501000,0
1790615700000,2.4180000,2.4186000,2.4076000,2.4139000,14835,1790615759999,35782.9638000,512,4076,9835.2986000,0
1790615760000,2.4123000,2.4265000,2.4123000,2.4245000,32253,1790615819999,78100.5026000,1057,21488,52054.6327000,0
1790615820000,2.4249000,2.4254000,2.4151000,2.4180000,23460,1790615879999,56749.7046000,731,11478,27781.9646000,0
1790615880000,2.4170000,2.4182000,2.4078000,2.4091000,39185,1790615939999,94519.9344000,848,24173,58308.4985000,0
1790615940000,2.4094000,2.4144000,2.4089000,2.4130000,11670,1790615999999,28142.7360000,463,6615,15947.8555000,0
1790616000000,2.4132000,2.4143000,2.4070000,2.4084000,5857,1790616059999,14108.3168000,352,1075,2589.6321000,0
1790616060000,2.4083000,2.4139000,2.4076000,2.4124000,6588,1790616119999,15878.1633000,381,3724,8975.7790000,0
1790616120000,2.4124000,2.4145000,2.4076000,2.4122000,19858,1790616179999,47884.4180000,654,11931,28775.1832000,0
1790616180000,2.4121000,2.4187000,2.4116000,2.4133000,17076,1790616239999,41250.4600000,660,11148,26931.8179000,0
1790616240000,2.4137000,2.4183000,2.4136000,2.4163000,8831,1790616299999,21330.1732000,430,5790,13984.0385000,0
1790616300000,2.4162000,2.4168000,2.4132000,2.4146000,6419,1790616359999,15506.4992000,284,3775,9120.3657000,0
1790616360000,2.4146000,2.4152000,2.4116000,2.4130000,6394,1790616419999,15431.4261000,455,1582,3817.7407000,0
1790616420000,2.4126000,2.4133000,2.4093000,2.4109000,6148,1790616479999,14826.4131000,583,3443,8303.1168000,0
1790616480000,2.4106000,2.4135000,2.4098000,2.4099000,4552,1790616539999,10979.9497000,219,3008,7256.6469000,0
1790616540000,2.4099000,2.4147000,2.4094000,2.4100000,5509,1790616599999,13288.2641000,388,4121,9939.4223000,0
1790616600000,2.4100000,2.4208000,2.4092000,2.4201000,11217,1790616659999,27104.6092000,539,8699,21027.7914000,0
1790616660000,2.4200000,2.4278000,2.4174000,2.4266000,21612,1790616719999,52363.4514000,1018,16491,39952.3899000,0
1790616720000,2.4263000,2.4286000,2.4200000,2.4219000,14730,1790616779999,35713.2636000,702,9780,23713.2457000,0
1790616780000,2.4220000,2.4232000,2.4107000,2.4109000,9622,1790616839999,23270.3065000,364,4850,11735.4823000,0
1790616840000,2.4109000,2.4112000,2.4038000,2.4065000,22282,1790616899999,53638.2846000,663,13119,31573.4824000,0
1790616900000,2.4062000,2.4094000,2.4062000,2.4086000,6316,1790616959999,15205.6387000,280,2292,5518.9342000,0
1790616960000,2.4084000,2.4100000,2.4054000,2.4058000,5024,1790617019999,12095.3701000,244,3282,7901.4733000,0
1790617020000,2.4057000,2.4060000,2.4010000,2.4010000,7952,1790617079999,19111.0599000,524,3294,7916.0935000,0
1790617080000,2.4009000,2.4070000,2.4001000,2.4064000,8265,1790617139999,19858.5388000,452,4477,10758.4366000,0
1790617140000,2.4064000,2.4064000,2.4025000,2.4026000,1433,1790617199999,3444.9487000,143,553,1329.2964000,0
1790617200000,2.4030000,2.4107000,2.4025000,2.4090000,4751,1790617259999,11436.3519000,385,2608,6276.1326000,0
1790617260000,2.4093000,2.4142000,2.4092000,2.4136000,7323,1790617319999,17664.1741000,404,2421,5840.0699000,0
1790617320000,2.4133000,2.4133000,2.4045000,2.4112000,8495,1790617379999,20466.0506000,683,4219,10162.6482000,0
1790617380000,2.4116000,2.4116000,2.4080000,2.4080000,2938,1790617439999,7079.4962000,224,1460,3518.1068000,0
1790617440000,2.4080000,2.4108000,2.4076000,2.4084000,2313,1790617499999,5572.8122000,168,1589,3828.7874000,0
1790617500000,2.4084000,2.4127000,2.4080000,2.4095000,3494,1790617559999,8422.0334000,262,2024,4878.9997000,0
1790617560000,2.4099000,2.4099000,2.4068000,2.4074000,2408,1790617619999,5799.0414000,145,969,2333.6895000,0
1790617620000,2.4072000,2.4097000,2.4033000,2.4033000,4513,1790617679999,10861.3587000,284,2575,6197.6587000,0
1790617680000,2.4035000,2.4065000,2.4033000,2.4054000,1759,1790617739999,4229.6613000,164,1128,2712.7122000,0
1790617740000,2.4055000,2.4062000,2.4018000,2.4021000,1522,1790617799999,3658.1302000,148,783,1881.7971000,0
1790617800000,2.4021000,2.4026000,2.3965000,2.3968000,20930,1790617859999,50215.5818000,679,1815,4355.5798000,0
1790617860000,2.3970000,2.3989000,2.3957000,2.3967000,5985,1790617919999,14349.1927000,327,1821,4365.6762000,0
1790617920000,2.3967000,2.4005000,2.3965000,2.3995000,3799,1790617979999,9114.0012000,280,1448,3474.1117000,0
1790617980000,2.3997000,2.4002000,2.3960000,2.3975000,6823,1790618039999,16362.2255000,224,1518,3639.9462000,0
1790618040000,2.3978000,2.3985000,2.3956000,2.3961000,4965,1790618099999,11904.1379000,172,2090,5011.5466000,0
1790618100000,2.3961000,2.3977000,2.3950000,2.3971000,4666,1790618159999,11182.0472000,254,1993,4776.7435000,0
1790618160000,2.3973000,2.3997000,2.3964000,2.3973000,4765,1790618219999,11426.5760000,234,2638,6326.2834000,0
1790618220000,2.3974000,2.4005000,2.3971000,2.3990000,4175,1790618279999,10015.9888000,222,925,2218.9928000,0
1790618280000,2.3994000,2.4019000,2.3982000,2.3982000,3686,1790618339999,8846.3509000,181,1169,2806.6937000,0
1790618340000,2.3983000,2.3989000,2.3969000,2.3970000,7743,1790618399999,18570.1399000,146,1854,4446.1923000,0
1790618400000,2.3968000,2.3968000,2.3931000,2.3935000,4230,1790618459999,10130.3718000,184,1447,3465.5988000,0
1790618460000,2.3931000,2.3975000,2.3921000,2.3966000,11538,1790618519999,27621.6298000,509,9380,22455.8374000,0
1790618520000,2.3965000,2.4033000,2.3957000,2.4033000,5369,1790618579999,12885.3703000,375,2100,5039.9689000,0
1790618580000,2.4027000,2.4059000,2.4016000,2.4024000,1990,1790618639999,4782.3457000,191,1118,2686.9762000,0
1790618640000,2.4021000,2.4050000,2.4007000,2.4045000,8352,1790618699999,20061.7720000,298,1736,4170.9640000,0
1790618700000,2.4049000,2.4059000,2.4024000,2.4034000,1996,1790618759999,4798.6365000,147,1089,2618.4318000,0
1790618760000,2.4034000,2.4041000,2.4003000,2.4009000,4466,1790618819999,10729.1146000,127,412,989.7174000,0
1790618820000,2.4007000,2.4007000,2.3959000,2.3963000,13599,1790618879999,32599.5679000,269,9585,22975.9186000,0
1790618880000,2.3965000,2.3992000,2.3961000,2.3979000,4413,1790618939999,10582.1104000,166,1433,3435.3661000,0
1790618940000,2.3975000,2.3983000,2.3962000,2.3970000,2848,1790618999999,6827.6406000,125,459,1100.2995000,0
1790619000000,2.3974000,2.4003000,2.3960000,2.3966000,8407,1790619059999,20160.2743000,265,4208,10091.7153000,0
1790619060000,2.3966000,2.4006000,2.3962000,2.4006000,2997,1790619119999,7186.8858000,139,2422,5807.8943000,0
1790619120000,2.4007000,2.4030000,2.4003000,2.4011000,3863,1790619179999,9276.2558000,181,997,2394.7888000,0
1790619180000,2.4006000,2.4007000,2.3987000,2.4001000,1663,1790619239999,3990.5276000,113,972,2332.3536000,0
1790619240000,2.4002000,2.4025000,2.3994000,2.4008000,570,1790619299999,1368.6346000,76,265,636.4190000,0
1790619300000,2.4009000,2.4023000,2.4001000,2.4001000,1472,1790619359999,3533.9390000,135,906,2175.2476000,0
1790619360000,2.4003000,2.4038000,2.4002000,2.4023000,2293,1790619419999,5507.5108000,224,1622,3896.5470000,0
1790619420000,2.4022000,2.4026000,2.3979000,2.3986000,2522,1790619479999,6052.5148000,182,442,1060.9114000,0
1790619480000,2.3980000,2.3998000,2.3967000,2.3984000,1550,1790619539999,3716.8621000,137,729,1748.2685000,0
1790619540000,2.3981000,2.3982000,2.3964000,2.3974000,961,1790619599999,2303.8977000,76,417,999.6833000,0
1790619600000,2.3974000,2.3976000,2.3955000,2.3957000,2820,1790619659999,6758.0693000,160,1544,3700.6667000,0
1790619660000,2.3958000,2.3970000,2.3935000,2.3943000,4420,1790619719999,10587.5813000,185,376,900.6739000,0
1790619720000,2.3943000,2.4010000,2.3937000,2.4006000,2385,1790619779999,5719.8263000,206,1474,3535.6483000,0
1790619780000,2.4000000,2.4008000,2.3990000,2.3990000,1537,1790619839999,3689.0081000,88,633,1519.3264000,0
1790619840000,2.3990000,2.4009000,2.3976000,2.4005000,1942,1790619899999,4659.9726000,117,1447,3472.6671000,0
1790619900000,2.4005000,2.4021000,2.3968000,2.3970000,1473,1790619959999,3535.0764000,115,577,1384.7604000,0
1790619960000,2.3977000,2.4000000,2.3902000,2.3974000,14599,1790620019999,34954.5676000,521,5465,13085.0089000,0
1790620020000,2.3971000,2.3995000,2.3965000,2.3979000,4919,1790620079999,11796.7571000,166,2931,7028.6706000,0
1790620080000,2.3978000,2.3983000,2.3969000,2.3969000,1526,1790620139999,3658.0875000,76,668,1601.3073000,0
1790620140000,2.3970000,2.3973000,2.3941000,2.3943000,5738,1790620199999,13746.1366000,284,4706,11273.7417000,0
1790620200000,2.3942000,2.3968000,2.3904000,2.3941000,5848,1790620259999,13996.5243000,271,4326,10354.3515000,0
1790620260000,2.3944000,2.3944000,2.3867000,2.3885000,10819,1790620319999,25863.5097000,319,2171,5188.2054000,0
1790620320000,2.3886000,2.3935000,2.3870000,2.3900000,18258,1790620379999,43645.6576000,658,12250,29286.9161000,0
1790620380000,2.3899000,2.3917000,2.3887000,2.3902000,4840,1790620439999,11569.4817000,227,1153,2756.8192000,0
1790620440000,2.3902000,2.3961000,2.3902000,2.3945000,3324,1790620499999,7954.6908000,200,1761,4214.7296000,0
1790620500000,2.3946000,2.3964000,2.3927000,2.3942000,2238,1790620559999,5357.8193000,241,1622,3883.0470000,0
1790620560000,2.3942000,2.3975000,2.3932000,2.3970000,4265,1790620619999,10213.3658000,279,2697,6459.3546000,0
1790620620000,2.3975000,2.3992000,2.3965000,2.3970000,2374,1790620679999,5693.0025000,179,875,2098.5789000,0
1790620680000,2.3970000,2.3992000,2.3967000,2.3984000,3036,1790620739999,7281.6998000,181,1107,2654.7369000,0
1790620740000,2.3984000,2.3989000,2.3965000,2.3985000,5247,1790620799999,12581.9657000,223,1969,4720.9088000,0
1790620800000,2.3986000,2.3990000,2.3959000,2.3975000,5732,1790620859999,13739.9322000,265,1178,2823.5793000,0
1790620860000,2.3969000,2.3979000,2.3951000,2.3971000,2163,1790620919999,5183.6427000,206,986,2362.5781000,0
1790620920000,2.3972000,2.3994000,2.3960000,2.3966000,2624,1790620979999,6290.7470000,222,980,2349.5433000,0
1790620980000,2.3967000,2.3974000,2.3959000,2.3968000,1161,1790621039999,2782.4380000,89,754,1807.0041000,0
1790621040000,2.3968000,2.4013000,2.3967000,2.4006000,1528,1790621099999,3666.5139000,197,1144,2745.0764000,0
1790621100000,2.4006000,2.4006000,2.3959000,2.3966000,2497,1790621159999,5985.5056000,185,657,1574.9588000,0
1790621160000,2.3967000,2.3991000,2.3946000,2.3964000,10647,1790621219999,25521.3675000,427,7000,16784.5788000,0
1790621220000,2.3966000,2.4006000,2.3936000,2.4006000,2377,1790621279999,5696.2529000,240,1519,3640.6977000,0
1790621280000,2.4007000,2.4058000,2.3990000,2.4037000,3431,1790621339999,8243.3669000,268,2416,5805.5637000,0
1790621340000,2.4035000,2.4035000,2.4000000,2.4015000,3283,1790621399999,7883.6403000,219,354,850.3231000,0
1790621400000,2.4018000,2.4042000,2.4008000,2.4021000,2051,1790621459999,4927.9358000,217,842,2023.0566000,0
1790621460000,2.4022000,2.4061000,2.4009000,2.4042000,10495,1790621519999,25228.2308000,321,2501,6012.1204000,0
1790621520000,2.4043000,2.4132000,2.4041000,2.4118000,6175,1790621579999,14878.9895000,389,4749,11443.5961000,0
1790621580000,2.4117000,2.4171000,2.4105000,2.4120000,9427,1790621639999,22758.9071000,452,5094,12296.6518000,0
1790621640000,2.4122000,2.4128000,2.4085000,2.4087000,3782,1790621699999,9113.8062000,238,2462,5932.1204000,0
1790621700000,2.4095000,2.4111000,2.4069000,2.4088000,2809,1790621759999,6768.3531000,270,621,1496.6825000,0
1790621760000,2.4088000,2.4108000,2.4072000,2.4077000,4035,1790621819999,9721.0255000,162,2447,5895.0487000,0
1790621820000,2.4084000,2.4095000,2.4058000,2.4060000,1526,1790621879999,3673.9897000,133,270,650.1764000,0
1790621880000,2.4061000,2.4086000,2.4053000,2.4066000,3361,1790621939999,8088.7773000,154,2515,6053.1157000,0
1790621940000,2.4061000,2.4087000,2.4056000,2.4070000,3002,1790621999999,7225.1701000,145,1816,4371.2482000,0
1790622000000,2.4063000,2.4078000,2.4025000,2.4045000,5640,1790622059999,13561.5002000,257,2905,6985.8907000,0
1790622060000,2.4044000,2.4044000,2.3993000,2.4006000,8373,1790622119999,20105.3618000,348,3054,7334.3844000,0
1790622120000,2.4005000,2.4026000,2.4002000,2.4005000,4747,1790622179999,11397.9391000,219,2903,6970.3684000,0
1790622180000,2.4007000,2.4007000,2.3921000,2.3921000,9216,1790622239999,22082.0691000,422,2159,5173.0803000,0
1790622240000,2.3922000,2.3952000,2.3918000,2.3921000,3252,1790622299999,7782.8950000,260,881,2108.5313000,0
1790622300000,2.3921000,2.3963000,2.3909000,2.3963000,3805,1790622359999,9102.8368000,267,2279,5452.8295000,0
1790622360000,2.3960000,2.3960000,2.3899000,2.3899000,2395,1790622419999,5731.4133000,160,164,392.5804000,0
1790622420000,2.3897000,2.3906000,2.3867000,2.3877000,5086,1790622479999,12147.7750000,250,1621,3871.2709000,0
1790622480000,2.3874000,2.3917000,2.3853000,2.3870000,10128,1790622539999,24193.1097000,405,6644,15874.6719000,0
1790622540000,2.3869000,2.3869000,2.3801000,2.3818000,6185,1790622599999,14737.6147000,478,1795,4276.2178000,0
1790622600000,2.3818000,2.3819000,2.3793000,2.3804000,7535,1790622659999,17937.2300000,443,2712,6456.6856000,0
1790622660000,2.3805000,2.3805000,2.3791000,2.3798000,1655,1790622719999,3938.8904000,191,883,2101.5766000,0
1790622720000,2.3794000,2.3838000,2.3788000,2.3833000,5884,1790622779999,14010.6786000,354,1354,3224.5954000,0
1790622780000,2.3826000,2.3832000,2.3806000,2.3806000,1261,1790622839999,3004.3213000,93,379,903.0077000,0
1790622840000,2.3807000,2.3816000,2.3787000,2.3806000,2367,1790622899999,5633.5878000,295,1592,3789.3556000,0
1790622900000,2.3803000,2.3822000,2.3770000,2.3812000,7980,1790622959999,18989.4578000,599,4945,11769.6391000,0
1790622960000,2.3811000,2.3835000,2.3783000,2.3788000,4955,1790623019999,11801.1646000,271,3789,9024.2421000,0
1790623020000,2.3792000,2.3834000,2.3790000,2.3816000,4486,1790623079999,10679.3966000,268,1089,2593.3488000,0
1790623080000,2.3816000,2.3835000,2.3800000,2.3827000,3350,1790623139999,7979.8742000,178,904,2153.2982000,0
1790623140000,2.3828000,2.3835000,2.3794000,2.3831000,3250,1790623199999,7740.9273000,160,2028,4830.8477000,0
1790623200000,2.3831000,2.3831000,2.3766000,2.3766000,2703,1790623259999,6429.7266000,153,837,1990.8090000,0
1790623260000,2.3767000,2.3767000,2.3717000,2.3744000,16705,1790623319999,39645.0394000,404,2455,5826.7483000,0
1790623320000,2.3743000,2.3752000,2.3726000,2.3743000,3077,1790623379999,7305.2461000,159,558,1324.7294000,0
1790623380000,2.3743000,2.3778000,2.3734000,2.3754000,10616,1790623439999,25217.7377000,198,598,1420.6247000,0
1790623440000,2.3755000,2.3779000,2.3749000,2.3764000,4036,1790623499999,9592.0823000,136,794,1886.7797000,0
1790623500000,2.3765000,2.3766000,2.3734000,2.3737000,3195,1790623559999,7588.7389000,114,1020,2422.0293000,0
1790623560000,2.3734000,2.3752000,2.3719000,2.3724000,4217,1790623619999,10010.1869000,204,1994,4733.6439000,0
1790623620000,2.3724000,2.3748000,2.3720000,2.3732000,2649,1790623679999,6287.9636000,170,904,2145.8412000,0
1790623680000,2.3722000,2.3733000,2.3715000,2.3721000,2853,1790623739999,6768.7571000,83,683,1620.2524000,0
1790623740000,2.3723000,2.3726000,2.3688000,2.3714000,6801,1790623799999,16122.3938000,219,1646,3902.5407000,0
1790623800000,2.3717000,2.3731000,2.3713000,2.3714000,4751,1790623859999,11269.5602000,168,2160,5124.3030000,0
1790623860000,2.3710000,2.3732000,2.3686000,2.3708000,4822,1790623919999,11435.3563000,225,1487,3525.2961000,0
1790623920000,2.3707000,2.3731000,2.3685000,2.3690000,8600,1790623979999,20392.6394000,250,1149,2725.0184000,0
1790623980000,2.3693000,2.3699000,2.3656000,2.3666000,13519,1790624039999,32012.9240000,299,2849,6748.3525000,0
1790624040000,2.3667000,2.3669000,2.3637000,2.3648000,7071,1790624099999,16725.0303000,352,1741,4118.2463000,0
1790624100000,2.3646000,2.3648000,2.3558000,2.3609000,27802,1790624159999,65581.1793000,575,4547,10731.1340000,0
1790624160000,2.3610000,2.3648000,2.3595000,2.3622000,15200,1790624219999,35903.9252000,405,5751,13586.2200000,0
1790624220000,2.3623000,2.3623000,2.3543000,2.3544000,15276,1790624279999,36032.6161000,290,1478,3487.0924000,0
1790624280000,2.3546000,2.3564000,2.3521000,2.3529000,18734,1790624339999,44107.5307000,344,3396,7994.1357000,0
1790624340000,2.3529000,2.3538000,2.3508000,2.3523000,9317,1790624399999,21918.7769000,336,2509,5901.5853000,0
1790624400000,2.3523000,2.3524000,2.3465000,2.3467000,42048,1790624459999,98808.1941000,661,11552,27151.1547000,0
1790624460000,2.3466000,2.3524000,2.3444000,2.3516000,16526,1790624519999,38796.1599000,566,5016,11783.8129000,0
1790624520000,2.3517000,2.3534000,2.3501000,2.3527000,9862,1790624579999,23195.6184000,320,6088,14320.3669000,0
1790624580000,2.3527000,2.3572000,2.3527000,2.3527000,11245,1790624639999,26472.9790000,253,2803,6599.9379000,0
1790624640000,2.3527000,2.3548000,2.3510000,2.3516000,8868,1790624699999,20865.2804000,242,2146,5048.3533000,0
1790624700000,2.3518000,2.3570000,2.3512000,2.3570000,6062,1790624759999,14266.9247000,350,3535,8321.7461000,0
1790624760000,2.3575000,2.3576000,2.3531000,2.3537000,3991,1790624819999,9397.4496000,207,2197,5173.0666000,0
1790624820000,2.3536000,2.3552000,2.3518000,2.3520000,4348,1790624879999,10232.8687000,289,2778,6538.2047000,0
1790624880000,2.3520000,2.3529000,2.3500000,2.3502000,6937,1790624939999,16312.9970000,222,1867,4390.4555000,0
1790624940000,2.3501000,2.3563000,2.3495000,2.3546000,11329,1790624999999,26657.3152000,396,5596,13172.7497000,0
1790625000000,2.3545000,2.3570000,2.3535000,2.3536000,3689,1790625059999,8686.7664000,233,1729,4072.3828000,0
1790625060000,2.3540000,2.3589000,2.3532000,2.3588000,4482,1790625119999,10560.5369000,251,2607,6141.5948000,0
1790625120000,2.3589000,2.3626000,2.3583000,2.3626000,12663,1790625179999,29886.6567000,274,2832,6685.9900000,0
1790625180000,2.3625000,2.3636000,2.3591000,2.3595000,5683,1790625239999,13418.0934000,132,1211,2858.7404000,0
1790625240000,2.3597000,2.3604000,2.3586000,2.3589000,7103,1790625299999,16759.4877000,123,881,2078.7462000,0
1790625300000,2.3587000,2.3598000,2.3566000,2.3569000,2779,1790625359999,6552.6429000,159,808,1905.6070000,0
1790625360000,2.3568000,2.3587000,2.3555000,2.3581000,1944,1790625419999,4582.7855000,150,1077,2538.9780000,0
1790625420000,2.3585000,2.3615000,2.3578000,2.3607000,6683,1790625479999,15775.1546000,114,1499,3538.3907000,0
1790625480000,2.3609000,2.3623000,2.3609000,2.3609000,6067,1790625539999,14328.4991000,99,927,2189.2498000,0
1790625540000,2.3615000,2.3616000,2.3583000,2.3591000,2485,1790625599999,5863.8298000,120,355,837.9011000,0
1790625600000,2.3591000,2.3636000,2.3591000,2.3605000,3925,1790625659999,9270.6422000,277,2695,6365.4885000,0
1790625660000,2.3605000,2.3608000,2.3547000,2.3558000,11373,1790625719999,26828.2301000,435,2251,5306.9749000,0
1790625720000,2.3557000,2.3637000,2.3538000,2.3637000,7694,1790625779999,18145.6955000,469,4257,10040.8819000,0
1790625780000,2.3636000,2.3698000,2.3636000,2.3647000,7908,1790625839999,18712.9233000,365,2961,7007.5410000,0
1790625840000,2.3646000,2.3736000,2.3645000,2.3691000,7596,1790625899999,18003.1831000,380,3368,7978.4241000,0
1790625900000,2.3690000,2.3733000,2.3687000,2.3720000,3296,1790625959999,7816.5780000,186,804,1906.7562000,0
1790625960000,2.3720000,2.3736000,2.3687000,2.3735000,4835,1790626019999,11464.3309000,243,2204,5225.4629000,0
1790626020000,2.3734000,2.3790000,2.3723000,2.3781000,30074,1790626079999,71453.4835000,734,20703,49192.8046000,0
1790626080000,2.3783000,2.3817000,2.3751000,2.3752000,25076,1790626139999,59642.4515000,466,8955,21306.5649000,0
1790626140000,2.3759000,2.3791000,2.3755000,2.3777000,10691,1790626199999,25419.3609000,252,6193,14726.1213000,0
1790626200000,2.3781000,2.3797000,2.3769000,2.3773000,1953,1790626259999,4643.8990000,143,1037,2466.0276000,0
1790626260000,2.3770000,2.3770000,2.3725000,2.3737000,11617,1790626319999,27591.4361000,274,3060,7265.7838000,0
1790626320000,2.3729000,2.3729000,2.3677000,2.3689000,4512,1790626379999,10692.7102000,209,2405,5699.8585000,0
1790626380000,2.3692000,2.3723000,2.3684000,2.3697000,5388,1790626439999,12769.1319000,244,3055,7241.0130000,0
1790626440000,2.3704000,2.3718000,2.3691000,2.3710000,3169,1790626499999,7513.1064000,168,2340,5548.2626000,0
1790626500000,2.3701000,2.3704000,2.3665000,2.3672000,4668,1790626559999,11055.5080000,245,1564,3704.6742000,0
1790626560000,2.3667000,2.3680000,2.3648000,2.3648000,3711,1790626619999,8781.1665000,221,1815,4295.3790000,0
1790626620000,2.3653000,2.3670000,2.3648000,2.3658000,1416,1790626679999,3350.4314000,110,626,1481.0946000,0
1790626680000,2.3660000,2.3674000,2.3650000,2.3667000,1508,1790626739999,3568.1941000,83,171,404.6544000,0
1790626740000,2.3666000,2.3698000,2.3663000,2.3694000,1774,1790626799999,4201.1764000,123,825,1953.7858000,0
1790626800000,2.3691000,2.3698000,2.3686000,2.3690000,2348,1790626859999,5563.4667000,89,383,907.4531000,0
1790626860000,2.3689000,2.3689000,2.3674000,2.3680000,1686,1790626919999,3992.9136000,108,466,1103.6674000,0
1790626920000,2.3681000,2.3716000,2.3681000,2.3706000,1466,1790626979999,3473.6471000,139,741,1755.9945000,0
1790626980000,2.3705000,2.3719000,2.3662000,2.3662000,2527,1790627039999,5987.1023000,126,324,767.1531000,0
1790627040000,2.3662000,2.3730000,2.3655000,2.3721000,5386,1790627099999,12759.4694000,286,3884,9202.5732000,0
1790627100000,2.3721000,2.3723000,2.3655000,2.3656000,6962,1790627159999,16488.4181000,231,1007,2383.6882000,0
1790627160000,2.3656000,2.3659000,2.3641000,2.3656000,1924,1790627219999,4550.3324000,114,345,815.9676000,0
1790627220000,2.3657000,2.3657000,2.3622000,2.3644000,4785,1790627279999,11308.6224000,202,729,1723.1368000,0
1790627280000,2.3643000,2.3657000,2.3630000,2.3655000,1420,1790627339999,3357.6849000,89,490,1158.7847000,0
1790627340000,2.3655000,2.3685000,2.3655000,2.3672000,2922,1790627399999,6916.0948000,151,824,1950.2989000,0
1790627400000,2.3675000,2.3686000,2.3658000,2.3659000,6747,1790627459999,15969.9193000,135,821,1943.1619000,0
1790627460000,2.3659000,2.3687000,2.3645000,2.3680000,2121,1790627519999,5020.2942000,193,1551,3671.4596000,0
1790627520000,2.3676000,2.3694000,2.3672000,2.3672000,2906,1790627579999,6883.6955000,123,265,627.6736000,0
1790627580000,2.3672000,2.3677000,2.3647000,2.3669000,2640,1790627639999,6247.7285000,158,1669,3949.7961000,0
1790627640000,2.3661000,2.3698000,2.3661000,2.3695000,3577,1790627699999,8470.2451000,174,2205,5222.0042000,0
1790627700000,2.3696000,2.3716000,2.3683000,2.3683000,4782,1790627759999,11334.6376000,254,3066,7268.4510000,0
1790627760000,2.3683000,2.3699000,2.3678000,2.3680000,3039,1790627819999,7198.0255000,209,1970,4665.6935000,0
1790627820000,2.3680000,2.3680000,2.3650000,2.3654000,3141,1790627879999,7432.1192000,179,711,1682.6484000,0
1790627880000,2.3650000,2.3673000,2.3645000,2.3667000,2484,1790627939999,5877.6273000,134,1060,2508.2264000,0
1790627940000,2.3667000,2.3692000,2.3664000,2.3684000,2572,1790627999999,6088.8313000,132,496,1174.3376000,0
1790628000000,2.3681000,2.3686000,2.3663000,2.3682000,1816,1790628059999,4299.9631000,120,573,1356.7590000,0
1790628060000,2.3681000,2.3688000,2.3676000,2.3682000,1146,1790628119999,2714.0592000,88,523,1238.6832000,0
1790628120000,2.3680000,2.3680000,2.3648000,2.3650000,5127,1790628179999,12136.4158000,147,525,1242.7980000,0
1790628180000,2.3648000,2.3648000,2.3609000,2.3628000,6018,1790628239999,14216.9682000,243,3504,8276.0079000,0
1790628240000,2.3628000,2.3628000,2.3613000,2.3623000,1733,1790628299999,4093.6704000,97,295,696.9055000,0
1790628300000,2.3623000,2.3623000,2.3608000,2.3610000,1029,1790628359999,2429.8627000,97,233,550.2623000,0
1790628360000,2.3610000,2.3637000,2.3609000,2.3632000,2861,1790628419999,6758.5222000,137,1681,3971.3988000,0
1790628420000,2.3637000,2.3659000,2.3637000,2.3637000,2491,1790628479999,5891.0621000,200,1485,3512.1934000,0
1790628480000,2.3635000,2.3635000,2.3620000,2.3625000,1440,1790628539999,3402.5075000,101,216,510.4196000,0
1790628540000,2.3626000,2.3661000,2.3612000,2.3630000,4898,1790628599999,11578.0702000,250,3765,8901.2565000,0
1790628600000,2.3630000,2.3630000,2.3585000,2.3598000,3601,1790628659999,8498.5253000,293,1140,2690.9012000,0
1790628660000,2.3598000,2.3605000,2.3580000,2.3592000,2441,1790628719999,5758.5070000,166,594,1401.4515000,0
1790628720000,2.3586000,2.3593000,2.3568000,2.3578000,4313,1790628779999,10171.2061000,202,1197,2823.1852000,0
1790628780000,2.3578000,2.3591000,2.3575000,2.3587000,2687,1790628839999,6336.5978000,134,583,1375.0198000,0
1790628840000,2.3587000,2.3608000,2.3587000,2.3594000,2018,1790628899999,4761.1290000,134,1107,2611.9819000,0
1790628900000,2.3599000,2.3618000,2.3593000,2.3617000,3310,1790628959999,7812.5811000,159,1964,4636.1057000,0
1790628960000,2.3617000,2.3630000,2.3617000,2.3622000,2400,1790629019999,5669.9202000,114,1062,2508.9189000,0
1790629020000,2.3622000,2.3651000,2.3622000,2.3631000,2742,1790629079999,6481.9285000,186,978,2311.8738000,0
1790629080000,2.3632000,2.3639000,2.3620000,2.3629000,2008,1790629139999,4745.5530000,74,558,1318.4786000,0
1790629140000,2.3631000,2.3650000,2.3631000,2.3643000,1354,1790629199999,3201.1459000,110,877,2073.4106000,0
1790629200000,2.3646000,2.3694000,2.3646000,2.3684000,7092,1790629259999,16786.4383000,313,5464,12932.6098000,0
1790629260000,2.3687000,2.3741000,2.3687000,2.3719000,18665,1790629319999,44249.3922000,354,9848,23343.6290000,0
1790629320000,2.3722000,2.3748000,2.3691000,2.3698000,7679,1790629379999,18219.1226000,307,4807,11403.7816000,0
1790629380000,2.3699000,2.3718000,2.3676000,2.3676000,3983,1790629439999,9438.9250000,186,2328,5516.9809000,0
1790629440000,2.3682000,2.3717000,2.3682000,2.3715000,4448,1790629499999,10541.2933000,296,3285,7784.0881000,0
1790629500000,2.3710000,2.3726000,2.3686000,2.3694000,2002,1790629559999,4746.0083000,175,1065,2525.0937000,0
1790629560000,2.3693000,2.3707000,2.3672000,2.3680000,3897,1790629619999,9230.1970000,287,1397,3309.0938000,0
1790629620000,2.3678000,2.3688000,2.3628000,2.3639000,3177,1790629679999,7517.8324000,211,1472,3484.5305000,0
1790629680000,2.3639000,2.3673000,2.3626000,2.3659000,6364,1790629739999,15047.2060000,243,5312,12559.6206000,0
1790629740000,2.3660000,2.3686000,2.3650000,2.3674000,1455,1790629799999,3443.7481000,212,835,1976.4594000,0
1790629800000,2.3672000,2.3692000,2.3655000,2.3662000,2288,1790629859999,5416.9202000,173,886,2098.3322000,0
1790629860000,2.3662000,2.3662000,2.3635000,2.3647000,4348,1790629919999,10280.6807000,367,2208,5220.3070000,0
1790629920000,2.3642000,2.3666000,2.3637000,2.3648000,3440,1790629979999,8134.8586000,375,2520,5959.6315000,0
1790629980000,2.3646000,2.3646000,2.3610000,2.3612000,2079,1790630039999,4912.8330000,169,299,706.2498000,0
1790630040000,2.3611000,2.3613000,2.3591000,2.3591000,2616,1790630099999,6174.3578000,164,1247,2943.5471000,0
1790630100000,2.3592000,2.3603000,2.3564000,2.3570000,2804,1790630159999,6613.0836000,205,1285,3031.4203000,0
1790630160000,2.3570000,2.3590000,2.3550000,2.3576000,7175,1790630219999,16907.0075000,348,2648,6240.2527000,0
1790630220000,2.3575000,2.3575000,2.3548000,2.3550000,4417,1790630279999,10404.4904000,388,1471,3464.8205000,0
1790630280000,2.3550000,2.3556000,2.3537000,2.3537000,3956,1790630339999,9316.2025000,307,2470,5816.9571000,0
1790630340000,2.3544000,2.3583000,2.3521000,2.3577000,3997,1790630399999,9409.4218000,229,2066,4863.7600000,0
1790630400000,2.3576000,2.3582000,2.3560000,2.3560000,1155,1790630459999,2722.6289000,88,213,502.0362000,0
1790630460000,2.3559000,2.3574000,2.3541000,2.3542000,1858,1790630519999,4376.2412000,155,979,2306.0223000,0
1790630520000,2.3545000,2.3553000,2.3521000,2.3530000,1349,1790630579999,3175.7521000,81,424,998.0865000,0
1790630580000,2.3532000,2.3550000,2.3528000,2.3529000,5156,1790630639999,12134.4623000,165,1666,3922.1320000,0
1790630640000,2.3530000,2.3543000,2.3529000,2.3534000,2669,1790630699999,6281.8543000,85,613,1442.8943000,0
1790630700000,2.3530000,2.3552000,2.3529000,2.3539000,1274,1790630759999,2998.8327000,81,584,1374.7812000,0
1790630760000,2.3539000,2.3567000,2.3531000,2.3535000,6435,1790630819999,15157.7536000,231,5776,13606.3714000,0
1790630820000,2.3536000,2.3537000,2.3510000,2.3528000,6707,1790630879999,15776.0827000,272,2131,5012.1171000,0
1790630880000,2.3525000,2.3556000,2.3519000,2.3550000,2533,1790630939999,5963.0502000,195,2159,5082.7290000,0
1790630940000,2.3552000,2.3552000,2.3540000,2.3546000,342,1790630999999,805.2516000,51,149,350.8135000,0
1790631000000,2.3545000,2.3586000,2.3537000,2.3568000,7608,1790631059999,17931.1907000,178,6061,14286.9564000,0
1790631060000,2.3568000,2.3570000,2.3534000,2.3534000,1718,1790631119999,4047.2991000,77,377,888.4280000,0
1790631120000,2.3534000,2.3546000,2.3524000,2.3543000,4236,1790631179999,9970.4647000,191,2330,5484.5858000,0
1790631180000,2.3539000,2.3563000,2.3532000,2.3560000,3621,1790631239999,8525.9642000,126,1848,4351.4705000,0
1790631240000,2.3560000,2.3573000,2.3549000,2.3573000,1981,1790631299999,4667.0210000,117,880,2073.1270000,0
1790631300000,2.3573000,2.3574000,2.3554000,2.3561000,1513,1790631359999,3565.4273000,84,557,1312.3882000,0
1790631360000,2.3565000,2.3601000,2.3562000,2.3585000,2797,1790631419999,6598.0115000,149,2487,5867.1189000,0
1790631420000,2.3589000,2.3597000,2.3575000,2.3585000,7095,1790631479999,16735.9310000,134,1545,3645.1462000,0
1790631480000,2.3581000,2.3581000,2.3553000,2.3557000,4504,1790631539999,10614.1341000,162,1482,3493.0275000,0
1790631540000,2.3559000,2.3559000,2.3521000,2.3521000,7148,1790631599999,16831.3201000,173,146,343.5487000,0
1790631600000,2.3521000,2.3547000,2.3514000,2.3534000,3360,1790631659999,7907.2307000,182,3087,7265.1423000,0
1790631660000,2.3527000,2.3540000,2.3511000,2.3519000,5461,1790631719999,12848.5307000,209,4285,10082.6885000,0
1790631720000,2.3518000,2.3530000,2.3510000,2.3519000,2017,1790631779999,4743.5975000,118,1091,2566.0305000,0
1790631780000,2.3519000,2.3556000,2.3502000,2.3540000,5292,1790631839999,12451.8262000,214,3686,8674.7854000,0
1790631840000,2.3543000,2.3549000,2.3531000,2.3540000,1064,1790631899999,2504.7179000,65,271,637.9974000,0
1790631900000,2.3540000,2.3541000,2.3538000,2.3539000,316,1790631959999,743.8409000,20,14,32.9568000,0
1790631960000,2.3539000,2.3539000,2.3471000,2.3471000,12539,1790632019999,29467.6051000,236,1163,2731.7705000,0
1790632020000,2.3475000,2.3489000,2.3455000,2.3489000,2850,1790632079999,6688.8527000,154,1073,2518.4915000,0
1790632080000,2.3489000,2.3494000,2.3473000,2.3492000,2459,1790632139999,5775.3439000,125,432,1014.4696000,0
1790632140000,2.3494000,2.3509000,2.3492000,2.3507000,2171,1790632199999,5102.4480000,118,1057,2484.1369000,0
1790632200000,2.3503000,2.3509000,2.3488000,2.3488000,1808,1790632259999,4248.4099000,79,559,1313.6158000,0
1790632260000,2.3486000,2.3491000,2.3483000,2.3490000,759,1790632319999,1782.7158000,63,212,497.9403000,0
1790632320000,2.3491000,2.3524000,2.3490000,2.3517000,3414,1790632379999,8025.0055000,149,1233,2897.0498000,0
1790632380000,2.3516000,2.3516000,2.3468000,2.3473000,2494,1790632439999,5859.3495000,101,304,714.1453000,0
1790632440000,2.3473000,2.3473000,2.3446000,2.3465000,4103,1790632499999,9626.4349000,151,1725,4046.3809000,0
1790632500000,2.3466000,2.3476000,2.3465000,2.3468000,1061,1790632559999,2490.1708000,55,767,1800.1400000,0
1790632560000,2.3467000,2.3467000,2.3446000,2.3449000,2098,1790632619999,4919.9799000,71,1091,2558.2912000,0
1790632620000,2.3451000,2.3470000,2.3442000,2.3443000,3234,1790632679999,7586.1607000,110,190,445.7871000,0
1790632680000,2.3444000,2.3480000,2.3437000,2.3477000,1720,1790632739999,4035.2301000,118,1138,2669.8156000,0
1790632740000,2.3480000,2.3480000,2.3443000,2.3454000,1567,1790632799999,3677.0374000,93,111,260.2842000,0
1790632800000,2.3451000,2.3459000,2.3433000,2.3433000,2074,1790632859999,4862.7403000,129,1251,2933.0432000,0
1790632860000,2.3433000,2.3446000,2.3419000,2.3436000,7655,1790632919999,17941.3153000,227,2017,4727.2517000,0
1790632920000,2.3436000,2.3453000,2.3381000,2.3448000,11957,1790632979999,27995.3016000,472,6061,14190.2584000,0
1790632980000,2.3448000,2.3481000,2.3430000,2.3440000,8219,1790633039999,19274.3479000,292,4059,9518.2261000,0
1790633040000,2.3441000,2.3451000,2.3424000,2.3440000,2999,1790633099999,7028.8071000,171,553,1296.0916000,0
1790633100000,2.3438000,2.3438000,2.3418000,2.3419000,4055,1790633159999,9498.7263000,194,846,1981.9880000,0
1790633160000,2.3416000,2.3425000,2.3400000,2.3406000,7617,1790633219999,17832.3790000,290,3625,8486.6036000,0
1790633220000,2.3406000,2.3440000,2.3406000,2.3421000,17412,1790633279999,40785.6237000,317,4426,10368.5379000,0
1790633280000,2.3421000,2.3463000,2.3415000,2.3461000,5117,1790633339999,11990.0095000,220,3894,9125.0980000,0
1790633340000,2.3461000,2.3466000,2.3440000,2.3460000,5818,1790633399999,13645.8287000,206,1047,2455.8046000,0
1790633400000,2.3461000,2.3461000,2.3445000,2.3451000,1250,1790633459999,2931.5819000,97,642,1505.5974000,0
1790633460000,2.3452000,2.3462000,2.3445000,2.3452000,1518,1790633519999,3560.2506000,117,456,1069.6367000,0
1790633520000,2.3452000,2.3462000,2.3430000,2.3431000,2317,1790633579999,5434.2149000,131,581,1362.7183000,0
1790633580000,2.3430000,2.3454000,2.3423000,2.3451000,1461,1790633639999,3423.9130000,171,1066,2498.2955000,0
1790633640000,2.3455000,2.3477000,2.3455000,2.3456000,1516,1790633699999,3556.8575000,129,531,1246.0273000,0
1790633700000,2.3456000,2.3471000,2.3446000,2.3463000,1737,1790633759999,4074.7649000,140,1342,3148.2513000,0
1790633760000,2.3464000,2.3480000,2.3464000,2.3471000,1131,1790633819999,2654.5948000,124,721,1692.4051000,0
1790633820000,2.3471000,2.3539000,2.3469000,2.3539000,3578,1790633879999,8411.4955000,286,2886,6784.9290000,0
1790633880000,2.3538000,2.3544000,2.3517000,2.3518000,5314,1790633939999,12506.8549000,112,483,1136.8570000,0
1790633940000,2.3519000,2.3524000,2.3511000,2.3522000,813,1790633999999,1911.9758000,77,523,1229.9908000,0
1790634000000,2.3522000,2.3526000,2.3491000,2.3508000,4420,1790634059999,10390.4444000,114,569,1337.5558000,0
1790634060000,2.3500000,2.3531000,2.3500000,2.3521000,803,1790634119999,1888.7073000,75,628,1477.1403000,0
1790634120000,2.3520000,2.3539000,2.3510000,2.3513000,1810,1790634179999,4258.3534000,112,937,2204.7788000,0
1790634180000,2.3515000,2.3538000,2.3514000,2.3533000,2829,1790634239999,6655.9553000,122,2011,4731.8872000,0
1790634240000,2.3534000,2.3556000,2.3528000,2.3545000,3607,1790634299999,8492.8969000,188,2026,4769.8219000,0
1790634300000,2.3545000,2.3545000,2.3523000,2.3544000,1069,1790634359999,2515.8499000,78,484,1139.1449000,0
1790634360000,2.3544000,2.3559000,2.3540000,2.3550000,933,1790634419999,2197.5268000,81,276,650.0535000,0
1790634420000,2.3550000,2.3563000,2.3550000,2.3556000,1040,1790634479999,2449.8089000,70,343,808.0166000,0
1790634480000,2.3556000,2.3581000,2.3554000,2.3558000,4179,1790634539999,9848.0914000,205,2853,6724.3481000,0
1790634540000,2.3558000,2.3559000,2.3542000,2.3542000,1192,1790634599999,2807.2129000,87,361,850.1517000,0
1790634600000,2.3542000,2.3556000,2.3533000,2.3535000,2368,1790634659999,5575.5281000,109,492,1158.1154000,0
1790634660000,2.3536000,2.3542000,2.3530000,2.3533000,1505,1790634719999,3542.0834000,73,977,2299.4796000,0
1790634720000,2.3536000,2.3536000,2.3493000,2.3509000,7382,1790634779999,17353.1928000,288,3031,7123.9526000,0
1790634780000,2.3512000,2.3515000,2.3503000,2.3509000,3592,1790634839999,8444.3479000,142,1716,4034.1924000,0
1790634840000,2.3512000,2.3517000,2.3489000,2.3513000,4807,1790634899999,11301.4136000,169,835,1962.4851000,0
1790634900000,2.3516000,2.3562000,2.3513000,2.3562000,2617,1790634959999,6159.6726000,187,1802,4242.1397000,0
1790634960000,2.3563000,2.3595000,2.3561000,2.3589000,2862,1790635019999,6748.0935000,184,2070,4880.8493000,0
1790635020000,2.3594000,2.3616000,2.3589000,2.3612000,3808,1790635079999,8987.9066000,208,2242,5292.2459000,0
1790635080000,2.3615000,2.3615000,2.3577000,2.3589000,9181,1790635139999,21659.3386000,252,3140,7405.7282000,0
1790635140000,2.3591000,2.3594000,2.3570000,2.3581000,6191,1790635199999,14600.9521000,144,1622,3825.0128000,0
1790635200000,2.3576000,2.3598000,2.3570000,2.3584000,2867,1790635259999,6762.0106000,147,1930,4552.2002000,0
1790635260000,2.3585000,2.3590000,2.3584000,2.3585000,1513,1790635319999,3568.5388000,62,900,2122.7741000,0
1790635320000,2.3584000,2.3590000,2.3584000,2.3588000,1866,1790635379999,4401.2838000,64,1174,2769.1146000,0
1790635380000,2.3588000,2.3595000,2.3580000,2.3584000,2287,1790635439999,5394.5740000,111,1043,2460.2835000,0
1790635440000,2.3590000,2.3590000,2.3570000,2.3579000,1421,1790635499999,3350.7719000,88,535,1261.3107000,0
1790635500000,2.3579000,2.3608000,2.3578000,2.3608000,4659,1790635559999,10992.4481000,159,4217,9949.8952000,0
1790635560000,2.3607000,2.3627000,2.3591000,2.3597000,19194,1790635619999,45306.7577000,327,5659,13358.6480000,0
1790635620000,2.3597000,2.3597000,2.3565000,2.3586000,2006,1790635679999,4730.1406000,156,777,1831.7979000,0
1790635680000,2.3583000,2.3591000,2.3581000,2.3584000,1235,1790635739999,2912.8821000,90,656,1547.3442000,0
1790635740000,2.3585000,2.3604000,2.3584000,2.3594000,2846,1790635799999,6714.3248000,111,1838,4336.1771000,0
1790635800000,2.3594000,2.3609000,2.3587000,2.3608000,1616,1790635859999,3813.5832000,119,1210,2855.7649000,0
1790635860000,2.3607000,2.3636000,2.3605000,2.3631000,2565,1790635919999,6057.7317000,132,1388,3278.1688000,0
1790635920000,2.3633000,2.3640000,2.3628000,2.3632000,3264,1790635979999,7713.7844000,126,1182,2793.3542000,0
1790635980000,2.3633000,2.3663000,2.3631000,2.3662000,3743,1790636039999,8849.2966000,136,2597,6139.9893000,0
1790636040000,2.3662000,2.3676000,2.3662000,2.3674000,4088,1790636099999,9676.2580000,93,3548,8398.0865000,0
1790636100000,2.3674000,2.3684000,2.3668000,2.3679000,4411,1790636159999,10442.9026000,126,2036,4819.9867000,0
1790636160000,2.3678000,2.3689000,2.3676000,2.3687000,3131,1790636219999,7415.5471000,87,2535,6004.0721000,0
1790636220000,2.3688000,2.3688000,2.3671000,2.3676000,4843,1790636279999,11468.4466000,124,3100,7340.6541000,0
1790636280000,2.3676000,2.3677000,2.3658000,2.3671000,5546,1790636339999,13123.8039000,120,4142,9800.7519000,0
1790636340000,2.3673000,2.3695000,2.3671000,2.3695000,1337,1790636399999,3166.2834000,75,752,1780.7641000,0
1790636400000,2.3693000,2.3704000,2.3693000,2.3703000,5080,1790636459999,12039.1014000,173,2863,6785.3548000,0
1790636460000,2.3704000,2.3741000,2.3704000,2.3735000,18893,1790636519999,44824.9457000,351,16188,38408.1239000,0
1790636520000,2.3736000,2.3745000,2.3712000,2.3731000,7617,1790636579999,18074.2455000,268,5331,12648.6727000,0
1790636580000,2.3735000,2.3745000,2.3714000,2.3728000,22315,1790636639999,52934.8613000,275,18709,44378.1177000,0
1790636640000,2.3725000,2.3762000,2.3724000,2.3740000,15261,1790636699999,36242.0819000,218,13117,31151.0253000,0
1790636700000,2.3741000,2.3746000,2.3693000,2.3703000,6135,1790636759999,14554.5774000,187,3692,8758.7735000,0
1790636760000,2.3702000,2.3719000,2.3693000,2.3711000,4802,1790636819999,11382.4435000,208,2976,7054.3383000,0
1790636820000,2.3709000,2.3710000,2.3688000,2.3689000,6029,1790636879999,14285.9178000,183,2934,6953.1493000,0
1790636880000,2.3698000,2.3715000,2.3693000,2.3700000,7876,1790636939999,18666.7721000,307,6103,14464.3296000,0
1790636940000,2.3700000,2.3714000,2.3700000,2.3710000,4824,1790636999999,11435.9017000,153,3193,7569.0399000,0
1790637000000,2.3710000,2.3724000,2.3707000,2.3711000,2057,1790637059999,4877.9956000,111,1136,2694.2677000,0
1790637060000,2.3712000,2.3737000,2.3712000,2.3727000,4974,1790637119999,11801.8679000,177,3364,7981.5435000,0
1790637120000,2.3728000,2.3739000,2.3715000,2.3715000,1920,1790637179999,4554.8840000,122,335,794.8632000,0
1790637180000,2.3715000,2.3721000,2.3691000,2.3691000,4344,1790637239999,10297.8544000,201,2016,4778.9357000,0
1790637240000,2.3691000,2.3708000,2.3687000,2.3704000,4331,1790637299999,10262.3107000,122,3395,8044.4504000,0
1790637300000,2.3705000,2.3749000,2.3705000,2.3748000,1312,1790637359999,3113.1505000,120,833,1976.1404000,0
1790637360000,2.3749000,2.3764000,2.3741000,2.3752000,3465,1790637419999,8229.1883000,163,407,966.6823000,0
1790637420000,2.3752000,2.3764000,2.3746000,2.3762000,4193,1790637479999,9959.1688000,97,3530,8384.1713000,0
1790637480000,2.3765000,2.3773000,2.3751000,2.3766000,5355,1790637539999,12725.3455000,157,1899,4512.8389000,0
1790637540000,2.3774000,2.3783000,2.3767000,2.3771000,2282,1790637599999,5425.0752000,110,871,2070.8084000,0
1790637600000,2.3770000,2.3777000,2.3764000,2.3764000,5386,1790637659999,12802.3262000,177,1393,3311.1504000,0
1790637660000,2.3764000,2.3771000,2.3751000,2.3770000,6760,1790637719999,16061.2746000,140,1261,2996.6487000,0
1790637720000,2.3770000,2.3797000,2.3770000,2.3785000,2405,1790637779999,5721.1434000,126,1237,2942.3696000,0
1790637780000,2.3784000,2.3799000,2.3784000,2.3798000,11340,1790637839999,26980.7231000,175,9856,23449.9277000,0
1790637840000,2.3795000,2.3795000,2.3778000,2.3795000,5600,1790637899999,13321.6586000,112,3802,9043.7703000,0
1790637900000,2.3797000,2.3803000,2.3783000,2.3802000,2534,1790637959999,6028.6938000,138,1327,3157.0759000,0
1790637960000,2.3801000,2.3822000,2.3801000,2.3820000,3011,1790638019999,7171.4145000,145,1075,2560.1449000,0
1790638020000,2.3820000,2.3841000,2.3817000,2.3832000,9464,1790638079999,22548.0126000,210,4058,9671.1627000,0
1790638080000,2.3832000,2.3832000,2.3809000,2.3809000,3048,1790638139999,7260.4890000,124,530,1262.7577000,0
1790638140000,2.3808000,2.3849000,2.3808000,2.3849000,5834,1790638199999,13897.6077000,212,4850,11553.1583000,0
1790638200000,2.3849000,2.3849000,2.3838000,2.3838000,2232,1790638259999,5322.2279000,108,475,1132.5632000,0
1790638260000,2.3838000,2.3838000,2.3825000,2.3838000,9786,1790638319999,23317.9564000,127,4533,10801.8184000,0
1790638320000,2.3834000,2.3834000,2.3790000,2.3800000,26977,1790638379999,64254.8591000,199,1575,3748.7526000,0
1790638380000,2.3800000,2.3800000,2.3779000,2.3779000,5370,1790638439999,12775.7092000,88,4741,11279.4261000,0
1790638440000,2.3779000,2.3795000,2.3771000,2.3789000,2830,1790638499999,6729.3614000,120,1775,4220.7339000,0
1790638500000,2.3789000,2.3790000,2.3770000,2.3777000,4421,1790638559999,10511.6975000,110,1205,2866.0424000,0
1790638560000,2.3778000,2.3797000,2.3776000,2.3789000,4581,1790638619999,10896.7191000,141,4052,9638.5066000,0
1790638620000,2.3789000,2.3789000,2.3769000,2.3776000,1714,1790638679999,4075.3318000,95,1068,2539.2891000,0
1790638680000,2.3776000,2.3786000,2.3776000,2.3780000,4080,1790638739999,9701.7290000,137,3408,8103.7468000,0
1790638740000,2.3781000,2.3809000,2.3778000,2.3808000,1283,1790638799999,3052.6842000,118,874,2079.7122000,0
1790638800000,2.3808000,2.3813000,2.3798000,2.3807000,1882,1790638859999,4480.4525000,78,1450,3451.9340000,0
1790638860000,2.3808000,2.3808000,2.3740000,2.3757000,25336,1790638919999,60200.0653000,339,1622,3858.2766000,0
1790638920000,2.3760000,2.3766000,2.3749000,2.3752000,2519,1790638979999,5983.7822000,125,1259,2990.5027000,0
1790638980000,2.3751000,2.3769000,2.3751000,2.3762000,1470,1790639039999,3493.0033000,65,1405,3338.5899000,0
1790639040000,2.3763000,2.3784000,2.3762000,2.3768000,1426,1790639099999,3390.2665000,75,1201,2855.4349000,0
1790639100000,2.3766000,2.3766000,2.3751000,2.3764000,950,1790639159999,2257.1037000,66,507,1204.5732000,0
1790639160000,2.3761000,2.3780000,2.3749000,2.3780000,1780,1790639219999,4228.5693000,90,1387,3295.0923000,0
1790639220000,2.3778000,2.3784000,2.3768000,2.3773000,2078,1790639279999,4941.6104000,84,532,1265.0701000,0
1790639280000,2.3772000,2.3772000,2.3757000,2.3763000,1119,1790639339999,2659.3123000,72,394,936.3613000,0
1790639340000,2.3764000,2.3798000,2.3764000,2.3796000,2670,1790639399999,6350.2424000,90,2423,5762.5576000,0
1790639400000,2.3797000,2.3801000,2.3787000,2.3798000,2376,1790639459999,5653.9861000,127,1064,2531.7385000,0
1790639460000,2.3799000,2.3799000,2.3780000,2.3782000,2448,1790639519999,5823.2950000,133,900,2140.6622000,0
1790639520000,2.3783000,2.3788000,2.3778000,2.3787000,2286,1790639579999,5436.6583000,80,1476,3510.3496000,0
1790639580000,2.3786000,2.3799000,2.3784000,2.3797000,2251,1790639639999,5355.4883000,76,1773,4218.1639000,0
1790639640000,2.3793000,2.3819000,2.3792000,2.3813000,11139,1790639699999,26520.2356000,155,4114,9793.3910000,0
1790639700000,2.3813000,2.3815000,2.3803000,2.3806000,1169,1790639759999,2783.1123000,52,461,1097.4111000,0
1790639760000,2.3807000,2.3830000,2.3807000,2.3825000,1361,1790639819999,3242.4154000,116,753,1793.8725000,0
1790639820000,2.3828000,2.3834000,2.3819000,2.3825000,9227,1790639879999,21985.8134000,102,4092,9748.3488000,0
1790639880000,2.3823000,2.3836000,2.3813000,2.3814000,2382,1790639939999,5675.4642000,95,1633,3891.1977000,0
1790639940000,2.3814000,2.3818000,2.3783000,2.3804000,13579,1790639999999,32312.2869000,193,1377,3278.8917000,0
