open_time,open,high,low,close,volume,close_time,quote_asset_volume,count,taker_buy_volume,taker_buy_quote_volume,ignore
1790553600000,319.81,319.81,319.18,319.48,478.012,1790553659999,152742.47458,1452,225.343,71992.56192,0
1790553660000,319.49,319.65,319.22,319.62,290.376,1790553719999,92754.42448,928,177.439,56680.75854,0
1790553720000,319.62,319.73,319.10,319.10,1116.368,1790553779999,356686.70054,1680,596.481,190595.18083,0
1790553780000,319.11,319.30,318.89,319.06,281.372,1790553839999,89776.15917,940,187.902,59954.44507,0
1790553840000,319.07,319.17,318.91,318.97,228.981,1790553899999,73058.88152,826,131.386,41920.01103,0
1790553900000,318.97,319.01,318.47,318.54,713.393,1790553959999,227312.63870,1208,204.387,65136.50846,0
1790553960000,318.56,319.06,318.48,319.05,295.782,1790554019999,94293.06750,928,230.576,73507.36821,0
1790554020000,319.05,319.18,318.34,318.54,536.920,1790554079999,171196.71141,1123,289.294,92244.01279,0
1790554080000,318.53,318.53,316.09,316.66,5681.027,1790554139999,1803002.56589,7439,1439.438,456928.48867,0
1790554140000,316.66,317.05,316.15,316.57,1422.426,1790554199999,450251.28521,2338,733.748,232272.56543,0
1790554200000,316.58,318.21,316.58,318.16,1379.821,1790554259999,438283.72848,2002,970.945,308389.63828,0
1790554260000,318.17,318.72,317.92,317.98,2644.239,1790554319999,841600.85100,2551,606.171,192939.91096,0
1790554320000,317.97,318.24,317.69,318.24,566.397,1790554379999,180029.63759,1075,143.774,45704.41282,0
1790554380000,318.23,319.07,318.19,319.03,339.683,1790554439999,108258.96304,1020,231.366,73733.08292,0
1790554440000,319.03,319.17,318.07,318.20,794.534,1790554499999,253072.80872,1664,296.150,94292.32462,0
1790554500000,318.19,318.58,317.96,318.13,1062.607,1790554559999,338115.20090,1596,739.121,235177.37310,0
1790554560000,318.14,318.87,318.14,318.82,419.478,1790554619999,133647.86877,1095,243.780,77666.66936,0
1790554620000,318.83,318.83,318.13,318.26,460.105,1790554679999,146478.23302,995,141.067,44894.51557,0
1790554680000,318.26,318.57,318.18,318.57,245.780,1790554739999,78250.66882,695,151.072,48097.75920,0
1790554740000,318.58,320.14,318.57,320.14,972.191,1790554799999,310765.48824,1375,509.402,162753.01519,0
1790554800000,320.14,321.54,320.14,321.29,1768.397,1790554859999,567123.10281,2357,759.992,243769.14764,0
1790554860000,321.29,322.82,321.21,322.50,2007.625,1790554919999,646867.66633,3678,866.312,279144.43162,0
1790554920000,322.49,322.51,321.20,321.32,898.752,1790554979999,289216.92992,2317,322.018,103671.53190,0
1790554980000,321.32,321.73,320.48,320.86,890.050,1790555039999,285746.18562,2200,424.698,136351.63496,0
1790555040000,320.86,320.91,319.63,319.72,942.207,1790555099999,301622.65016,1890,321.319,102886.82479,0
1790555100000,319.72,319.78,319.18,319.76,709.418,1790555159999,226676.00164,1900,450.955,144105.38457,0
1790555160000,319.77,320.82,319.75,320.12,1068.988,1790555219999,342458.00040,2338,756.667,242407.04165,0
1790555220000,320.12,320.30,319.41,319.43,936.051,1790555279999,299308.47416,1740,437.073,139727.58345,0
1790555280000,319.43,319.44,318.68,319.32,857.341,1790555339999,273449.18249,1652,404.276,128958.54828,0
1790555340000,319.33,320.02,319.33,319.88,467.694,1790555399999,149538.36291,1368,369.617,118173.16429,0
1790555400000,319.87,320.00,319.26,319.45,639.857,1790555459999,204519.26460,1135,175.491,56075.05202,0
1790555460000,319.45,319.45,317.49,318.10,1413.123,1790555519999,449742.61050,4031,544.697,173457.20103,0
1790555520000,318.10,318.21,317.03,317.33,1178.908,1790555579999,374541.09855,3366,737.618,234410.05479,0
1790555580000,317.34,317.83,316.46,316.54,1167.922,1790555639999,370557.41341,2783,623.649,197921.89649,0
1790555640000,316.54,317.29,316.30,316.77,865.580,1790555699999,274268.92732,2189,590.504,187138.16740,0
1790555700000,316.71,317.19,315.34,316.25,2129.627,1790555759999,672990.52948,3917,823.819,260440.50811,0
1790555760000,316.26,316.99,315.58,315.81,1256.710,1790555819999,397572.34773,2813,498.779,157832.06188,0
1790555820000,315.82,316.68,315.60,316.36,719.062,1790555879999,227248.45540,1647,290.187,91742.96593,0
1790555880000,316.36,316.69,316.19,316.58,580.997,1790555939999,183859.22762,1598,373.227,118103.84251,0
1790555940000,316.57,316.70,315.90,315.90,456.891,1790555999999,144522.32847,1169,169.310,53572.72775,0
1790556000000,315.89,316.20,315.33,315.86,928.450,1790556059999,293112.23349,1915,234.545,74072.31321,0
1790556060000,315.85,316.21,315.73,316.05,464.206,1790556119999,146663.16770,1261,267.943,84647.07766,0
1790556120000,316.07,316.20,315.76,315.90,475.678,1790556179999,150318.10703,994,172.070,54371.64121,0
1790556180000,315.90,316.31,315.90,316.01,311.693,1790556239999,98549.19385,803,215.062,67998.19167,0
1790556240000,316.01,316.52,315.97,316.47,715.459,1790556299999,226316.59581,1204,495.596,156771.50799,0
1790556300000,316.48,317.82,316.47,317.76,849.593,1790556359999,269377.73377,1580,577.080,182987.43224,0
1790556360000,317.76,318.12,317.44,317.77,355.092,1790556419999,112868.30318,990,194.132,61700.53901,0
1790556420000,317.78,318.21,317.69,318.17,748.357,1790556479999,237904.65625,1170,497.027,158013.26857,0
1790556480000,318.17,318.72,318.14,318.67,332.706,1790556539999,105976.89642,916,178.614,56890.82230,0
1790556540000,318.68,319.41,318.59,318.90,744.507,1790556599999,237583.95550,1460,509.888,162737.01705,0
1790556600000,318.91,319.22,318.59,319.11,516.545,1790556659999,164662.33574,1220,215.934,68845.39751,0
1790556660000,319.10,319.64,319.04,319.34,318.753,1790556719999,101822.85882,1052,189.243,60450.43673,0
1790556720000,319.36,319.47,318.42,318.42,413.192,1790556779999,131786.28792,1355,173.746,55440.06672,0
1790556780000,318.42,318.49,318.10,318.24,265.962,1790556839999,84637.77399,842,101.610,32336.27879,0
1790556840000,318.25,318.35,317.30,317.30,460.633,1790556899999,146396.44593,1139,150.990,47990.89512,0
1790556900000,317.30,317.31,316.92,316.93,450.289,1790556959999,142790.31864,1279,182.030,57721.51366,0
1790556960000,316.93,317.05,316.10,316.10,322.769,1790557019999,102198.66955,1184,119.083,37714.31147,0
1790557020000,316.09,316.09,315.61,315.61,419.627,1790557079999,132525.14007,1254,208.108,65725.59282,0
1790557080000,315.62,316.15,315.55,315.58,411.304,1790557139999,129917.22787,1241,229.833,72604.14507,0
1790557140000,315.59,315.59,315.13,315.25,533.321,1790557199999,168180.89425,1614,233.643,73680.94274,0
1790557200000,315.26,315.92,315.01,315.61,466.287,1790557259999,147100.23801,2249,178.322,56263.95913,0
1790557260000,315.63,316.02,315.18,315.29,597.627,1790557319999,188596.43380,2260,301.441,95153.76846,0
1790557320000,315.30,315.91,315.01,315.55,802.346,1790557379999,253049.29606,2790,456.391,143953.16017,0
1790557380000,315.55,316.09,314.85,315.05,1768.057,1790557439999,557268.24436,3216,413.337,130370.82597,0
1790557440000,315.05,315.23,313.92,315.11,3076.557,1790557499999,967293.57014,5050,1201.901,378007.20190,0
1790557500000,315.12,315.24,313.85,314.47,1057.894,1790557559999,332759.05977,2685,333.563,104929.57110,0
1790557560000,314.47,314.47,313.22,314.34,1657.107,1790557619999,519937.68266,4030,688.894,216153.65819,0
1790557620000,314.35,316.49,314.35,316.44,1631.552,1790557679999,515148.49366,3935,1215.628,383874.06047,0
1790557680000,316.45,316.62,316.15,316.55,565.288,1790557739999,178864.43470,1485,268.771,85044.98596,0
1790557740000,316.54,316.62,314.76,315.12,641.494,1790557799999,202582.44952,1803,297.084,93865.27791,0
1790557800000,315.12,315.12,313.90,314.11,1210.519,1790557859999,380629.76735,2627,451.887,142086.70566,0
1790557860000,314.11,314.49,314.05,314.43,708.247,1790557919999,222620.91707,1576,389.548,122443.94411,0
1790557920000,314.43,314.66,313.56,313.67,2289.117,1790557979999,719115.65553,2215,1797.264,564644.38938,0
1790557980000,313.66,313.70,312.85,313.28,1419.446,1790558039999,444662.66386,2846,426.726,133724.70201,0
1790558040000,313.25,313.36,312.93,313.12,784.486,1790558099999,245679.00675,1727,306.436,95969.06952,0
1790558100000,313.12,313.61,312.67,313.61,1194.490,1790558159999,374034.84778,2941,529.492,165820.90132,0
1790558160000,313.60,313.62,313.00,313.05,777.561,1790558219999,243560.19211,1931,249.834,78260.37189,0
1790558220000,313.04,313.61,312.89,312.93,1106.056,1790558279999,346609.37668,1588,852.837,267271.74505,0
1790558280000,312.94,314.61,312.94,313.95,820.458,1790558339999,257424.06008,2107,335.175,105159.44802,0
1790558340000,313.95,314.07,313.09,313.83,710.109,1790558399999,222597.84026,2005,303.366,95104.04354,0
1790558400000,313.87,314.50,313.81,314.29,905.543,1790558459999,284520.22750,2023,490.507,154121.45481,0
1790558460000,314.28,316.16,314.28,315.96,766.122,1790558519999,241679.59565,2044,550.950,173815.53779,0
1790558520000,315.95,315.95,314.34,314.42,553.361,1790558579999,174376.34003,2120,213.861,67372.80972,0
1790558580000,314.42,315.37,314.03,314.72,435.787,1790558639999,137184.60222,2001,207.078,65182.45299,0
1790558640000,314.72,314.85,314.35,314.57,387.060,1790558699999,121776.57885,1632,179.089,56344.14988,0
1790558700000,314.57,314.90,314.07,314.88,458.567,1790558759999,144142.85783,1582,158.259,49755.30539,0
1790558760000,314.88,315.57,314.87,315.48,306.300,1790558819999,96566.13894,1233,206.737,65179.75672,0
1790558820000,315.48,315.92,314.71,315.02,1083.313,1790558879999,341562.56048,2099,523.267,164994.99575,0
1790558880000,315.02,315.20,314.59,315.20,326.829,1790558939999,102892.11205,1624,195.513,61552.00498,0
1790558940000,315.21,315.46,314.63,314.63,354.510,1790558999999,111636.88315,1067,119.991,37792.87940,0
1790559000000,314.63,315.70,314.46,314.54,314.864,1790559059999,99184.49579,1685,121.763,38346.56361,0
1790559060000,314.55,315.00,314.24,314.41,264.416,1790559119999,83200.51197,1579,132.723,41761.17132,0
1790559120000,314.41,314.82,313.88,314.73,398.334,1790559179999,125177.71111,1611,266.093,83610.34960,0
1790559180000,314.72,315.08,314.43,314.56,269.836,1790559239999,84938.62674,1277,155.374,48910.56781,0
1790559240000,314.56,314.76,314.22,314.25,296.506,1790559299999,93275.80357,1363,172.094,54137.61338,0
1790559300000,314.26,314.36,313.39,314.09,426.627,1790559359999,133916.85441,2067,156.826,49237.96321,0
1790559360000,314.09,314.27,313.63,313.72,184.428,1790559419999,57903.46373,1139,83.038,26071.01030,0
1790559420000,313.70,313.98,313.50,313.50,251.795,1790559479999,79001.96127,1077,104.947,32933.80731,0
1790559480000,313.51,313.82,313.19,313.43,504.234,1790559539999,158051.55230,1341,139.540,43745.51477,0
1790559540000,313.43,314.06,313.13,314.05,306.233,1790559599999,96020.53194,1057,149.837,46984.38486,0
1790559600000,314.05,314.05,313.42,313.42,496.640,1790559659999,155794.33251,1076,226.722,71138.10774,0
1790559660000,313.43,314.40,313.35,314.34,392.389,1790559719999,123171.91502,1229,243.584,76466.72974,0
1790559720000,314.35,314.62,313.66,313.66,223.036,1790559779999,70083.19297,1220,130.465,40998.03176,0
1790559780000,313.65,313.65,313.21,313.38,242.758,1790559839999,76090.06616,901,97.725,30632.17012,0
1790559840000,313.39,313.51,312.90,313.19,685.683,1790559899999,214731.72001,1473,322.097,100870.44521,0
1790559900000,313.20,313.79,312.95,313.17,387.263,1790559959999,121391.81946,1661,189.211,59303.73103,0
1790559960000,313.17,313.24,312.76,312.94,563.477,1790560019999,176335.85693,1465,183.338,57378.81608,0
1790560020000,312.94,313.42,312.71,313.39,445.992,1790560079999,139620.01946,1531,257.769,80710.17909,0
1790560080000,313.40,313.52,312.72,312.72,265.708,1790560139999,83207.84301,1163,112.084,35110.25176,0
1790560140000,312.72,313.00,311.10,311.49,4060.562,1790560199999,1266837.50540,7659,1669.402,521045.45546,0
1790560200000,311.49,312.96,311.03,312.83,1377.943,1790560259999,429727.81505,3769,719.067,224330.32310,0
1790560260000,312.83,313.64,312.76,312.99,1142.704,1790560319999,358048.19131,2579,717.677,224890.58918,0
1790560320000,312.99,313.28,312.32,312.69,1033.401,1790560379999,323249.85996,2068,262.603,82151.20419,0
1790560380000,312.71,312.90,312.44,312.85,360.405,1790560439999,112691.37481,1009,134.641,42094.63640,0
1790560440000,312.85,313.13,312.44,312.47,540.399,1790560499999,169035.86657,1117,154.808,48429.72711,0
1790560500000,312.47,312.80,312.18,312.42,514.601,1790560559999,160803.70193,1510,217.220,67885.67540,0
1790560560000,312.42,312.94,311.86,312.90,585.954,1790560619999,182930.62823,1793,152.471,47612.72368,0
1790560620000,312.91,313.24,311.65,311.65,700.869,1790560679999,219045.19003,1868,214.413,67005.09294,0
1790560680000,311.65,312.82,311.25,312.78,1942.575,1790560739999,606240.33430,2789,1217.417,380006.16859,0
1790560740000,312.78,312.84,312.54,312.65,524.506,1790560799999,164028.49654,1163,160.645,50239.36287,0
1790560800000,312.65,312.77,311.59,311.74,1130.818,1790560859999,353025.98824,2594,650.091,202941.58159,0
1790560860000,311.74,312.95,311.53,312.59,784.780,1790560919999,244990.81161,2158,349.079,108968.06584,0
1790560920000,312.58,312.59,310.14,310.39,3041.025,1790560979999,945265.48003,4954,696.834,216717.63273,0
1790560980000,310.40,310.62,309.02,310.38,5637.433,1790561039999,1745627.29960,7710,1562.113,483860.18634,0
1790561040000,310.36,311.24,309.96,310.60,1369.241,1790561099999,425301.82904,3041,695.525,216135.66690,0
1790561100000,310.61,311.31,310.61,310.74,903.206,1790561159999,280789.97036,1957,460.091,143030.14499,0
1790561160000,310.73,310.85,310.15,310.47,751.312,1790561219999,233246.16288,2097,441.346,137002.17846,0
1790561220000,310.49,310.81,309.92,310.55,581.573,1790561279999,180493.26296,1977,251.719,78116.01477,0
1790561280000,310.54,312.42,310.40,312.25,764.215,1790561339999,238070.30069,2213,365.559,113943.71267,0
1790561340000,312.26,312.85,311.93,311.93,1108.013,1790561399999,346276.96302,2505,463.327,144836.91870,0
1790561400000,311.93,312.41,311.47,312.38,918.826,1790561459999,286675.41793,2256,478.124,149201.27773,0
1790561460000,312.39,313.28,312.39,313.26,669.143,1790561519999,209359.23197,1793,423.282,132453.07258,0
1790561520000,313.27,313.58,312.98,313.48,939.730,1790561579999,294483.23542,1579,513.908,161028.66883,0
1790561580000,313.48,313.96,313.41,313.56,386.248,1790561639999,121159.61025,1089,265.372,83246.45083,0
1790561640000,313.57,313.68,312.26,312.82,424.626,1790561699999,132864.47258,1209,135.617,42434.60320,0
1790561700000,312.78,313.08,312.39,312.88,465.837,1790561759999,145703.53437,1509,266.894,83482.49676,0
1790561760000,312.87,312.92,312.59,312.80,359.909,1790561819999,112556.20861,1052,127.505,39875.00978,0
1790561820000,312.80,313.28,312.68,312.84,461.093,1790561879999,144321.61528,1161,191.565,59964.59797,0
1790561880000,312.84,312.88,312.30,312.35,376.704,1790561939999,117714.14528,1045,160.779,50239.40032,0
1790561940000,312.36,312.51,312.01,312.50,250.768,1790561999999,78304.88612,1048,113.275,35372.33607,0
1790562000000,312.49,312.95,312.20,312.88,453.831,1790562059999,141839.27512,1501,308.156,96306.70991,0
1790562060000,312.87,313.55,312.66,312.80,499.446,1790562119999,156371.62002,1621,293.894,92022.45443,0
1790562120000,312.80,312.92,312.07,312.07,506.071,1790562179999,158163.00881,1405,196.558,61428.62411,0
1790562180000,312.13,312.17,311.65,311.67,552.173,1790562239999,172204.10696,1268,200.260,62463.28029,0
1790562240000,311.67,312.79,311.60,312.29,968.881,1790562299999,302451.91085,2027,705.676,220276.64965,0
1790562300000,312.28,312.28,311.67,311.71,314.266,1790562359999,98001.56739,1111,193.578,60363.73463,0
1790562360000,311.71,312.86,311.64,312.71,316.622,1790562419999,98893.58247,1201,223.381,69776.07161,0
1790562420000,312.69,313.34,312.50,312.71,636.881,1790562479999,199293.10739,1478,280.465,87794.50656,0
1790562480000,312.70,312.70,311.95,312.03,279.730,1790562539999,87328.97254,816,186.187,58120.17644,0
1790562540000,312.04,312.18,311.82,311.90,249.288,1790562599999,77771.98985,888,85.458,26663.55909,0
1790562600000,311.91,311.91,310.82,310.91,1135.209,1790562659999,353224.58098,2028,537.549,167254.80375,0
1790562660000,310.92,311.26,310.79,310.89,284.441,1790562719999,88479.93383,1022,140.477,43692.76177,0
1790562720000,310.89,311.10,310.54,310.77,1107.659,1790562779999,344127.48264,1078,793.483,246508.67853,0
1790562780000,310.78,311.53,310.78,311.08,666.426,1790562839999,207378.46670,1669,374.260,116456.75285,0
1790562840000,311.09,313.67,311.08,312.14,4283.055,1790562899999,1337919.68767,3437,3549.948,1109115.72280,0
1790562900000,312.14,312.16,311.13,311.62,2947.331,1790562959999,918339.28936,3673,1034.312,322173.82817,0
1790562960000,311.59,312.03,311.41,311.72,856.844,1790563019999,267060.37916,1331,408.268,127232.84675,0
1790563020000,311.72,311.80,311.31,311.51,295.212,1790563079999,91957.81796,801,120.483,37526.99987,0
1790563080000,311.51,312.27,311.47,311.71,574.441,1790563139999,179075.79310,1414,360.954,112517.82955,0
1790563140000,311.70,311.70,311.14,311.64,444.904,1790563199999,138550.03870,1199,195.835,60983.94987,0
1790563200000,311.63,311.97,311.22,311.88,570.617,1790563259999,177816.82846,1341,323.397,100775.20686,0
1790563260000,311.88,312.33,311.67,311.71,387.034,1790563319999,120764.35280,1147,192.993,60227.18460,0
1790563320000,311.71,312.14,311.53,311.92,310.844,1790563379999,96915.88462,1017,152.465,47531.28211,0
1790563380000,311.86,311.91,311.15,311.57,541.490,1790563439999,168640.79120,1414,221.383,68941.20361,0
1790563440000,311.62,312.04,311.32,311.59,211.861,1790563499999,66026.17406,910,83.753,26099.66478,0
1790563500000,311.59,311.98,311.53,311.98,257.617,1790563559999,80314.72467,920,115.787,36100.39580,0
1790563560000,311.98,312.16,311.35,311.47,685.357,1790563619999,213648.42918,1583,186.134,58020.69142,0
1790563620000,311.48,311.53,310.57,310.68,468.370,1790563679999,145744.26138,1638,289.251,90029.56051,0
1790563680000,310.69,310.88,310.41,310.64,643.541,1790563739999,199913.72497,1269,390.660,121366.63171,0
1790563740000,310.62,310.86,310.17,310.71,573.340,1790563799999,178042.84132,1362,156.953,48743.78321,0
1790563800000,310.71,311.19,310.46,310.47,428.374,1790563859999,133167.44306,1481,170.981,53152.14960,0
1790563860000,310.48,310.82,310.16,310.16,572.093,1790563919999,177609.83194,1604,216.762,67308.21401,0
1790563920000,310.16,311.28,310.08,311.28,524.359,1790563979999,162840.89578,1649,222.731,69177.81417,0
1790563980000,311.28,311.52,310.83,310.97,340.661,1790564039999,106004.86124,1270,153.188,47675.01984,0
1790564040000,310.97,311.10,310.70,310.75,252.361,1790564099999,78461.26624,896,127.930,39772.28787,0
1790564100000,310.75,311.09,310.63,310.75,183.370,1790564159999,56998.04228,846,119.839,37248.74219,0
1790564160000,310.75,310.83,310.50,310.54,259.577,1790564219999,80655.41223,873,141.258,43891.76681,0
1790564220000,310.54,310.79,310.40,310.72,267.237,1790564279999,83004.08469,825,115.817,35969.22846,0
1790564280000,310.73,311.34,310.73,311.02,229.887,1790564339999,71518.78870,688,110.738,34447.43634,0
1790564340000,311.03,311.39,310.79,311.29,360.311,1790564399999,112077.53883,899,195.307,60746.62988,0
1790564400000,311.36,312.96,311.36,312.61,1268.067,1790564459999,395982.59892,2723,711.109,222000.04258,0
1790564460000,312.62,312.67,312.14,312.17,389.878,1790564519999,121800.85029,1210,267.035,83426.71022,0
1790564520000,312.16,312.21,311.24,311.37,575.246,1790564579999,179321.92136,1206,284.491,88647.96921,0
1790564580000,311.37,311.37,310.94,310.99,746.121,1790564639999,232041.64751,1004,104.067,32375.76214,0
1790564640000,311.00,311.34,310.80,311.07,654.171,1790564699999,203458.22910,934,136.955,42608.38591,0
1790564700000,311.08,311.37,310.80,310.88,376.334,1790564759999,117075.98698,1091,158.521,49309.80675,0
1790564760000,310.88,311.22,310.70,310.78,288.600,1790564819999,89717.09883,1063,139.379,43328.88845,0
1790564820000,310.77,311.09,310.71,310.97,365.547,1790564879999,113644.06673,1026,211.532,65767.27481,0
1790564880000,310.96,310.99,310.40,310.79,371.495,1790564939999,115445.40836,1188,157.295,48880.88901,0
1790564940000,310.79,311.18,310.52,311.09,271.053,1790564999999,84228.59532,1070,171.338,53242.48457,0
1790565000000,311.08,311.61,311.05,311.56,221.946,1790565059999,69119.16454,920,141.326,44009.44103,0
1790565060000,311.55,311.55,310.74,310.74,396.747,1790565119999,123455.80777,988,117.983,36701.21772,0
1790565120000,310.75,310.75,310.03,310.23,342.961,1790565179999,106456.85600,1084,132.045,40979.36336,0
1790565180000,310.23,311.13,310.23,310.97,231.976,1790565239999,72095.32376,1160,161.911,50314.87416,0
1790565240000,310.96,310.98,310.59,310.66,249.316,1790565299999,77470.11753,819,77.688,24141.28859,0
1790565300000,310.66,311.14,310.21,310.49,338.891,1790565359999,105272.81362,1588,186.851,58053.07682,0
1790565360000,310.49,311.14,310.44,311.09,388.759,1790565419999,120754.64947,1226,247.079,76741.71610,0
1790565420000,311.08,311.58,310.92,311.53,321.601,1790565479999,100138.12758,1280,246.460,76746.51796,0
1790565480000,311.53,311.57,310.77,310.86,291.563,1790565539999,90753.65056,1001,70.271,21863.67471,0
1790565540000,310.87,311.47,310.81,310.91,351.914,1790565599999,109497.72384,1368,205.816,64036.03590,0
1790565600000,310.90,311.07,310.30,310.52,475.496,1790565659999,147678.07883,1618,278.708,86562.30074,0
1790565660000,310.53,310.53,310.00,310.04,737.580,1790565719999,228788.34613,1451,280.786,87102.82257,0
1790565720000,310.05,310.09,309.60,309.74,401.206,1790565779999,124308.20283,1100,165.463,51265.87079,0
1790565780000,309.74,309.90,309.32,309.67,569.523,1790565839999,176349.42666,1314,245.248,75956.25142,0
1790565840000,309.68,310.00,309.38,309.42,467.340,1790565899999,144663.88651,1178,252.746,78235.92215,0
1790565900000,309.42,309.43,308.05,308.62,3568.021,1790565959999,1101011.46830,5009,1025.002,316254.95395,0
1790565960000,308.63,308.95,308.43,308.45,830.950,1790566019999,256504.98253,2207,242.858,74973.34042,0
1790566020000,308.45,308.86,308.30,308.54,544.211,1790566079999,167938.98050,1540,262.378,80974.08594,0
1790566080000,308.56,309.06,308.35,308.57,833.141,1790566139999,257157.82506,2014,443.719,136975.93029,0
1790566140000,308.57,308.58,307.54,307.96,2103.807,1790566199999,647994.45557,3581,649.262,200022.52931,0
1790566200000,307.96,308.19,307.33,307.78,1217.170,1790566259999,374509.23824,2204,402.710,123916.87760,0
1790566260000,307.78,307.96,307.05,307.48,1353.192,1790566319999,416109.81523,2508,469.895,144503.34089,0
1790566320000,307.49,307.67,306.37,306.52,2189.512,1790566379999,671816.13890,3892,670.347,205725.24262,0
1790566380000,306.52,307.08,306.02,306.88,1295.400,1790566439999,397073.61768,2749,435.918,133656.04939,0
1790566440000,306.88,307.97,306.87,307.26,790.786,1790566499999,243186.81413,1815,376.159,115680.75380,0
1790566500000,307.24,307.97,306.99,307.73,528.452,1790566559999,162520.62690,1477,182.831,56229.07935,0
1790566560000,307.74,308.29,307.63,308.18,603.367,1790566619999,185798.85244,1652,349.343,107590.08615,0
1790566620000,308.19,308.94,308.14,308.53,558.656,1790566679999,172360.99280,1932,327.558,101065.11266,0
1790566680000,308.53,309.51,308.52,309.49,479.306,1790566739999,148177.72336,1586,285.279,88188.11718,0
1790566740000,309.51,309.71,308.96,309.41,565.290,1790566799999,174923.28006,1548,319.484,98885.78983,0
1790566800000,309.41,309.55,308.88,309.39,479.631,1790566859999,148322.93961,1679,302.260,93479.25698,0
1790566860000,309.39,309.84,309.12,309.84,460.483,1790566919999,142451.17130,1184,282.669,87447.39699,0
1790566920000,309.85,310.56,309.85,310.01,855.641,1790566979999,265386.31912,1781,374.304,116125.62467,0
1790566980000,310.01,310.42,309.97,310.21,393.011,1790567039999,121905.01957,1293,288.151,89384.37645,0
1790567040000,310.22,310.41,309.22,309.37,1591.229,1790567099999,492553.12125,2264,673.678,208594.29040,0
1790567100000,309.36,309.45,308.89,309.00,750.012,1790567159999,231864.47631,1367,494.382,152836.67873,0
1790567160000,309.00,309.20,308.78,309.20,738.995,1790567219999,228355.07491,1345,411.198,127074.36756,0
1790567220000,309.20,309.78,309.16,309.74,402.500,1790567279999,124535.15470,1283,288.958,89401.26035,0
1790567280000,309.72,309.85,309.45,309.75,282.962,1790567339999,87605.42594,1215,109.829,34004.88685,0
1790567340000,309.76,310.45,309.59,309.97,543.958,1790567399999,168623.64952,1586,271.474,84152.20724,0
1790567400000,309.98,310.36,309.69,310.36,490.423,1790567459999,151995.55646,957,204.285,63328.85623,0
1790567460000,310.36,310.55,309.64,309.95,349.952,1790567519999,108505.96717,1125,153.447,47565.21569,0
1790567520000,309.94,310.01,309.02,309.30,1053.366,1790567579999,326202.95362,1011,199.121,61621.87454,0
1790567580000,309.30,309.54,309.18,309.18,381.145,1790567639999,117914.81720,1040,241.800,74807.41100,0
1790567640000,309.17,309.38,308.88,308.94,379.888,1790567699999,117423.60917,1047,209.635,64799.21995,0
1790567700000,308.95,309.09,308.56,308.80,735.320,1790567759999,227126.28580,1406,396.900,122612.25937,0
1790567760000,308.80,308.98,308.56,308.57,285.051,1790567819999,88005.91935,891,104.094,32137.82010,0
1790567820000,308.56,308.70,308.12,308.27,554.284,1790567879999,170917.92364,1210,270.780,83498.21990,0
1790567880000,308.28,308.30,308.03,308.19,230.626,1790567939999,71071.58502,649,106.240,32739.89740,0
1790567940000,308.20,308.21,307.41,307.85,1999.640,1790567999999,615212.85015,1955,380.448,117079.24484,0
1790568000000,307.85,308.03,306.52,306.85,931.379,1790568059999,286084.46204,1862,351.679,108083.35675,0
1790568060000,306.85,307.02,306.37,306.45,784.175,1790568119999,240494.25726,2085,349.141,107088.80085,0
1790568120000,306.45,306.92,306.29,306.62,773.636,1790568179999,237209.08517,1690,285.726,87607.47354,0
1790568180000,306.62,306.92,306.43,306.78,374.012,1790568239999,114693.91262,1244,144.395,44278.50488,0
1790568240000,306.79,307.13,305.12,305.30,3700.327,1790568299999,1131027.44982,5437,1313.674,401603.03701,0
1790568300000,305.29,305.88,305.01,305.64,2223.917,1790568359999,679034.44013,3954,1036.827,316610.37605,0
1790568360000,305.64,306.99,305.64,306.99,1109.617,1790568419999,339700.99785,2322,534.067,163502.94351,0
1790568420000,306.98,307.40,306.86,307.27,548.337,1790568479999,168410.97339,1618,330.738,101581.75603,0
1790568480000,307.27,307.70,306.63,306.76,435.127,1790568539999,133695.50783,1487,171.029,52539.33375,0
1790568540000,306.76,307.37,306.64,307.01,328.403,1790568599999,100843.84865,1129,188.702,57947.51051,0
1790568600000,307.02,307.35,306.80,307.20,216.838,1790568659999,66585.61028,953,113.939,34990.32923,0
1790568660000,307.19,307.42,307.02,307.07,276.062,1790568719999,84812.60732,907,149.599,45962.13249,0
1790568720000,307.08,307.43,306.73,307.41,360.764,1790568779999,110836.15930,1022,197.852,60787.58527,0
1790568780000,307.41,308.09,307.39,307.71,521.951,1790568839999,160715.05754,943,259.447,79879.23536,0
1790568840000,307.72,308.15,307.72,307.95,282.419,1790568899999,86956.08220,685,156.877,48301.62076,0
1790568900000,307.94,308.17,307.67,307.85,431.349,1790568959999,132806.35629,1153,217.187,66866.93103,0
1790568960000,307.84,307.87,306.69,306.75,613.939,1790569019999,188574.11785,1387,201.299,61845.68975,0
1790569020000,306.76,308.06,306.49,308.06,652.477,1790569079999,200280.82546,1792,276.026,84778.43109,0
1790569080000,308.07,308.83,308.03,308.80,617.067,1790569139999,190396.67554,1562,449.057,138561.24217,0
1790569140000,308.79,309.13,308.63,308.92,422.913,1790569199999,130618.32333,1181,250.273,77306.49267,0
1790569200000,308.92,309.05,308.65,308.67,264.057,1790569259999,81551.73534,934,157.267,48573.43783,0
1790569260000,308.67,309.23,308.61,308.90,720.745,1790569319999,222648.28910,1467,471.102,145539.49664,0
1790569320000,308.89,309.46,308.69,309.31,868.954,1790569379999,268594.52120,1581,403.654,124741.45733,0
1790569380000,309.30,309.47,309.04,309.33,413.937,1790569439999,128023.17944,1087,246.956,76375.65121,0
1790569440000,309.32,309.80,309.25,309.56,637.947,1790569499999,197512.85397,1234,518.240,160454.33097,0
1790569500000,309.58,309.61,309.19,309.45,331.643,1790569559999,102615.25660,1051,245.307,75901.34472,0
1790569560000,309.44,309.44,309.00,309.25,1099.733,1790569619999,340023.05452,1084,244.740,75682.43459,0
1790569620000,309.21,309.21,308.70,308.94,1972.926,1790569679999,609603.05135,1096,383.968,118616.05427,0
1790569680000,308.94,309.06,308.34,308.45,299.923,1790569739999,92551.76190,906,163.043,50312.80693,0
1790569740000,308.44,308.58,308.19,308.47,240.086,1790569799999,74040.38673,727,162.561,50128.14354,0
1790569800000,308.46,308.52,308.18,308.38,151.205,1790569859999,46627.49951,726,101.553,31314.79078,0
1790569860000,308.39,308.43,308.04,308.25,359.252,1790569919999,110740.02648,938,160.259,49405.22937,0
1790569920000,308.22,308.40,307.75,307.94,421.345,1790569979999,129780.09123,997,171.206,52747.81975,0
1790569980000,307.95,308.17,307.83,308.14,253.914,1790570039999,78202.10858,550,142.342,43835.28264,0
1790570040000,308.14,308.16,307.83,308.09,166.678,1790570099999,51339.86653,467,99.878,30762.18734,0
1790570100000,308.10,308.17,307.65,308.11,356.591,1790570159999,109804.03404,1102,188.606,58088.29969,0
1790570160000,308.10,308.17,307.92,308.07,243.535,1790570219999,75007.06257,608,180.183,55492.52729,0
1790570220000,308.07,308.30,307.98,308.30,138.643,1790570279999,42721.01389,630,73.786,22735.56685,0
1790570280000,308.31,308.63,308.12,308.53,226.912,1790570339999,69982.82470,786,168.029,51822.31050,0
1790570340000,308.52,308.84,308.46,308.62,408.527,1790570399999,126081.30423,1058,232.521,71760.86756,0
1790570400000,308.62,308.90,308.42,308.46,326.129,1790570459999,100656.13367,967,139.962,43193.89689,0
1790570460000,308.45,308.67,308.27,308.67,242.400,1790570519999,74773.68194,678,194.720,60062.94028,0
1790570520000,308.67,309.40,308.60,309.33,503.252,1790570579999,155515.35198,1215,288.148,89055.78341,0
1790570580000,309.33,309.84,309.28,309.41,556.679,1790570639999,172342.13719,954,268.833,83226.92309,0
1790570640000,309.41,309.61,309.30,309.32,615.480,1790570699999,190440.01705,615,231.108,71515.04046,0
1790570700000,309.33,309.37,309.04,309.33,550.690,1790570759999,170261.29785,982,312.741,96704.59609,0
1790570760000,309.32,309.37,308.96,308.99,724.478,1790570819999,223933.25693,701,111.168,34369.66868,0
1790570820000,308.98,308.98,308.40,308.48,233.617,1790570879999,72105.20173,667,96.082,29654.67962,0
1790570880000,308.48,308.77,308.24,308.67,439.238,1790570939999,135480.35571,955,187.398,57811.62507,0
1790570940000,308.66,308.72,308.42,308.67,225.219,1790570999999,69499.99924,514,171.962,53064.72325,0
1790571000000,308.66,309.44,308.61,309.34,339.740,1790571059999,105001.20967,950,253.622,78390.22925,0
1790571060000,309.35,309.82,309.31,309.82,321.734,1790571119999,99576.18350,780,250.906,77654.94671,0
1790571120000,309.80,310.14,309.58,310.06,638.082,1790571179999,197786.30810,975,466.271,144531.62861,0
1790571180000,310.06,310.14,309.88,310.13,416.675,1790571239999,129166.69732,694,274.018,84939.37835,0
1790571240000,310.12,310.18,309.46,309.53,723.574,1790571299999,224244.87575,846,248.448,76992.83441,0
1790571300000,309.52,309.80,309.21,309.80,360.002,1790571359999,111399.40206,1004,246.059,76138.03957,0
1790571360000,309.79,309.99,309.36,309.42,213.675,1790571419999,66204.82462,763,111.537,34561.29795,0
1790571420000,309.41,309.47,308.66,309.43,1457.682,1790571479999,450413.55787,2302,597.118,184514.90378,0
1790571480000,309.42,309.55,309.33,309.47,226.507,1790571539999,70092.60143,606,179.249,55468.12186,0
1790571540000,309.46,309.51,309.13,309.32,259.276,1790571599999,80196.42943,629,181.961,56282.21983,0
1790571600000,309.32,310.22,309.19,310.18,522.096,1790571659999,161744.42538,1525,392.273,121540.13006,0
1790571660000,310.15,310.30,309.88,309.88,490.845,1790571719999,152197.91940,1056,241.425,74859.93145,0
1790571720000,309.87,309.87,308.80,308.87,841.937,1790571779999,260355.64664,1369,288.357,89166.63819,0
1790571780000,308.87,309.08,308.40,308.70,382.210,1790571839999,117983.71680,1107,174.891,53987.56522,0
1790571840000,308.70,308.70,308.10,308.17,413.804,1790571899999,127596.91776,1134,182.250,56187.60798,0
1790571900000,308.18,308.85,308.18,308.51,769.586,1790571959999,237459.04266,1382,616.554,190217.86502,0
1790571960000,308.50,308.89,308.25,308.28,475.797,1790572019999,146825.07102,1224,257.001,79314.24322,0
1790572020000,308.29,308.29,307.84,307.98,465.093,1790572079999,143248.23355,1145,230.059,70852.40646,0
1790572080000,307.98,307.99,307.71,307.82,336.158,1790572139999,103481.74554,878,90.214,27771.42326,0
1790572140000,307.82,307.85,307.51,307.51,209.991,1790572199999,64600.29437,669,63.458,19522.11031,0
1790572200000,307.52,307.80,307.28,307.57,438.053,1790572259999,134681.31660,913,265.156,81523.74726,0
1790572260000,307.57,307.66,307.11,307.12,462.396,1790572319999,142088.91560,868,69.802,21453.58291,0
1790572320000,307.11,307.30,306.86,307.00,271.521,1790572379999,83388.21027,782,137.710,42296.81279,0
1790572380000,306.99,307.00,306.16,306.55,1406.725,1790572439999,431083.97609,2253,249.085,76341.81275,0
1790572440000,306.55,307.35,306.11,307.05,1055.399,1790572499999,323724.49799,1883,718.479,220397.28188,0
1790572500000,307.05,307.44,306.97,307.04,391.817,1790572559999,120369.78179,1172,144.623,44432.56008,0
1790572560000,307.02,307.25,306.18,306.61,862.100,1790572619999,264360.93596,1878,248.896,76321.58513,0
1790572620000,306.61,307.32,306.55,307.32,336.340,1790572679999,103222.62582,1175,163.494,50177.89220,0
1790572680000,307.32,307.61,306.74,307.41,362.990,1790572739999,111503.28742,1141,177.149,54424.39587,0
1790572740000,307.40,307.40,306.94,307.37,327.272,1790572799999,100536.21143,1041,145.567,44720.86415,0
1790572800000,307.37,307.46,306.91,307.11,321.844,1790572859999,98875.75048,875,104.947,32238.80603,0
1790572860000,307.11,307.38,307.10,307.36,154.415,1790572919999,47443.11572,507,41.314,12693.39020,0
1790572920000,307.36,307.44,307.07,307.14,193.747,1790572979999,59539.54985,698,57.782,17756.12523,0
1790572980000,307.14,307.18,306.47,306.67,766.212,1790573039999,235081.09282,2013,278.942,85567.00060,0
1790573040000,306.66,306.82,305.85,306.18,938.937,1790573099999,287642.38434,1734,180.883,55398.25998,0
1790573100000,306.16,306.54,305.97,306.27,603.576,1790573159999,184838.81810,1556,172.243,52751.86797,0
1790573160000,306.28,307.01,306.28,307.01,336.735,1790573219999,103277.14372,956,155.909,47818.64273,0
1790573220000,307.02,307.60,306.97,307.58,419.798,1790573279999,129032.22443,923,272.137,83655.44665,0
1790573280000,307.58,307.59,306.93,307.01,411.258,1790573339999,126381.12145,982,201.967,62070.30641,0
1790573340000,307.02,307.03,306.28,306.56,692.749,1790573399999,212400.36529,1026,121.643,37288.84358,0
1790573400000,306.56,306.56,305.80,306.14,400.068,1790573459999,122443.15266,1170,145.429,44510.81788,0
1790573460000,306.15,306.46,305.68,305.69,798.873,1790573519999,244535.79316,1515,299.124,91557.01900,0
1790573520000,305.70,305.76,304.19,304.89,4096.498,1790573579999,1249076.97592,4654,1164.164,355112.61691,0
1790573580000,304.91,305.09,303.51,303.88,2117.070,1790573639999,643971.95455,4283,626.148,190500.69561,0
1790573640000,303.90,304.16,303.30,303.74,2620.165,1790573699999,795761.74983,4442,1381.076,419505.88434,0
1790573700000,303.75,304.42,303.75,304.28,1051.839,1790573759999,319928.50213,1866,586.805,178516.06313,0
1790573760000,304.26,304.36,303.86,304.31,740.640,1790573819999,225283.80154,1564,309.115,94023.80533,0
1790573820000,304.30,304.80,303.71,304.60,665.349,1790573879999,202501.26889,1740,333.705,101590.09236,0
1790573880000,304.59,304.78,303.89,303.98,704.457,1790573939999,214488.02782,1427,245.339,74692.99348,0
1790573940000,303.98,304.83,303.95,304.22,988.389,1790573999999,300792.64343,2197,392.669,119462.42043,0
1790574000000,304.21,305.18,304.21,305.03,789.948,1790574059999,240753.99147,1517,471.024,143599.80019,0
1790574060000,305.02,305.39,304.98,305.19,1061.948,1790574119999,324089.72409,1888,586.571,179032.48379,0
1790574120000,305.18,306.49,305.08,306.48,1548.354,1790574179999,473128.45351,2414,1078.211,329508.28403,0
1790574180000,306.48,307.18,306.02,307.18,2989.866,1790574239999,916631.22827,4890,2383.180,730691.62795,0
1790574240000,307.16,307.82,307.02,307.66,844.196,1790574299999,259557.49945,1645,600.242,184554.88036,0
1790574300000,307.69,308.16,306.57,306.57,1066.570,1790574359999,328107.00943,2547,629.658,193720.52201,0
1790574360000,306.58,306.71,305.91,306.51,924.322,1790574419999,283116.45796,2065,421.271,129023.60985,0
1790574420000,306.52,307.56,306.52,307.28,747.001,1790574479999,229456.06832,1902,512.229,157342.81482,0
1790574480000,307.27,307.43,306.38,306.42,452.445,1790574539999,138833.17368,1516,247.174,75833.99221,0
1790574540000,306.41,306.54,305.91,306.02,389.629,1790574599999,119296.07766,1306,162.054,49616.66991,0
1790574600000,306.03,306.25,305.71,305.77,268.037,1790574659999,82008.26059,1167,116.614,35680.23166,0
1790574660000,305.77,306.20,305.52,306.04,305.805,1790574719999,93512.59155,1280,114.969,35161.18636,0
1790574720000,306.05,306.29,305.84,306.29,149.477,1790574779999,45743.92572,803,74.138,22688.99325,0
1790574780000,306.26,306.26,305.55,305.63,207.372,1790574839999,63444.72523,884,97.109,29706.72409,0
1790574840000,305.63,306.21,305.59,305.73,218.919,1790574899999,66950.81956,709,119.617,36575.16293,0
1790574900000,305.73,305.87,305.58,305.71,251.092,1790574959999,76762.24004,897,130.703,39959.03215,0
1790574960000,305.71,306.58,305.71,306.50,227.743,1790575019999,69740.26814,926,176.536,54059.08573,0
1790575020000,306.50,306.79,306.44,306.58,202.786,1790575079999,62175.80404,819,128.229,39316.67447,0
1790575080000,306.58,307.54,306.49,307.43,1017.820,1790575139999,312722.85236,2023,732.776,225112.08975,0
1790575140000,307.40,307.40,306.97,307.00,394.528,1790575199999,121168.17918,835,256.217,78683.80463,0
1790575200000,307.00,307.17,306.64,306.64,288.836,1790575259999,88656.65751,1033,128.265,39370.41313,0
1790575260000,306.63,306.78,306.42,306.61,509.769,1790575319999,156307.91567,1155,303.704,93124.88981,0
1790575320000,306.60,306.69,306.41,306.51,348.837,1790575379999,106954.31318,898,177.058,54287.47276,0
1790575380000,306.52,306.96,305.82,306.01,472.707,1790575439999,144878.28645,1189,262.285,80400.75591,0
1790575440000,306.02,306.43,305.61,305.67,387.161,1790575499999,118476.96460,1166,190.862,58399.53652,0
1790575500000,305.67,306.29,305.59,306.26,369.491,1790575559999,113026.88047,1130,245.827,75201.03902,0
1790575560000,306.27,306.71,306.24,306.71,295.970,1790575619999,90703.93378,1064,173.426,53148.39110,0
1790575620000,306.71,307.19,306.48,306.67,707.365,1790575679999,216997.32967,1553,288.006,88342.42564,0
1790575680000,306.66,307.11,306.63,307.00,341.874,1790575739999,104886.20448,1024,235.688,72303.91630,0
1790575740000,307.00,307.52,307.00,307.50,159.266,1790575799999,48955.48773,561,109.109,33536.50222,0
1790575800000,307.50,307.66,307.30,307.60,283.497,1790575859999,87168.64680,722,215.774,66345.97929,0
1790575860000,307.59,308.06,307.53,308.06,312.635,1790575919999,96212.47495,1090,208.852,64271.31820,0
1790575920000,308.00,308.40,307.91,308.06,595.542,1790575979999,183507.20482,1288,200.916,61912.29775,0
1790575980000,308.05,308.05,307.66,307.66,263.646,1790576039999,81160.14114,829,131.350,40432.29526,0
1790576040000,307.66,307.70,306.92,307.09,457.071,1790576099999,140442.02718,1112,201.833,62025.12423,0
1790576100000,307.09,307.09,306.59,306.91,274.903,1790576159999,84335.54558,1093,161.090,49419.16576,0
1790576160000,306.90,307.00,306.55,306.93,217.310,1790576219999,66669.91823,870,105.684,32422.52119,0
1790576220000,306.92,306.92,306.21,306.21,229.938,1790576279999,70496.76262,835,92.703,28420.21754,0
1790576280000,306.20,306.33,305.92,305.98,241.508,1790576339999,73938.68148,649,50.505,15461.37996,0
1790576340000,305.98,305.98,305.67,305.85,255.556,1790576399999,78141.97599,637,110.300,33725.26620,0
1790576400000,305.85,306.10,305.13,305.58,928.501,1790576459999,283713.88095,1828,277.545,84831.43168,0
1790576460000,305.59,305.96,305.30,305.93,344.677,1790576519999,105347.70725,1127,243.753,74502.28841,0
1790576520000,305.92,305.95,305.10,305.51,421.295,1790576579999,128697.84909,1090,174.576,53336.98539,0
1790576580000,305.51,306.06,305.37,305.97,566.790,1790576639999,173327.36183,1274,304.841,93215.23254,0
1790576640000,305.97,306.04,305.50,305.50,543.846,1790576699999,166279.21122,1089,216.665,66242.28459,0
1790576700000,305.49,305.53,305.11,305.20,358.266,1790576759999,109384.88310,914,173.073,52847.78362,0
1790576760000,305.21,305.93,305.11,305.55,299.625,1790576819999,91574.39191,753,223.187,68220.98772,0
1790576820000,305.54,305.54,304.80,305.04,497.130,1790576879999,151630.11181,1034,87.115,26578.67470,0
1790576880000,305.05,305.45,304.95,305.37,181.189,1790576939999,55300.95015,742,67.263,20529.26747,0
1790576940000,305.37,305.37,304.64,304.93,394.647,1790576999999,120345.83752,904,111.350,33965.77506,0
1790577000000,304.92,305.57,304.74,305.44,242.219,1790577059999,73921.56039,1209,117.743,35934.07312,0
1790577060000,305.44,305.87,305.20,305.82,793.926,1790577119999,242520.78636,1712,498.051,152150.23380,0
1790577120000,305.82,306.18,305.63,305.97,271.104,1790577179999,82918.85730,985,105.659,32323.26814,0
1790577180000,305.97,306.04,305.57,305.96,676.637,1790577239999,206951.41595,1005,186.139,56942.01199,0
1790577240000,305.97,305.97,305.04,305.30,904.506,1790577299999,276259.23669,1618,312.710,95483.33940,0
1790577300000,305.29,305.56,305.04,305.48,214.003,1790577359999,65323.92933,882,87.221,26622.17063,0
1790577360000,305.49,305.65,305.27,305.30,341.723,1790577419999,104395.22563,813,263.766,80581.50245,0
1790577420000,305.30,305.35,304.88,304.93,252.989,1790577479999,77173.59098,619,84.511,25779.92588,0
1790577480000,304.93,305.21,304.66,304.83,924.231,1790577539999,281834.63463,1177,402.573,122804.70468,0
1790577540000,304.84,304.96,304.72,304.88,189.035,1790577599999,57624.01765,660,94.269,28736.35579,0
1790577600000,304.89,305.26,304.74,304.92,287.812,1790577659999,87785.79154,951,182.815,55762.97964,0
1790577660000,304.93,305.44,304.93,305.30,208.194,1790577719999,63547.35756,708,141.812,43287.85250,0
1790577720000,305.32,305.96,305.31,305.91,369.134,1790577779999,112814.47048,1042,254.359,77741.70629,0
1790577780000,305.91,306.32,305.91,306.07,392.295,1790577839999,120102.48139,909,282.390,86455.81224,0
1790577840000,306.06,306.07,305.57,305.68,268.324,1790577899999,82071.70016,817,134.719,41207.89492,0
1790577900000,305.68,305.83,305.27,305.79,261.384,1790577959999,79873.11199,878,148.503,45383.85620,0
1790577960000,305.81,306.24,305.69,305.90,337.876,1790578019999,103397.96574,945,193.465,59203.87153,0
1790578020000,305.89,305.89,305.03,305.39,744.697,1790578079999,227391.33039,1714,240.959,73593.37148,0
1790578080000,305.39,305.46,305.23,305.39,294.509,1790578139999,89934.66896,669,147.544,45056.39759,0
1790578140000,305.38,305.63,305.31,305.63,121.754,1790578199999,37191.04812,418,64.186,19606.39646,0
1790578200000,305.63,305.64,305.23,305.26,125.325,1790578259999,38269.20139,578,61.538,18790.44477,0
1790578260000,305.25,305.25,304.61,304.70,748.700,1790578319999,228312.07426,1432,194.807,59406.29681,0
1790578320000,304.71,304.76,304.30,304.53,873.699,1790578379999,266054.31616,1441,391.843,119323.65844,0
1790578380000,304.53,305.28,304.51,305.27,338.819,1790578439999,103313.57975,838,234.120,71396.95246,0
1790578440000,305.27,305.30,304.53,304.79,347.827,1790578499999,106082.57167,836,179.079,54623.25439,0
1790578500000,304.79,304.96,304.46,304.53,244.756,1790578559999,74568.19521,777,84.238,25667.13727,0
1790578560000,304.53,304.67,304.36,304.36,154.003,1790578619999,46902.78575,632,61.658,18779.65936,0
1790578620000,304.35,304.66,304.22,304.55,345.674,1790578679999,105256.87967,886,250.530,76293.84832,0
1790578680000,304.56,304.96,304.48,304.89,327.024,1790578739999,99664.50947,869,169.670,51704.43680,0
1790578740000,304.90,305.33,304.90,305.07,337.177,1790578799999,102892.87745,730,93.545,28540.61026,0
1790578800000,305.07,305.70,304.74,305.45,345.852,1790578859999,105553.79509,1214,166.614,50845.94836,0
1790578860000,305.46,306.45,305.20,306.44,481.782,1790578919999,147268.24400,1396,265.738,81247.48987,0
1790578920000,306.45,306.83,306.39,306.82,700.494,1790578979999,214790.58685,1689,412.137,126385.44012,0
1790578980000,306.83,307.04,306.36,306.63,850.097,1790579039999,260629.24220,1846,483.507,148249.92122,0
1790579040000,306.64,306.97,305.95,306.97,498.704,1790579099999,152818.78286,1631,240.403,73688.11927,0
1790579100000,306.97,306.97,305.76,305.76,449.250,1790579159999,137633.97859,1403,205.014,62791.26464,0
1790579160000,305.76,305.87,305.38,305.38,286.545,1790579219999,87557.30637,1020,112.022,34232.78419,0
1790579220000,305.38,305.79,305.21,305.23,390.027,1790579279999,119114.64868,1045,125.569,38342.99111,0
1790579280000,305.23,305.34,304.95,305.03,325.107,1790579339999,99182.87784,843,123.551,37693.57603,0
1790579340000,305.02,305.12,304.74,304.75,272.148,1790579399999,82986.32725,884,82.457,25143.26251,0
1790579400000,304.76,305.16,304.39,304.55,765.952,1790579459999,233354.03938,1574,298.485,90944.69257,0
1790579460000,304.55,304.80,304.52,304.78,282.415,1790579519999,86045.23356,766,206.511,62919.91765,0
1790579520000,304.79,304.81,304.34,304.34,208.867,1790579579999,63597.47639,665,64.764,19719.99855,0
1790579580000,304.35,304.44,304.03,304.08,311.423,1790579639999,94749.97852,736,104.467,31784.48019,0
1790579640000,304.09,304.19,303.78,304.10,491.830,1790579699999,149499.71026,1358,100.514,30555.62505,0
1790579700000,304.11,304.24,303.85,304.20,254.733,1790579759999,77450.68887,1003,118.590,36061.11806,0
1790579760000,304.21,304.50,303.92,304.17,294.576,1790579819999,89592.81025,1137,75.358,22919.44017,0
1790579820000,304.17,304.55,303.91,303.93,233.587,1790579879999,71075.64209,1036,60.480,18403.26354,0
1790579880000,303.95,304.58,303.78,304.21,463.958,1790579939999,141077.72152,1451,175.395,53342.71678,0
1790579940000,304.22,304.82,304.22,304.59,225.068,1790579999999,68546.70848,1068,92.604,28201.38658,0
1790580000000,304.60,304.73,304.41,304.55,209.449,1790580059999,63788.90699,1097,96.774,29473.72602,0
1790580060000,304.55,304.58,303.54,303.90,590.601,1790580119999,179487.73684,1283,131.839,40068.41272,0
1790580120000,303.91,303.99,302.62,302.75,2000.672,1790580179999,606256.44889,3612,640.265,194007.41147,0
1790580180000,302.74,302.99,302.31,302.53,1186.915,1790580239999,359124.97833,2106,375.788,113710.15701,0
1790580240000,302.52,302.62,301.73,302.01,1870.746,1790580299999,565185.50602,3210,605.772,183061.34560,0
1790580300000,302.01,302.58,301.68,302.25,1712.776,1790580359999,517732.86654,2656,1000.553,302522.48222,0
1790580360000,302.24,302.45,301.66,301.90,796.488,1790580419999,240473.36399,1874,176.527,53317.99366,0
1790580420000,301.89,302.04,301.29,301.45,2001.584,1790580479999,603537.29333,3387,833.461,251343.87994,0
1790580480000,301.45,301.85,301.20,301.77,1377.084,1790580539999,415322.77794,2209,861.265,259788.67192,0
1790580540000,301.77,302.12,301.61,301.91,574.263,1790580599999,173345.96373,1100,113.504,34260.09350,0
1790580600000,301.92,302.56,301.86,302.15,442.269,1790580659999,133680.47018,1400,218.328,65997.99981,0
1790580660000,302.14,302.53,301.81,302.08,909.631,1790580719999,274902.53148,1336,355.449,107432.87862,0
1790580720000,302.10,302.56,301.65,301.68,507.733,1790580779999,153369.96876,1453,178.973,54062.66761,0
1790580780000,301.68,301.95,301.48,301.84,527.923,1790580839999,159302.19090,1022,165.823,50034.38370,0
1790580840000,301.82,302.24,301.20,302.15,1482.812,1790580899999,447101.97934,1998,405.627,122378.46266,0
1790580900000,302.15,302.87,302.09,302.51,1012.975,1790580959999,306421.07896,1561,256.953,77715.13487,0
1790580960000,302.50,302.85,302.45,302.45,281.830,1790581019999,85312.50701,874,106.077,32110.24978,0
1790581020000,302.45,302.92,302.30,302.77,265.836,1790581079999,80448.10414,824,154.505,46756.15239,0
1790581080000,302.76,302.76,302.16,302.39,321.955,1790581139999,97350.89250,922,96.356,29130.06124,0
1790581140000,302.39,302.71,302.32,302.41,444.752,1790581199999,134554.04328,906,193.430,58511.84974,0
1790581200000,302.42,303.47,302.42,303.29,499.226,1790581259999,151279.91650,1413,298.142,90370.23001,0
1790581260000,303.29,303.63,302.88,302.99,824.175,1790581319999,249973.07774,1861,352.267,106874.40126,0
1790581320000,303.03,303.03,302.49,302.66,221.233,1790581379999,66982.73912,794,79.907,24190.35573,0
1790581380000,302.66,302.67,302.31,302.50,309.800,1790581439999,93705.74006,790,99.348,30048.10234,0
1790581440000,302.49,302.52,302.22,302.46,214.883,1790581499999,64982.77907,635,70.431,21298.36131,0
1790581500000,302.44,302.58,302.13,302.24,257.466,1790581559999,77851.46763,915,93.217,28189.98059,0
1790581560000,302.23,302.52,301.92,302.22,292.274,1790581619999,88330.77312,973,68.456,20691.30852,0
1790581620000,302.22,302.54,302.07,302.53,229.266,1790581679999,69297.81350,823,135.074,40825.21247,0
1790581680000,302.53,303.13,302.48,303.04,322.394,1790581739999,97611.88347,1013,157.700,47741.96622,0
1790581740000,303.04,303.05,301.74,301.97,595.294,1790581799999,179981.10454,1917,189.624,57326.33990,0
1790581800000,301.96,302.31,301.65,302.25,688.031,1790581859999,207739.46830,1587,385.333,116340.91467,0
1790581860000,302.25,302.28,301.42,302.07,2325.796,1790581919999,701984.43097,3326,686.918,207348.61275,0
1790581920000,302.08,302.30,301.39,301.63,947.696,1790581979999,285963.83685,1871,394.191,118953.15193,0
1790581980000,301.63,301.77,301.40,301.52,377.860,1790582039999,113949.23335,1150,218.512,65890.73432,0
1790582040000,301.52,301.79,301.43,301.74,348.266,1790582099999,105037.59138,859,154.273,46528.58340,0
1790582100000,301.75,302.82,301.75,302.79,316.908,1790582159999,95778.21611,1208,166.018,50173.03949,0
1790582160000,302.78,302.89,302.48,302.77,277.050,1790582219999,83873.92689,1028,109.795,33237.20358,0
1790582220000,302.75,302.79,301.45,301.45,282.687,1790582279999,85431.69219,1136,133.630,40392.45850,0
1790582280000,301.45,301.75,301.03,301.51,687.379,1790582339999,207132.40511,1479,212.082,63918.64311,0
1790582340000,301.50,301.69,300.98,301.11,511.569,1790582399999,154069.58817,976,122.423,36891.64608,0
1790582400000,301.11,302.25,300.68,302.23,1027.240,1790582459999,309568.29808,2560,488.793,147413.01228,0
1790582460000,302.22,303.02,302.20,302.72,852.357,1790582519999,257965.98083,2553,456.156,138061.62431,0
1790582520000,302.71,303.46,302.68,303.46,473.304,1790582579999,143473.55007,1869,216.604,65665.47786,0
1790582580000,303.45,303.66,302.73,302.86,643.238,1790582639999,195071.46720,1795,372.792,113070.62711,0
1790582640000,302.86,303.48,302.62,303.31,345.481,1790582699999,104690.22330,1596,203.533,61692.21449,0
1790582700000,303.31,303.31,302.55,302.58,396.178,1790582759999,119999.70521,1445,220.743,66874.52873,0
1790582760000,302.57,303.10,302.44,302.75,459.932,1790582819999,139251.50036,1429,297.837,90171.86284,0
1790582820000,302.74,303.04,302.44,302.53,213.110,1790582879999,64517.09749,959,103.298,31267.69235,0
1790582880000,302.52,303.36,302.48,303.11,354.807,1790582939999,107551.79128,1416,260.936,79100.34500,0
1790582940000,303.10,304.11,302.98,303.95,1932.873,1790582999999,586943.87835,3025,1411.400,428649.71508,0
1790583000000,303.96,304.48,303.53,304.33,474.537,1790583059999,144295.22279,1641,350.951,106732.26843,0
1790583060000,304.33,304.39,303.74,304.07,523.664,1790583119999,159257.76958,1606,246.496,74953.79243,0
1790583120000,304.06,304.35,303.79,304.00,385.238,1790583179999,117133.13042,1334,200.871,61077.56288,0
1790583180000,304.00,304.43,303.69,304.41,292.505,1790583239999,88925.16855,1031,162.303,49333.99132,0
1790583240000,304.40,304.60,304.21,304.48,312.638,1790583299999,95157.73350,761,214.720,65345.99430,0
1790583300000,304.48,304.81,304.14,304.44,365.463,1790583359999,111279.87803,1211,224.000,68202.77636,0
1790583360000,304.45,304.80,304.23,304.78,270.760,1790583419999,82454.61761,1005,159.995,48721.11868,0
1790583420000,304.77,304.95,304.48,304.60,318.279,1790583479999,96982.57544,972,194.790,59359.60699,0
1790583480000,304.58,304.58,303.85,303.98,435.656,1790583539999,132499.56292,1025,265.321,80703.59633,0
1790583540000,303.96,304.23,303.83,304.10,388.473,1790583599999,118105.08941,973,263.824,80214.68806,0
1790583600000,304.08,304.26,303.82,304.01,283.885,1790583659999,86316.77767,933,185.421,56378.61847,0
1790583660000,304.00,304.00,303.55,303.58,266.096,1790583719999,80834.41803,865,125.699,38185.55625,0
1790583720000,303.58,303.61,303.34,303.40,277.574,1790583779999,84230.48223,775,117.834,35758.82238,0
1790583780000,303.40,303.40,302.97,303.07,225.729,1790583839999,68451.56875,663,104.031,31550.31766,0
1790583840000,303.07,303.13,302.85,302.97,398.040,1790583899999,120594.40700,903,160.807,48717.25027,0
1790583900000,302.96,303.52,302.95,303.23,335.193,1790583959999,101651.25582,1097,122.698,37219.46506,0
1790583960000,303.19,303.94,303.19,303.80,210.452,1790584019999,63900.83931,977,83.221,25259.18626,0
1790584020000,303.79,303.94,303.19,303.19,214.733,1790584079999,65180.99731,724,95.172,28896.22750,0
1790584080000,303.20,303.60,303.18,303.47,150.245,1790584139999,45585.51992,717,92.032,27924.67922,0
1790584140000,303.47,303.47,303.27,303.45,226.650,1790584199999,68753.62204,650,135.070,40971.66321,0
1790584200000,303.46,303.97,303.46,303.51,310.337,1790584259999,94239.46734,1110,218.560,66368.61018,0
1790584260000,303.51,304.22,303.45,304.22,375.196,1790584319999,113994.84724,1101,186.915,56788.94742,0
1790584320000,304.22,304.55,304.03,304.12,337.519,1790584379999,102700.23830,1028,164.111,49936.01773,0
1790584380000,304.12,304.16,303.81,303.99,184.673,1790584439999,56141.01507,712,78.893,23983.23908,0
1790584440000,303.99,304.15,303.73,304.03,411.589,1790584499999,125087.02934,1144,271.401,82483.06638,0
1790584500000,304.03,304.08,303.80,303.87,156.193,1790584559999,47473.80743,661,78.659,23906.91185,0
1790584560000,303.87,303.98,303.58,303.91,230.772,1790584619999,70098.10013,892,100.784,30617.76151,0
1790584620000,303.91,303.91,303.47,303.47,313.848,1790584679999,95307.38138,878,139.793,42452.34591,0
1790584680000,303.46,303.64,302.75,303.56,472.770,1790584739999,143323.08480,1571,227.563,68989.57853,0
1790584740000,303.57,303.57,302.72,302.88,854.784,1790584799999,259076.20681,2339,415.230,125852.65266,0
1790584800000,302.89,303.46,302.63,302.82,358.943,1790584859999,108735.38377,1437,126.636,38372.62568,0
1790584860000,302.82,302.93,302.60,302.83,222.632,1790584919999,67405.92364,858,115.760,35048.13549,0
1790584920000,302.80,302.89,302.41,302.88,405.533,1790584979999,122732.67744,952,125.597,38017.03955,0
1790584980000,302.88,303.05,302.49,302.54,300.825,1790585039999,91071.49819,800,97.179,29421.38773,0
1790585040000,302.54,302.96,302.49,302.90,133.086,1790585099999,40287.71450,535,78.093,23636.63023,0
1790585100000,302.91,303.07,302.68,302.73,130.716,1790585159999,39592.54936,511,62.541,18946.38736,0
1790585160000,302.73,303.20,302.54,303.00,410.906,1790585219999,124442.59674,1033,254.619,77124.35073,0
1790585220000,303.01,303.52,302.82,303.42,224.188,1790585279999,67970.28362,860,101.837,30864.02223,0
1790585280000,303.43,303.64,303.15,303.15,243.547,1790585339999,73896.95345,779,132.139,40097.32435,0
1790585340000,303.15,303.25,302.98,303.03,172.131,1790585399999,52173.23233,471,75.080,22756.46349,0
1790585400000,303.00,303.21,302.74,303.19,481.598,1790585459999,145920.11467,1108,242.840,73568.60182,0
1790585460000,303.19,304.06,303.15,303.99,288.011,1790585519999,87437.87735,1014,171.225,51976.04988,0
1790585520000,303.99,304.19,303.46,303.75,317.598,1790585579999,96470.27337,941,97.656,29662.09148,0
1790585580000,303.75,304.44,303.70,304.29,434.399,1790585639999,132127.58225,1201,187.170,56920.42084,0
1790585640000,304.29,304.29,303.61,303.70,575.923,1790585699999,175079.83709,1090,306.318,93126.29675,0
1790585700000,303.69,304.36,303.67,304.12,611.568,1790585759999,185878.54271,1166,290.215,88250.61869,0
1790585760000,304.12,304.35,304.05,304.25,399.646,1790585819999,121550.60084,799,309.000,93974.80850,0
1790585820000,304.24,304.39,304.01,304.29,204.074,1790585879999,62078.41459,670,136.124,41406.85135,0
1790585880000,304.28,304.28,303.52,303.71,397.927,1790585939999,120924.61102,960,192.840,58605.61656,0
1790585940000,303.71,303.76,303.62,303.67,196.604,1790585999999,59705.35488,418,146.241,44410.79912,0
1790586000000,303.68,304.17,303.40,304.16,700.196,1790586059999,212697.58176,1936,464.128,141017.33925,0
1790586060000,304.12,304.12,303.13,303.33,455.586,1790586119999,138303.25918,1329,179.881,54613.04409,0
1790586120000,303.33,303.33,301.87,301.87,812.843,1790586179999,245942.71995,1810,148.272,44891.86685,0
1790586180000,301.87,302.07,300.16,300.49,4267.923,1790586239999,1283730.44141,5542,1417.789,426476.40423,0
1790586240000,300.49,301.46,300.05,301.25,1802.244,1790586299999,541907.69488,3212,1097.355,330064.69996,0
1790586300000,301.25,301.34,300.37,301.06,1036.690,1790586359999,311924.51028,1850,490.357,147578.97109,0
1790586360000,301.06,301.06,300.52,300.71,660.185,1790586419999,198558.40039,1807,288.270,86683.05134,0
1790586420000,300.71,301.77,300.46,301.38,802.075,1790586479999,241599.04889,2200,520.848,156906.64777,0
1790586480000,301.38,301.85,300.81,301.30,488.303,1790586539999,147119.86823,1733,162.764,49051.16717,0
1790586540000,301.29,301.29,300.04,300.10,1650.894,1790586599999,495777.75312,2321,363.760,109323.23674,0
1790586600000,300.17,300.62,300.16,300.62,416.878,1790586659999,125220.49264,1182,192.561,57846.49254,0
1790586660000,300.62,301.63,300.57,301.30,625.934,1790586719999,188554.52034,1542,350.012,105444.92008,0
1790586720000,301.30,301.96,301.29,301.81,423.288,1790586779999,127726.47568,1387,159.240,48047.48605,0
1790586780000,301.77,302.70,301.77,302.66,403.638,1790586839999,121988.81320,1197,201.119,60767.18388,0
1790586840000,302.67,303.22,302.62,303.13,414.950,1790586899999,125718.90446,959,267.165,80948.28767,0
1790586900000,303.12,304.45,302.96,304.24,738.987,1790586959999,224538.74608,1599,356.116,108199.87535,0
1790586960000,304.25,304.65,302.98,303.12,666.882,1790587019999,202750.31050,1878,212.286,64551.58941,0
1790587020000,303.11,303.14,302.41,302.84,609.950,1790587079999,184678.34422,1902,270.914,82019.39525,0
1790587080000,302.84,303.20,302.65,303.16,369.629,1790587139999,111977.00962,1218,234.351,70996.74144,0
1790587140000,303.16,303.88,303.07,303.73,468.670,1790587199999,142291.23534,1523,250.164,75948.62234,0
1790587200000,303.74,303.93,303.13,303.29,502.573,1790587259999,152587.31781,1401,166.300,50493.51937,0
1790587260000,303.27,304.12,303.23,303.80,513.998,1790587319999,156186.23953,1401,332.964,101181.03218,0
1790587320000,303.84,303.91,303.19,303.31,279.734,1790587379999,84894.03929,1153,142.293,43180.26429,0
1790587380000,303.31,303.56,302.98,303.04,265.919,1790587439999,80634.84032,705,76.883,23311.40239,0
1790587440000,303.04,303.04,302.11,302.58,552.518,1790587499999,167117.60672,1474,177.148,53589.94547,0
1790587500000,302.58,302.62,302.15,302.17,242.799,1790587559999,73406.22090,775,115.477,34906.80451,0
1790587560000,302.17,302.26,301.81,301.81,402.810,1790587619999,121655.52466,801,55.788,16853.06088,0
1790587620000,301.91,301.94,301.53,301.62,208.325,1790587679999,62860.10313,663,88.914,26829.18521,0
1790587680000,301.62,302.04,301.59,302.03,439.855,1790587739999,132739.84181,1192,259.828,78412.65138,0
1790587740000,302.01,302.20,301.79,301.92,339.431,1790587799999,102503.80607,955,193.455,58419.37310,0
1790587800000,301.92,302.59,301.83,302.52,402.563,1790587859999,121703.88922,900,302.457,91457.61404,0
1790587860000,302.51,302.64,302.05,302.05,356.244,1790587919999,107720.91043,971,177.154,53573.33877,0
1790587920000,302.06,302.29,301.93,301.93,163.162,1790587979999,49289.17064,529,67.400,20359.15514,0
1790587980000,301.92,301.99,301.60,301.76,535.243,1790588039999,161574.06130,900,353.176,106614.62098,0
1790588040000,301.77,301.79,301.34,301.34,188.711,1790588099999,56896.66272,615,81.109,24454.12806,0
1790588100000,301.35,301.42,301.05,301.40,290.721,1790588159999,87578.67206,834,117.697,35460.57932,0
1790588160000,301.41,301.46,300.83,301.12,399.267,1790588219999,120187.39084,946,98.136,29549.04132,0
1790588220000,301.12,301.28,300.88,301.02,684.096,1790588279999,205960.16496,1130,168.610,50759.90277,0
1790588280000,301.02,301.14,300.30,300.39,694.845,1790588339999,208864.78232,1200,164.546,49473.11128,0
1790588340000,300.39,300.68,300.05,300.10,575.818,1790588399999,172949.13187,1501,190.640,57273.62449,0
1790588400000,300.10,300.50,300.01,300.30,1045.793,1790588459999,313927.89838,1658,500.489,150247.10085,0
1790588460000,300.31,300.68,300.19,300.66,425.311,1790588519999,127783.73648,1002,215.013,64602.02532,0
1790588520000,300.66,300.66,300.15,300.47,246.921,1790588579999,74153.36312,794,83.149,24966.43922,0
1790588580000,300.48,300.56,298.63,299.22,5338.325,1790588639999,1598506.61136,5200,1035.343,309868.63741,0
1790588640000,299.23,300.18,299.22,299.63,4633.297,1790588699999,1389580.13684,3801,1222.140,366375.35792,0
1790588700000,299.64,300.00,299.60,299.82,620.564,1790588759999,186042.44393,1373,273.026,81847.31142,0
1790588760000,299.82,300.01,299.49,299.78,626.985,1790588819999,187944.44186,1493,283.119,84872.36036,0
1790588820000,299.78,300.34,299.75,300.31,486.190,1790588879999,145899.24352,1082,300.623,90212.24833,0
1790588880000,300.31,300.71,300.24,300.51,327.970,1790588939999,98547.40706,954,208.982,62787.91110,0
1790588940000,300.50,300.92,300.40,300.85,381.492,1790588999999,114709.82457,748,253.137,76112.86049,0
1790589000000,300.85,301.10,300.70,301.02,630.858,1790589059999,189835.68761,923,303.118,91222.37689,0
1790589060000,301.01,301.05,300.59,300.77,162.778,1790589119999,48958.82335,607,80.021,24067.20522,0
1790589120000,300.77,300.84,299.29,299.32,775.061,1790589179999,232439.97636,1622,260.744,78219.90973,0
1790589180000,299.36,299.50,298.87,299.12,989.572,1790589239999,296018.09266,1638,351.763,105228.26343,0
1790589240000,299.14,299.51,299.00,299.08,1073.908,1790589299999,321367.71868,1241,563.572,168641.66028,0
1790589300000,299.08,299.19,298.80,299.00,709.781,1790589359999,212249.70848,1047,404.557,120970.22294,0
1790589360000,298.93,298.93,298.62,298.88,696.367,1790589419999,208043.73918,1206,361.530,108003.43039,0
1790589420000,298.88,299.46,298.80,298.80,510.805,1790589479999,152772.60692,1136,174.187,52102.07232,0
1790589480000,298.80,298.82,297.55,298.18,5156.057,1790589539999,1536934.06842,7911,1732.233,516368.64853,0
1790589540000,298.18,298.59,298.06,298.59,910.490,1790589599999,271568.72552,1564,344.086,102616.92021,0
1790589600000,298.59,300.00,298.59,299.73,1130.445,1790589659999,338444.67627,2360,737.704,220838.11102,0
1790589660000,299.73,299.90,299.48,299.70,836.892,1790589719999,250801.75858,1224,393.157,117830.83933,0
1790589720000,299.70,300.25,299.44,299.78,765.076,1790589779999,229439.48629,1599,432.205,129620.05456,0
1790589780000,299.78,300.77,299.76,300.74,422.393,1790589839999,126862.47721,1078,255.899,76847.58098,0
1790589840000,300.73,301.10,300.52,300.83,512.341,1790589899999,154119.24355,1223,267.130,80359.38798,0
1790589900000,300.83,300.91,299.87,300.26,946.700,1790589959999,284359.81320,1665,350.079,105135.54396,0
1790589960000,300.26,300.38,299.71,300.13,381.725,1790590019999,114507.62597,1165,196.331,58897.65545,0
1790590020000,300.13,300.13,299.46,299.68,296.384,1790590079999,88868.09329,1199,150.988,45264.70782,0
1790590080000,299.68,299.83,299.35,299.52,299.600,1790590139999,89744.92375,989,152.128,45566.62224,0
1790590140000,299.53,300.12,299.53,300.00,313.772,1790590199999,94076.96292,842,190.971,57265.16061,0
1790590200000,299.99,300.26,299.63,299.66,381.964,1790590259999,114561.95845,1027,124.293,37286.08606,0
1790590260000,299.65,300.00,299.31,299.91,260.024,1790590319999,77936.15880,930,177.096,53075.83234,0
1790590320000,299.91,300.24,299.53,299.62,288.425,1790590379999,86488.53395,988,194.376,58292.46021,0
1790590380000,299.61,299.99,299.43,299.85,229.029,1790590439999,68627.08151,753,147.675,44252.04157,0
1790590440000,299.85,299.93,299.35,299.93,383.506,1790590499999,114888.97580,1021,123.171,36902.14849,0
1790590500000,299.92,300.63,299.89,300.61,253.794,1790590559999,76224.56849,907,200.523,60225.41578,0
1790590560000,300.59,301.10,300.51,301.03,1246.509,1790590619999,375058.85572,1938,975.791,293612.19849,0
1790590620000,301.03,301.18,300.65,300.72,414.667,1790590679999,124798.14946,1178,287.578,86544.69002,0
1790590680000,300.71,300.97,300.28,300.68,389.134,1790590739999,116964.86555,1057,268.703,80759.80779,0
1790590740000,300.67,300.83,300.24,300.26,300.446,1790590799999,90267.97094,900,163.708,49184.14241,0
1790590800000,300.25,300.40,299.90,300.10,479.125,1790590859999,143765.74024,1139,245.831,73759.34972,0
1790590860000,300.10,300.38,300.00,300.18,282.075,1790590919999,84669.24567,796,127.636,38312.19822,0
1790590920000,300.18,300.60,300.18,300.36,336.008,1790590979999,100940.78850,1172,202.325,60777.47675,0
1790590980000,300.36,300.82,300.10,300.79,335.252,1790591039999,100739.05590,1039,172.562,51851.49128,0
1790591040000,300.79,301.33,300.75,301.31,305.652,1790591099999,92025.40812,1000,193.016,58114.99348,0
1790591100000,301.30,301.68,301.18,301.66,328.216,1790591159999,98942.33505,818,197.171,59448.57623,0
1790591160000,301.67,301.84,301.57,301.78,241.791,1790591219999,72951.13036,703,176.369,53213.27943,0
1790591220000,301.78,302.34,301.31,301.73,1433.383,1790591279999,432681.89531,2680,830.166,250587.78175,0
1790591280000,301.74,301.84,301.40,301.50,305.456,1790591339999,92135.50713,976,132.295,39909.29835,0
1790591340000,301.49,301.54,301.23,301.43,294.715,1790591399999,88819.76936,544,221.881,66869.67150,0
1790591400000,301.43,302.29,301.14,302.18,2032.275,1790591459999,613468.51370,3050,1300.419,392467.43050,0
1790591460000,302.17,302.62,302.11,302.58,868.257,1790591519999,262585.03649,1257,702.858,212574.74635,0
1790591520000,302.57,303.18,302.22,303.06,1949.716,1790591579999,590267.16538,2353,1269.745,384413.06327,0
1790591580000,303.07,303.80,302.84,303.58,1118.874,1790591639999,339346.95870,1787,686.705,208274.00437,0
1790591640000,303.59,303.91,303.58,303.88,957.319,1790591699999,290798.21363,1315,528.149,160428.43552,0
1790591700000,303.88,304.38,303.74,304.27,1030.584,1790591759999,313384.49593,1610,618.076,187953.04114,0
1790591760000,304.27,304.87,304.18,304.80,1013.718,1790591819999,308602.29703,1620,668.536,203512.11360,0
1790591820000,304.81,305.03,304.73,305.00,840.065,1790591879999,256099.68441,1508,465.479,141901.92980,0
1790591880000,305.00,305.15,304.69,304.97,935.740,1790591939999,285329.18657,1670,585.576,178551.64627,0
1790591940000,304.98,305.12,304.67,305.00,1049.597,1790591999999,320013.64973,1252,613.976,187205.80393,0
1790592000000,305.01,305.26,304.93,305.01,480.170,1790592059999,146489.87501,1091,342.063,104354.10520,0
1790592060000,305.01,305.60,304.96,305.07,841.424,1790592119999,256772.28434,1466,610.305,186241.16392,0
1790592120000,305.07,305.15,304.97,305.09,514.737,1790592179999,157022.19333,862,271.148,82707.97907,0
1790592180000,305.09,305.15,304.91,305.11,489.288,1790592239999,149231.57027,1036,283.483,86461.46628,0
1790592240000,305.10,305.23,304.87,305.09,624.008,1790592299999,190348.94120,869,324.115,98868.08108,0
1790592300000,305.09,305.48,304.93,305.32,970.471,1790592359999,296187.44442,1425,577.627,176275.16482,0
1790592360000,305.31,306.35,305.26,306.05,1885.182,1790592419999,576712.51690,2734,1188.140,363375.44761,0
1790592420000,306.06,306.35,305.68,305.76,991.939,1790592479999,303555.69319,1748,382.664,117114.52989,0
1790592480000,305.76,305.77,305.19,305.30,704.636,1790592539999,215223.33898,1441,236.134,72114.41095,0
1790592540000,305.30,305.62,305.02,305.16,1215.399,1790592599999,371079.81003,1730,888.660,271318.24497,0
1790592600000,305.15,305.19,304.71,304.88,1572.356,1790592659999,479621.46922,1514,952.665,290610.17025,0
1790592660000,304.93,305.13,304.72,304.79,454.716,1790592719999,138653.76246,903,224.942,68584.58212,0
1790592720000,304.78,305.45,304.67,305.30,886.406,1790592779999,270433.29111,1791,674.833,205886.23882,0
1790592780000,305.30,305.40,305.07,305.07,831.871,1790592839999,253919.16610,1300,505.785,154382.43610,0
1790592840000,305.07,305.07,304.65,304.65,651.314,1790592899999,198536.20204,963,268.248,81764.84467,0
1790592900000,304.66,304.92,304.57,304.92,414.846,1790592959999,126414.72705,901,211.427,64432.52143,0
1790592960000,304.92,305.14,304.33,304.73,665.483,1790593019999,202771.26849,1435,374.596,114169.27838,0
1790593020000,304.73,304.89,304.53,304.58,360.097,1790593079999,109714.93979,849,250.679,76377.56220,0
1790593080000,304.58,305.32,304.50,304.61,812.337,1790593139999,247597.83687,1564,369.186,112533.37259,0
1790593140000,304.61,304.61,304.18,304.26,384.919,1790593199999,117145.74834,686,249.213,75837.91995,0
1790593200000,304.27,305.27,304.12,305.05,1341.886,1790593259999,409036.33910,3746,752.221,229294.94165,0
1790593260000,305.05,306.11,304.92,305.55,1225.875,1790593319999,374500.98194,3319,551.085,168358.96912,0
1790593320000,305.57,305.73,305.02,305.65,758.218,1790593379999,231590.48414,2170,401.301,122571.66247,0
1790593380000,305.65,305.72,304.95,305.39,688.195,1790593439999,210144.78482,1930,352.051,107494.96888,0
1790593440000,305.39,305.47,304.71,305.30,586.360,1790593499999,178833.64639,1517,372.048,113459.69832,0
1790593500000,305.29,305.41,304.67,305.09,539.747,1790593559999,164668.31336,1501,204.608,62414.27290,0
1790593560000,305.09,305.47,304.99,305.43,469.906,1790593619999,143440.35597,1347,204.193,62332.89659,0
1790593620000,305.42,305.70,304.89,304.99,661.569,1790593679999,202013.32783,1562,419.530,128142.47227,0
1790593680000,304.98,305.23,304.73,304.85,411.037,1790593739999,125342.98815,1407,253.119,77186.99932,0
1790593740000,304.85,305.04,304.80,304.87,205.386,1790593799999,62617.14742,700,105.571,32185.13440,0
1790593800000,304.87,304.93,304.51,304.82,319.727,1790593859999,97426.81079,958,107.131,32641.51084,0
1790593860000,304.81,304.96,304.60,304.84,317.301,1790593919999,96714.98648,895,120.751,36802.54526,0
1790593920000,304.83,304.93,304.69,304.74,237.704,1790593979999,72450.73805,740,79.287,24165.27163,0
1790593980000,304.73,305.09,304.49,304.70,584.253,1790594039999,178123.98364,1344,371.591,113289.56486,0
1790594040000,304.70,304.93,304.52,304.55,505.328,1790594099999,153960.84343,1046,279.281,85091.93001,0
1790594100000,304.55,305.13,304.45,305.13,268.154,1790594159999,81750.71188,1189,120.955,36870.46399,0
1790594160000,305.14,305.45,304.63,305.16,1053.586,1790594219999,321325.16275,2793,403.132,122948.38874,0
1790594220000,305.15,305.68,305.03,305.54,923.755,1790594279999,282020.79580,2071,464.626,141858.71793,0
1790594280000,305.53,305.58,304.77,304.77,294.165,1790594339999,89749.81037,1075,89.898,27437.40172,0
1790594340000,304.77,304.78,304.10,304.49,375.738,1790594399999,114368.38929,1204,168.330,51242.86549,0
1790594400000,304.48,304.48,303.85,304.33,1035.046,1790594459999,314723.60984,1652,308.526,93814.67884,0
1790594460000,304.33,304.33,304.12,304.18,195.937,1790594519999,59607.14993,673,99.113,30151.06935,0
1790594520000,304.17,305.09,304.17,304.76,700.416,1790594579999,213579.00568,1132,129.106,39352.38618,0
1790594580000,304.75,305.24,304.61,305.18,644.670,1790594639999,196605.92488,1398,329.588,100523.24740,0
1790594640000,305.17,305.26,304.72,305.04,309.308,1790594699999,94336.56503,800,180.730,55125.59492,0
1790594700000,305.03,305.03,304.53,304.53,206.253,1790594759999,62846.00999,619,109.006,33216.00462,0
1790594760000,304.53,304.78,304.47,304.75,304.152,1790594819999,92656.48940,832,121.307,36952.29298,0
1790594820000,304.75,304.75,304.47,304.57,191.556,1790594879999,58352.94708,611,99.764,30392.82551,0
1790594880000,304.56,304.65,304.46,304.49,182.852,1790594939999,55689.50405,562,84.861,25844.52336,0
1790594940000,304.48,304.80,304.40,304.61,274.683,1790594999999,83641.29894,612,222.711,67814.51823,0
1790595000000,304.61,304.69,304.20,304.20,203.879,1790595059999,62065.35563,784,89.828,27348.22785,0
1790595060000,304.19,304.98,304.16,304.91,237.928,1790595119999,72473.60042,786,115.731,35245.57959,0
1790595120000,304.91,305.71,304.53,305.46,1511.317,1790595179999,461303.50110,2458,936.628,285813.48671,0
1790595180000,305.45,305.76,305.12,305.66,580.717,1790595239999,177397.64480,1354,256.267,78276.42369,0
1790595240000,305.66,306.08,305.61,306.01,601.821,1790595299999,184056.21399,1160,393.391,120320.73086,0
1790595300000,306.00,306.21,305.89,306.11,398.407,1790595359999,121931.18916,1065,231.587,70872.95282,0
1790595360000,306.11,306.17,305.67,305.82,448.257,1790595419999,137135.24073,1179,276.935,84723.80760,0
1790595420000,305.81,305.92,305.65,305.75,169.408,1790595479999,51801.40632,786,106.535,32573.82699,0
1790595480000,305.75,305.96,305.68,305.76,242.027,1790595539999,74015.78412,694,116.475,35619.60314,0
1790595540000,305.76,306.50,305.70,306.37,563.167,1790595599999,172436.97229,1073,433.227,132631.89767,0
1790595600000,306.38,306.65,306.18,306.50,806.991,1790595659999,247323.78088,1068,513.008,157250.51679,0
1790595660000,306.51,306.80,306.43,306.70,412.150,1790595719999,126369.29657,1144,234.550,71913.97059,0
1790595720000,306.71,307.27,306.67,307.03,1604.639,1790595779999,492645.17265,2312,760.196,233379.39115,0
1790595780000,307.03,307.28,306.93,307.09,580.775,1790595839999,178352.03326,1269,225.486,69247.51405,0
1790595840000,307.09,307.22,306.76,306.77,708.625,1790595899999,217539.53129,1272,332.454,102062.94530,0
1790595900000,306.76,306.79,306.20,306.50,406.277,1790595959999,124533.18527,1060,206.402,63256.29419,0
1790595960000,306.50,306.73,306.35,306.42,354.009,1790596019999,108507.99880,946,161.165,49397.12567,0
1790596020000,306.42,306.46,306.12,306.12,287.779,1790596079999,88145.29175,834,129.987,39815.22258,0
1790596080000,306.12,306.18,305.61,305.73,764.337,1790596139999,233812.14609,1085,247.515,75728.88980,0
1790596140000,305.74,306.04,305.54,306.01,487.440,1790596199999,149008.14382,877,282.450,86354.38657,0
1790596200000,306.00,306.00,305.64,305.67,407.467,1790596259999,124609.69520,755,161.833,49493.25810,0
1790596260000,305.67,306.02,305.67,305.96,258.167,1790596319999,78983.31273,527,92.826,28389.32576,0
1790596320000,305.96,306.24,305.67,305.68,294.598,1790596379999,90128.41476,837,144.707,44269.18212,0
1790596380000,305.68,305.80,305.16,305.24,320.445,1790596439999,97887.27051,835,79.847,24384.97046,0
1790596440000,305.24,305.34,305.08,305.21,210.471,1790596499999,64242.95809,511,101.554,30995.67410,0
1790596500000,305.20,305.71,305.18,305.71,160.083,1790596559999,48882.67610,557,121.261,37030.23645,0
1790596560000,305.72,306.10,305.61,305.97,283.745,1790596619999,86796.81109,869,190.884,58391.85486,0
1790596620000,305.97,306.22,305.90,306.00,312.973,1790596679999,95788.62968,820,141.244,43228.41486,0
1790596680000,306.00,306.20,305.76,305.76,363.689,1790596739999,111286.23394,943,165.847,50748.26137,0
1790596740000,305.77,306.10,305.52,306.04,237.624,1790596799999,72638.77618,575,184.290,56329.26425,0
1790596800000,306.04,306.04,305.17,305.46,542.279,1790596859999,165685.55080,1469,225.074,68779.69477,0
1790596860000,305.45,305.45,304.80,305.11,671.623,1790596919999,204870.29567,1554,161.791,49363.52486,0
1790596920000,305.11,305.15,304.49,304.83,845.529,1790596979999,257642.73008,1495,434.295,132333.78312,0
1790596980000,304.83,304.84,304.33,304.76,334.401,1790597039999,101869.95840,1038,121.149,36907.83716,0
1790597040000,304.75,306.11,304.75,306.05,1932.600,1790597099999,590607.87547,3819,1294.553,395576.63266,0
1790597100000,306.07,307.40,306.07,307.19,986.193,1790597159999,302615.77079,2372,487.670,149651.25755,0
1790597160000,307.20,308.87,307.19,308.60,2196.207,1790597219999,677000.47108,4447,980.418,302167.82686,0
1790597220000,308.51,309.00,308.07,308.81,1541.993,1790597279999,475968.04053,3180,854.497,263765.23835,0
1790597280000,308.81,308.99,307.80,308.22,1488.091,1790597339999,458825.24584,2914,637.129,196525.60213,0
1790597340000,308.22,309.00,308.22,308.98,877.386,1790597399999,270929.29789,2014,428.203,132239.49171,0
1790597400000,308.97,309.16,308.30,308.34,1015.979,1790597459999,313774.11630,2218,469.108,144882.55992,0
1790597460000,308.34,308.51,307.77,308.07,856.096,1790597519999,263755.68961,1950,487.091,150090.85510,0
1790597520000,308.06,308.08,307.53,307.53,544.012,1790597579999,167406.11767,1584,222.872,68581.50692,0
1790597580000,307.52,307.74,307.30,307.58,427.783,1790597639999,131547.00875,1246,215.993,66425.61027,0
1790597640000,307.56,308.02,307.39,307.87,463.358,1790597699999,142534.58350,1128,309.390,95166.71228,0
1790597700000,307.90,308.34,307.74,308.11,604.955,1790597759999,186386.25840,1529,316.360,97472.14629,0
1790597760000,308.10,308.44,307.86,308.38,351.908,1790597819999,108445.16890,1049,155.394,47879.63837,0
1790597820000,308.36,308.91,308.05,308.83,928.540,1790597879999,286536.98259,1796,329.493,101690.74707,0
1790597880000,308.82,309.48,308.72,308.81,855.430,1790597939999,264414.54450,2144,373.564,115484.63322,0
1790597940000,308.81,309.48,308.73,309.11,744.034,1790597999999,230004.45999,1474,423.430,130887.63606,0
1790598000000,309.11,309.44,309.01,309.24,855.312,1790598059999,264500.85407,1546,478.159,147871.06807,0
1790598060000,309.24,309.34,307.66,307.81,948.808,1790598119999,292772.47573,2252,367.890,113545.19797,0
1790598120000,307.80,307.80,305.86,305.92,1696.353,1790598179999,520159.95733,4030,812.581,249131.37668,0
1790598180000,305.93,307.33,305.73,307.23,1187.047,1790598239999,363716.12417,2406,801.865,245609.80163,0
1790598240000,307.24,307.56,307.02,307.23,1012.189,1790598299999,310973.69023,1698,458.204,140785.89304,0
1790598300000,307.24,307.24,306.52,306.65,641.505,1790598359999,196819.30722,1487,202.035,61996.48309,0
1790598360000,306.65,307.51,306.60,306.99,860.594,1790598419999,264308.45370,2390,436.270,133984.88830,0
1790598420000,307.00,307.27,306.80,307.11,257.750,1790598479999,79157.81899,779,97.662,29988.77121,0
1790598480000,307.10,307.27,306.54,306.59,272.035,1790598539999,83498.85090,1032,157.379,48305.11113,0
1790598540000,306.59,306.75,306.39,306.51,305.178,1790598599999,93544.14441,733,103.850,31835.37872,0
1790598600000,306.57,306.71,306.32,306.49,327.922,1790598659999,100514.48560,993,87.805,26912.29083,0
1790598660000,306.50,306.68,304.83,305.64,6168.704,1790598719999,1884523.80720,3567,1108.739,338990.19430,0
1790598720000,305.66,305.66,304.16,304.91,5546.269,1790598779999,1690708.61393,4823,2179.968,664339.94798,0
1790598780000,304.91,305.58,304.85,305.58,619.038,1790598839999,188862.67839,990,501.121,152897.83760,0
1790598840000,305.58,306.11,305.37,306.08,557.606,1790598899999,170462.36277,1117,287.173,87799.65870,0
1790598900000,306.09,306.38,306.00,306.26,889.772,1790598959999,272410.33224,1459,403.780,123625.30963,0
1790598960000,306.25,306.25,305.53,305.96,496.282,1790599019999,151792.41714,1215,219.602,67162.80934,0
1790599020000,305.96,305.97,305.61,305.61,592.809,1790599079999,181268.16550,1180,237.890,72753.60714,0
1790599080000,305.61,305.91,305.38,305.62,1988.366,1790599139999,607506.24234,1421,364.777,111484.84750,0
1790599140000,305.63,305.78,305.43,305.73,355.193,1790599199999,108551.01659,854,181.093,55344.03119,0
1790599200000,305.74,305.79,305.05,305.34,2226.878,1790599259999,679916.51582,1589,303.084,92539.62456,0
1790599260000,305.36,305.74,305.36,305.48,253.359,1790599319999,77415.73148,787,126.163,38550.16890,0
1790599320000,305.49,305.55,305.39,305.43,147.171,1790599379999,44957.78273,565,86.457,26410.09827,0
1790599380000,305.43,305.83,305.40,305.46,191.114,1790599439999,58413.95174,731,110.972,33918.34741,0
1790599440000,305.46,306.41,305.46,306.40,286.502,1790599499999,87620.39209,902,236.041,72197.58317,0
1790599500000,306.40,307.03,306.32,306.89,1000.312,1790599559999,306917.57325,1251,382.219,117265.69642,0
1790599560000,306.89,307.65,306.89,307.18,786.422,1790599619999,241713.88092,1738,356.121,109443.26343,0
1790599620000,307.18,307.32,306.30,306.41,452.353,1790599679999,138747.08142,1214,184.734,56641.47282,0
1790599680000,306.40,306.94,306.18,306.74,291.835,1790599739999,89457.57294,924,195.407,59897.97217,0
1790599740000,306.75,306.85,306.37,306.65,835.098,1790599799999,256066.44176,1416,568.767,174407.01795,0
1790599800000,306.65,306.79,306.52,306.56,164.967,1790599859999,50585.68333,681,51.482,15785.66677,0
1790599860000,306.55,306.77,306.16,306.24,372.531,1790599919999,114158.29716,990,181.127,55495.16059,0
1790599920000,306.23,307.61,306.22,307.27,580.511,1790599979999,178368.64598,1649,331.543,101870.25296,0
1790599980000,307.27,307.62,306.89,307.53,497.850,1790600039999,152965.84472,1538,268.090,82382.23055,0
1790600040000,307.52,308.65,307.45,308.60,1078.882,1790600099999,332507.75453,2101,646.311,199157.48555,0
1790600100000,308.61,309.00,308.25,308.27,738.422,1790600159999,227874.88868,2069,379.966,117257.74392,0
1790600160000,308.27,308.27,307.22,307.50,1177.864,1790600219999,362334.08061,2049,299.429,92127.24747,0
1790600220000,307.48,308.16,307.21,307.92,369.597,1790600279999,113698.89971,1267,156.329,48082.49901,0
1790600280000,307.91,307.94,307.61,307.70,294.191,1790600339999,90543.73557,919,130.545,40178.74417,0
1790600340000,307.69,307.84,307.50,307.57,322.181,1790600399999,99116.11295,830,189.410,58274.31715,0
1790600400000,307.58,307.61,306.29,306.51,722.923,1790600459999,221874.34728,1700,214.030,65684.78335,0
1790600460000,306.50,306.81,306.45,306.52,483.268,1790600519999,148179.89791,1170,232.649,71344.36912,0
1790600520000,306.52,306.52,305.82,305.87,353.621,1790600579999,108267.21104,957,110.253,33754.53143,0
1790600580000,305.87,306.13,305.47,306.08,447.869,1790600639999,136983.63708,1465,199.652,61072.39025,0
1790600640000,306.07,306.37,306.01,306.20,432.754,1790600699999,132519.68059,1034,224.865,68860.98344,0
1790600700000,306.19,306.32,306.06,306.14,189.170,1790600759999,57919.39977,621,84.470,25862.62011,0
1790600760000,306.14,306.59,305.82,306.36,827.747,1790600819999,253530.40729,1280,613.201,187824.63615,0
1790600820000,306.35,307.24,306.28,306.99,367.278,1790600879999,112717.08481,1168,165.566,50808.43322,0
1790600880000,306.98,307.06,306.22,306.70,521.222,1790600939999,159821.47799,1467,257.819,79043.17719,0
1790600940000,306.71,307.00,306.32,306.64,455.281,1790600999999,139614.70821,1166,277.721,85158.75012,0
1790601000000,306.63,306.67,305.75,306.31,473.242,1790601059999,144825.54002,1374,124.459,38099.21630,0
1790601060000,306.31,306.71,306.20,306.56,284.430,1790601119999,87167.49581,888,179.117,54896.87753,0
1790601120000,306.54,306.76,306.33,306.54,153.629,1790601179999,47092.51299,672,89.017,27287.18782,0
1790601180000,306.53,306.89,306.43,306.84,286.549,1790601239999,87902.24761,828,167.159,51279.33543,0
1790601240000,306.85,307.69,306.85,307.67,323.667,1790601299999,99487.95233,1008,203.069,62406.41348,0
1790601300000,307.66,307.66,307.39,307.39,312.227,1790601359999,96018.61927,991,162.885,50092.73583,0
1790601360000,307.39,307.72,307.05,307.05,536.752,1790601419999,164990.21212,1399,192.181,59082.41132,0
1790601420000,307.04,307.65,306.07,306.17,776.798,1790601479999,238268.66013,2016,369.945,113465.53643,0
1790601480000,306.18,306.72,305.79,306.50,2665.224,1790601539999,816140.21055,2124,2121.858,649695.09405,0
1790601540000,306.50,307.08,306.36,307.03,326.643,1790601599999,100143.52968,1017,170.017,52132.54702,0
1790601600000,307.02,307.32,306.83,307.07,251.503,1790601659999,77238.25436,961,118.258,36318.87001,0
1790601660000,307.06,307.43,306.75,306.75,351.691,1790601719999,108043.09621,1052,215.687,66267.17542,0
1790601720000,306.74,306.89,306.19,306.58,762.059,1790601779999,233547.94888,1798,255.772,78382.41242,0
1790601780000,306.57,307.04,306.38,306.85,423.490,1790601839999,129945.07027,782,255.702,78470.04779,0
1790601840000,306.84,307.19,306.76,307.02,642.613,1790601899999,197258.20213,920,167.094,51301.01709,0
1790601900000,307.02,307.97,306.72,307.97,216.932,1790601959999,66673.15388,1040,127.860,39301.53956,0
1790601960000,307.97,308.28,307.86,307.91,853.012,1790602019999,262854.35549,1420,310.784,95744.09010,0
1790602020000,307.91,308.30,307.83,308.11,527.228,1790602079999,162463.48283,972,189.831,58491.92816,0
1790602080000,308.10,308.62,307.98,308.48,382.821,1790602139999,118057.71941,1174,215.020,66309.34230,0
1790602140000,308.45,308.52,308.12,308.41,462.170,1790602199999,142518.26352,1184,111.831,34487.19693,0
1790602200000,308.47,309.33,307.35,307.44,1620.992,1790602259999,500233.40352,3566,637.653,196775.64616,0
1790602260000,307.44,308.29,306.94,307.64,1839.898,1790602319999,566069.97008,4628,1034.593,318308.20242,0
1790602320000,307.65,307.70,307.07,307.31,611.858,1790602379999,188087.26477,2549,233.307,71726.14614,0
1790602380000,307.29,307.59,306.66,306.81,480.364,1790602439999,147463.12848,2014,176.296,54129.33358,0
1790602440000,306.86,307.69,306.51,307.32,367.235,1790602499999,112752.86384,1669,203.370,62453.62141,0
1790602500000,307.32,308.04,306.69,306.71,589.425,1790602559999,181181.99922,2109,261.168,80283.15267,0
1790602560000,306.73,307.32,306.27,307.09,948.412,1790602619999,290903.32622,2312,484.154,148487.57408,0
1790602620000,307.09,308.72,307.09,308.31,1161.755,1790602679999,357907.35576,3202,580.932,178990.94300,0
1790602680000,308.31,309.32,308.31,309.24,650.105,1790602739999,200727.16322,1940,395.342,122078.09280,0
1790602740000,309.23,309.97,309.17,309.19,964.432,1790602799999,298564.65298,2628,465.577,144141.55574,0
1790602800000,309.18,309.22,308.34,309.11,612.894,1790602859999,189235.60575,2458,270.019,83388.45338,0
1790602860000,309.12,309.76,308.62,309.05,754.912,1790602919999,233475.12094,2246,453.041,140130.31051,0
1790602920000,309.05,309.74,309.05,309.56,657.798,1790602979999,203576.81879,1807,372.364,115235.86841,0
1790602980000,309.55,310.72,309.30,310.31,4057.093,1790603039999,1258582.77045,4651,2957.317,917570.83396,0
1790603040000,310.31,310.34,309.05,309.51,1118.137,1790603099999,346319.32384,1976,347.536,107604.69065,0
1790603100000,309.50,310.41,309.35,309.79,1927.157,1790603159999,597463.04074,3147,994.394,308305.96891,0
1790603160000,309.78,309.93,309.12,309.74,800.038,1790603219999,247663.20872,1839,211.714,65526.92460,0
1790603220000,309.73,310.28,309.53,309.55,748.277,1790603279999,231919.65147,2112,405.916,125827.06247,0
1790603280000,309.56,310.00,309.30,309.75,461.053,1790603339999,142783.75903,1392,184.996,57290.74701,0
1790603340000,309.76,309.76,308.11,308.11,781.687,1790603399999,241487.14081,1843,246.310,76075.77107,0
1790603400000,308.10,308.10,306.84,307.31,844.072,1790603459999,259588.26108,2012,237.681,73100.22375,0
1790603460000,307.32,307.62,306.69,307.22,1219.060,1790603519999,374261.51793,2777,422.593,129767.91888,0
1790603520000,307.15,307.80,306.74,307.59,542.759,1790603579999,166796.69758,1618,271.993,83599.84655,0
1790603580000,307.56,308.27,307.56,307.90,484.852,1790603639999,149302.49507,1308,224.240,69055.65868,0
1790603640000,307.91,309.04,307.91,308.81,777.188,1790603699999,239827.76235,1759,415.198,128161.47611,0
1790603700000,308.81,309.31,308.03,308.03,727.383,1790603759999,224594.65759,1821,295.004,91125.79873,0
1790603760000,308.02,308.04,307.28,307.55,534.167,1790603819999,164294.75125,1371,352.835,108517.55873,0
1790603820000,307.56,308.05,307.54,307.89,468.592,1790603879999,144263.83487,1116,353.670,108895.38639,0
1790603880000,307.89,308.03,307.45,307.55,255.811,1790603939999,78714.95682,778,80.099,24648.11975,0
1790603940000,307.54,307.61,306.98,307.02,487.604,1790603999999,149820.08764,1012,202.186,62097.22963,0
1790604000000,307.02,307.02,305.48,305.80,1408.390,1790604059999,430996.71579,2673,326.811,100048.81110,0
1790604060000,305.79,305.89,305.20,305.25,973.319,1790604119999,297341.42119,2115,309.278,94495.61739,0
1790604120000,305.25,306.15,304.68,305.96,1433.385,1790604179999,437764.53449,2951,681.238,208160.60758,0
1790604180000,305.97,306.05,305.24,305.42,788.535,1790604239999,240985.37000,1763,327.262,100008.48602,0
1790604240000,305.42,305.48,304.80,304.93,874.789,1790604299999,267010.44217,1713,300.039,91578.98752,0
1790604300000,304.93,305.36,304.38,304.74,994.661,1790604359999,303103.15459,2498,351.297,107094.56899,0
1790604360000,304.74,305.85,303.55,305.85,1650.668,1790604419999,502560.41330,3011,553.378,168589.70886,0
1790604420000,305.86,306.33,305.37,306.06,2241.557,1790604479999,685716.75508,2558,612.243,187256.59726,0
1790604480000,306.06,306.52,305.88,305.90,399.646,1790604539999,122379.77170,1491,156.869,48045.48216,0
1790604540000,305.90,306.14,305.20,305.34,799.546,1790604599999,244481.76494,1391,156.556,47865.60802,0
1790604600000,305.34,305.34,304.62,304.75,352.560,1790604659999,107529.20176,1276,117.227,35763.79606,0
1790604660000,304.74,305.67,304.51,305.64,665.755,1790604719999,203085.82256,1970,238.900,72878.29783,0
1790604720000,305.64,305.91,305.27,305.73,503.056,1790604779999,153729.02815,1526,269.482,82356.40652,0
1790604780000,305.74,305.76,304.91,305.22,537.430,1790604839999,164109.95018,1453,230.255,70337.69789,0
1790604840000,305.23,305.23,304.49,304.95,572.665,1790604899999,174595.17884,1405,139.836,42621.57658,0
1790604900000,304.95,305.07,303.22,303.27,1150.782,1790604959999,349997.56209,2506,230.689,70235.14309,0
1790604960000,303.26,303.50,302.16,303.14,2592.993,1790605019999,785249.28628,4613,934.289,282990.19189,0
1790605020000,303.14,304.20,303.03,303.36,840.751,1790605079999,255225.79942,2531,478.898,145389.68205,0
1790605080000,303.37,303.52,302.32,302.37,837.357,1790605139999,253655.04156,2229,358.020,108483.34245,0
1790605140000,302.37,304.04,302.31,303.79,1062.217,1790605199999,322056.22273,2501,632.634,191741.79863,0
1790605200000,303.80,304.54,303.34,304.51,606.100,1790605259999,184184.79829,2233,248.331,75471.80609,0
1790605260000,304.51,304.94,304.32,304.74,549.357,1790605319999,167367.10051,1681,256.168,78047.41671,0
1790605320000,304.75,306.48,304.75,306.41,1138.608,1790605379999,347975.04976,2970,782.036,239010.59436,0
1790605380000,306.40,306.46,305.04,305.24,685.109,1790605439999,209547.20073,1805,390.388,119413.23777,0
1790605440000,305.23,305.43,304.68,305.43,367.404,1790605499999,112091.48093,1453,149.382,45570.27920,0
1790605500000,305.40,305.69,304.89,305.07,359.436,1790605559999,109734.03822,1763,117.269,35804.04363,0
1790605560000,305.08,305.15,303.85,304.27,616.909,1790605619999,187814.66200,2171,245.107,74651.98162,0
1790605620000,304.27,304.48,302.56,302.76,791.153,1790605679999,240229.62748,2160,178.190,54067.02060,0
1790605680000,302.76,303.02,301.54,301.62,1529.122,1790605739999,461817.51229,3264,342.394,103420.83134,0
1790605740000,301.61,301.83,300.22,301.32,3300.567,1790605799999,993346.93416,5968,1116.442,336184.26004,0
1790605800000,301.32,302.66,301.32,302.48,1502.226,1790605859999,453840.70980,3781,811.070,245049.56747,0
1790605860000,302.48,302.58,300.87,300.98,1152.207,1790605919999,347485.30819,3476,397.034,119724.09778,0
1790605920000,300.97,302.47,300.69,301.85,1291.695,1790605979999,389469.99252,3814,740.289,223247.36849,0
1790605980000,301.85,302.96,301.76,302.25,1038.377,1790606039999,313940.70695,2927,328.516,99332.44425,0
1790606040000,302.24,302.79,302.02,302.44,648.817,1790606099999,196208.78037,2062,374.221,113158.19311,0
1790606100000,302.44,303.33,302.00,303.32,856.520,1790606159999,259304.33721,2406,551.379,166978.18440,0
1790606160000,303.33,303.72,303.20,303.26,796.579,1790606219999,241728.67228,2583,316.026,95910.83823,0
1790606220000,303.25,303.85,302.68,302.73,681.379,1790606279999,206677.39669,2264,241.551,73282.74516,0
1790606280000,302.74,302.74,301.77,302.18,821.239,1790606339999,248164.37250,2279,324.211,98006.06496,0
1790606340000,302.19,303.73,302.02,303.01,982.356,1790606399999,297551.81875,2756,639.291,193632.53748,0
1790606400000,303.00,303.51,302.76,302.94,372.965,1790606459999,113049.36593,2259,215.003,65169.81915,0
1790606460000,302.94,302.94,301.46,301.49,853.730,1790606519999,257665.77619,2766,328.829,99267.29932,0
1790606520000,301.47,301.47,299.75,300.51,2174.958,1790606579999,653187.81739,4380,702.382,211015.99454,0
1790606580000,300.52,300.57,298.88,299.36,3401.473,1790606639999,1019326.57296,6531,1458.461,437262.12521,0
1790606640000,299.36,300.45,298.86,300.45,1674.257,1790606699999,501816.88118,3739,1004.407,301084.79045,0
1790606700000,300.46,300.83,299.95,300.58,1530.633,1790606759999,459911.88228,3996,792.658,238250.17991,0
1790606760000,300.57,300.95,300.04,300.25,1182.262,1790606819999,355318.74199,3575,500.422,150403.16451,0
1790606820000,300.24,300.24,298.62,298.80,3392.873,1790606879999,1015336.19539,5873,1101.556,329703.37250,0
1790606880000,298.78,300.64,298.32,300.49,1329.983,1790606939999,398207.40644,4280,896.560,268456.42626,0
1790606940000,300.49,300.76,300.12,300.39,778.035,1790606999999,233807.54344,2636,409.469,123044.62274,0
1790607000000,300.38,301.11,300.38,300.89,792.687,1790607059999,238414.50016,2737,370.261,111373.96630,0
1790607060000,300.87,301.20,298.40,298.49,971.029,1790607119999,290997.87461,3126,354.993,106451.93826,0
1790607120000,298.48,299.21,297.42,298.99,5011.765,1790607179999,1494878.46225,7321,1520.975,453719.04384,0
1790607180000,298.97,300.38,297.72,300.25,2654.805,1790607239999,794225.22267,5462,1667.484,498969.61214,0
1790607240000,300.25,300.99,299.85,300.18,1142.437,1790607299999,343294.81078,3330,468.588,140840.25427,0
1790607300000,300.20,300.34,299.18,299.64,979.503,1790607359999,293687.66211,3279,479.158,143646.07495,0
1790607360000,299.63,300.79,299.21,300.73,983.251,1790607419999,294935.52799,2874,533.663,160116.59463,0
1790607420000,300.73,301.49,300.67,301.06,624.086,1790607479999,187933.50047,2277,335.135,100926.08371,0
1790607480000,301.07,301.34,300.16,300.69,505.717,1790607539999,152031.85022,1526,230.320,69254.14074,0
1790607540000,300.69,300.94,300.29,300.87,361.123,1790607599999,108543.81203,1529,131.495,39525.70119,0
1790607600000,300.88,301.56,300.22,300.93,784.774,1790607659999,236217.51841,3068,448.252,134973.77718,0
1790607660000,300.96,301.52,300.83,301.16,575.940,1790607719999,173454.89916,2477,248.672,74888.42642,0
1790607720000,301.16,301.21,300.19,300.50,603.524,1790607779999,181497.81378,2474,297.103,89352.49518,0
1790607780000,300.43,300.83,300.10,300.32,674.603,1790607839999,202706.32789,2971,398.438,119728.83318,0
1790607840000,300.30,300.46,299.05,299.29,1116.508,1790607899999,334608.68432,3311,540.543,162019.68559,0
1790607900000,299.28,299.48,298.62,299.20,1193.651,1790607959999,356969.12626,3253,633.509,189459.67527,0
1790607960000,299.20,299.20,298.35,298.88,1453.177,1790608019999,434205.69744,3816,698.947,208826.38955,0
1790608020000,298.89,299.09,297.72,297.92,1430.864,1790608079999,426857.15730,4077,671.462,200326.59518,0
1790608080000,297.93,298.62,297.72,298.08,1647.248,1790608139999,491043.67870,4303,867.468,258590.64716,0
1790608140000,298.08,299.77,298.08,299.70,1707.475,1790608199999,510514.86811,4204,968.125,289457.58104,0
1790608200000,299.69,300.09,298.71,298.92,1605.589,1790608259999,481075.48652,3625,889.161,266477.23292,0
1790608260000,298.93,298.94,296.13,296.49,4186.125,1790608319999,1243865.52911,6601,1475.975,438899.34122,0
1790608320000,296.48,296.95,295.51,296.47,3983.037,1790608379999,1179202.54073,7667,1718.337,508876.16267,0
1790608380000,296.48,296.73,294.28,294.97,6738.439,1790608439999,1988903.32198,9413,2183.293,644409.12317,0
1790608440000,294.97,296.23,294.67,295.76,2391.102,1790608499999,706549.06644,4682,1186.521,350663.96439,0
1790608500000,295.81,296.37,294.83,295.82,1807.498,1790608559999,534271.69541,3911,888.747,262695.62284,0
1790608560000,295.82,296.60,295.57,296.23,2358.486,1790608619999,698678.23260,3400,654.882,193952.32023,0
1790608620000,296.24,296.41,294.65,295.00,1361.326,1790608679999,402085.98163,3089,602.996,178132.96991,0
1790608680000,294.97,295.18,294.67,295.06,1574.338,1790608739999,464341.89759,3456,715.415,211024.69180,0
1790608740000,295.05,296.50,294.86,296.27,1578.397,1790608799999,467108.26383,3461,670.066,198237.76720,0
1790608800000,296.24,297.07,296.12,296.58,873.595,1790608859999,259202.33301,2382,431.013,127878.93285,0
1790608860000,296.59,297.53,296.18,297.49,707.951,1790608919999,210084.06589,2159,256.186,76038.04649,0
1790608920000,297.50,297.77,297.00,297.04,745.717,1790608979999,221804.08640,2363,236.309,70296.74548,0
1790608980000,297.04,298.00,296.34,297.87,1102.835,1790609039999,327596.36567,2850,488.722,145241.67743,0
1790609040000,297.87,298.90,297.35,298.29,1480.564,1790609099999,441823.46416,2865,920.346,274666.51407,0
1790609100000,298.29,299.05,297.71,298.68,2465.582,1790609159999,736120.75497,4447,963.198,287580.39309,0
1790609160000,298.70,299.36,298.49,299.28,726.895,1790609219999,217282.50345,2219,401.946,120146.25362,0
1790609220000,299.27,299.35,298.91,299.28,763.796,1790609279999,228481.44466,1892,416.782,124674.52674,0
1790609280000,299.30,299.76,299.09,299.72,753.544,1790609339999,225620.41383,1803,402.156,120433.78303,0
1790609340000,299.72,299.85,298.79,299.18,604.951,1790609399999,181127.06746,1686,201.587,60384.00869,0
1790609400000,299.18,299.18,298.05,298.84,557.631,1790609459999,166540.93174,2201,196.963,58824.05732,0
1790609460000,298.85,298.88,298.36,298.48,379.939,1790609519999,113461.07328,1396,144.323,43092.20583,0
1790609520000,298.49,299.14,298.49,298.82,500.443,1790609579999,149575.60433,1784,280.266,83764.69051,0
1790609580000,298.80,298.81,298.26,298.32,429.533,1790609639999,128222.63734,1285,168.846,50411.88729,0
1790609640000,298.31,298.42,297.97,298.32,486.759,1790609699999,145134.11656,2080,146.454,43671.72941,0
1790609700000,298.32,298.97,298.29,298.83,436.472,1790609759999,130326.24066,1446,229.666,68577.80608,0
1790609760000,298.82,300.20,298.80,300.07,811.814,1790609819999,243108.88159,2553,577.714,173031.11413,0
1790609820000,300.07,300.24,299.42,300.24,1343.833,1790609879999,402893.71713,3016,917.538,275105.25693,0
1790609880000,300.24,300.97,299.88,300.91,1453.903,1790609939999,436805.15024,2807,932.183,280085.02139,0
1790609940000,300.90,300.99,299.09,300.20,2349.943,1790609999999,704034.52303,2656,1705.535,510673.18517,0
1790610000000,300.21,300.33,299.44,299.55,1509.432,1790610059999,452793.61556,1804,210.568,63150.23249,0
1790610060000,299.56,299.93,299.35,299.89,307.590,1790610119999,92150.61573,1085,124.478,37293.08615,0
1790610120000,299.89,300.17,299.48,299.54,352.857,1790610179999,105784.41564,1535,161.516,48430.15354,0
1790610180000,299.54,299.59,298.71,298.71,329.939,1790610239999,98729.76443,1338,105.522,31578.11713,0
1790610240000,298.70,299.05,298.48,298.89,1062.615,1790610299999,317408.46425,2232,351.963,105145.80009,0
1790610300000,298.91,299.60,298.79,299.52,357.471,1790610359999,106969.13662,1079,217.587,65099.77922,0
1790610360000,299.53,299.81,298.91,299.01,572.995,1790610419999,171548.64485,1925,306.296,91726.91886,0
1790610420000,299.00,299.57,298.96,299.52,318.027,1790610479999,95184.29573,1197,188.188,56329.92528,0
1790610480000,299.51,299.70,299.21,299.25,227.290,1790610539999,68062.38784,1199,130.027,38936.94064,0
1790610540000,299.25,299.81,299.21,299.81,248.415,1790610599999,74400.77138,985,146.929,44010.23575,0
1790610600000,299.82,300.49,299.75,300.32,459.083,1790610659999,137810.17395,1653,287.739,86379.78144,0
1790610660000,300.31,300.32,299.43,299.43,261.772,1790610719999,78512.18317,1311,70.675,21198.06947,0
1790610720000,299.44,299.87,299.12,299.38,241.753,1790610779999,72392.33465,1274,78.009,23357.87054,0
1790610780000,299.36,300.06,299.25,299.67,436.182,1790610839999,130677.80593,1191,317.399,95079.83347,0
1790610840000,299.67,300.53,299.58,300.47,243.297,1790610899999,72997.37912,1146,164.008,49203.34231,0
1790610900000,300.47,300.77,300.20,300.20,308.029,1790610959999,92561.59793,1358,146.103,43905.33098,0
1790610960000,300.19,300.25,299.73,299.82,220.435,1790611019999,66123.41784,1293,87.698,26305.97664,0
1790611020000,299.82,300.24,299.56,299.60,298.206,1790611079999,89458.97947,1162,157.553,47261.08286,0
1790611080000,299.61,300.08,299.52,299.95,372.049,1790611139999,111546.88698,1064,182.166,54615.85263,0
1790611140000,299.94,300.26,299.79,299.99,251.713,1790611199999,75537.77500,889,126.462,37956.21430,0
1790611200000,299.98,300.20,299.65,300.04,546.638,1790611259999,163942.24205,1541,198.049,59393.82334,0
1790611260000,300.07,300.99,299.99,300.19,566.788,1790611319999,170259.29166,2511,293.438,88151.29422,0
1790611320000,300.19,300.19,299.02,299.10,532.103,1790611379999,159424.83826,2123,216.498,64884.27463,0
1790611380000,299.07,299.25,298.35,298.83,489.503,1790611439999,146217.09430,1956,174.412,52103.01968,0
1790611440000,298.83,299.93,298.83,299.57,396.491,1790611499999,118755.70809,1857,218.205,65356.28232,0
1790611500000,299.56,300.17,299.23,299.41,274.226,1790611559999,82203.37505,1584,121.793,36513.79120,0
1790611560000,299.41,300.02,299.24,299.90,317.937,1790611619999,95254.37508,1617,159.534,47797.66076,0
1790611620000,299.89,301.41,299.89,300.94,529.850,1790611679999,159318.56680,2131,341.239,102614.87299,0
1790611680000,300.94,301.89,300.90,301.34,495.828,1790611739999,149448.64722,2141,252.203,76018.73325,0
1790611740000,301.33,301.67,300.81,301.57,532.871,1790611799999,160511.32852,1704,188.175,56691.32005,0
1790611800000,301.56,301.73,301.00,301.13,338.701,1790611859999,102098.37456,1762,171.789,51787.17463,0
1790611860000,301.13,301.16,300.78,301.04,339.887,1790611919999,102305.80253,1181,133.947,40318.39018,0
1790611920000,301.05,301.32,300.38,300.69,373.260,1790611979999,112286.74426,1549,98.145,29527.84984,0
1790611980000,300.68,300.82,300.27,300.44,349.333,1790612039999,104971.31826,1384,189.074,56809.69298,0
1790612040000,300.45,300.55,299.91,300.36,466.444,1790612099999,140022.66664,1334,212.602,63838.84011,0
1790612100000,300.35,300.50,300.12,300.19,196.547,1790612159999,59022.44893,1114,107.146,32174.86186,0
1790612160000,300.20,301.69,300.00,301.43,1054.693,1790612219999,317130.05276,4017,604.806,181920.36832,0
1790612220000,301.42,303.00,301.21,302.87,986.977,1790612279999,298232.62782,3679,501.276,151451.51199,0
1790612280000,302.85,303.37,301.61,301.61,1491.470,1790612339999,451447.27715,3375,770.546,233362.65708,0
1790612340000,301.65,302.81,301.41,302.81,438.160,1790612399999,132311.20545,1652,242.276,73192.53601,0
1790612400000,302.81,303.64,302.54,303.26,953.977,1790612459999,289269.19208,2928,616.729,187041.88350,0
1790612460000,303.25,304.30,303.25,303.59,1305.421,1790612519999,396614.59085,3636,775.654,235687.09002,0
1790612520000,303.60,304.08,303.05,303.80,1088.958,1790612579999,330507.46984,2839,584.234,177325.56261,0
1790612580000,303.79,304.68,303.38,304.37,830.142,1790612639999,252488.44110,2313,339.398,103204.53268,0
1790612640000,304.36,305.68,304.33,304.96,2149.522,1790612699999,655698.92128,4383,1397.796,426428.76208,0
1790612700000,305.01,305.27,304.47,305.11,637.834,1790612759999,194527.60579,2346,285.887,87187.86486,0
1790612760000,305.10,306.28,304.68,306.13,1446.986,1790612819999,442352.93237,3189,688.112,210366.36667,0
1790612820000,306.12,306.62,305.88,306.46,2121.051,1790612879999,649750.88024,2207,398.395,122019.42336,0
1790612880000,306.48,306.64,306.07,306.44,946.506,1790612939999,289990.52769,3122,556.825,170608.52095,0
1790612940000,306.43,307.21,305.45,306.76,3983.651,1790612999999,1220765.10957,4757,2751.336,843234.67068,0
1790613000000,306.75,307.07,306.09,306.56,1156.518,1790613059999,354530.51511,3018,551.232,168978.24619,0
1790613060000,306.52,306.77,305.64,306.20,617.577,1790613119999,189050.79976,2051,267.979,82034.45212,0
1790613120000,306.18,306.28,305.35,305.35,1058.776,1790613179999,323976.44920,2165,357.119,109276.99224,0
1790613180000,305.34,305.83,304.65,305.68,1331.464,1790613239999,406259.00810,2793,698.431,213144.94019,0
1790613240000,305.69,306.03,305.38,305.56,770.857,1790613299999,235595.20271,1786,319.064,97509.58677,0
1790613300000,305.57,306.08,305.50,305.50,592.471,1790613359999,181208.35206,1788,333.805,102085.64609,0
1790613360000,305.51,305.76,305.34,305.45,279.105,1790613419999,85283.75367,1251,146.516,44770.60669,0
1790613420000,305.46,305.54,304.62,304.74,385.219,1790613479999,117448.87038,1556,151.917,46313.37986,0
1790613480000,304.76,304.79,303.97,304.00,713.069,1790613539999,216949.91087,1827,178.674,54375.61754,0
1790613540000,304.02,304.40,304.00,304.39,360.578,1790613599999,109696.47984,935,115.333,35084.73310,0
1790613600000,304.39,304.85,304.03,304.18,694.364,1790613659999,211329.07197,1820,196.498,59827.23014,0
1790613660000,304.17,304.50,300.74,301.00,8451.495,1790613719999,2554003.88768,9521,3332.370,1006891.70605,0
1790613720000,301.03,301.82,300.39,301.27,4937.598,1790613779999,1487378.88084,5723,1486.181,447730.84229,0
1790613780000,301.27,301.71,300.91,301.12,759.964,1790613839999,228922.93916,1605,376.061,113285.16347,0
1790613840000,301.12,301.43,301.07,301.36,458.811,1790613899999,138226.92560,1012,201.445,60686.65677,0
1790613900000,301.35,302.14,301.32,301.52,1182.894,1790613959999,356943.96684,2180,433.626,130855.86937,0
1790613960000,301.51,301.81,300.65,301.17,1555.138,1790614019999,468930.53611,1798,1026.159,309510.98717,0
1790614020000,301.16,301.59,300.84,301.32,410.194,1790614079999,123538.35017,1447,186.185,56069.29741,0
1790614080000,301.32,301.45,301.03,301.04,354.328,1790614139999,106744.62700,951,67.960,20471.02153,0
1790614140000,301.04,301.33,301.03,301.17,366.572,1790614199999,110388.86156,820,99.331,29914.65711,0
1790614200000,301.16,301.78,301.16,301.49,832.623,1790614259999,251054.63828,1234,483.470,145802.70684,0
1790614260000,301.49,301.73,301.04,301.63,328.892,1790614319999,99110.76476,1177,98.203,29598.34161,0
1790614320000,301.63,302.38,301.45,302.18,347.057,1790614379999,104802.36179,1228,228.037,68871.29391,0
1790614380000,302.17,302.29,301.81,302.15,587.237,1790614439999,177357.38132,1213,238.845,72147.08952,0
1790614440000,302.14,302.52,302.03,302.36,543.844,1790614499999,164364.83553,1484,220.391,66613.04298,0
1790614500000,302.36,302.62,302.15,302.25,320.331,1790614559999,96853.99912,1139,135.174,40876.56198,0
1790614560000,302.25,302.43,301.89,302.00,435.202,1790614619999,131493.26267,1125,177.405,53610.98139,0
1790614620000,301.94,302.17,301.69,301.83,256.015,1790614679999,77298.78074,863,63.359,19129.72328,0
1790614680000,301.81,302.42,301.81,302.35,227.563,1790614739999,68780.24154,765,146.464,44267.27279,0
1790614740000,302.34,302.74,302.30,302.67,312.045,1790614799999,94393.50267,883,187.721,56787.40059,0
1790614800000,302.66,302.74,301.25,301.33,767.518,1790614859999,231825.68569,1897,383.881,115914.04696,0
1790614860000,301.33,301.61,300.96,301.00,294.872,1790614919999,88825.82904,1095,96.426,29051.32370,0
1790614920000,300.99,302.27,300.81,302.09,985.812,1790614979999,297349.35731,2794,406.064,122438.29921,0
1790614980000,302.08,302.48,300.40,300.96,1104.417,1790615039999,332961.74972,3225,403.056,121514.74813,0
1790615040000,300.96,301.32,300.80,300.94,395.058,1790615099999,118927.36144,1286,173.211,52143.35999,0
1790615100000,300.94,301.04,300.70,300.72,262.030,1790615159999,78855.62840,819,55.889,16818.03783,0
1790615160000,300.77,301.02,300.37,300.87,364.552,1790615219999,109606.47262,1138,191.197,57483.27598,0
1790615220000,300.86,300.95,299.86,300.19,863.268,1790615279999,259199.41635,1521,224.969,67589.95825,0
1790615280000,300.19,300.21,299.82,299.84,408.691,1790615339999,122584.74470,1023,109.881,32958.29649,0
1790615340000,299.84,300.17,299.84,299.96,229.262,1790615399999,68792.03751,649,58.443,17536.75678,0
1790615400000,299.95,300.03,299.22,299.61,1199.695,1790615459999,359477.65283,2389,221.621,66400.83834,0
1790615460000,299.63,302.93,299.63,302.69,2366.749,1790615519999,713227.64426,5376,1681.569,506670.65480,0
1790615520000,302.70,303.85,302.30,303.36,1944.156,1790615579999,589300.23435,4893,856.234,259595.78033,0
1790615580000,303.36,305.42,303.36,305.06,2201.098,1790615639999,670154.19915,4433,1328.286,404455.57836,0
1790615640000,305.08,306.15,304.80,306.15,1645.848,1790615699999,502911.18708,3496,916.654,280190.27557,0
1790615700000,306.15,306.50,304.13,304.77,1331.057,1790615759999,406394.28409,3087,350.634,107046.46827,0
1790615760000,304.77,306.14,304.75,305.73,872.728,1790615819999,266635.67072,3185,422.367,129060.97826,0
1790615820000,305.74,305.82,304.47,304.77,1047.498,1790615879999,319542.70489,2801,381.971,116542.48668,0
1790615880000,304.73,304.89,303.81,303.83,524.052,1790615939999,159460.65409,1913,231.851,70566.25807,0
1790615940000,303.84,304.07,303.21,303.37,436.205,1790615999999,132389.61510,1340,124.749,37858.23712,0
1790616000000,303.37,303.67,302.92,303.24,529.149,1790616059999,160443.58739,1596,193.378,58648.03373,0
1790616060000,303.24,303.72,303.14,303.45,281.773,1790616119999,85502.31498,1186,117.725,35723.54757,0
1790616120000,303.46,303.61,303.21,303.61,268.135,1790616179999,81362.99597,1095,139.444,42311.48878,0
1790616180000,303.60,304.15,303.17,303.27,319.381,1790616239999,96993.31288,1198,127.536,38738.81772,0
1790616240000,303.28,303.78,303.16,303.35,258.719,1790616299999,78531.47960,1007,131.101,39789.96691,0
1790616300000,303.34,303.60,303.11,303.53,214.457,1790616359999,65047.43987,795,102.874,31201.42920,0
1790616360000,303.52,303.52,302.44,302.46,480.402,1790616419999,145551.97432,1323,203.774,61744.46162,0
1790616420000,302.45,302.62,302.06,302.25,636.770,1790616479999,192507.71256,1314,227.194,68697.24288,0
1790616480000,302.28,302.60,302.24,302.49,234.445,1790616539999,70900.03301,773,138.177,41783.74849,0
1790616540000,302.49,302.83,302.31,302.31,166.659,1790616599999,50428.21324,799,93.302,28231.99905,0
1790616600000,302.30,303.44,302.25,303.30,375.572,1790616659999,113690.39317,1530,198.749,60168.59831,0
1790616660000,303.31,303.46,302.57,302.67,300.151,1790616719999,90936.75686,1359,143.030,43326.90996,0
1790616720000,302.66,303.26,302.32,303.25,388.959,1790616779999,117744.47909,1408,180.161,54546.33415,0
1790616780000,303.26,303.33,302.39,302.42,194.854,1790616839999,59023.63220,1003,85.647,25944.02630,0
1790616840000,302.43,302.46,301.85,302.09,306.921,1790616899999,92704.18561,1033,113.588,34310.45156,0
1790616900000,302.09,302.58,301.85,302.58,228.249,1790616959999,68973.15002,918,111.375,33655.85066,0
1790616960000,302.59,303.01,302.59,302.75,246.087,1790617019999,74510.16863,912,178.159,53940.26836,0
1790617020000,302.74,302.77,301.96,302.13,333.685,1790617079999,100919.23359,800,93.524,28263.59847,0
1790617080000,302.13,303.06,301.80,302.91,349.036,1790617139999,105522.45706,1144,140.277,42440.49651,0
1790617140000,302.90,302.92,302.38,302.47,163.904,1790617199999,49591.50197,786,90.278,27311.38820,0
1790617200000,302.47,303.00,302.28,302.76,853.361,1790617259999,258335.25397,1508,657.728,199121.05321,0
1790617260000,302.76,304.42,302.76,304.04,1379.266,1790617319999,418931.46890,2452,1059.543,321772.56597,0
1790617320000,304.03,304.03,303.36,303.79,381.933,1790617379999,115973.32274,1228,202.822,61584.01083,0
1790617380000,303.80,305.00,303.73,304.78,1959.064,1790617439999,596653.63598,2638,1423.217,433514.60293,0
1790617440000,304.70,304.87,304.46,304.53,547.802,1790617499999,166872.80150,1099,308.278,93906.46428,0
1790617500000,304.53,305.32,304.48,304.63,631.268,1790617559999,192418.80589,1725,379.930,115810.30562,0
1790617560000,304.63,304.72,304.09,304.21,380.773,1790617619999,115932.77029,1125,202.409,61633.26709,0
1790617620000,304.21,304.43,303.90,303.99,683.417,1790617679999,207855.49422,1327,348.601,106032.60682,0
1790617680000,303.99,304.37,303.80,304.37,265.332,1790617739999,80668.71771,894,108.914,33118.85794,0
1790617740000,304.37,304.43,303.84,304.16,330.988,1790617799999,100664.60690,926,211.977,64469.07219,0
1790617800000,304.15,304.15,303.60,303.61,220.732,1790617859999,67085.35129,651,65.679,19960.29791,0
1790617860000,303.60,304.06,303.47,304.00,263.132,1790617919999,79924.46282,813,167.162,50769.09735,0
1790617920000,303.99,304.81,303.99,304.77,388.967,1790617979999,118456.65784,1077,228.816,69687.83498,0
1790617980000,304.78,305.22,304.55,304.70,451.150,1790618039999,137562.07941,1280,250.890,76499.06796,0
1790618040000,304.70,304.99,304.29,304.48,419.262,1790618099999,127752.19644,1159,268.862,81928.50760,0
1790618100000,304.47,304.78,304.23,304.62,311.857,1790618159999,94943.09524,1225,139.375,42434.98322,0
1790618160000,304.61,305.04,304.47,304.85,251.524,1790618219999,76688.54812,797,140.375,42795.74694,0
1790618220000,304.85,305.30,304.78,305.25,198.203,1790618279999,60454.94226,678,140.432,42831.52050,0
1790618280000,305.24,305.38,304.97,305.07,416.441,1790618339999,127076.41787,840,303.668,92666.54558,0
1790618340000,305.07,305.17,305.00,305.03,186.306,1790618399999,56835.65552,462,90.929,27737.27107,0
1790618400000,305.03,305.10,304.02,304.09,879.040,1790618459999,267818.26685,1836,233.560,71155.18944,0
1790618460000,304.09,304.33,303.79,304.09,653.502,1790618519999,198699.99567,1779,216.080,65704.54300,0
1790618520000,304.08,305.77,304.04,305.73,404.921,1790618579999,123537.98200,1512,274.590,83745.50523,0
1790618580000,305.72,306.20,305.47,305.69,707.479,1790618639999,216355.72315,1737,367.637,112429.22689,0
1790618640000,305.70,306.45,305.51,306.35,595.481,1790618699999,182274.37263,1660,329.664,100906.83533,0
1790618700000,306.34,306.52,305.69,305.90,570.880,1790618759999,174791.85477,1468,264.104,80867.04755,0
1790618760000,305.91,306.09,305.27,305.51,372.709,1790618819999,113910.52733,1315,155.981,47671.84103,0
1790618820000,305.50,305.64,304.88,305.40,503.506,1790618879999,153688.90273,1465,239.894,73238.63568,0
1790618880000,305.40,305.74,305.15,305.24,307.385,1790618939999,93878.14814,1023,104.609,31945.44597,0
1790618940000,305.24,305.51,305.11,305.23,189.628,1790618999999,57889.30364,723,108.552,33134.63250,0
1790619000000,305.22,305.69,305.13,305.31,477.334,1790619059999,145796.85039,1186,170.926,52192.97454,0
1790619060000,305.33,306.21,305.32,306.21,271.756,1790619119999,83066.11528,930,169.751,51888.20675,0
1790619120000,306.23,306.42,306.04,306.17,221.310,1790619179999,67775.33726,811,145.145,44450.21108,0
1790619180000,306.17,306.18,305.70,306.06,220.125,1790619239999,67334.62963,839,96.179,29420.56030,0
1790619240000,306.07,306.15,305.90,305.99,122.824,1790619299999,37584.70167,492,78.536,24031.34315,0
1790619300000,305.99,306.69,305.89,306.42,455.279,1790619359999,139496.72974,1026,304.630,93330.54330,0
1790619360000,306.38,307.14,306.22,306.60,589.186,1790619419999,180650.75140,1455,333.234,102161.82327,0
1790619420000,306.61,307.11,305.93,305.94,630.009,1790619479999,193184.78776,1601,330.974,101492.22771,0
1790619480000,305.93,306.24,305.82,306.02,352.979,1790619539999,107995.83593,760,120.475,36861.49042,0
1790619540000,306.01,306.03,305.67,305.85,536.172,1790619599999,163988.08498,1204,223.238,68284.83135,0
1790619600000,305.84,305.89,305.17,305.26,603.602,1790619659999,184387.77592,1329,235.497,71931.81489,0
1790619660000,305.25,305.47,305.06,305.22,298.149,1790619719999,91012.81940,803,137.946,42111.32925,0
1790619720000,305.20,305.73,304.80,305.69,649.350,1790619779999,198155.03818,1118,246.588,75266.95631,0
1790619780000,305.68,305.79,305.11,305.18,103.458,1790619839999,31605.04953,569,53.811,16437.23891,0
1790619840000,305.17,305.52,305.11,305.49,178.710,1790619899999,54569.84900,575,113.565,34680.40476,0
1790619900000,305.49,305.82,304.93,305.11,400.214,1790619959999,122266.14634,897,137.864,42122.86339,0
1790619960000,305.10,305.47,304.98,305.47,133.174,1790620019999,40643.32543,430,71.590,21848.89921,0
1790620020000,305.46,305.90,305.44,305.65,159.483,1790620079999,48743.96807,631,117.380,35874.79582,0
1790620080000,305.65,305.67,305.15,305.26,178.526,1790620139999,54512.50226,535,68.538,20924.36066,0
1790620140000,305.25,305.47,305.11,305.27,107.790,1790620199999,32908.53762,384,70.792,21613.38662,0
1790620200000,305.27,305.51,304.77,305.20,473.029,1790620259999,144349.44164,1362,299.671,91452.56913,0
1790620260000,305.20,305.20,304.21,304.98,742.544,1790620319999,226184.64305,1499,237.312,72300.96397,0
1790620320000,304.97,304.97,304.03,304.03,303.807,1790620379999,92497.02442,886,75.319,22923.64779,0
1790620380000,304.03,304.59,303.74,304.06,930.703,1790620439999,283026.43461,1672,218.583,66493.73515,0
1790620440000,304.06,304.97,304.05,304.96,252.998,1790620499999,77010.89620,886,131.323,39978.77893,0
1790620500000,304.95,305.12,304.51,304.95,205.914,1790620559999,62770.74263,851,99.753,30410.66254,0
1790620560000,304.95,305.11,304.71,305.09,196.594,1790620619999,59940.23265,721,139.710,42597.55206,0
1790620620000,305.09,305.72,304.98,304.99,419.288,1790620679999,128040.79469,976,314.707,96110.51623,0
1790620680000,305.00,305.28,304.79,304.82,252.294,1790620739999,76950.10376,738,67.959,20733.13375,0
1790620740000,304.82,304.87,304.39,304.65,139.839,1790620799999,42597.24138,535,59.342,18077.11177,0
1790620800000,304.65,304.77,304.27,304.63,230.344,1790620859999,70136.97939,902,159.882,48682.97934,0
1790620860000,304.62,304.97,304.37,304.92,195.145,1790620919999,59461.40680,765,100.220,30542.53152,0
1790620920000,304.92,305.05,304.41,304.56,114.252,1790620979999,34818.43116,733,59.869,18243.03739,0
1790620980000,304.57,304.86,304.49,304.86,121.911,1790621039999,37136.43379,545,55.204,16816.44817,0
1790621040000,304.86,305.63,304.85,305.50,212.263,1790621099999,64810.90205,627,94.346,28803.33510,0
1790621100000,305.49,305.49,304.94,304.96,150.593,1790621159999,45951.49287,581,76.277,23276.59787,0
1790621160000,304.96,305.36,304.96,305.07,327.091,1790621219999,99834.64119,764,104.837,31989.66328,0
1790621220000,305.06,305.96,304.63,305.96,249.008,1790621279999,75964.33868,851,87.976,26859.39808,0
1790621280000,305.96,306.25,305.31,305.71,502.760,1790621339999,153741.07840,1358,297.517,90986.90134,0
1790621340000,305.71,305.93,305.36,305.92,160.493,1790621399999,49053.22884,739,105.711,32309.02308,0
1790621400000,305.90,306.23,305.44,305.88,397.210,1790621459999,121496.11807,890,211.268,64641.72262,0
1790621460000,305.88,305.95,305.58,305.93,136.899,1790621519999,41860.23870,590,62.635,19154.26981,0
1790621520000,305.94,306.84,305.94,306.84,247.784,1790621579999,75929.72595,709,142.201,43567.38497,0
1790621580000,306.84,307.34,306.66,306.82,408.002,1790621639999,125237.30468,1340,236.354,72548.25152,0
1790621640000,306.82,306.89,306.37,306.59,281.057,1790621699999,86177.24715,858,91.981,28203.45191,0
1790621700000,306.59,306.73,306.44,306.71,119.156,1790621759999,36534.02893,641,46.483,14252.12640,0
1790621760000,306.71,306.89,306.42,306.53,404.696,1790621819999,124128.57800,857,259.610,79630.87654,0
1790621820000,306.54,307.04,306.54,307.04,333.460,1790621879999,102335.96571,755,224.323,68838.74962,0
1790621880000,307.03,307.46,306.92,307.12,564.378,1790621939999,173353.63076,743,365.363,112227.90941,0
1790621940000,307.15,307.63,307.02,307.56,801.261,1790621999999,246322.34179,1264,401.795,123508.62836,0
1790622000000,307.56,307.63,307.33,307.63,348.505,1790622059999,107158.36648,1110,181.664,55856.64622,0
1790622060000,307.63,307.64,306.92,307.02,677.309,1790622119999,208182.95645,1245,165.908,50987.23972,0
1790622120000,307.02,307.15,306.56,306.68,546.065,1790622179999,167544.98142,1383,169.565,52034.44276,0
1790622180000,306.66,306.66,306.04,306.05,340.051,1790622239999,104165.29140,876,101.483,31092.97299,0
1790622240000,306.04,306.21,305.56,305.66,338.826,1790622299999,103641.05316,932,110.945,33938.12686,0
1790622300000,305.64,305.65,305.18,305.53,536.578,1790622359999,163879.31238,1168,220.396,67306.81688,0
1790622360000,305.53,305.75,304.45,304.46,347.203,1790622419999,105910.62775,1191,78.273,23892.31672,0
1790622420000,304.46,304.70,303.93,304.00,482.271,1790622479999,146733.67130,1343,189.676,57724.34362,0
1790622480000,304.00,304.52,303.87,303.98,457.111,1790622539999,139025.47945,1087,201.339,61229.51904,0
1790622540000,303.96,304.00,303.25,303.55,688.234,1790622599999,208934.19353,1309,194.944,59195.94883,0
1790622600000,303.56,303.79,303.34,303.57,375.765,1790622659999,114061.19212,1050,210.910,64025.35525,0
1790622660000,303.58,303.85,303.43,303.64,503.262,1790622719999,152800.28170,1117,133.960,40676.14150,0
1790622720000,303.64,304.36,303.64,304.31,426.600,1790622779999,129677.14212,840,238.736,72571.77447,0
1790622780000,304.27,304.43,304.05,304.31,383.300,1790622839999,116617.29738,1064,141.633,43090.40146,0
1790622840000,304.30,304.30,303.93,303.99,213.697,1790622899999,64979.29812,505,107.468,32678.93711,0
1790622900000,303.98,304.43,303.62,304.43,457.019,1790622959999,138972.56561,1077,347.784,105782.06675,0
1790622960000,304.43,304.79,303.78,303.86,216.763,1790623019999,65952.60975,925,102.350,31138.16847,0
1790623020000,303.87,304.30,303.80,304.11,254.237,1790623079999,77295.71650,968,129.829,39472.21614,0
1790623080000,304.10,304.76,304.05,304.76,309.348,1790623139999,94140.51794,879,167.014,50824.78704,0
1790623140000,304.76,304.94,304.27,304.75,266.074,1790623199999,81036.95433,818,186.608,56837.07480,0
1790623200000,304.74,304.76,304.04,304.10,172.640,1790623259999,52557.78581,698,80.726,24572.33830,0
1790623260000,304.08,304.31,303.72,303.97,284.573,1790623319999,86500.03358,962,94.575,28748.10447,0
1790623320000,303.96,304.07,303.67,303.90,125.125,1790623379999,38022.88107,518,53.077,16129.57556,0
1790623380000,303.91,304.15,303.44,303.75,598.816,1790623439999,181911.75588,1330,233.393,70936.35836,0
1790623440000,303.76,304.07,303.76,303.95,161.827,1790623499999,49180.02891,565,75.696,23003.20669,0
1790623500000,303.94,304.07,303.59,303.77,237.692,1790623559999,72209.23631,858,110.803,33665.17851,0
1790623560000,303.76,303.95,303.33,303.42,245.037,1790623619999,74401.11855,808,79.939,24273.34822,0
1790623620000,303.44,303.64,302.86,302.90,545.910,1790623679999,165479.85126,1207,91.565,27761.96957,0
1790623680000,302.91,303.10,302.75,302.80,264.962,1790623739999,80266.86901,769,79.096,23961.46543,0
1790623740000,302.80,302.90,302.34,302.90,379.087,1790623799999,114733.33680,1186,123.469,37375.21276,0
1790623800000,302.90,303.73,302.75,303.53,910.265,1790623859999,276025.48289,1803,500.288,151705.16617,0
1790623860000,303.53,304.54,302.74,303.10,1836.943,1790623919999,558016.70839,3642,770.802,234154.70725,0
1790623920000,303.10,303.43,302.96,303.15,870.094,1790623979999,263844.46566,1613,212.366,64389.62728,0
1790623980000,303.15,303.33,302.05,302.08,415.840,1790624039999,125815.28843,1386,80.898,24463.02246,0
1790624040000,302.09,303.32,302.09,303.13,1197.476,1790624099999,362644.09991,2452,671.218,203228.80105,0
1790624100000,303.12,303.24,302.70,303.00,546.486,1790624159999,165601.40920,1281,179.481,54392.08402,0
1790624160000,303.00,303.23,302.41,302.70,291.135,1790624219999,88126.13309,1066,106.899,32359.39819,0
1790624220000,302.69,302.69,301.37,301.37,1019.076,1790624279999,307767.30309,2055,415.415,125520.69368,0
1790624280000,301.38,301.77,300.68,301.05,1534.767,1790624339999,462195.62356,2623,371.225,111833.22718,0
1790624340000,301.06,301.59,300.58,300.90,670.489,1790624399999,201858.30243,1910,276.049,83119.13517,0
1790624400000,300.90,301.08,299.83,300.26,1480.699,1790624459999,444793.98879,2385,481.877,144776.38147,0
1790624460000,300.26,301.31,300.04,301.02,608.993,1790624519999,183093.83177,1647,361.896,108801.34658,0
1790624520000,301.04,301.44,300.69,301.44,549.472,1790624579999,165492.03922,1354,344.724,103826.43490,0
1790624580000,301.45,302.32,301.45,302.24,1016.575,1790624639999,307003.15599,2595,550.747,166314.15194,0
1790624640000,302.24,302.75,302.02,302.71,793.644,1790624699999,239972.83641,1538,402.711,121790.61880,0
1790624700000,302.72,303.32,302.55,303.25,696.009,1790624759999,210838.69922,1977,291.748,88400.63803,0
1790624760000,303.24,303.30,302.43,302.46,500.090,1790624819999,151451.24243,1443,213.486,64658.41444,0
1790624820000,302.46,302.90,302.18,302.18,398.000,1790624879999,120396.68688,1870,174.338,52742.01444,0
1790624880000,302.17,302.53,302.09,302.52,281.157,1790624939999,84994.07789,1103,162.402,49097.06883,0
1790624940000,302.53,302.71,302.31,302.56,430.066,1790624999999,130093.89902,1219,204.874,61970.24991,0
1790625000000,302.53,303.08,302.38,302.79,336.272,1790625059999,101810.97788,1340,213.749,64715.29509,0
1790625060000,302.78,304.14,302.67,304.14,705.285,1790625119999,213910.06452,1926,476.499,144510.86201,0
1790625120000,304.13,304.72,304.03,304.49,518.452,1790625179999,157799.36545,1468,294.095,89524.84323,0
1790625180000,304.49,304.63,303.68,304.07,471.381,1790625239999,143393.60902,1339,207.386,63096.16749,0
1790625240000,304.06,304.48,303.64,303.73,469.116,1790625299999,142640.99661,1548,226.629,68910.72469,0
1790625300000,303.74,304.57,303.74,304.27,542.491,1790625359999,165071.11435,1724,288.094,87661.84370,0
1790625360000,304.21,304.32,303.55,303.74,782.467,1790625419999,237841.95415,1852,281.675,85623.35873,0
1790625420000,303.66,304.04,303.32,303.93,406.718,1790625479999,123547.56706,1364,242.320,73617.78715,0
1790625480000,303.93,304.13,303.57,304.01,634.180,1790625539999,192727.12245,1445,241.888,73514.58377,0
1790625540000,304.01,304.02,303.47,303.58,662.214,1790625599999,201068.16068,1487,234.769,71279.33230,0
1790625600000,303.57,304.13,302.93,303.05,894.898,1790625659999,271769.01668,2068,319.465,97014.61528,0
1790625660000,303.04,303.17,301.71,302.13,721.061,1790625719999,218121.97251,2256,264.133,79901.79239,0
1790625720000,302.13,303.90,301.60,303.87,1068.557,1790625779999,323294.45814,2416,618.767,187277.11541,0
1790625780000,303.86,304.40,303.84,304.11,550.273,1790625839999,167340.71892,1319,285.861,86926.09147,0
1790625840000,304.10,305.58,303.91,305.32,816.230,1790625899999,248849.35293,1913,486.779,148399.46308,0
1790625900000,305.31,305.93,305.21,305.73,514.422,1790625959999,157232.50442,1121,298.539,91238.58389,0
1790625960000,305.72,306.49,305.55,306.43,1018.053,1790626019999,311337.74846,1642,331.567,101449.54264,0
1790626020000,306.42,306.87,306.16,306.84,753.936,1790626079999,231186.28940,1507,588.582,180495.90323,0
1790626080000,306.84,307.23,306.18,306.77,934.364,1790626139999,286643.42802,1905,355.354,109031.46911,0
1790626140000,306.76,306.81,306.31,306.78,391.531,1790626199999,120028.69562,1122,161.335,49457.63454,0
1790626200000,306.77,307.30,306.67,307.17,737.265,1790626259999,226376.38104,1454,528.064,162181.95292,0
1790626260000,307.15,307.26,306.81,307.01,296.881,1790626319999,91158.80404,952,129.856,39871.33656,0
1790626320000,307.00,307.00,305.77,306.23,476.137,1790626379999,145752.95009,1353,141.971,43462.43542,0
1790626380000,306.23,306.49,305.87,306.32,226.212,1790626439999,69267.92902,1002,107.716,32980.47600,0
1790626440000,306.31,306.31,305.88,306.08,219.555,1790626499999,67196.29787,677,102.948,31504.68914,0
1790626500000,306.06,306.06,305.35,305.41,607.557,1790626559999,185685.87800,1315,140.058,42803.55058,0
1790626560000,305.40,305.47,304.94,305.08,524.287,1790626619999,159997.11198,1344,92.595,28260.86831,0
1790626620000,305.07,305.44,304.85,304.94,411.070,1790626679999,125445.34498,1022,175.111,53446.78975,0
1790626680000,304.92,305.50,304.85,305.45,192.752,1790626739999,58822.04691,868,102.121,31159.85576,0
1790626740000,305.44,306.29,305.42,306.23,289.581,1790626799999,88619.04564,1013,172.198,52697.06634,0
1790626800000,306.22,306.64,306.20,306.45,287.822,1790626859999,88204.89517,819,180.296,55250.43012,0
1790626860000,306.45,306.94,306.35,306.86,546.675,1790626919999,167659.17648,1152,291.705,89452.12995,0
1790626920000,306.86,306.86,306.35,306.46,697.455,1790626979999,213813.87783,1199,239.014,73283.67266,0
1790626980000,306.46,306.69,305.85,306.04,483.750,1790627039999,148102.27322,971,277.722,85011.53249,0
1790627040000,306.05,306.95,305.84,306.94,365.322,1790627099999,111901.12696,1029,197.011,60357.51614,0
1790627100000,306.94,306.94,306.37,306.77,283.381,1790627159999,86920.48714,969,103.148,31633.60214,0
1790627160000,306.77,307.13,306.25,307.04,1230.773,1790627219999,377771.63264,1432,336.813,103363.90612,0
1790627220000,307.03,307.12,306.75,306.86,797.437,1790627279999,244780.74643,757,222.612,68314.96961,0
1790627280000,306.87,307.06,306.60,307.03,182.352,1790627339999,55957.73729,587,100.128,30722.73744,0
1790627340000,307.01,307.56,306.99,307.46,488.366,1790627399999,150073.54848,1337,291.227,89490.35230,0
1790627400000,307.45,307.57,307.19,307.32,479.982,1790627459999,147523.71826,870,190.608,58592.84234,0
1790627460000,307.33,308.38,306.81,308.32,1423.647,1790627519999,438097.63452,2407,864.055,266009.09387,0
1790627520000,308.31,308.45,308.01,308.25,376.357,1790627579999,115998.22388,986,198.796,61274.78591,0
1790627580000,308.25,308.25,307.55,308.01,770.429,1790627639999,237268.10456,1116,136.755,42101.94958,0
1790627640000,308.00,308.20,307.65,308.12,301.713,1790627699999,92907.21378,733,152.624,46996.47611,0
1790627700000,308.13,308.18,307.71,307.78,491.739,1790627759999,151408.18931,1104,173.588,53450.13123,0
1790627760000,307.78,308.00,307.68,307.83,329.324,1790627819999,101377.70583,926,114.828,35351.13716,0
1790627820000,307.83,307.83,307.47,307.71,241.329,1790627879999,74254.09248,756,85.489,26304.06796,0
1790627880000,307.71,307.82,307.52,307.73,181.265,1790627939999,55767.62124,581,51.167,15741.44695,0
1790627940000,307.73,308.20,307.64,308.04,257.483,1790627999999,79284.82219,844,67.437,20762.68925,0
1790628000000,308.02,308.05,307.75,307.97,426.874,1790628059999,131444.21445,795,114.672,35308.24406,0
1790628060000,307.98,308.19,307.69,307.79,177.023,1790628119999,54515.40280,716,46.449,14303.37090,0
1790628120000,307.77,307.77,307.07,307.09,434.744,1790628179999,133648.19335,1259,221.515,68104.40088,0
1790628180000,307.08,307.09,306.09,306.47,443.128,1790628239999,135808.17700,1349,116.624,35748.78232,0
1790628240000,306.47,306.47,306.07,306.14,233.242,1790628299999,71427.77271,734,106.924,32742.91370,0
1790628300000,306.15,306.63,306.01,306.40,428.829,1790628359999,131390.56462,935,275.683,84473.23804,0
1790628360000,306.40,306.74,306.22,306.74,419.806,1790628419999,128705.59473,869,324.982,99643.70284,0
1790628420000,306.75,307.04,306.60,306.79,349.886,1790628479999,107359.27612,875,92.979,28532.76365,0
1790628480000,306.79,307.18,306.77,306.95,441.349,1790628539999,135506.45935,824,302.502,92878.17497,0
1790628540000,306.95,307.05,306.71,306.83,205.406,1790628599999,63031.59272,720,92.030,28239.82734,0
1790628600000,306.82,306.83,306.21,306.35,227.382,1790628659999,69689.48047,802,108.039,33113.54022,0
1790628660000,306.34,306.45,306.04,306.28,175.380,1790628719999,53717.26977,764,79.889,24467.63721,0
1790628720000,306.28,306.45,305.88,306.04,343.766,1790628779999,105232.26189,956,87.732,26856.82444,0
1790628780000,306.03,306.23,305.73,305.97,283.487,1790628839999,86745.40572,716,74.674,22845.31955,0
1790628840000,305.97,306.69,305.93,306.25,316.800,1790628899999,97034.51496,881,192.957,59089.61884,0
1790628900000,306.25,306.77,306.10,306.75,133.220,1790628959999,40820.44553,558,58.331,17870.61167,0
1790628960000,306.75,307.04,306.71,307.03,148.060,1790629019999,45432.94851,541,72.560,22264.81952,0
1790629020000,307.03,307.54,307.03,307.21,221.825,1790629079999,68178.88810,690,82.849,25463.90065,0
1790629080000,307.20,307.25,306.76,306.92,185.991,1790629139999,57093.82177,516,82.884,25444.52320,0
1790629140000,306.91,307.27,306.91,307.27,129.399,1790629199999,39730.27372,478,87.120,26748.25316,0
1790629200000,307.26,308.19,307.21,308.05,652.580,1790629259999,200939.31024,1316,351.176,108132.93097,0
1790629260000,308.05,309.14,308.05,309.00,959.928,1790629319999,296391.69913,1940,734.239,226702.53847,0
1790629320000,309.00,309.29,308.20,308.53,935.548,1790629379999,288955.34341,1926,323.945,100065.43960,0
1790629380000,308.53,309.33,308.42,308.89,598.627,1790629439999,184967.04636,1547,399.099,123323.92252,0
1790629440000,308.89,309.33,308.84,309.14,233.022,1790629499999,72004.20968,865,151.203,46717.35802,0
1790629500000,309.15,309.37,308.36,308.37,495.518,1790629559999,153079.81949,1253,111.424,34434.13401,0
1790629560000,308.35,308.65,308.10,308.32,333.156,1790629619999,102732.92014,1224,219.327,67633.70087,0
1790629620000,308.33,308.73,307.57,307.69,704.472,1790629679999,216988.34213,1450,144.602,44573.35865,0
1790629680000,307.69,308.71,307.65,308.57,282.705,1790629739999,87093.08057,1053,154.517,47600.31198,0
1790629740000,308.57,309.33,308.57,309.33,235.653,1790629799999,72818.71077,932,113.624,35105.95875,0
1790629800000,309.33,309.44,308.16,308.38,420.657,1790629859999,129891.37907,904,122.289,37747.27618,0
1790629860000,308.37,308.46,308.03,308.23,191.628,1790629919999,59064.36573,617,106.158,32720.81499,0
1790629920000,308.23,308.48,307.98,308.06,196.571,1790629979999,60576.37137,596,90.811,27984.80995,0
1790629980000,308.11,308.21,307.59,307.71,201.103,1790630039999,61916.14849,545,83.173,25611.85288,0
1790630040000,307.70,307.85,307.34,307.50,390.966,1790630099999,120260.62636,580,267.784,82372.47630,0
1790630100000,307.51,307.51,306.93,306.99,331.233,1790630159999,101775.19136,782,50.010,15365.45811,0
1790630160000,307.00,307.32,306.85,307.08,158.470,1790630219999,48661.71714,532,46.918,14407.66714,0
1790630220000,307.09,307.09,306.11,306.16,253.605,1790630279999,77722.80125,738,42.940,13154.31397,0
1790630280000,306.15,306.23,305.06,305.98,2698.241,1790630339999,824475.27320,2427,837.947,256125.37811,0
1790630340000,306.00,306.81,305.48,306.75,586.009,1790630399999,179361.29012,1156,274.351,84023.04580,0
1790630400000,306.76,306.76,305.75,305.81,393.478,1790630459999,120545.54635,940,127.931,39202.58757,0
1790630460000,305.81,306.02,305.10,305.22,839.917,1790630519999,256622.74618,1461,256.306,78339.59613,0
1790630520000,305.24,305.46,304.26,304.65,1634.404,1790630579999,498279.43153,2534,538.098,164062.90448,0
1790630580000,304.66,305.32,304.65,304.89,484.944,1790630639999,147916.61306,822,286.364,87326.42702,0
1790630640000,304.94,305.20,304.82,305.05,1136.245,1790630699999,346612.82343,620,977.426,298172.83405,0
1790630700000,305.04,305.47,304.93,305.06,352.759,1790630759999,107672.49607,701,242.379,73996.53203,0
1790630760000,305.07,305.09,304.27,304.35,355.076,1790630819999,108201.96108,754,48.743,14849.16968,0
1790630820000,304.35,304.84,304.01,304.80,553.686,1790630879999,168519.86418,1033,302.679,92144.10612,0
1790630880000,304.79,305.19,304.72,305.18,274.595,1790630939999,83742.82526,581,190.524,58104.23099,0
1790630940000,305.18,305.18,304.60,304.88,255.106,1790630999999,77772.23732,550,103.973,31694.28076,0
1790631000000,304.89,305.23,304.85,305.17,127.775,1790631059999,38983.02790,323,44.965,13717.88443,0
1790631060000,305.20,305.20,304.69,304.81,344.731,1790631119999,105103.63743,779,52.245,15927.06698,0
1790631120000,304.81,304.95,304.50,304.90,318.273,1790631179999,96991.57076,656,90.173,27480.45343,0
1790631180000,304.86,305.04,304.62,304.73,478.154,1790631239999,145721.19457,474,376.504,114738.18458,0
1790631240000,304.77,305.57,304.71,305.50,408.986,1790631299999,124800.49388,388,318.704,97242.34917,0
1790631300000,305.50,305.52,305.17,305.18,84.938,1790631359999,25933.75805,237,16.315,4982.24092,0
1790631360000,305.17,305.61,305.17,305.36,83.033,1790631419999,25360.52268,385,28.876,8818.44062,0
1790631420000,305.37,305.37,304.84,304.84,228.661,1790631479999,69745.50032,338,153.027,46673.81620,0
1790631480000,304.84,304.98,304.49,304.79,393.927,1790631539999,120056.70050,727,238.158,72594.87233,0
1790631540000,304.78,304.95,304.06,304.06,346.610,1790631599999,105554.46366,749,146.962,44769.12473,0
1790631600000,304.05,304.05,303.49,303.82,876.198,1790631659999,266116.06319,1150,192.049,58333.17735,0
1790631660000,303.82,303.82,303.27,303.46,209.621,1790631719999,63615.45870,533,72.486,21995.30041,0
1790631720000,303.47,303.78,303.43,303.53,172.206,1790631779999,52289.21292,335,103.581,31451.63461,0
1790631780000,303.53,303.64,303.27,303.62,137.479,1790631839999,41719.73035,331,38.658,11729.98874,0
1790631840000,303.61,303.90,303.61,303.66,173.412,1790631899999,52670.33416,406,70.003,21265.12699,0
1790631900000,303.66,303.70,303.54,303.70,143.607,1790631959999,43602.50256,272,58.476,17752.33417,0
1790631960000,303.71,303.75,302.37,302.45,476.664,1790632019999,144377.86135,1238,64.075,19400.43028,0
1790632020000,302.45,302.72,302.28,302.67,170.578,1790632079999,51603.50010,566,102.070,30884.78106,0
1790632080000,302.70,302.70,302.37,302.60,144.940,1790632139999,43850.80056,449,44.179,13364.74542,0
1790632140000,302.59,302.82,302.39,302.51,146.344,1790632199999,44287.06285,529,25.403,7687.88302,0
1790632200000,302.52,302.61,301.69,301.75,583.235,1790632259999,176187.73481,1031,83.668,25263.57421,0
1790632260000,301.75,302.11,301.59,302.05,264.291,1790632319999,79783.76634,762,133.903,40423.45021,0
1790632320000,302.09,302.85,302.05,302.64,284.893,1790632379999,86198.28291,655,92.692,28039.58676,0
1790632380000,302.63,302.75,301.58,301.58,1193.405,1790632439999,360308.87072,931,90.109,27217.22829,0
1790632440000,301.59,301.70,301.26,301.46,330.629,1790632499999,99669.98693,987,80.323,24215.78658,0
1790632500000,301.46,301.67,301.38,301.56,223.290,1790632559999,67329.92635,591,103.150,31101.62266,0
1790632560000,301.56,301.86,301.56,301.77,101.647,1790632619999,30674.39196,321,40.440,12201.25913,0
1790632620000,301.76,302.19,301.69,301.79,187.167,1790632679999,56512.53751,657,77.635,23439.86820,0
1790632680000,301.79,302.02,301.79,302.02,207.335,1790632739999,62590.26427,437,138.880,41926.96466,0
1790632740000,302.02,302.04,301.43,301.76,197.250,1790632799999,59514.08969,573,32.477,9795.73443,0
1790632800000,301.77,301.86,300.99,300.99,340.752,1790632859999,102706.11965,969,76.710,23138.17301,0
1790632860000,300.99,301.03,300.08,300.54,1185.682,1790632919999,356384.47144,2785,310.672,93372.23263,0
1790632920000,300.55,300.99,299.52,300.92,1539.013,1790632979999,462051.55899,2734,711.057,213588.90591,0
1790632980000,300.91,301.24,300.48,300.79,489.660,1790633039999,147323.41610,1331,260.717,78452.29369,0
1790633040000,300.80,301.25,300.59,300.95,350.827,1790633099999,105586.48795,929,114.772,34543.62399,0
1790633100000,300.95,300.95,299.78,299.81,610.490,1790633159999,183384.17734,1082,92.446,27746.85178,0
1790633160000,299.80,300.20,299.50,299.60,1073.841,1790633219999,322087.64066,1649,378.873,113664.19298,0
1790633220000,299.61,300.25,299.61,300.07,493.658,1790633279999,148093.87021,804,388.556,116560.54663,0
1790633280000,300.08,301.18,300.08,301.15,219.335,1790633339999,65936.30303,833,115.616,34756.45449,0
1790633340000,301.16,301.24,300.52,300.71,229.162,1790633399999,68950.70219,874,72.053,21690.16243,0
1790633400000,300.70,300.97,300.51,300.73,130.226,1790633459999,39163.08754,553,57.768,17368.62160,0
1790633460000,300.72,300.84,300.39,300.80,196.909,1790633519999,59188.25566,690,80.051,24060.53803,0
1790633520000,300.82,300.87,300.61,300.73,114.343,1790633579999,34389.97455,429,31.722,9538.22560,0
1790633580000,300.73,301.02,300.70,300.89,348.785,1790633639999,104930.16962,602,204.631,61562.91498,0
1790633640000,300.89,301.08,300.69,300.70,315.708,1790633699999,95003.97521,565,102.987,30994.70102,0
1790633700000,300.69,300.84,300.27,300.29,375.078,1790633759999,112744.71043,969,158.832,47748.30573,0
1790633760000,300.30,300.71,300.30,300.69,214.416,1790633819999,64436.42866,554,104.794,31487.80698,0
1790633820000,300.69,301.84,300.69,301.84,835.492,1790633879999,251931.01906,1314,649.676,195892.73511,0
1790633880000,301.83,301.93,301.60,301.68,262.279,1790633939999,79146.48891,500,127.354,38435.14443,0
1790633940000,301.69,301.97,301.59,301.91,117.667,1790633999999,35517.07380,387,62.296,18804.12171,0
1790634000000,301.90,301.92,301.37,301.84,348.425,1790634059999,105132.48476,704,197.140,59493.02665,0
1790634060000,301.83,302.04,301.69,302.03,88.480,1790634119999,26705.60754,378,51.240,15464.67978,0
1790634120000,302.03,302.03,301.77,301.78,123.654,1790634179999,37331.71598,268,30.449,9192.73264,0
1790634180000,301.78,301.93,301.50,301.88,494.751,1790634239999,149309.39067,714,325.338,98174.92966,0
1790634240000,301.87,302.14,301.82,301.97,230.987,1790634299999,69762.87103,361,129.511,39118.43301,0
1790634300000,301.96,302.06,301.82,302.00,123.491,1790634359999,37290.24112,422,52.238,15773.15314,0
1790634360000,302.00,302.43,301.98,302.23,196.155,1790634419999,59282.59474,576,86.623,26179.98412,0
1790634420000,302.22,302.28,301.98,302.19,282.678,1790634479999,85413.43645,535,145.625,44005.41070,0
1790634480000,302.19,302.19,301.88,301.95,72.277,1790634539999,21826.45505,294,23.579,7120.06919,0
1790634540000,301.95,302.03,301.80,301.90,201.811,1790634599999,60936.76143,430,49.048,14808.86784,0
1790634600000,301.90,302.07,301.73,301.88,304.615,1790634659999,91959.64825,639,117.128,35358.64284,0
1790634660000,301.87,301.92,301.77,301.80,123.044,1790634719999,37140.67428,398,56.966,17194.25704,0
1790634720000,301.80,302.49,301.75,302.49,360.380,1790634779999,108853.75051,741,245.061,74015.64457,0
1790634780000,302.49,302.81,302.43,302.67,485.066,1790634839999,146809.32073,779,340.005,102906.34828,0
1790634840000,302.67,302.74,301.89,302.14,408.575,1790634899999,123518.22176,871,169.445,51211.11055,0
1790634900000,302.17,303.04,302.17,303.03,167.277,1790634959999,50630.53151,587,101.407,30686.97761,0
1790634960000,303.03,303.74,303.00,303.72,232.616,1790635019999,70560.51808,797,127.457,38662.45851,0
1790635020000,303.72,304.19,303.64,304.19,510.757,1790635079999,155267.31452,1032,235.666,71632.18518,0
1790635080000,304.19,304.22,303.87,304.08,498.998,1790635139999,151728.77046,715,235.460,71600.11481,0
1790635140000,304.08,304.08,303.80,303.89,109.560,1790635199999,33298.42411,414,49.078,14916.04110,0
1790635200000,303.90,304.34,303.83,304.09,141.300,1790635259999,42967.03576,560,53.822,16365.87875,0
1790635260000,304.09,304.26,303.78,304.22,127.068,1790635319999,38633.32378,490,68.821,20927.02913,0
1790635320000,304.22,304.30,304.14,304.23,439.650,1790635379999,133749.61786,416,58.330,17745.81189,0
1790635380000,304.24,304.40,304.22,304.40,81.914,1790635439999,24926.58958,336,52.152,15869.42872,0
1790635440000,304.41,304.54,304.20,304.33,85.395,1790635499999,25991.58980,441,46.788,14241.29366,0
1790635500000,304.34,304.79,304.28,304.79,71.347,1790635559999,21723.45578,408,54.151,16488.59434,0
1790635560000,304.79,304.91,304.72,304.89,279.709,1790635619999,85261.46311,496,184.766,56320.86705,0
1790635620000,304.91,304.91,304.57,304.66,276.551,1790635679999,84267.80184,935,154.979,47222.32706,0
1790635680000,304.65,304.65,304.32,304.48,106.326,1790635739999,32370.44523,375,47.253,14382.59987,0
1790635740000,304.49,304.79,304.49,304.55,84.718,1790635799999,25808.15918,353,46.901,14285.21562,0
1790635800000,304.55,304.62,304.26,304.52,102.797,1790635859999,31289.05043,480,28.289,8610.30163,0
1790635860000,304.52,305.02,304.48,305.02,303.292,1790635919999,92445.84346,474,199.676,60883.21550,0
1790635920000,305.02,305.03,304.75,304.79,226.749,1790635979999,69144.42449,433,34.397,10486.47880,0
1790635980000,304.79,304.80,304.50,304.68,124.024,1790636039999,37788.46319,422,37.584,11449.57736,0
1790636040000,304.68,304.91,304.67,304.91,66.922,1790636099999,20399.88403,242,29.762,9071.38007,0
1790636100000,304.91,305.22,304.91,304.97,144.184,1790636159999,43983.64234,431,96.202,29343.76109,0
1790636160000,304.96,305.35,304.89,305.31,82.307,1790636219999,25115.99202,383,43.737,13347.57782,0
1790636220000,305.31,305.31,304.79,304.93,150.916,1790636279999,46032.10233,528,41.488,12649.78080,0
1790636280000,304.93,304.96,304.55,304.69,189.966,1790636339999,57876.49434,544,42.460,12934.18532,0
1790636340000,304.70,304.73,304.21,304.60,865.281,1790636399999,263430.20483,969,176.139,53631.42135,0
1790636400000,304.61,304.74,304.26,304.48,272.085,1790636459999,82828.80136,793,163.112,49650.28070,0
1790636460000,304.48,305.10,304.48,305.03,197.806,1790636519999,60304.08246,675,69.723,21255.08994,0
1790636520000,305.03,305.75,305.03,305.66,376.481,1790636579999,114943.25988,1164,206.626,63089.57887,0
1790636580000,305.66,306.17,305.66,306.12,377.346,1790636639999,115438.59519,986,166.900,51052.05651,0
1790636640000,306.13,306.62,305.87,305.92,609.899,1790636699999,186875.56723,1059,219.201,67136.95546,0
1790636700000,305.94,306.13,305.62,305.75,233.977,1790636759999,71564.07167,878,92.410,28272.08140,0
1790636760000,305.75,305.76,304.75,305.26,277.991,1790636819999,84820.60989,1175,89.203,27216.65204,0
1790636820000,305.24,305.61,304.99,305.61,130.105,1790636879999,39709.28034,616,85.271,26024.19353,0
1790636880000,305.61,305.78,305.37,305.49,117.141,1790636939999,35789.97657,537,48.004,14662.79150,0
1790636940000,305.49,305.59,305.33,305.33,112.281,1790636999999,34300.38093,459,21.877,6682.91802,0
1790637000000,305.33,305.44,305.08,305.18,121.283,1790637059999,37018.41885,533,65.993,20141.52643,0
1790637060000,305.19,305.24,304.50,304.89,748.400,1790637119999,228090.33229,1172,131.760,40167.94485,0
1790637120000,304.91,305.20,304.83,304.88,114.773,1790637179999,35006.50360,442,62.089,18938.16821,0
1790637180000,304.88,304.88,304.42,304.50,250.287,1790637239999,76237.01461,586,52.936,16128.47234,0
1790637240000,304.51,304.88,304.51,304.86,126.553,1790637299999,38561.96272,371,77.869,23725.93633,0
1790637300000,304.88,305.67,304.88,305.58,117.967,1790637359999,36031.67746,577,56.304,17190.64930,0
1790637360000,305.59,306.00,305.34,306.00,213.213,1790637419999,65169.03136,722,151.794,46397.19177,0
1790637420000,306.01,306.15,305.74,306.09,136.964,1790637479999,41892.58228,527,30.513,9335.68882,0
1790637480000,306.10,306.85,305.94,306.83,179.363,1790637539999,54950.33925,842,129.450,39667.87197,0
1790637540000,306.83,306.98,306.62,306.71,258.503,1790637599999,79313.17116,769,127.125,39003.96236,0
1790637600000,306.72,306.96,306.44,306.66,239.508,1790637659999,73446.27875,859,117.419,36010.83586,0
1790637660000,306.65,306.83,306.27,306.51,242.194,1790637719999,74245.30355,918,81.890,25107.15343,0
1790637720000,306.50,306.89,306.41,306.49,249.131,1790637779999,76403.22730,774,101.907,31241.86474,0
1790637780000,306.50,306.60,306.01,306.32,392.244,1790637839999,120157.60997,1171,102.041,31260.22704,0
1790637840000,306.33,306.56,306.29,306.54,189.152,1790637899999,57954.61537,668,81.459,24961.62474,0
1790637900000,306.55,306.56,306.02,306.45,307.063,1790637959999,94044.65253,952,176.026,53922.45063,0
1790637960000,306.45,307.08,306.37,306.90,342.462,1790638019999,105075.15207,930,240.240,73717.94044,0
1790638020000,306.90,307.03,306.73,306.96,84.992,1790638079999,26078.46503,546,49.354,15143.47659,0
1790638080000,306.96,307.00,306.77,306.85,94.109,1790638139999,28883.55828,392,68.092,20898.54391,0
1790638140000,306.85,307.27,306.85,307.25,90.139,1790638199999,27674.39606,522,62.706,19251.54708,0
1790638200000,307.24,307.31,306.87,306.99,166.288,1790638259999,51068.62019,654,64.421,19786.05057,0
1790638260000,306.99,307.01,306.46,306.54,238.016,1790638319999,72993.69360,846,79.109,24261.09682,0
1790638320000,306.55,306.75,306.32,306.52,255.179,1790638379999,78217.37448,851,103.153,31625.48296,0
1790638380000,306.53,306.53,306.18,306.33,153.593,1790638439999,47052.18048,699,39.203,12010.22370,0
1790638440000,306.32,306.41,306.05,306.13,228.148,1790638499999,69863.43950,885,104.458,31986.96523,0
1790638500000,306.13,306.36,306.03,306.14,213.766,1790638559999,65449.07862,717,89.535,27413.56837,0
1790638560000,306.14,306.58,306.14,306.43,80.530,1790638619999,24677.73530,514,38.706,11859.66551,0
1790638620000,306.42,306.74,306.38,306.74,139.297,1790638679999,42700.74048,490,107.905,33080.13087,0
1790638680000,306.74,306.81,306.39,306.74,177.710,1790638739999,54482.98165,721,110.404,33850.71433,0
1790638740000,306.73,307.02,306.56,306.86,124.116,1790638799999,38081.37120,543,62.346,19124.66507,0
1790638800000,306.86,307.30,306.74,307.08,145.909,1790638859999,44800.52594,651,36.050,11065.25913,0
1790638860000,307.12,307.68,306.92,306.96,494.812,1790638919999,152057.82365,1406,359.564,110517.59785,0
1790638920000,306.97,307.02,306.57,306.63,151.962,1790638979999,46618.63361,727,72.555,22258.66617,0
1790638980000,306.63,306.93,306.58,306.82,68.952,1790639039999,21153.06192,555,30.714,9422.27510,0
1790639040000,306.83,306.88,306.45,306.70,303.042,1790639099999,92925.02075,990,113.751,34887.32095,0
1790639100000,306.70,306.84,306.35,306.37,203.773,1790639159999,62479.77079,942,97.390,29862.15634,0
1790639160000,306.38,306.90,306.28,306.90,151.474,1790639219999,46427.79032,749,90.026,27592.64308,0
1790639220000,306.90,307.16,306.76,306.85,84.767,1790639279999,26019.53115,487,32.846,10080.18489,0
1790639280000,306.86,306.87,306.43,306.72,120.699,1790639339999,37012.57679,547,18.408,5642.37286,0
1790639340000,306.71,307.04,306.70,307.04,52.987,1790639399999,16258.04069,214,46.807,14362.27093,0
1790639400000,307.04,307.18,306.80,307.05,215.815,1790639459999,66252.53481,710,93.202,28612.25782,0
1790639460000,307.05,307.11,306.73,307.05,125.807,1790639519999,38609.94282,562,33.922,10412.62354,0
1790639520000,307.04,307.20,306.99,307.19,54.674,1790639579999,16788.31148,369,30.010,9214.74495,0
1790639580000,307.20,307.67,307.08,307.45,283.868,1790639639999,87262.82829,879,165.873,50987.18815,0
1790639640000,307.44,307.96,307.38,307.96,209.318,1790639699999,64409.32565,684,158.126,48656.35407,0
1790639700000,307.96,308.07,307.61,308.01,416.242,1790639759999,128152.78698,1072,210.007,64660.60939,0
1790639760000,308.02,308.19,308.01,308.18,93.615,1790639819999,28841.55134,364,44.434,13689.80016,0
1790639820000,308.19,308.30,308.05,308.05,116.101,1790639879999,35781.18625,508,47.083,14510.48068,0
1790639880000,308.04,308.45,308.01,308.25,170.978,1790639939999,52705.48014,660,108.870,33557.45862,0
1790639940000,308.26,308.26,307.86,308.07,117.934,1790639999999,36324.64543,507,42.284,13022.53125,0
