open_time,open,high,low,close,volume,close_time,quote_asset_volume,count,taker_buy_volume,taker_buy_quote_volume,ignore
1790553600000,9.6760,9.6770,9.6620,9.6750,33264,1790553659999,321584.2930,950,24178,233739.0350,0
1790553660000,9.6750,9.6860,9.6730,9.6860,13362,1790553719999,129324.0390,702,8163,79008.4430,0
1790553720000,9.6870,9.7170,9.6790,9.6790,46781,1790553779999,453799.2780,1512,24016,233024.6590,0
1790553780000,9.6780,9.6880,9.6780,9.6830,13337,1790553839999,129130.6310,716,8844,85629.7040,0
1790553840000,9.6830,9.6830,9.6600,9.6660,40801,1790553899999,394454.6960,1338,11740,113477.7200,0
1790553900000,9.6670,9.6670,9.6600,9.6640,11248,1790553959999,108681.0790,467,6230,60193.8420,0
1790553960000,9.6640,9.6700,9.6620,9.6680,6314,1790554019999,61026.0860,469,4650,44943.7860,0
1790554020000,9.6680,9.6680,9.6480,9.6530,10694,1790554079999,103264.9050,548,2186,21107.9190,0
1790554080000,9.6520,9.6520,9.6320,9.6320,12949,1790554139999,124849.0390,566,1886,18178.7980,0
1790554140000,9.6320,9.6400,9.6310,9.6320,13317,1790554199999,128298.9040,529,9081,87491.1580,0
1790554200000,9.6320,9.6410,9.6280,9.6280,11056,1790554259999,106528.0890,504,4370,42114.6970,0
1790554260000,9.6290,9.6370,9.6250,9.6250,15751,1790554319999,151668.7390,586,7010,67508.8730,0
1790554320000,9.6250,9.6350,9.6250,9.6330,18756,1790554379999,180571.3780,611,7321,70500.9350,0
1790554380000,9.6340,9.6450,9.6300,9.6430,9884,1790554439999,95261.6810,596,5842,56305.7950,0
1790554440000,9.6430,9.6510,9.6390,9.6450,11818,1790554499999,113952.2490,512,3726,35934.7610,0
1790554500000,9.6460,9.6570,9.6410,9.6570,9005,1790554559999,86911.2890,532,6683,64503.7550,0
1790554560000,9.6570,9.6710,9.6570,9.6680,6257,1790554619999,60464.9760,430,4541,43877.7850,0
1790554620000,9.6680,9.6680,9.6580,9.6610,9840,1790554679999,95070.3970,404,3542,34218.6940,0
1790554680000,9.6600,9.6760,9.6600,9.6750,8312,1790554739999,80357.4910,433,6366,61538.8580,0
1790554740000,9.6750,9.7080,9.6750,9.7060,19995,1790554799999,193760.8520,915,15428,149507.6090,0
1790554800000,9.7050,9.7280,9.7020,9.7270,53066,1790554859999,515372.7340,1559,24717,240152.9390,0
1790554860000,9.7260,9.7640,9.7200,9.7640,94919,1790554919999,924775.2000,2313,53706,523278.0890,0
1790554920000,9.7630,9.7630,9.7320,9.7350,37197,1790554979999,362624.2240,1438,15040,146644.9810,0
1790554980000,9.7370,9.7500,9.7360,9.7440,41899,1790555039999,408206.3140,1470,24223,236007.6490,0
1790555040000,9.7430,9.7450,9.7250,9.7250,27148,1790555099999,264276.2100,961,8014,78016.2840,0
1790555100000,9.7240,9.7380,9.7140,9.7370,23819,1790555159999,231572.1280,1014,12039,117063.7320,0
1790555160000,9.7380,9.7510,9.7310,9.7310,24373,1790555219999,237474.4910,985,12224,119101.0920,0
1790555220000,9.7320,9.7360,9.7140,9.7150,15696,1790555279999,152619.0980,767,3922,38156.3210,0
1790555280000,9.7160,9.7170,9.6970,9.7130,30419,1790555339999,295209.8610,958,13624,132231.5930,0
1790555340000,9.7140,9.7330,9.7140,9.7180,23762,1790555399999,231088.1400,920,14940,145284.9620,0
1790555400000,9.7180,9.7210,9.7050,9.7100,12182,1790555459999,118292.8860,702,6063,58873.0780,0
1790555460000,9.7100,9.7100,9.6710,9.6920,48984,1790555519999,474882.2680,1863,20321,196980.9050,0
1790555520000,9.6920,9.6940,9.6590,9.6600,33025,1790555579999,319591.1680,1613,13226,128033.6900,0
1790555580000,9.6610,9.6720,9.6460,9.6460,23494,1790555639999,226927.8250,1100,10218,98719.5290,0
1790555640000,9.6470,9.6560,9.6320,9.6440,39052,1790555699999,376635.6150,1655,19328,186403.2300,0
1790555700000,9.6440,9.6580,9.6100,9.6220,54032,1790555759999,520389.1230,1721,22209,214041.7990,0
1790555760000,9.6230,9.6320,9.6020,9.6140,31535,1790555819999,303325.5240,1455,13743,132213.4040,0
1790555820000,9.6140,9.6330,9.6090,9.6260,16689,1790555879999,160560.7870,934,12544,120694.4760,0
1790555880000,9.6260,9.6340,9.6210,9.6280,12058,1790555939999,116092.5340,795,8234,79277.2830,0
1790555940000,9.6270,9.6270,9.6050,9.6050,13311,1790555999999,128028.8650,777,4354,41881.7300,0
1790556000000,9.6040,9.6080,9.5930,9.6040,29521,1790556059999,283402.4140,1209,8333,80016.8440,0
1790556060000,9.6040,9.6140,9.6000,9.6120,13459,1790556119999,129298.3400,682,8692,83508.5480,0
1790556120000,9.6130,9.6140,9.6020,9.6050,17053,1790556179999,163859.8830,756,10183,97854.9000,0
1790556180000,9.6050,9.6140,9.6000,9.6010,16994,1790556239999,163272.8250,653,9358,89910.7920,0
1790556240000,9.6000,9.6140,9.6000,9.6120,22624,1790556299999,217349.0650,813,11829,113638.4040,0
1790556300000,9.6120,9.6460,9.6110,9.6460,19411,1790556359999,186865.6660,861,15551,149674.1360,0
1790556360000,9.6450,9.6640,9.6450,9.6560,32898,1790556419999,317578.0930,829,22851,220594.6610,0
1790556420000,9.6570,9.6730,9.6540,9.6720,16126,1790556479999,155826.1190,632,7012,67756.7560,0
1790556480000,9.6730,9.6800,9.6660,9.6780,18603,1790556539999,179976.2340,673,8434,81596.8580,0
1790556540000,9.6780,9.6820,9.6660,9.6710,12887,1790556599999,124667.8100,656,4488,43420.2280,0
1790556600000,9.6710,9.6930,9.6480,9.6900,74968,1790556659999,724905.9250,1913,45607,441052.2060,0
1790556660000,9.6890,9.7060,9.6860,9.7040,29895,1790556719999,289939.2700,1176,13008,126165.0590,0
1790556720000,9.7030,9.7050,9.6680,9.6690,24650,1790556779999,238876.5380,1022,4665,45207.6380,0
1790556780000,9.6700,9.6880,9.6610,9.6870,25137,1790556839999,243191.2920,1186,18129,175395.1930,0
1790556840000,9.6860,9.6900,9.6670,9.6710,20186,1790556899999,195353.2090,1265,9255,89568.7350,0
1790556900000,9.6700,9.6860,9.6630,9.6740,24349,1790556959999,235551.2150,1457,15047,145560.4420,0
1790556960000,9.6730,9.6790,9.6670,9.6670,24766,1790557019999,239586.9520,1494,13437,129994.4600,0
1790557020000,9.6670,9.6710,9.6530,9.6540,19251,1790557079999,186076.6600,1304,8615,83282.2780,0
1790557080000,9.6530,9.6700,9.6490,9.6540,25368,1790557139999,245042.6180,1393,14995,144844.9160,0
1790557140000,9.6550,9.6660,9.6510,9.6590,30987,1790557199999,299293.9220,2084,16572,160071.5860,0
1790557200000,9.6590,9.6630,9.6450,9.6600,48105,1790557259999,464459.7380,2650,24434,235921.6980,0
1790557260000,9.6610,9.6670,9.6440,9.6460,43131,1790557319999,416439.0900,2550,21461,207214.8670,0
1790557320000,9.6450,9.6660,9.6440,9.6610,55779,1790557379999,538414.7180,2829,27991,270199.4070,0
1790557380000,9.6610,9.6690,9.6190,9.6270,34893,1790557439999,336462.4870,2282,13737,132435.9090,0
1790557440000,9.6270,9.6390,9.6170,9.6390,21345,1790557499999,205455.3010,1094,9799,94354.5340,0
1790557500000,9.6390,9.6410,9.6060,9.6150,24065,1790557559999,231566.4290,1176,8161,78514.9250,0
1790557560000,9.6150,9.6210,9.5950,9.6170,35207,1790557619999,338223.9130,1662,19206,184540.7220,0
1790557620000,9.6170,9.6740,9.6130,9.6700,27477,1790557679999,264955.4310,1613,21094,203379.5840,0
1790557680000,9.6700,9.6810,9.6570,9.6810,40885,1790557739999,395364.4270,1132,19063,184343.6150,0
1790557740000,9.6820,9.6820,9.6350,9.6380,30735,1790557799999,296888.1440,1084,7362,71068.1420,0
1790557800000,9.6390,9.6430,9.6210,9.6250,18139,1790557859999,174740.1940,1004,6261,60330.2570,0
1790557860000,9.6260,9.6350,9.6220,9.6340,9481,1790557919999,91277.9650,600,5278,50816.1120,0
1790557920000,9.6330,9.6400,9.6110,9.6150,25664,1790557979999,247079.7040,1062,12741,122691.5990,0
1790557980000,9.6140,9.6160,9.6000,9.6010,18949,1790558039999,182024.9330,903,8256,79316.0890,0
1790558040000,9.6000,9.6150,9.5950,9.5960,18875,1790558099999,181258.9900,875,7773,74665.3800,0
1790558100000,9.5960,9.6100,9.5870,9.5970,46771,1790558159999,448918.5600,1796,26035,249961.4350,0
1790558160000,9.5960,9.6030,9.5890,9.5970,16825,1790558219999,161446.4080,875,9634,92449.8570,0
1790558220000,9.5960,9.6180,9.5800,9.5800,38989,1790558279999,374072.2680,1175,12216,117357.8490,0
1790558280000,9.5810,9.6090,9.5800,9.5970,33391,1790558339999,320207.4680,1197,18356,176058.2150,0
1790558340000,9.5960,9.6090,9.5820,9.6040,33105,1790558399999,317626.7190,1212,19017,182486.6360,0
1790558400000,9.6040,9.6240,9.6040,9.6160,27961,1790558459999,268786.8420,934,11537,110911.2920,0
1790558460000,9.6160,9.6630,9.6160,9.6630,29823,1790558519999,287679.3230,1125,22879,220681.8510,0
1790558520000,9.6630,9.6630,9.6230,9.6230,30792,1790558579999,296976.2210,1184,8454,81554.3880,0
1790558580000,9.6220,9.6470,9.6080,9.6250,29259,1790558639999,281781.3140,1183,14516,139826.5810,0
1790558640000,9.6240,9.6280,9.6120,9.6230,15842,1790558699999,152395.4890,728,5552,53414.9650,0
1790558700000,9.6230,9.6380,9.6140,9.6380,13239,1790558759999,127421.3570,662,8331,80208.7600,0
1790558760000,9.6380,9.6540,9.6380,9.6540,14876,1790558819999,143503.0880,637,10007,96525.7000,0
1790558820000,9.6540,9.6610,9.6340,9.6430,13822,1790558879999,133355.4210,722,4807,46391.4510,0
1790558880000,9.6430,9.6500,9.6330,9.6420,12801,1790558939999,123416.2450,644,6553,63176.6640,0
1790558940000,9.6420,9.6480,9.6310,9.6310,8963,1790558999999,86390.2900,482,3851,37123.3300,0
1790559000000,9.6310,9.6580,9.6290,9.6310,14386,1790559059999,138713.1230,807,7465,71988.8590,0
1790559060000,9.6310,9.6450,9.6230,9.6250,19344,1790559119999,186355.5340,853,8706,83888.9230,0
1790559120000,9.6260,9.6360,9.6160,9.6340,14548,1790559179999,140027.7810,792,8618,82963.7830,0
1790559180000,9.6330,9.6430,9.6200,9.6280,15139,1790559239999,145797.1040,726,5840,56257.9050,0
1790559240000,9.6280,9.6380,9.6220,9.6220,12244,1790559299999,117905.8140,639,6110,58841.4020,0
1790559300000,9.6220,9.6290,9.6030,9.6190,21511,1790559359999,206875.3630,942,10483,100834.6370,0
1790559360000,9.6200,9.6220,9.6040,9.6050,12026,1790559419999,115596.5480,638,5032,48376.8370,0
1790559420000,9.6040,9.6140,9.5990,9.5990,15641,1790559479999,150282.7600,632,8404,80764.4150,0
1790559480000,9.5990,9.6080,9.5940,9.5940,12598,1790559539999,120929.7800,652,5109,49044.0040,0
1790559540000,9.5940,9.6060,9.5860,9.6010,21545,1790559599999,206748.0870,756,10001,95989.7800,0
1790559600000,9.6020,9.6020,9.5810,9.5810,13582,1790559659999,130263.2420,784,6000,57552.7930,0
1790559660000,9.5820,9.5960,9.5710,9.5910,54974,1790559719999,526726.1150,1381,19783,189616.9510,0
1790559720000,9.5920,9.5990,9.5810,9.5810,13184,1790559779999,126454.8870,650,5662,54314.0390,0
1790559780000,9.5810,9.5810,9.5700,9.5720,32480,1790559839999,310914.6420,626,7490,71716.4550,0
1790559840000,9.5720,9.5740,9.5570,9.5660,64114,1790559899999,613159.6760,1187,19908,190399.1030,0
1790559900000,9.5660,9.5850,9.5580,9.5750,19068,1790559959999,182573.5230,1005,10276,98390.5690,0
1790559960000,9.5760,9.5880,9.5700,9.5850,20661,1790560019999,197925.5330,723,10002,95821.6750,0
1790560020000,9.5860,9.6100,9.5840,9.6060,22396,1790560079999,214917.7260,898,14572,139837.0250,0
1790560080000,9.6070,9.6200,9.5950,9.5950,24495,1790560139999,235344.1740,874,11698,112429.1700,0
1790560140000,9.5940,9.5980,9.5520,9.5600,47547,1790560199999,455145.7720,2042,18150,173781.4620,0
1790560200000,9.5600,9.6160,9.5460,9.6120,82275,1790560259999,787662.4460,2200,38224,366488.7680,0
1790560260000,9.6110,9.6260,9.5930,9.6040,42394,1790560319999,407537.7770,1359,18886,181530.1850,0
1790560320000,9.6030,9.6120,9.5710,9.5880,58153,1790560379999,557500.6270,1566,19301,185038.9140,0
1790560380000,9.5890,9.5900,9.5580,9.5610,89855,1790560439999,860254.3830,1893,23326,223453.9780,0
1790560440000,9.5620,9.5750,9.5510,9.5520,41689,1790560499999,398590.4380,1126,20486,195880.3140,0
1790560500000,9.5530,9.5580,9.5210,9.5430,85744,1790560559999,817920.0170,2142,21440,204580.7930,0
1790560560000,9.5430,9.5620,9.5300,9.5600,55073,1790560619999,525594.9990,1325,37748,360334.8330,0
1790560620000,9.5600,9.5740,9.5120,9.5190,97061,1790560679999,925504.2210,2218,28080,267904.3600,0
1790560680000,9.5190,9.5320,9.5150,9.5230,52026,1790560739999,495352.1600,1437,28701,273269.3300,0
1790560740000,9.5230,9.5230,9.4540,9.5080,296780,1790560799999,2816811.6170,4663,91270,866555.8440,0
1790560800000,9.5080,9.5160,9.4930,9.4950,50730,1790560859999,482156.8100,1595,19265,183109.0490,0
1790560860000,9.4950,9.5270,9.4860,9.5230,66475,1790560919999,631886.1180,2047,36333,345449.2820,0
1790560920000,9.5230,9.5240,9.4950,9.5120,57825,1790560979999,549919.4630,2048,26522,252236.2340,0
1790560980000,9.5130,9.5220,9.4790,9.4920,74669,1790561039999,709252.4060,2580,33055,314016.3140,0
1790561040000,9.4920,9.5070,9.4620,9.4760,141478,1790561099999,1341608.5180,3884,49782,472282.0270,0
1790561100000,9.4770,9.4860,9.4650,9.4710,80968,1790561159999,767273.0990,2717,31734,300752.2910,0
1790561160000,9.4710,9.5010,9.4630,9.4930,76243,1790561219999,723324.3050,2269,48103,456509.4300,0
1790561220000,9.4930,9.5080,9.4850,9.4930,31064,1790561279999,294981.0160,1221,14134,134246.4620,0
1790561280000,9.4920,9.5480,9.4860,9.5220,96755,1790561339999,921976.8760,2467,42637,406096.1840,0
1790561340000,9.5220,9.5350,9.5200,9.5250,41723,1790561399999,397549.2220,1479,18024,171726.3590,0
1790561400000,9.5250,9.5620,9.5240,9.5560,39831,1790561459999,380268.1770,1448,23686,226149.1760,0
1790561460000,9.5570,9.5700,9.5510,9.5660,22240,1790561519999,212645.1610,961,9840,94086.8130,0
1790561520000,9.5660,9.5770,9.5620,9.5740,31111,1790561579999,297713.4030,1310,17629,168696.3420,0
1790561580000,9.5750,9.5970,9.5740,9.5950,51264,1790561639999,491350.6640,1359,24420,234145.0400,0
1790561640000,9.5940,9.6040,9.5750,9.5880,42890,1790561699999,411379.2200,1439,16329,156623.0570,0
1790561700000,9.5880,9.5970,9.5660,9.5780,44042,1790561759999,422238.2410,1518,24028,230368.3100,0
1790561760000,9.5770,9.5890,9.5700,9.5850,21857,1790561819999,209374.5630,1058,12061,115560.4820,0
1790561820000,9.5850,9.5980,9.5590,9.5630,39871,1790561879999,382034.9300,1628,14100,135143.4660,0
1790561880000,9.5630,9.5630,9.5390,9.5390,43914,1790561939999,419410.6890,1227,16806,160445.0960,0
1790561940000,9.5400,9.5400,9.5180,9.5190,49944,1790561999999,475950.9360,1420,21102,201104.2150,0
1790562000000,9.5200,9.5340,9.5180,9.5320,26938,1790562059999,256565.7100,1100,14336,136548.8950,0
1790562060000,9.5310,9.5500,9.5060,9.5100,41472,1790562119999,395168.0850,1581,17905,170666.5030,0
1790562120000,9.5100,9.5150,9.4950,9.5010,65005,1790562179999,617727.8740,1689,27467,260977.9500,0
1790562180000,9.5020,9.5030,9.4820,9.4880,56035,1790562239999,531775.6240,1608,27398,260013.3800,0
1790562240000,9.4890,9.5200,9.4870,9.5090,36641,1790562299999,348208.7260,1484,25764,244824.2390,0
1790562300000,9.5090,9.5090,9.4920,9.5000,38212,1790562359999,363013.2320,1238,24007,228068.2740,0
1790562360000,9.5000,9.5290,9.4970,9.5270,23040,1790562419999,219078.7870,1071,14131,134398.5380,0
1790562420000,9.5260,9.5430,9.5070,9.5150,26144,1790562479999,248930.8860,1200,9402,89532.9780,0
1790562480000,9.5160,9.5160,9.4920,9.4990,35110,1790562539999,333504.4790,1446,12855,122091.3540,0
1790562540000,9.4990,9.5020,9.4920,9.4970,13445,1790562599999,127675.9090,748,5823,55299.4380,0
1790562600000,9.4960,9.4960,9.4760,9.4790,15884,1790562659999,150685.6270,918,5502,52209.3260,0
1790562660000,9.4790,9.4830,9.4380,9.4420,126362,1790562719999,1194602.2370,3547,35884,339241.7160,0
1790562720000,9.4420,9.4500,9.4250,9.4430,71796,1790562779999,677469.3750,2418,21149,199615.2110,0
1790562780000,9.4430,9.4440,9.4210,9.4260,56385,1790562839999,531755.0220,1904,22589,212990.0210,0
1790562840000,9.4260,9.4330,9.4080,9.4280,81353,1790562899999,766206.8970,2028,21095,198694.2310,0
1790562900000,9.4290,9.4640,9.4270,9.4640,32450,1790562959999,306604.2420,1298,23113,218363.7480,0
1790562960000,9.4650,9.4700,9.4580,9.4650,19282,1790563019999,182492.4050,982,12941,122485.2020,0
1790563020000,9.4650,9.4670,9.4520,9.4660,12456,1790563079999,117824.0390,717,6281,59418.7760,0
1790563080000,9.4650,9.4690,9.4200,9.4240,56083,1790563139999,529687.8600,1956,18072,170739.2650,0
1790563140000,9.4240,9.4240,9.3570,9.4050,310934,1790563199999,2918941.2560,6016,65687,616761.0970,0
1790563200000,9.4050,9.4260,9.3950,9.4200,61648,1790563259999,579907.1960,1798,26558,249859.5860,0
1790563260000,9.4210,9.4450,9.3940,9.4020,97744,1790563319999,920785.1770,2244,43866,413680.5730,0
1790563320000,9.4030,9.4320,9.3990,9.4250,36112,1790563379999,339970.1990,1465,18832,177285.8240,0
1790563380000,9.4250,9.4310,9.4080,9.4260,23739,1790563439999,223665.0540,1046,12036,113390.5400,0
1790563440000,9.4260,9.4380,9.4230,9.4340,33822,1790563499999,318996.5390,1218,16541,156025.0740,0
1790563500000,9.4330,9.4400,9.4130,9.4380,24729,1790563559999,233159.9600,1203,12795,120644.4770,0
1790563560000,9.4380,9.4510,9.4340,9.4410,55943,1790563619999,528255.7830,1416,31843,300692.8010,0
1790563620000,9.4410,9.4430,9.4300,9.4330,21280,1790563679999,200797.9090,900,6899,65103.4160,0
1790563680000,9.4330,9.4330,9.4020,9.4060,61723,1790563739999,581067.1460,1825,15402,145024.4080,0
1790563740000,9.4050,9.4160,9.3960,9.4050,39262,1790563799999,369202.5880,1315,17947,168763.4020,0
1790563800000,9.4040,9.4480,9.4010,9.4150,89834,1790563859999,846852.7830,2303,63694,600585.2210,0
1790563860000,9.4160,9.4220,9.4010,9.4100,31354,1790563919999,294991.3780,1132,12025,113149.0100,0
1790563920000,9.4090,9.4340,9.4090,9.4330,26720,1790563979999,251622.7420,1050,14083,132639.9370,0
1790563980000,9.4330,9.4370,9.4210,9.4260,18483,1790564039999,174295.5830,894,5979,56385.3860,0
1790564040000,9.4260,9.4340,9.4230,9.4290,14268,1790564099999,134523.3330,717,5126,48326.4260,0
1790564100000,9.4290,9.4360,9.4270,9.4340,15603,1790564159999,147173.8320,728,6084,57391.0730,0
1790564160000,9.4340,9.4360,9.3990,9.4100,89172,1790564219999,839860.6380,1702,22289,209999.2600,0
1790564220000,9.4100,9.4270,9.4060,9.4230,23394,1790564279999,220269.5110,986,11440,107737.0190,0
1790564280000,9.4230,9.4300,9.4050,9.4120,56505,1790564339999,532055.6790,1413,18628,175372.2280,0
1790564340000,9.4120,9.4190,9.4080,9.4190,16690,1790564399999,157085.2490,728,6231,58653.0750,0
1790564400000,9.4200,9.4560,9.4200,9.4340,40474,1790564459999,382175.5060,1678,22350,211023.4510,0
1790564460000,9.4340,9.4370,9.4240,9.4240,24367,1790564519999,229793.1440,1167,10408,98153.4420,0
1790564520000,9.4240,9.4300,9.3940,9.3990,44532,1790564579999,419070.9030,1781,7397,69664.7230,0
1790564580000,9.3990,9.4020,9.3850,9.3890,31334,1790564639999,294366.2170,1342,8435,79257.7080,0
1790564640000,9.3900,9.3970,9.3780,9.3890,28054,1790564699999,263335.3070,1395,10306,96745.5600,0
1790564700000,9.3890,9.3970,9.3630,9.3630,72138,1790564759999,676569.6480,2223,17076,160188.3940,0
1790564760000,9.3650,9.3730,9.3460,9.3620,123199,1790564819999,1152846.1600,2783,36985,346117.1770,0
1790564820000,9.3620,9.3750,9.3620,9.3700,47722,1790564879999,447135.4280,1345,21563,202022.4200,0
1790564880000,9.3710,9.3730,9.3530,9.3660,35630,1790564939999,333557.5480,1226,13418,125628.5200,0
1790564940000,9.3650,9.3770,9.3590,9.3740,31552,1790564999999,295520.7110,1235,20135,188590.4430,0
1790565000000,9.3740,9.3960,9.3740,9.3930,40265,1790565059999,377874.6690,1250,28753,269841.7150,0
1790565060000,9.3920,9.3920,9.3600,9.3610,53094,1790565119999,497980.2570,1610,10931,102515.0810,0
1790565120000,9.3610,9.3700,9.3500,9.3550,44879,1790565179999,420064.2080,1294,17249,161410.9350,0
1790565180000,9.3550,9.3680,9.3490,9.3590,39900,1790565239999,373465.4310,1207,14889,139392.7320,0
1790565240000,9.3590,9.3650,9.3510,9.3590,20050,1790565299999,187637.4790,953,10811,101177.4330,0
1790565300000,9.3580,9.3670,9.3410,9.3630,52337,1790565359999,489592.3090,1889,21622,202332.2130,0
1790565360000,9.3630,9.3820,9.3610,9.3810,40381,1790565419999,378508.9530,1543,15882,148874.7700,0
1790565420000,9.3810,9.3990,9.3730,9.3920,39011,1790565479999,366206.3730,1254,20821,195522.5150,0
1790565480000,9.3920,9.3970,9.3780,9.3830,16764,1790565539999,157363.3710,643,7651,71808.2320,0
1790565540000,9.3830,9.4000,9.3820,9.3880,16505,1790565599999,155021.0330,808,10774,101184.7360,0
1790565600000,9.3880,9.4100,9.3850,9.4060,46185,1790565659999,433873.3700,900,38807,364557.1030,0
1790565660000,9.4070,9.4120,9.4000,9.4040,40803,1790565719999,383835.9530,1288,19380,182329.9270,0
1790565720000,9.4030,9.4040,9.3810,9.3860,20977,1790565779999,196981.8190,942,9963,93551.6270,0
1790565780000,9.3860,9.3920,9.3790,9.3840,14989,1790565839999,140676.1060,854,7007,65771.1440,0
1790565840000,9.3840,9.3970,9.3780,9.3850,12364,1790565899999,116059.7080,740,5484,51479.8140,0
1790565900000,9.3850,9.3850,9.3590,9.3680,46010,1790565959999,431220.9470,1508,6410,60099.6490,0
1790565960000,9.3690,9.3770,9.3560,9.3640,33349,1790566019999,312355.0750,1409,16145,151228.2590,0
1790566020000,9.3630,9.3730,9.3210,9.3380,137916,1790566079999,1287723.6050,2570,48140,449459.9050,0
1790566080000,9.3380,9.3480,9.3100,9.3210,222168,1790566139999,2073506.0620,3247,146791,1370232.8100,0
1790566140000,9.3200,9.3210,9.2330,9.2770,558808,1790566199999,5179086.6730,8563,175513,1626611.8120,0
1790566200000,9.2780,9.2840,9.2610,9.2720,79668,1790566259999,738758.1410,2079,21943,203495.9530,0
1790566260000,9.2710,9.2930,9.2660,9.2900,95360,1790566319999,885179.2040,1915,70831,657558.9240,0
1790566320000,9.2900,9.3000,9.2830,9.2840,54289,1790566379999,504401.4360,1735,20067,186465.0760,0
1790566380000,9.2850,9.2930,9.2690,9.2750,103841,1790566439999,963617.6630,2650,23220,215507.8060,0
1790566440000,9.2760,9.3050,9.2730,9.2890,32111,1790566499999,298407.8540,1383,16099,149604.1190,0
1790566500000,9.2890,9.3000,9.2710,9.2960,43414,1790566559999,403121.0550,1831,12814,119017.6100,0
1790566560000,9.2950,9.3060,9.2890,9.3010,35597,1790566619999,330990.0330,1585,12209,113546.7030,0
1790566620000,9.3000,9.3310,9.2980,9.3220,48101,1790566679999,448254.5450,1691,21632,201579.4690,0
1790566680000,9.3230,9.3560,9.3210,9.3540,124343,1790566739999,1161758.8780,3085,97534,911263.7800,0
1790566740000,9.3550,9.3600,9.3440,9.3540,32274,1790566799999,301884.5900,1275,18450,172592.2580,0
1790566800000,9.3550,9.3590,9.3380,9.3410,38324,1790566859999,358239.8390,1235,10070,94161.0390,0
1790566860000,9.3400,9.3650,9.3300,9.3650,24188,1790566919999,226158.5070,1057,17368,162424.6350,0
1790566920000,9.3650,9.3750,9.3630,9.3650,29585,1790566979999,277176.5880,1190,17445,163451.2280,0
1790566980000,9.3640,9.3730,9.3610,9.3650,33750,1790567039999,316110.9560,859,7261,68013.9670,0
1790567040000,9.3640,9.3640,9.3420,9.3500,25351,1790567099999,237057.6000,1009,7713,72131.8810,0
1790567100000,9.3490,9.3550,9.3400,9.3410,19513,1790567159999,182375.6280,1028,9680,90489.3160,0
1790567160000,9.3420,9.3500,9.3380,9.3490,16636,1790567219999,155459.9680,813,6233,58247.7360,0
1790567220000,9.3490,9.3670,9.3480,9.3670,29328,1790567279999,274470.2420,923,18785,175781.6470,0
1790567280000,9.3660,9.3830,9.3580,9.3800,85482,1790567339999,801115.0220,2012,54595,511637.9470,0
1790567340000,9.3790,9.3920,9.3740,9.3790,38164,1790567399999,358105.8290,1229,23995,225176.0030,0
1790567400000,9.3780,9.3810,9.3670,9.3780,21435,1790567459999,200919.5350,884,14054,131726.4050,0
1790567460000,9.3780,9.3790,9.3520,9.3570,24848,1790567519999,232675.7880,1068,9994,93592.6590,0
1790567520000,9.3560,9.3560,9.3420,9.3440,13559,1790567579999,126750.8560,607,6414,59953.8420,0
1790567580000,9.3430,9.3510,9.3400,9.3400,17401,1790567639999,162630.8990,567,9049,84568.4160,0
1790567640000,9.3410,9.3470,9.3400,9.3400,25973,1790567699999,242661.8280,789,10125,94601.8750,0
1790567700000,9.3400,9.3400,9.3290,9.3380,30070,1790567759999,280721.9730,759,7119,66460.1790,0
1790567760000,9.3380,9.3400,9.3280,9.3280,27298,1790567819999,254822.3770,682,5436,50750.5260,0
1790567820000,9.3280,9.3300,9.3060,9.3130,37058,1790567879999,345173.7970,1120,11752,109435.8150,0
1790567880000,9.3140,9.3140,9.3060,9.3110,15497,1790567939999,144267.3200,566,8165,76008.9190,0
1790567940000,9.3100,9.3110,9.3060,9.3080,10300,1790567999999,95872.9820,460,4463,41542.4670,0
1790568000000,9.3080,9.3130,9.2890,9.2930,40461,1790568059999,376298.3640,1425,13440,125021.0050,0
1790568060000,9.2920,9.2920,9.2650,9.2660,105425,1790568119999,977952.3970,2396,30609,283972.0140,0
1790568120000,9.2650,9.2700,9.2510,9.2590,47982,1790568179999,444270.8580,1786,14769,136759.5450,0
1790568180000,9.2590,9.2700,9.2570,9.2590,29273,1790568239999,271145.5410,967,16612,153872.5770,0
1790568240000,9.2590,9.2670,9.2410,9.2460,39388,1790568299999,364512.5880,1599,14805,137038.4290,0
1790568300000,9.2460,9.2640,9.2330,9.2640,52007,1790568359999,480974.3770,1604,20135,186262.7430,0
1790568360000,9.2640,9.3250,9.2630,9.3010,199710,1790568419999,1855589.4570,3257,141593,1315672.9830,0
1790568420000,9.3010,9.3200,9.2980,9.3180,33568,1790568479999,312528.8850,1243,17742,165175.8330,0
1790568480000,9.3170,9.3310,9.3000,9.3130,65866,1790568539999,613638.7060,1708,48174,448834.4020,0
1790568540000,9.3120,9.3250,9.3110,9.3160,22313,1790568599999,207905.7440,930,14997,139733.5270,0
1790568600000,9.3160,9.3410,9.3130,9.3320,25239,1790568659999,235461.5760,1246,17929,167276.0020,0
1790568660000,9.3310,9.3350,9.3260,9.3280,11089,1790568719999,103452.3150,710,6130,57186.5280,0
1790568720000,9.3270,9.3290,9.3190,9.3260,13248,1790568779999,123533.2920,756,8018,74769.7820,0
1790568780000,9.3270,9.3450,9.3240,9.3410,25609,1790568839999,239082.0600,1253,15550,145173.3830,0
1790568840000,9.3400,9.3480,9.3370,9.3400,17437,1790568899999,162903.0780,628,9064,84684.4150,0
1790568900000,9.3390,9.3430,9.3140,9.3280,45922,1790568959999,428444.3680,1573,28768,268456.0490,0
1790568960000,9.3270,9.3300,9.3080,9.3090,15800,1790569019999,147245.1930,846,2714,25303.0790,0
1790569020000,9.3090,9.3400,9.3010,9.3400,27972,1790569079999,260577.7850,1187,15987,149002.7790,0
1790569080000,9.3410,9.3750,9.3410,9.3750,35732,1790569139999,334462.8920,1093,24928,233324.9040,0
1790569140000,9.3740,9.3860,9.3700,9.3840,38208,1790569199999,358430.4980,1056,29019,272240.9630,0
1790569200000,9.3850,9.3890,9.3780,9.3790,17922,1790569259999,168162.9310,795,11484,107757.5030,0
1790569260000,9.3790,9.3790,9.3630,9.3650,29833,1790569319999,279463.7980,881,18328,171661.4510,0
1790569320000,9.3640,9.3690,9.3550,9.3680,21910,1790569379999,205096.9740,918,9889,92577.7380,0
1790569380000,9.3670,9.3760,9.3640,9.3710,17437,1790569439999,163415.8170,650,12987,121712.8670,0
1790569440000,9.3710,9.3710,9.3340,9.3370,88260,1790569499999,825396.1580,1837,17324,161802.6800,0
1790569500000,9.3380,9.3400,9.3050,9.3100,86596,1790569559999,806710.8570,2169,26812,249696.3100,0
1790569560000,9.3100,9.3120,9.3040,9.3040,25287,1790569619999,235364.4430,972,16466,153261.7820,0
1790569620000,9.3040,9.3120,9.2920,9.3070,43183,1790569679999,401675.3520,1292,17479,162625.9740,0
1790569680000,9.3070,9.3150,9.3020,9.3130,16768,1790569739999,156095.1080,666,9791,91153.1850,0
1790569740000,9.3130,9.3180,9.3020,9.3020,24770,1790569799999,230640.0730,762,9676,90113.7330,0
1790569800000,9.3020,9.3050,9.2940,9.3030,31963,1790569859999,297265.0830,1038,15894,147820.4200,0
1790569860000,9.3020,9.3060,9.2870,9.2960,25807,1790569919999,239915.3460,902,12342,114745.7990,0
1790569920000,9.2970,9.3010,9.2910,9.3000,20313,1790569979999,188837.1250,677,8412,78205.2430,0
1790569980000,9.2990,9.3120,9.2910,9.3080,42847,1790570039999,398577.0390,1147,33673,313265.5020,0
1790570040000,9.3090,9.3110,9.3000,9.3110,6472,1790570099999,60225.4010,384,4280,39828.7280,0
1790570100000,9.3110,9.3150,9.3010,9.3050,14088,1790570159999,131145.5730,788,8112,75520.3940,0
1790570160000,9.3060,9.3070,9.3020,9.3020,10510,1790570219999,97789.0280,465,6160,57316.2820,0
1790570220000,9.3020,9.3080,9.2990,9.3070,15510,1790570279999,144284.9820,627,7805,72614.3060,0
1790570280000,9.3070,9.3280,9.3050,9.3230,18874,1790570339999,175835.9050,791,15321,142737.0160,0
1790570340000,9.3230,9.3330,9.3210,9.3210,18841,1790570399999,175723.2100,834,9254,86315.9630,0
1790570400000,9.3220,9.3290,9.3190,9.3270,9083,1790570459999,84684.1530,553,6355,59248.7710,0
1790570460000,9.3260,9.3310,9.3220,9.3300,14777,1790570519999,137818.3740,643,6866,64042.6860,0
1790570520000,9.3290,9.3420,9.3280,9.3420,22897,1790570579999,213756.3950,555,17470,163086.2770,0
1790570580000,9.3410,9.3430,9.3290,9.3290,18100,1790570639999,169000.5730,648,6290,58740.0140,0
1790570640000,9.3290,9.3290,9.3220,9.3230,16771,1790570699999,156423.3850,481,4794,44713.3310,0
1790570700000,9.3220,9.3220,9.3110,9.3160,13070,1790570759999,121762.6800,627,7604,70839.0370,0
1790570760000,9.3150,9.3180,9.3030,9.3030,25149,1790570819999,234117.3610,784,6142,57188.5800,0
1790570820000,9.3030,9.3040,9.3030,9.3030,6478,1790570879999,60265.4890,203,655,6094.1200,0
1790570880000,9.3030,9.3140,9.3030,9.3130,11161,1790570939999,103871.6020,358,8529,79382.4980,0
1790570940000,9.3140,9.3160,9.3100,9.3150,10151,1790570999999,94538.6880,430,4054,37756.4810,0
1790571000000,9.3150,9.3370,9.3150,9.3350,17025,1790571059999,158777.8390,748,13152,122657.0710,0
1790571060000,9.3340,9.3370,9.3320,9.3340,9615,1790571119999,89755.0170,459,5847,54581.0100,0
1790571120000,9.3340,9.3580,9.3320,9.3510,25520,1790571179999,238584.5340,903,22254,208060.2450,0
1790571180000,9.3510,9.3630,9.3460,9.3600,31466,1790571239999,294394.3680,980,27567,257926.3350,0
1790571240000,9.3600,9.3600,9.3470,9.3500,12779,1790571299999,119548.3050,621,6825,63855.9440,0
1790571300000,9.3500,9.3500,9.3440,9.3490,6199,1790571359999,57944.3740,374,3884,36304.2530,0
1790571360000,9.3490,9.3520,9.3380,9.3380,7378,1790571419999,68958.7670,439,2672,24980.4040,0
1790571420000,9.3390,9.3440,9.3350,9.3430,13951,1790571479999,130287.9380,572,11181,104419.8600,0
1790571480000,9.3440,9.3480,9.3420,9.3420,10459,1790571539999,97740.8450,465,8588,80258.7010,0
1790571540000,9.3420,9.3450,9.3380,9.3420,12399,1790571599999,115831.4220,556,7178,67058.2220,0
1790571600000,9.3420,9.3690,9.3390,9.3680,31333,1790571659999,293218.6400,1224,27559,257897.4160,0
1790571660000,9.3680,9.3750,9.3510,9.3550,31755,1790571719999,297371.6420,1162,13228,123883.8680,0
1790571720000,9.3550,9.3550,9.3350,9.3360,13457,1790571779999,125729.2960,779,4357,40689.8560,0
1790571780000,9.3370,9.3430,9.3310,9.3410,15348,1790571839999,143298.2910,779,8290,77408.1810,0
1790571840000,9.3410,9.3430,9.3320,9.3370,19596,1790571899999,182993.1280,759,5739,53594.5490,0
1790571900000,9.3370,9.3500,9.3280,9.3410,43188,1790571959999,403319.8220,1311,23205,216773.4610,0
1790571960000,9.3400,9.3410,9.3250,9.3280,26436,1790572019999,246719.7980,672,6174,57638.1100,0
1790572020000,9.3270,9.3270,9.3080,9.3090,18021,1790572079999,167890.8170,890,5837,54383.4630,0
1790572080000,9.3090,9.3110,9.2920,9.3000,34718,1790572139999,322919.5140,995,10385,96611.6560,0
1790572140000,9.3010,9.3060,9.2940,9.3040,11527,1790572199999,107202.1980,549,7353,68387.4750,0
1790572200000,9.3040,9.3140,9.3030,9.3090,26622,1790572259999,247847.3720,913,21103,196477.9860,0
1790572260000,9.3090,9.3090,9.2920,9.2930,9573,1790572319999,89049.5640,497,4089,38042.5700,0
1790572320000,9.2920,9.3010,9.2900,9.2910,18323,1790572379999,170330.4540,729,13965,129823.9860,0
1790572380000,9.2920,9.2930,9.2610,9.2680,61371,1790572439999,568998.4340,1630,8630,80047.0430,0
1790572440000,9.2690,9.2860,9.2530,9.2860,55902,1790572499999,517870.8960,1652,22194,205653.4800,0
1790572500000,9.2860,9.2940,9.2770,9.2840,32402,1790572559999,300836.4000,1021,9872,91689.5860,0
1790572560000,9.2830,9.2830,9.2490,9.2550,66875,1790572619999,619386.5720,1415,31882,295126.0060,0
1790572620000,9.2550,9.2700,9.2530,9.2690,36739,1790572679999,340275.9230,934,21900,202847.7450,0
1790572680000,9.2700,9.2750,9.2520,9.2740,20279,1790572739999,187899.4650,725,10008,92732.4240,0
1790572740000,9.2740,9.2880,9.2690,9.2820,34379,1790572799999,319032.0010,1038,26317,244229.0640,0
1790572800000,9.2810,9.2820,9.2580,9.2770,33614,1790572859999,311593.9510,1100,11706,108509.1380,0
1790572860000,9.2760,9.2840,9.2600,9.2620,33088,1790572919999,306826.2700,884,7399,68614.1990,0
1790572920000,9.2620,9.2670,9.2450,9.2490,80984,1790572979999,749414.8440,1687,24314,225058.3940,0
1790572980000,9.2500,9.2630,9.2500,9.2560,54210,1790573039999,501613.4570,1120,42077,389297.6950,0
1790573040000,9.2570,9.2640,9.2540,9.2550,14521,1790573099999,134452.8020,533,6648,61562.0340,0
1790573100000,9.2550,9.2660,9.2520,9.2620,20664,1790573159999,191333.1280,869,8910,82501.4870,0
1790573160000,9.2610,9.2700,9.2580,9.2650,14108,1790573219999,130709.8840,581,7998,74107.5130,0
1790573220000,9.2660,9.2960,9.2660,9.2820,62590,1790573279999,581124.8650,1610,42616,395622.1240,0
1790573280000,9.2810,9.2940,9.2660,9.2680,32977,1790573339999,306161.0430,992,19287,179103.9930,0
1790573340000,9.2670,9.2680,9.2560,9.2600,23385,1790573399999,216567.5610,484,2632,24371.3940,0
1790573400000,9.2600,9.2610,9.2490,9.2500,50157,1790573459999,464080.7550,1245,19978,184863.9970,0
1790573460000,9.2500,9.2600,9.2420,9.2460,52280,1790573519999,483536.7220,1153,12367,114409.9470,0
1790573520000,9.2450,9.2450,9.2130,9.2200,106966,1790573579999,986627.0710,3007,28397,261864.0470,0
1790573580000,9.2210,9.2240,9.1400,9.1770,264626,1790573639999,2429549.0080,5353,74069,680112.4800,0
1790573640000,9.1770,9.1840,9.1400,9.1460,167498,1790573699999,1534092.1540,4105,38180,349844.2570,0
1790573700000,9.1460,9.1710,9.1450,9.1530,159938,1790573759999,1464586.0040,2757,97803,895407.4770,0
1790573760000,9.1530,9.1580,9.1300,9.1440,115649,1790573819999,1057180.6160,2833,27997,255907.2950,0
1790573820000,9.1450,9.1600,9.1320,9.1540,77253,1790573879999,706772.4650,2167,39207,358824.2710,0
1790573880000,9.1540,9.1590,9.1310,9.1420,81317,1790573939999,744010.3970,1944,23438,214491.6330,0
1790573940000,9.1420,9.1480,9.1340,9.1420,67718,1790573999999,619067.4960,1880,25854,236379.5010,0
1790574000000,9.1420,9.1770,9.1380,9.1730,77699,1790574059999,711964.5920,1947,41523,380438.9640,0
1790574060000,9.1720,9.1930,9.1700,9.1900,85551,1790574119999,785771.6630,1801,65573,602336.5150,0
1790574120000,9.1900,9.2460,9.1870,9.2400,521653,1790574179999,4800422.9990,2328,481754,4432883.9130,0
1790574180000,9.2390,9.2490,9.2100,9.2480,64917,1790574239999,599131.0100,1664,36055,332748.9720,0
1790574240000,9.2490,9.2690,9.2460,9.2650,74094,1790574299999,686140.8500,1592,44002,407466.8520,0
1790574300000,9.2660,9.2810,9.2520,9.2590,73278,1790574359999,679291.2940,1950,34521,320008.7020,0
1790574360000,9.2590,9.2640,9.2340,9.2570,61059,1790574419999,564718.1550,1609,24842,229778.8080,0
1790574420000,9.2570,9.2770,9.2570,9.2700,52677,1790574479999,488359.8030,1515,25775,238984.9190,0
1790574480000,9.2700,9.2700,9.2450,9.2460,31138,1790574539999,288117.7040,1040,10751,99482.7960,0
1790574540000,9.2450,9.2460,9.2320,9.2350,24883,1790574599999,229856.2640,1058,7289,67345.9040,0
1790574600000,9.2350,9.2450,9.2310,9.2340,32305,1790574659999,298402.5730,947,16309,150652.8220,0
1790574660000,9.2350,9.2430,9.2280,9.2390,11950,1790574719999,110351.0840,701,6802,62812.4690,0
1790574720000,9.2400,9.2440,9.2290,9.2420,27652,1790574779999,255521.6570,719,17981,166184.7030,0
1790574780000,9.2420,9.2460,9.2340,9.2360,31989,1790574839999,295580.7130,993,15176,140230.4670,0
1790574840000,9.2350,9.2570,9.2320,9.2450,39400,1790574899999,364257.6310,925,12817,118510.9680,0
1790574900000,9.2440,9.2440,9.2350,9.2410,12099,1790574959999,111810.8430,570,3538,32696.6910,0
1790574960000,9.2400,9.2530,9.2310,9.2420,44991,1790575019999,415762.7120,933,8641,79855.6080,0
1790575020000,9.2410,9.2470,9.2290,9.2360,16561,1790575079999,152963.5540,654,6374,58888.6680,0
1790575080000,9.2360,9.2610,9.2350,9.2610,18161,1790575139999,167976.1230,661,13914,128707.3120,0
1790575140000,9.2610,9.2610,9.2480,9.2500,28722,1790575199999,265821.8330,718,6281,58130.9540,0
1790575200000,9.2500,9.2600,9.2430,9.2440,16971,1790575259999,156973.6450,774,7417,68607.4330,0
1790575260000,9.2440,9.2480,9.2370,9.2440,24239,1790575319999,224048.7560,877,11517,106456.8530,0
1790575320000,9.2450,9.2480,9.1990,9.2020,123006,1790575379999,1133868.3220,2676,33144,305321.5580,0
1790575380000,9.2030,9.2100,9.1740,9.1900,99752,1790575439999,916821.6770,1822,37421,344077.7400,0
1790575440000,9.1900,9.2010,9.1860,9.1920,29429,1790575499999,270581.1920,1148,15838,145630.5360,0
1790575500000,9.1930,9.2140,9.1920,9.2140,25161,1790575559999,231500.9830,1101,18026,165864.2620,0
1790575560000,9.2150,9.2420,9.2150,9.2370,34061,1790575619999,314454.5510,1279,26771,247148.6050,0
1790575620000,9.2360,9.2460,9.2240,9.2310,37089,1790575679999,342546.2420,1269,14493,133852.8590,0
1790575680000,9.2300,9.2410,9.2270,9.2390,13046,1790575739999,120458.9410,692,9180,84762.1770,0
1790575740000,9.2400,9.2560,9.2400,9.2560,27565,1790575799999,254954.0010,1014,20543,190018.4320,0
1790575800000,9.2560,9.2600,9.2480,9.2540,29204,1790575859999,270259.9250,973,15136,140070.5590,0
1790575860000,9.2540,9.2700,9.2540,9.2660,39488,1790575919999,365820.9550,1368,29192,270440.9580,0
1790575920000,9.2650,9.2680,9.2550,9.2600,29388,1790575979999,272184.6800,899,9319,86308.3660,0
1790575980000,9.2600,9.2650,9.2450,9.2480,19688,1790576039999,182240.1940,733,7264,67256.5840,0
1790576040000,9.2490,9.2500,9.2300,9.2330,14359,1790576099999,132637.1530,753,6080,56159.6370,0
1790576100000,9.2330,9.2330,9.2170,9.2190,11194,1790576159999,103239.4480,743,3680,33937.8380,0
1790576160000,9.2190,9.2210,9.2060,9.2120,26324,1790576219999,242526.2600,839,14470,133305.8640,0
1790576220000,9.2120,9.2120,9.1940,9.1940,26384,1790576279999,242805.8310,904,11182,102915.0020,0
1790576280000,9.1940,9.2020,9.1930,9.1980,11156,1790576339999,102614.6530,648,6628,60966.6690,0
1790576340000,9.1980,9.2090,9.1930,9.1950,36417,1790576399999,335105.2570,836,27229,250562.1310,0
1790576400000,9.1950,9.2020,9.1810,9.1850,24439,1790576459999,224584.5140,1076,8010,73612.2310,0
1790576460000,9.1860,9.1940,9.1390,9.1840,113176,1790576519999,1037396.0490,2285,23798,218339.5790,0
1790576520000,9.1850,9.1880,9.1520,9.1600,42326,1790576579999,387915.6790,1255,13061,119706.2630,0
1790576580000,9.1600,9.1660,9.1420,9.1470,72405,1790576639999,662915.8820,1456,20234,185293.0880,0
1790576640000,9.1470,9.1510,9.1320,9.1390,50763,1790576699999,464071.9610,1407,19224,175759.0510,0
1790576700000,9.1390,9.1420,9.1330,9.1390,26785,1790576759999,244749.7990,983,12028,109906.8060,0
1790576760000,9.1380,9.1560,9.1360,9.1510,42551,1790576819999,389201.8820,1157,26515,242494.2460,0
1790576820000,9.1510,9.1600,9.1440,9.1500,36843,1790576879999,337229.4850,1060,23197,212346.1620,0
1790576880000,9.1500,9.1680,9.1480,9.1630,32447,1790576939999,297166.6200,950,19105,174995.6430,0
1790576940000,9.1640,9.1660,9.1570,9.1590,14728,1790576999999,134937.4360,475,5917,54210.9440,0
1790577000000,9.1590,9.1620,9.1450,9.1540,41461,1790577059999,379529.2690,1223,11903,108965.2650,0
1790577060000,9.1540,9.1630,9.1480,9.1590,25467,1790577119999,233171.3800,916,11212,102667.8520,0
1790577120000,9.1600,9.1660,9.1540,9.1590,18795,1790577179999,172166.1050,766,6459,59172.1510,0
1790577180000,9.1580,9.1580,9.1420,9.1490,26795,1790577239999,245151.8590,989,10330,94504.1230,0
1790577240000,9.1480,9.1540,9.1410,9.1490,18025,1790577299999,164878.7620,775,10711,97980.4710,0
1790577300000,9.1490,9.1570,9.1450,9.1540,18755,1790577359999,171601.0520,669,11007,100721.2890,0
1790577360000,9.1530,9.1540,9.1450,9.1450,33345,1790577419999,305123.1530,884,13517,123685.9100,0
1790577420000,9.1460,9.1470,9.1340,9.1360,27420,1790577479999,250584.2720,879,8973,82004.6090,0
1790577480000,9.1360,9.1440,9.1310,9.1370,25626,1790577539999,234139.2170,982,14730,134593.1700,0
1790577540000,9.1380,9.1390,9.1230,9.1380,40723,1790577599999,371854.7670,1259,17245,157500.7870,0
1790577600000,9.1390,9.1630,9.1380,9.1550,80465,1790577659999,736441.2480,1710,58188,532550.9870,0
1790577660000,9.1560,9.1670,9.1550,9.1630,23856,1790577719999,218558.1260,838,10306,94413.5990,0
1790577720000,9.1620,9.1790,9.1620,9.1770,20072,1790577779999,184114.3130,933,16821,154294.1500,0
1790577780000,9.1760,9.1920,9.1590,9.1600,54509,1790577839999,500256.7000,1306,22402,205660.1350,0
1790577840000,9.1600,9.1610,9.1530,9.1530,18284,1790577899999,167440.8250,555,10315,94468.9290,0
1790577900000,9.1540,9.1670,9.1490,9.1650,24506,1790577959999,224388.1660,864,15292,140043.5480,0
1790577960000,9.1640,9.1770,9.1640,9.1670,21733,1790578019999,199333.7890,776,11305,103683.2440,0
1790578020000,9.1670,9.1670,9.1510,9.1590,17830,1790578079999,163278.9960,617,7269,66552.9350,0
1790578080000,9.1580,9.1580,9.1430,9.1480,18307,1790578139999,167460.3740,748,12679,115972.3160,0
1790578140000,9.1480,9.1530,9.1440,9.1480,12479,1790578199999,114164.9720,542,7187,65751.3040,0
1790578200000,9.1480,9.1480,9.1310,9.1330,22313,1790578259999,204000.0130,920,4619,42237.9380,0
1790578260000,9.1340,9.1370,9.1070,9.1250,173327,1790578319999,1581724.7240,2261,78954,720741.0320,0
1790578320000,9.1260,9.1420,9.1250,9.1420,99799,1790578379999,911328.5790,1074,89024,812919.2860,0
1790578380000,9.1410,9.1490,9.1390,9.1470,15968,1790578439999,146012.5790,724,7497,68556.9580,0
1790578440000,9.1470,9.1470,9.1280,9.1330,17831,1790578499999,162910.7710,802,4598,42012.4040,0
1790578500000,9.1340,9.1350,9.1190,9.1190,41938,1790578559999,382661.4110,759,8250,75274.1630,0
1790578560000,9.1190,9.1240,9.1000,9.1020,152590,1790578619999,1389701.2300,2102,42964,391231.5670,0
1790578620000,9.1040,9.1120,9.0930,9.1110,59761,1790578679999,543925.2250,1294,15740,143336.9510,0
1790578680000,9.1110,9.1140,9.1040,9.1120,20382,1790578739999,185674.8700,525,6222,56684.5140,0
1790578740000,9.1110,9.1210,9.1060,9.1190,22762,1790578799999,207431.0180,659,14976,136473.4660,0
1790578800000,9.1190,9.1340,9.1110,9.1290,30493,1790578859999,278129.2850,1321,16697,152293.5360,0
1790578860000,9.1290,9.1550,9.1290,9.1550,44196,1790578919999,403931.2660,1258,28785,263098.1360,0
1790578920000,9.1550,9.1590,9.1450,9.1540,26378,1790578979999,241453.0880,1104,16910,154796.4160,0
1790578980000,9.1550,9.1570,9.1440,9.1490,22630,1790579039999,207114.7300,983,10771,98585.4410,0
1790579040000,9.1490,9.1500,9.1300,9.1420,20476,1790579099999,187094.0810,971,8774,80173.4910,0
1790579100000,9.1430,9.1430,9.1200,9.1200,18062,1790579159999,164912.6930,931,6915,63146.4880,0
1790579160000,9.1200,9.1220,9.1000,9.1040,35932,1790579219999,327317.0520,1162,8772,79942.0860,0
1790579220000,9.1050,9.1070,9.0920,9.1020,58551,1790579279999,532727.7600,1483,16780,152702.5350,0
1790579280000,9.1020,9.1030,9.0880,9.0930,47735,1790579339999,434042.4530,1191,17698,160926.5160,0
1790579340000,9.0940,9.1000,9.0890,9.0940,20340,1790579399999,184963.9600,788,7107,64632.0910,0
1790579400000,9.0940,9.1040,9.0880,9.0880,29557,1790579459999,268766.7080,881,7057,64191.2760,0
1790579460000,9.0880,9.0900,9.0720,9.0770,44227,1790579519999,401716.3540,1311,12496,113532.3890,0
1790579520000,9.0770,9.0820,9.0690,9.0720,45792,1790579579999,415549.1510,1325,17569,159458.5510,0
1790579580000,9.0710,9.0750,9.0670,9.0690,28475,1790579639999,258334.2390,1182,15809,143427.3360,0
1790579640000,9.0690,9.0750,9.0600,9.0750,44959,1790579699999,407604.5350,1458,19957,180946.1520,0
1790579700000,9.0740,9.0910,9.0710,9.0880,55931,1790579759999,507949.1730,1282,37614,341641.9260,0
1790579760000,9.0880,9.0900,9.0720,9.0750,39454,1790579819999,358234.9520,1096,21729,197297.9380,0
1790579820000,9.0760,9.0870,9.0580,9.0640,44960,1790579879999,407811.7380,1154,10649,96661.2650,0
1790579880000,9.0640,9.0740,9.0610,9.0650,32883,1790579939999,298141.1660,993,7346,66609.6740,0
1790579940000,9.0650,9.0770,9.0650,9.0750,21415,1790579999999,194243.9510,877,10850,98424.6000,0
1790580000000,9.0750,9.0780,9.0660,9.0770,30469,1790580059999,276422.1480,1055,12543,113813.7300,0
1790580060000,9.0780,9.0790,9.0670,9.0750,18337,1790580119999,166379.7820,629,8576,77808.6350,0
1790580120000,9.0750,9.0750,9.0560,9.0560,18815,1790580179999,170540.8020,793,2966,26888.8630,0
1790580180000,9.0560,9.0590,9.0370,9.0390,73435,1790580239999,664384.6650,1695,16098,145619.8010,0
1790580240000,9.0390,9.0480,9.0310,9.0340,39353,1790580299999,355733.9230,1104,15064,136195.4090,0
1790580300000,9.0340,9.0540,9.0290,9.0410,65740,1790580359999,594215.8200,1810,22338,201982.5780,0
1790580360000,9.0420,9.0460,9.0360,9.0400,39774,1790580419999,359583.5660,1133,13998,126573.9420,0
1790580420000,9.0400,9.0490,9.0320,9.0360,27740,1790580479999,250710.0170,960,8265,74707.4780,0
1790580480000,9.0370,9.0470,9.0360,9.0430,34065,1790580539999,308018.6360,1025,15763,142522.7080,0
1790580540000,9.0430,9.0480,9.0300,9.0480,51162,1790580599999,462462.8180,1148,21647,195676.2520,0
1790580600000,9.0480,9.0520,9.0440,9.0480,26386,1790580659999,238732.4740,1062,10310,93288.6000,0
1790580660000,9.0460,9.0550,9.0330,9.0350,36229,1790580719999,327642.1780,1324,12797,115765.2460,0
1790580720000,9.0360,9.0440,9.0300,9.0350,28678,1790580779999,259139.3190,1192,14411,130234.2890,0
1790580780000,9.0340,9.0410,9.0300,9.0350,22984,1790580839999,207669.0150,954,10675,96452.9270,0
1790580840000,9.0350,9.0460,9.0210,9.0450,58848,1790580899999,531458.5260,1536,16090,145380.3940,0
1790580900000,9.0450,9.0560,9.0280,9.0510,43633,1790580959999,394579.9740,1338,20931,189377.1920,0
1790580960000,9.0500,9.0660,9.0500,9.0590,36318,1790581019999,329068.6870,1042,25260,228867.9070,0
1790581020000,9.0590,9.0660,9.0500,9.0650,16711,1790581079999,151371.9080,718,9073,82194.7950,0
1790581080000,9.0650,9.0650,9.0470,9.0480,14054,1790581139999,127231.3270,723,5409,48963.3890,0
1790581140000,9.0480,9.0520,9.0450,9.0460,19307,1790581199999,174688.7350,799,8667,78419.3390,0
1790581200000,9.0470,9.0700,9.0470,9.0640,33782,1790581259999,305992.3320,1118,27666,250621.0850,0
1790581260000,9.0630,9.0690,9.0570,9.0640,63772,1790581319999,578021.5390,1222,23873,216380.7570,0
1790581320000,9.0640,9.0660,9.0610,9.0660,12659,1790581379999,114729.3010,577,7116,64496.2280,0
1790581380000,9.0650,9.0670,9.0430,9.0450,49257,1790581439999,445969.1750,977,13655,123611.4700,0
1790581440000,9.0450,9.0490,9.0380,9.0450,48368,1790581499999,437433.0140,989,15328,138633.8130,0
1790581500000,9.0450,9.0560,9.0450,9.0510,40002,1790581559999,362091.3430,688,10461,94682.8760,0
1790581560000,9.0510,9.0550,9.0450,9.0500,25479,1790581619999,230620.7700,787,10089,91319.8630,0
1790581620000,9.0510,9.0660,9.0510,9.0650,12431,1790581679999,112595.0080,481,10087,91364.9980,0
1790581680000,9.0650,9.0850,9.0650,9.0820,35154,1790581739999,319084.0720,1017,27521,249807.3060,0
1790581740000,9.0820,9.0870,9.0570,9.0650,44353,1790581799999,402398.1110,1432,18346,166511.0040,0
1790581800000,9.0650,9.0720,9.0620,9.0710,18265,1790581859999,165618.6650,851,12685,115022.4990,0
1790581860000,9.0710,9.0800,9.0700,9.0800,15891,1790581919999,144236.0360,640,11717,106350.5140,0
1790581920000,9.0810,9.0840,9.0670,9.0690,16464,1790581979999,149404.6750,654,9149,83023.1690,0
1790581980000,9.0690,9.0690,9.0610,9.0670,14715,1790582039999,133395.1980,619,6989,63357.9300,0
1790582040000,9.0670,9.0760,9.0600,9.0760,17723,1790582099999,160712.8050,601,9273,84102.7810,0
1790582100000,9.0750,9.0980,9.0740,9.0980,34069,1790582159999,309503.0740,1023,17679,160654.7000,0
1790582160000,9.0970,9.1010,9.0860,9.0910,22621,1790582219999,205682.6410,764,14355,130529.9110,0
1790582220000,9.0920,9.0950,9.0710,9.0710,16409,1790582279999,149053.4800,544,5452,49545.0440,0
1790582280000,9.0700,9.0740,9.0620,9.0670,20885,1790582339999,189382.0550,643,9462,85802.9010,0
1790582340000,9.0670,9.0690,9.0530,9.0580,37247,1790582399999,337459.1550,817,11813,107043.4690,0
1790582400000,9.0580,9.0840,9.0530,9.0830,57775,1790582459999,523569.5940,1448,41738,378257.6220,0
1790582460000,9.0830,9.1110,9.0830,9.1110,47840,1790582519999,435317.8540,1758,33484,304688.2890,0
1790582520000,9.1100,9.1340,9.1090,9.1260,52248,1790582579999,476632.0230,1520,33250,303313.8740,0
1790582580000,9.1260,9.1280,9.1060,9.1130,33812,1790582639999,308314.8120,1091,16371,149295.2900,0
1790582640000,9.1130,9.1300,9.1050,9.1210,39731,1790582699999,362251.1430,1190,24159,220294.5440,0
1790582700000,9.1200,9.1200,9.1050,9.1050,53009,1790582759999,483081.3500,1322,26665,243034.1100,0
1790582760000,9.1040,9.1170,9.0990,9.1060,58023,1790582819999,528686.7060,912,14331,130555.3730,0
1790582820000,9.1060,9.1230,9.1050,9.1060,28501,1790582879999,259776.6870,880,18312,166921.6440,0
1790582880000,9.1050,9.1310,9.1050,9.1220,47992,1790582939999,437806.5190,1151,32873,299855.9140,0
1790582940000,9.1210,9.1210,9.0980,9.1020,33691,1790582999999,306803.2110,1097,12730,115894.3440,0
1790583000000,9.1020,9.1020,9.0800,9.0870,40144,1790583059999,364827.7400,1350,16006,145432.8880,0
1790583060000,9.0870,9.1060,9.0830,9.1010,38869,1790583119999,353489.7440,913,31994,290949.2730,0
1790583120000,9.1010,9.1060,9.0930,9.1060,15858,1790583179999,144305.4750,630,8662,78831.9720,0
1790583180000,9.1050,9.1140,9.1000,9.1140,25437,1790583239999,231647.6340,717,16907,153978.1150,0
1790583240000,9.1140,9.1230,9.1110,9.1180,17116,1790583299999,156048.4000,661,13703,124935.8890,0
1790583300000,9.1180,9.1350,9.1150,9.1250,73698,1790583359999,672630.1090,1518,43138,393739.3580,0
1790583360000,9.1250,9.1390,9.1230,9.1380,45007,1790583419999,410988.5790,1226,31386,286638.2570,0
1790583420000,9.1370,9.1450,9.1340,9.1410,38219,1790583479999,349359.6640,1115,26650,243607.2530,0
1790583480000,9.1410,9.1410,9.1140,9.1160,55274,1790583539999,504551.3860,1106,13958,127442.6130,0
1790583540000,9.1150,9.1250,9.1100,9.1210,24238,1790583599999,221022.6860,634,19238,175438.9340,0
1790583600000,9.1210,9.1270,9.1180,9.1190,16865,1790583659999,153847.8210,620,11193,102107.9230,0
1790583660000,9.1200,9.1230,9.1090,9.1120,20615,1790583719999,187942.4110,1230,8965,81744.5240,0
1790583720000,9.1120,9.1120,9.1000,9.1070,14911,1790583779999,135757.6570,504,4568,41583.7990,0
1790583780000,9.1060,9.1060,9.0910,9.0950,8759,1790583839999,79695.5820,444,2324,21141.9140,0
1790583840000,9.0960,9.0960,9.0850,9.0910,18669,1790583899999,169680.0690,628,7603,69103.8470,0
1790583900000,9.0910,9.1080,9.0910,9.1050,16785,1790583959999,152773.6720,603,13504,122904.7270,0
1790583960000,9.1050,9.1230,9.1050,9.1140,21230,1790584019999,193505.7340,683,11778,107347.6940,0
1790584020000,9.1130,9.1220,9.1020,9.1020,9440,1790584079999,85996.7930,445,3358,30591.0140,0
1790584080000,9.1010,9.1090,9.1000,9.1010,7375,1790584139999,67133.8790,324,5484,49918.9480,0
1790584140000,9.1020,9.1090,9.1000,9.1080,14555,1790584199999,132494.7930,401,10285,93626.6020,0
1790584200000,9.1090,9.1220,9.1090,9.1160,16028,1790584259999,146091.2640,631,11159,101715.7340,0
1790584260000,9.1150,9.1230,9.1090,9.1160,34157,1790584319999,311364.4330,782,10772,98210.6250,0
1790584320000,9.1160,9.1220,9.1050,9.1100,23658,1790584379999,215604.0150,746,6353,57928.1360,0
1790584380000,9.1090,9.1140,9.1060,9.1070,12691,1790584439999,115615.7930,327,4190,38170.9420,0
1790584440000,9.1070,9.1160,9.1010,9.1160,20121,1790584499999,183214.2700,640,12434,113229.9120,0
1790584500000,9.1150,9.1160,9.1030,9.1040,31009,1790584559999,282434.6300,876,7694,70084.0110,0
1790584560000,9.1040,9.1050,9.0940,9.0970,15446,1790584619999,140544.0870,478,4168,37923.9410,0
1790584620000,9.0970,9.0970,9.0790,9.0800,27110,1790584679999,246370.0690,752,10061,91446.4430,0
1790584680000,9.0790,9.0950,9.0710,9.0930,30980,1790584739999,281314.2980,947,12829,116525.8770,0
1790584740000,9.0930,9.0930,9.0660,9.0760,20544,1790584799999,186451.7720,805,6502,59009.5580,0
1790584800000,9.0770,9.0780,9.0550,9.0550,56644,1790584859999,513401.4920,1682,12798,116027.1420,0
1790584860000,9.0550,9.0570,9.0410,9.0470,46320,1790584919999,419152.1070,1192,13656,123614.5200,0
1790584920000,9.0480,9.0540,8.9680,9.0150,405659,1790584979999,3653123.1610,5506,128616,1158056.7000,0
1790584980000,9.0150,9.0250,9.0040,9.0120,77899,1790585039999,702256.5100,1455,26184,236079.3880,0
1790585040000,9.0130,9.0160,8.9810,8.9950,139521,1790585099999,1255291.1330,2606,42436,381792.2140,0
1790585100000,8.9960,9.0040,8.9900,9.0000,98644,1790585159999,887409.0220,1670,39438,354852.5920,0
1790585160000,9.0000,9.0000,8.9680,8.9830,252177,1790585219999,2264525.5490,2538,169433,1521388.1530,0
1790585220000,8.9840,8.9890,8.9750,8.9860,55376,1790585279999,497345.3030,1300,13444,120763.1590,0
1790585280000,8.9870,8.9880,8.9140,8.9290,346983,1790585339999,3101394.9910,6556,100808,900963.1860,0
1790585340000,8.9290,8.9440,8.9010,8.9010,150193,1790585399999,1340395.0630,2727,56140,501409.6970,0
1790585400000,8.9020,8.9220,8.8960,8.9050,218991,1790585459999,1950791.6290,2868,70806,630676.4250,0
1790585460000,8.9050,8.9380,8.9000,8.9350,164590,1790585519999,1468406.1440,2208,115589,1031468.2200,0
1790585520000,8.9360,8.9360,8.8700,8.8760,373901,1790585579999,3323717.5900,4834,73112,650101.4000,0
1790585580000,8.8770,8.8880,8.8500,8.8680,225931,1790585639999,2004306.1190,3671,64866,575551.3590,0
1790585640000,8.8680,8.9040,8.8570,8.8700,142120,1790585699999,1262707.8340,2630,71157,632513.4860,0
1790585700000,8.8710,8.8960,8.8670,8.8920,99465,1790585759999,883591.9950,1619,55556,493406.9840,0
1790585760000,8.8920,8.9070,8.8910,8.9040,68865,1790585819999,612805.9090,1467,45858,408083.2350,0
1790585820000,8.9050,8.9120,8.8960,8.8970,52980,1790585879999,471800.5820,1287,21300,189695.6100,0
1790585880000,8.8980,8.9050,8.8580,8.8840,126103,1790585939999,1120457.3300,2217,32457,288632.4960,0
1790585940000,8.8850,8.8890,8.8340,8.8700,256812,1790585999999,2276708.2980,3913,86160,764378.1510,0
1790586000000,8.8710,8.8870,8.8710,8.8840,98800,1790586059999,877445.2720,1809,44745,397383.7320,0
1790586060000,8.8840,8.8860,8.8720,8.8750,46875,1790586119999,416275.6820,1351,19257,171010.7450,0
1790586120000,8.8740,8.8760,8.8230,8.8340,235322,1790586179999,2082580.2780,4237,80328,711148.9190,0
1790586180000,8.8340,8.8450,8.8130,8.8150,177436,1790586239999,1566383.7300,3076,59767,527695.5620,0
1790586240000,8.8150,8.8500,8.8130,8.8470,98189,1790586299999,867057.3670,1916,68203,602271.3840,0
1790586300000,8.8470,8.8530,8.8060,8.8120,171205,1790586359999,1510604.8220,2719,49586,437855.5820,0
1790586360000,8.8130,8.8170,8.7540,8.7840,486569,1790586419999,4277425.1210,6383,120582,1060573.2980,0
1790586420000,8.7840,8.7920,8.7610,8.7730,216694,1790586479999,1901479.0350,3480,97213,852986.1970,0
1790586480000,8.7740,8.7990,8.7690,8.7930,92270,1790586539999,810508.7740,2033,47864,420487.2390,0
1790586540000,8.7930,8.8070,8.7870,8.7920,81955,1790586599999,720821.8520,1707,37431,329279.3770,0
1790586600000,8.7930,8.8140,8.7920,8.8130,101940,1790586659999,897557.3550,1654,78257,689117.4920,0
1790586660000,8.8130,8.8180,8.8070,8.8120,43316,1790586719999,381737.4030,960,15396,135693.6450,0
1790586720000,8.8120,8.8640,8.8110,8.8410,114140,1790586779999,1009760.8480,2479,73875,653318.0740,0
1790586780000,8.8410,8.8800,8.8410,8.8730,76162,1790586839999,675066.5210,1919,47447,420477.6750,0
1790586840000,8.8730,8.8760,8.8280,8.8560,240697,1790586899999,2129085.4350,3509,75792,670334.9380,0
1790586900000,8.8560,8.9080,8.8510,8.9030,167081,1790586959999,1485405.3250,2902,128547,1142966.9520,0
1790586960000,8.9040,8.9360,8.8940,8.9030,138579,1790587019999,1236162.2400,2405,53116,473601.9510,0
1790587020000,8.9030,8.9280,8.8860,8.9200,76326,1790587079999,680317.6100,1740,56067,499886.9140,0
1790587080000,8.9200,8.9280,8.9050,8.9190,50337,1790587139999,448825.3770,1556,18989,169314.7630,0
1790587140000,8.9190,8.9360,8.9130,8.9210,46692,1790587199999,416662.2400,1355,23579,210393.8620,0
1790587200000,8.9200,8.9240,8.8850,8.8860,45901,1790587259999,408769.2480,1658,16385,145993.6730,0
1790587260000,8.8860,8.9210,8.8840,8.9130,37381,1790587319999,332928.2810,1120,16739,149041.7260,0
1790587320000,8.9140,8.9150,8.8940,8.9020,38834,1790587379999,345732.5450,999,13332,118714.4810,0
1790587380000,8.9030,8.9120,8.9020,8.9080,18608,1790587439999,165728.1190,759,12059,107400.6600,0
1790587440000,8.9070,8.9110,8.8970,8.9010,28822,1790587499999,256628.6130,856,11822,105260.7750,0
1790587500000,8.9020,8.9030,8.8890,8.8950,27670,1790587559999,246170.7070,969,10573,94075.2300,0
1790587560000,8.8940,8.9020,8.8860,8.8870,15210,1790587619999,135264.2640,627,5738,51038.4140,0
1790587620000,8.8870,8.8900,8.8760,8.8850,20004,1790587679999,177688.5560,797,7740,68759.6210,0
1790587680000,8.8850,8.8970,8.8840,8.8960,23379,1790587739999,207911.3210,811,13317,118436.6510,0
1790587740000,8.8950,8.9020,8.8880,8.8960,26171,1790587799999,232826.0150,954,15375,136792.6940,0
1790587800000,8.8960,8.9100,8.8900,8.9050,19109,1790587859999,170041.2810,904,12679,112836.9180,0
1790587860000,8.9040,8.9140,8.8980,8.9030,30034,1790587919999,267471.0930,992,12890,114791.4680,0
1790587920000,8.9020,8.9070,8.8980,8.9070,16690,1790587979999,148593.8500,718,8558,76190.0310,0
1790587980000,8.9050,8.9050,8.8830,8.8830,25156,1790588039999,223718.5480,828,7209,64130.0910,0
1790588040000,8.8820,8.8840,8.8640,8.8650,28012,1790588099999,248527.1810,884,10720,95095.0520,0
1790588100000,8.8660,8.8830,8.8620,8.8780,31443,1790588159999,279018.0360,920,25033,222134.4680,0
1790588160000,8.8780,8.8880,8.8740,8.8850,23095,1790588219999,205092.8230,747,15429,137017.6170,0
1790588220000,8.8840,8.8890,8.8760,8.8810,29024,1790588279999,257764.5260,894,6765,60087.9360,0
1790588280000,8.8820,8.8880,8.8640,8.8670,33938,1790588339999,301160.2780,1179,12208,108338.1340,0
1790588340000,8.8670,8.8810,8.8660,8.8670,18933,1790588399999,167971.7540,752,8282,73488.1810,0
1790588400000,8.8660,8.8810,8.8560,8.8730,48352,1790588459999,428744.4410,1203,12032,106722.7170,0
1790588460000,8.8720,8.8780,8.8630,8.8760,17021,1790588519999,150983.3550,624,8436,74842.6330,0
1790588520000,8.8770,8.8770,8.8630,8.8760,17191,1790588579999,152476.3410,733,8863,78607.6350,0
1790588580000,8.8760,8.8770,8.8480,8.8530,29304,1790588639999,259594.8210,830,9854,87292.7020,0
1790588640000,8.8520,8.8560,8.8330,8.8380,85476,1790588699999,755843.0440,1912,28298,250242.8110,0
1790588700000,8.8380,8.8630,8.8370,8.8420,34865,1790588759999,308562.8960,1164,18817,166555.3350,0
1790588760000,8.8420,8.8670,8.8420,8.8580,25460,1790588819999,225502.6140,834,18408,163047.6070,0
1790588820000,8.8580,8.8700,8.8460,8.8660,28650,1790588879999,253803.0660,946,15855,140481.9900,0
1790588880000,8.8660,8.8780,8.8640,8.8780,18571,1790588939999,164800.9770,602,11332,100564.9330,0
1790588940000,8.8780,8.8870,8.8770,8.8860,20036,1790588999999,177973.9800,696,15106,134183.0240,0
1790589000000,8.8870,8.8890,8.8720,8.8780,37822,1790589059999,335828.2600,1052,20609,182991.7460,0
1790589060000,8.8780,8.8800,8.8720,8.8750,16371,1790589119999,145309.4890,576,10316,91570.4720,0
1790589120000,8.8760,8.8770,8.8530,8.8530,10485,1790589179999,92925.4310,569,3102,27486.9070,0
1790589180000,8.8530,8.8550,8.8280,8.8300,39697,1790589239999,350753.7280,927,8475,74897.8370,0
1790589240000,8.8300,8.8400,8.8230,8.8260,21360,1790589299999,188613.8790,676,9120,80535.6770,0
1790589300000,8.8260,8.8370,8.8260,8.8370,11609,1790589359999,102532.1630,436,9773,86319.7270,0
1790589360000,8.8360,8.8360,8.8140,8.8180,38092,1790589419999,336082.0050,1185,10413,91878.0800,0
1790589420000,8.8180,8.8390,8.8180,8.8330,18458,1790589479999,162991.1390,642,13640,120444.7240,0
1790589480000,8.8330,8.8410,8.8280,8.8410,8768,1790589539999,77441.6730,407,4132,36500.7330,0
1790589540000,8.8410,8.8450,8.8400,8.8430,16100,1790589599999,142358.9760,613,9626,85119.3330,0
1790589600000,8.8440,8.8690,8.8440,8.8640,26465,1790589659999,234424.0660,1092,16655,147493.9450,0
1790589660000,8.8640,8.8760,8.8630,8.8710,21881,1790589719999,194119.0300,969,14063,124766.5370,0
1790589720000,8.8710,8.8930,8.8710,8.8930,43650,1790589779999,387831.1060,1394,31375,278776.0780,0
1790589780000,8.8940,8.9090,8.8860,8.9050,21779,1790589839999,193815.7720,1090,15042,133863.4360,0
1790589840000,8.9040,8.9170,8.8970,8.9030,29832,1790589899999,265715.1140,1150,14908,132804.7080,0
1790589900000,8.9030,8.9030,8.8720,8.8770,32533,1790589959999,288978.7370,1135,11083,98415.8770,0
1790589960000,8.8770,8.8810,8.8660,8.8730,32064,1790590019999,284472.3110,931,11226,99605.0210,0
1790590020000,8.8730,8.8760,8.8630,8.8670,27264,1790590079999,241836.9620,976,12912,114541.3590,0
1790590080000,8.8660,8.8730,8.8580,8.8680,31576,1790590139999,279880.5580,1002,15366,136215.2980,0
1790590140000,8.8680,8.8790,8.8620,8.8700,19433,1790590199999,172385.2120,806,6126,54338.7600,0
1790590200000,8.8700,8.8730,8.8560,8.8560,18700,1790590259999,165784.2730,747,6425,56976.2610,0
1790590260000,8.8550,8.8620,8.8430,8.8550,24034,1790590319999,212716.4450,946,10177,90086.5120,0
1790590320000,8.8560,8.8610,8.8460,8.8470,28821,1790590379999,255131.2950,1102,9627,85240.3700,0
1790590380000,8.8470,8.8590,8.8430,8.8540,17399,1790590439999,153983.2350,766,12201,107975.8070,0
1790590440000,8.8540,8.8600,8.8440,8.8580,16932,1790590499999,149895.5250,687,4951,43825.4740,0
1790590500000,8.8580,8.8760,8.8570,8.8730,19405,1790590559999,172087.4130,890,11771,104381.8600,0
1790590560000,8.8730,8.8860,8.8650,8.8810,30785,1790590619999,273273.6480,1003,20101,178439.9370,0
1790590620000,8.8810,8.8830,8.8740,8.8740,20803,1790590679999,184681.7460,654,5043,44782.7200,0
1790590680000,8.8730,8.8840,8.8690,8.8780,29131,1790590739999,258524.3600,1079,12774,113386.5970,0
1790590740000,8.8780,8.8850,8.8640,8.8660,21478,1790590799999,190623.0190,838,10280,91269.0340,0
1790590800000,8.8660,8.8700,8.8580,8.8640,25322,1790590859999,224474.9060,1043,12260,108687.6990,0
1790590860000,8.8630,8.8730,8.8550,8.8670,27624,1790590919999,244876.1610,933,12740,112968.2090,0
1790590920000,8.8670,8.8820,8.8670,8.8750,16803,1790590979999,149139.7520,791,8381,74381.6750,0
1790590980000,8.8750,8.8920,8.8710,8.8920,27698,1790591039999,246043.5720,1009,20131,178830.1890,0
1790591040000,8.8910,8.9090,8.8900,8.9080,20468,1790591099999,182146.3220,897,15464,137618.2480,0
1790591100000,8.9080,8.9160,8.9020,8.9110,20163,1790591159999,179638.0400,929,11852,105596.8890,0
1790591160000,8.9110,8.9200,8.9040,8.9110,52745,1790591219999,470155.1850,1249,18760,167219.0640,0
1790591220000,8.9110,8.9120,8.8920,8.8960,29449,1790591279999,262094.5120,999,9966,88692.8150,0
1790591280000,8.8960,8.9050,8.8940,8.9000,27261,1790591339999,242629.8240,811,20657,183865.3300,0
1790591340000,8.8990,8.9000,8.8930,8.8990,8780,1790591399999,78114.8380,514,4864,43273.3520,0
1790591400000,8.9000,8.9050,8.8890,8.8940,18057,1790591459999,160658.7350,933,9006,80135.0550,0
1790591460000,8.8930,8.9230,8.8920,8.9220,24891,1790591519999,221732.1330,1140,16922,150749.6770,0
1790591520000,8.9230,8.9380,8.9140,8.9290,49939,1790591579999,445758.6020,1690,32151,287017.4770,0
1790591580000,8.9280,8.9380,8.9180,8.9380,35127,1790591639999,313597.8680,1411,25732,229736.0230,0
1790591640000,8.9370,8.9460,8.9310,8.9380,119261,1790591699999,1065723.7730,1556,25010,223518.0580,0
1790591700000,8.9380,8.9480,8.9320,8.9430,38574,1790591759999,344924.9260,1660,29303,262044.5860,0
1790591760000,8.9420,8.9480,8.9370,8.9400,25112,1790591819999,224556.0440,1080,13410,119923.9980,0
1790591820000,8.9410,8.9500,8.9380,8.9500,61465,1790591879999,549944.8530,1176,48557,434470.1580,0
1790591880000,8.9490,8.9520,8.9430,8.9500,18731,1790591939999,167585.8990,990,12939,115761.7130,0
1790591940000,8.9490,8.9550,8.9470,8.9510,31452,1790591999999,281509.8320,1378,17775,159105.9500,0
1790592000000,8.9510,8.9610,8.9460,8.9480,86701,1790592059999,776376.6210,1595,73398,657271.6050,0
1790592060000,8.9480,8.9570,8.9470,8.9540,33709,1790592119999,301763.9080,1353,22684,203077.7330,0
1790592120000,8.9550,8.9710,8.9520,8.9610,82784,1790592179999,741892.5340,1705,51021,457239.3470,0
1790592180000,8.9610,8.9750,8.9550,8.9720,90504,1790592239999,811544.5470,1594,37913,339942.1680,0
1790592240000,8.9710,8.9740,8.9630,8.9690,28023,1790592299999,251327.6160,1003,17812,159747.1700,0
1790592300000,8.9700,8.9720,8.9650,8.9660,21460,1790592359999,192458.0690,1056,8758,78543.1550,0
1790592360000,8.9650,8.9800,8.9640,8.9730,42978,1790592419999,385648.7130,1429,31114,279221.6230,0
1790592420000,8.9730,8.9760,8.9610,8.9610,29460,1790592479999,264216.1830,1052,16151,144850.5340,0
1790592480000,8.9620,8.9650,8.9490,8.9510,39248,1790592539999,351487.7110,1300,19800,177345.2480,0
1790592540000,8.9510,8.9550,8.9470,8.9500,12695,1790592599999,113633.6970,929,6618,59239.9460,0
1790592600000,8.9490,8.9570,8.9450,8.9540,14135,1790592659999,126507.5840,876,8734,78174.6130,0
1790592660000,8.9540,8.9580,8.9480,8.9540,30893,1790592719999,276523.6340,651,6288,56295.9990,0
1790592720000,8.9530,8.9760,8.9530,8.9690,38048,1790592779999,341156.6530,1135,19297,172980.7640,0
1790592780000,8.9690,8.9690,8.9540,8.9540,25570,1790592839999,229155.5160,818,18409,164985.7640,0
1790592840000,8.9540,8.9540,8.9420,8.9420,51612,1790592899999,461677.1350,951,10647,95248.4520,0
1790592900000,8.9420,8.9460,8.9400,8.9440,25144,1790592959999,224857.6220,653,10361,92659.8670,0
1790592960000,8.9430,8.9460,8.9290,8.9370,21592,1790593019999,192972.5700,983,10018,89544.3560,0
1790593020000,8.9370,8.9430,8.9320,8.9330,23400,1790593079999,209117.3700,663,15496,138493.6030,0
1790593080000,8.9320,8.9320,8.9170,8.9260,35697,1790593139999,318496.5080,756,8777,78316.2710,0
1790593140000,8.9260,8.9260,8.9190,8.9220,20014,1790593199999,178575.9050,516,8010,71470.6290,0
1790593200000,8.9230,8.9530,8.9110,8.9420,65690,1790593259999,586842.0570,2290,36883,329588.9450,0
1790593260000,8.9420,8.9650,8.9330,8.9400,42893,1790593319999,383786.0250,1577,26237,234779.7680,0
1790593320000,8.9400,8.9470,8.9340,8.9420,15893,1790593379999,142086.7580,842,9246,82666.4260,0
1790593380000,8.9420,8.9510,8.9320,8.9320,21731,1790593439999,194320.3070,917,8906,79650.3860,0
1790593440000,8.9330,8.9470,8.9280,8.9430,21844,1790593499999,195196.6990,1196,11774,105214.3330,0
1790593500000,8.9430,8.9500,8.9330,8.9410,19932,1790593559999,178264.6190,1030,12351,110473.5890,0
1790593560000,8.9410,8.9670,8.9380,8.9560,42151,1790593619999,377482.5420,1285,34182,306127.5360,0
1790593620000,8.9550,8.9640,8.9450,8.9510,28964,1790593679999,259347.1860,908,17265,154576.8210,0
1790593680000,8.9500,8.9580,8.9460,8.9540,16438,1790593739999,147150.1990,883,8758,78407.2870,0
1790593740000,8.9530,8.9530,8.9420,8.9470,16197,1790593799999,144946.1000,646,5445,48726.9840,0
1790593800000,8.9470,8.9470,8.9380,8.9410,19341,1790593859999,172948.5050,653,7004,62629.5650,0
1790593860000,8.9410,8.9460,8.9360,8.9400,25545,1790593919999,228387.4760,711,9453,84535.4520,0
1790593920000,8.9390,8.9420,8.9370,8.9410,13316,1790593979999,119041.9050,564,9615,85957.8480,0
1790593980000,8.9410,8.9510,8.9380,8.9480,32545,1790594039999,291176.5010,788,24579,219908.7130,0
1790594040000,8.9470,8.9500,8.9420,8.9450,6258,1790594099999,55983.5860,357,3597,32178.9300,0
1790594100000,8.9450,8.9540,8.9390,8.9490,13642,1790594159999,122033.5960,759,9210,82391.0490,0
1790594160000,8.9490,8.9590,8.9370,8.9500,32014,1790594219999,286421.4830,1418,14729,131785.7190,0
1790594220000,8.9490,8.9640,8.9470,8.9640,35963,1790594279999,322096.9360,1210,26216,234793.2800,0
1790594280000,8.9640,8.9740,8.9510,8.9510,57945,1790594339999,519380.0010,1407,28879,258907.9970,0
1790594340000,8.9520,8.9570,8.9400,8.9450,27243,1790594399999,243762.5060,955,14602,130679.8170,0
1790594400000,8.9450,8.9480,8.9310,8.9480,27437,1790594459999,245247.8260,909,14044,125552.8700,0
1790594460000,8.9480,8.9600,8.9370,8.9370,21193,1790594519999,189630.8450,836,9722,86999.6340,0
1790594520000,8.9370,8.9530,8.9360,8.9450,10319,1790594579999,92295.8170,633,6442,57622.1280,0
1790594580000,8.9460,8.9610,8.9420,8.9570,17782,1790594639999,159171.4960,801,12388,110894.3110,0
1790594640000,8.9570,8.9610,8.9490,8.9550,14715,1790594699999,131769.3440,603,8606,77080.0380,0
1790594700000,8.9550,8.9560,8.9360,8.9400,17362,1790594759999,155328.5020,812,5785,51768.8270,0
1790594760000,8.9400,8.9490,8.9370,8.9470,12004,1790594819999,107366.3720,671,7830,70031.0560,0
1790594820000,8.9470,8.9510,8.9410,8.9420,27213,1790594879999,243438.9760,572,6254,55958.1700,0
1790594880000,8.9420,8.9510,8.9400,8.9510,12942,1790594939999,115780.9470,563,10337,92474.9630,0
1790594940000,8.9510,8.9550,8.9500,8.9500,8110,1790594999999,72605.8160,319,5057,45272.5550,0
1790595000000,8.9510,8.9570,8.9420,8.9440,18593,1790595059999,166371.2240,858,7633,68317.5160,0
1790595060000,8.9450,8.9600,8.9440,8.9570,11515,1790595119999,103087.9810,626,7381,66073.3320,0
1790595120000,8.9560,8.9580,8.9520,8.9550,9750,1790595179999,87318.9910,558,5064,45355.0820,0
1790595180000,8.9540,8.9540,8.9450,8.9530,8751,1790595239999,78314.7020,593,3839,34354.2570,0
1790595240000,8.9520,8.9590,8.9440,8.9590,22900,1790595299999,204944.3210,905,11917,106658.1010,0
1790595300000,8.9590,8.9660,8.9560,8.9630,17955,1790595359999,160911.8650,1008,13857,124190.9190,0
1790595360000,8.9620,8.9650,8.9520,8.9560,13952,1790595419999,125005.1250,739,8069,72307.2720,0
1790595420000,8.9560,8.9600,8.9530,8.9590,15686,1790595479999,140510.0330,766,12200,109287.7450,0
1790595480000,8.9590,8.9680,8.9590,8.9640,27283,1790595539999,244581.5370,1062,18946,169844.6620,0
1790595540000,8.9630,8.9680,8.9580,8.9580,21435,1790595599999,192106.2900,948,11296,101236.5970,0
1790595600000,8.9580,8.9670,8.9460,8.9660,21605,1790595659999,193481.1170,1307,12115,108518.0460,0
1790595660000,8.9660,8.9730,8.9560,8.9560,32016,1790595719999,287136.0140,956,12767,114512.6860,0
1790595720000,8.9560,8.9600,8.9510,8.9580,15691,1790595779999,140536.3860,797,10755,96331.7590,0
1790595780000,8.9570,8.9650,8.9520,8.9540,14239,1790595839999,127555.1770,758,9523,85313.3220,0
1790595840000,8.9540,8.9540,8.9400,8.9490,26207,1790595899999,234505.3800,768,11543,103305.7440,0
1790595900000,8.9490,8.9520,8.9410,8.9490,19296,1790595959999,172620.5670,829,8026,71801.9660,0
1790595960000,8.9490,8.9510,8.9460,8.9470,34923,1790596019999,312526.2770,525,7503,67148.1950,0
1790596020000,8.9470,8.9560,8.9450,8.9520,14814,1790596079999,132595.6220,613,9939,88966.9760,0
1790596080000,8.9520,8.9660,8.9500,8.9550,54209,1790596139999,485537.9770,1405,32753,293379.9520,0
1790596140000,8.9550,8.9560,8.9510,8.9530,6847,1790596199999,61305.1780,522,3127,27996.8850,0
1790596200000,8.9530,8.9590,8.9470,8.9510,16387,1790596259999,146699.0200,621,7008,62743.4840,0
1790596260000,8.9510,8.9570,8.9490,8.9500,16836,1790596319999,150722.5290,687,6493,58135.6730,0
1790596320000,8.9500,8.9640,8.9460,8.9470,15741,1790596379999,140931.9110,672,6702,60025.2840,0
1790596380000,8.9480,8.9570,8.9480,8.9510,8854,1790596439999,79270.6150,545,5144,46054.7870,0
1790596440000,8.9500,8.9510,8.9430,8.9450,10200,1790596499999,91246.2760,417,4584,41006.0380,0
1790596500000,8.9450,8.9530,8.9430,8.9530,10109,1790596559999,90447.0630,478,5546,49625.0530,0
1790596560000,8.9520,8.9710,8.9520,8.9620,25489,1790596619999,228417.8380,847,20476,183484.0030,0
1790596620000,8.9620,8.9660,8.9550,8.9630,33548,1790596679999,300611.3100,1069,23309,208862.8540,0
1790596680000,8.9630,8.9790,8.9620,8.9670,46583,1790596739999,417822.6160,1169,31204,279899.6450,0
1790596740000,8.9660,8.9700,8.9630,8.9690,14540,1790596799999,130369.6300,649,8190,73435.4730,0
1790596800000,8.9690,8.9700,8.9470,8.9530,38448,1790596859999,344400.9230,1351,20659,185046.8610,0
1790596860000,8.9520,8.9680,8.9440,8.9640,51888,1790596919999,464547.5270,1144,17378,155638.5400,0
1790596920000,8.9640,8.9640,8.9500,8.9590,26727,1790596979999,239383.4310,901,14026,125620.6150,0
1790596980000,8.9580,8.9610,8.9500,8.9600,13334,1790597039999,119396.9180,552,8794,78737.2600,0
1790597040000,8.9600,8.9880,8.9600,8.9870,58601,1790597099999,525955.9280,1984,43821,393281.0660,0
1790597100000,8.9870,9.0200,8.9860,9.0110,109237,1790597159999,983193.2950,3080,86214,775972.6330,0
1790597160000,9.0110,9.0450,9.0090,9.0280,141255,1790597219999,1274924.8210,3352,94724,854988.5420,0
1790597220000,9.0280,9.0570,9.0150,9.0540,109532,1790597279999,989995.5210,3038,69185,625396.2520,0
1790597280000,9.0540,9.0600,9.0370,9.0550,91981,1790597339999,832175.7470,2750,48205,436160.6930,0
1790597340000,9.0540,9.0890,9.0540,9.0810,217648,1790597399999,1975024.9370,3130,118600,1076095.2620,0
1790597400000,9.0800,9.0920,9.0500,9.0500,129507,1790597459999,1175035.3200,2654,65818,597560.7670,0
1790597460000,9.0510,9.0560,9.0420,9.0440,39134,1790597519999,354099.7370,1375,18016,163017.2270,0
1790597520000,9.0440,9.0470,9.0040,9.0100,183416,1790597579999,1654620.5660,2376,120872,1090342.1660,0
1790597580000,9.0100,9.0160,8.9950,9.0090,45951,1790597639999,413768.9510,1304,21540,193997.8750,0
1790597640000,9.0090,9.0090,8.9940,9.0060,39812,1790597699999,358323.6970,1232,17675,159110.4100,0
1790597700000,9.0060,9.0100,8.9980,9.0070,52412,1790597759999,471872.4600,1126,20579,185268.9010,0
1790597760000,9.0060,9.0290,9.0000,9.0210,40798,1790597819999,367749.7700,1522,28318,255241.1240,0
1790597820000,9.0210,9.0270,8.9980,9.0160,80437,1790597879999,725194.1840,1809,37006,333603.1780,0
1790597880000,9.0160,9.0400,9.0120,9.0200,47757,1790597939999,431221.3980,1387,26651,240641.1340,0
1790597940000,9.0200,9.0440,9.0170,9.0380,38092,1790597999999,344133.8970,1172,24260,219175.8820,0
1790598000000,9.0370,9.0600,9.0330,9.0540,71145,1790598059999,643815.9660,2105,50596,457879.5960,0
1790598060000,9.0540,9.0560,9.0300,9.0330,62870,1790598119999,568322.7850,1565,18139,163976.9260,0
1790598120000,9.0320,9.0320,9.0080,9.0080,81052,1790598179999,730978.5340,1673,29165,263053.5390,0
1790598180000,9.0090,9.0350,9.0060,9.0350,50490,1790598239999,455333.9680,1406,26158,235911.4720,0
1790598240000,9.0350,9.0370,9.0250,9.0350,51898,1790598299999,468657.1590,1190,17320,156407.5430,0
1790598300000,9.0350,9.0360,9.0110,9.0130,35821,1790598359999,323223.1700,1392,16365,147682.7690,0
1790598360000,9.0140,9.0470,9.0130,9.0450,73908,1790598419999,667649.8720,2450,47613,430049.1500,0
1790598420000,9.0450,9.0550,9.0390,9.0500,37416,1790598479999,338457.5750,1350,28305,256053.8250,0
1790598480000,9.0500,9.0610,9.0270,9.0280,57423,1790598539999,519538.3590,1840,26259,237626.7280,0
1790598540000,9.0270,9.0380,9.0240,9.0310,24150,1790598599999,218041.3390,1044,9550,86244.5070,0
1790598600000,9.0300,9.0340,9.0180,9.0260,45931,1790598659999,414503.8600,1669,26972,243424.4730,0
1790598660000,9.0260,9.0370,9.0230,9.0310,21850,1790598719999,197321.0310,1098,12122,109464.6050,0
1790598720000,9.0310,9.0380,9.0270,9.0380,14862,1790598779999,134226.8320,970,7535,68054.3930,0
1790598780000,9.0370,9.0590,9.0310,9.0490,80287,1790598839999,726322.7620,1737,58382,528227.7890,0
1790598840000,9.0480,9.0660,9.0480,9.0660,31750,1790598899999,287472.9610,1157,16748,151657.0160,0
1790598900000,9.0650,9.0650,9.0470,9.0510,25497,1790598959999,230879.7570,1141,6992,63313.0570,0
1790598960000,9.0500,9.0500,9.0390,9.0500,22461,1790599019999,203119.4430,1039,12843,116144.7820,0
1790599020000,9.0490,9.0580,9.0430,9.0520,26288,1790599079999,237952.0680,1290,15299,138477.7260,0
1790599080000,9.0530,9.0570,9.0410,9.0430,24659,1790599139999,223096.0570,1350,10092,91303.2060,0
1790599140000,9.0420,9.0470,9.0340,9.0400,28764,1790599199999,260039.4930,1455,17540,158583.5050,0
1790599200000,9.0400,9.0430,9.0160,9.0190,35575,1790599259999,321092.5140,2129,11834,106837.4180,0
1790599260000,9.0200,9.0230,9.0060,9.0080,34608,1790599319999,311979.6530,2100,10548,95105.7440,0
1790599320000,9.0080,9.0110,8.9940,9.0060,63137,1790599379999,568485.4490,1937,24762,222990.0400,0
1790599380000,9.0050,9.0090,8.9960,8.9960,14555,1790599439999,131028.8540,955,5473,49273.3440,0
1790599440000,8.9960,9.0080,8.9820,9.0070,66268,1790599499999,595782.5140,1780,21450,192929.1420,0
1790599500000,9.0080,9.0300,9.0080,9.0300,20735,1790599559999,187070.6120,1005,12623,113876.0840,0
1790599560000,9.0300,9.0560,9.0300,9.0400,80854,1790599619999,731558.1460,1658,23990,216999.2060,0
1790599620000,9.0400,9.0440,9.0090,9.0090,26573,1790599679999,239773.1590,1348,10272,92687.3460,0
1790599680000,9.0090,9.0300,9.0040,9.0180,25053,1790599739999,225910.0810,1278,14391,129786.2770,0
1790599740000,9.0190,9.0250,9.0110,9.0150,33122,1790599799999,298688.5090,1129,18629,167996.9380,0
1790599800000,9.0150,9.0220,9.0090,9.0160,34287,1790599859999,309114.2090,1364,15483,139607.4450,0
1790599860000,9.0160,9.0310,9.0120,9.0250,32189,1790599919999,290475.7050,1133,23230,209640.7400,0
1790599920000,9.0240,9.0550,9.0230,9.0430,28119,1790599979999,254248.2560,1592,18826,170227.7990,0
1790599980000,9.0420,9.0550,9.0320,9.0540,26862,1790600039999,242889.7280,1479,13443,121559.4740,0
1790600040000,9.0530,9.0720,9.0510,9.0720,51195,1790600099999,463885.2610,1842,38569,349486.6870,0
1790600100000,9.0710,9.0900,9.0500,9.0600,85400,1790600159999,774898.1110,2673,45216,410357.4850,0
1790600160000,9.0600,9.0610,9.0450,9.0490,33356,1790600219999,301888.4600,1352,15696,142056.5760,0
1790600220000,9.0480,9.0610,9.0410,9.0580,55633,1790600279999,503481.9980,1669,24633,222962.2450,0
1790600280000,9.0570,9.0640,9.0500,9.0620,39155,1790600339999,354568.3790,1113,21554,195187.5090,0
1790600340000,9.0610,9.0610,9.0500,9.0550,24280,1790600399999,219875.6710,785,13202,119555.8980,0
1790600400000,9.0550,9.0560,9.0350,9.0430,57294,1790600459999,518035.3300,2831,25717,232525.2730,0
1790600460000,9.0420,9.0480,9.0400,9.0420,32389,1790600519999,292900.5210,1352,15707,142053.9600,0
1790600520000,9.0420,9.0430,9.0330,9.0390,60739,1790600579999,548993.6720,2135,19688,177957.1830,0
1790600580000,9.0390,9.0420,9.0110,9.0170,58045,1790600639999,524155.6420,2047,16111,145485.6440,0
1790600640000,9.0170,9.0190,9.0070,9.0100,44358,1790600699999,399774.5470,1477,10496,94600.7460,0
1790600700000,9.0090,9.0170,9.0010,9.0020,17674,1790600759999,159229.2450,929,7306,65833.5510,0
1790600760000,9.0010,9.0250,8.9930,9.0170,56617,1790600819999,509988.2420,1632,33482,301697.8180,0
1790600820000,9.0170,9.0570,9.0170,9.0410,46062,1790600879999,416484.2200,1537,33597,303729.3660,0
1790600880000,9.0400,9.0420,9.0120,9.0160,29307,1790600939999,264564.9540,968,7496,67611.8320,0
1790600940000,9.0150,9.0150,9.0050,9.0070,14294,1790600999999,128770.3170,662,5196,46815.4200,0
1790601000000,9.0070,9.0090,8.9900,8.9970,28541,1790601059999,256840.7630,983,8516,76640.6000,0
1790601060000,8.9970,9.0060,8.9930,9.0020,24742,1790601119999,222676.1120,820,17337,156035.4480,0
1790601120000,9.0020,9.0090,8.9880,8.9920,29070,1790601179999,261477.1040,853,9170,82482.8570,0
1790601180000,8.9930,9.0010,8.9910,8.9950,16572,1790601239999,149093.4040,715,6079,54689.8600,0
1790601240000,8.9950,9.0100,8.9950,9.0090,14327,1790601299999,129018.0250,603,8703,78368.0650,0
1790601300000,9.0090,9.0110,9.0020,9.0080,10374,1790601359999,93437.1310,650,6364,57323.6230,0
1790601360000,9.0090,9.0220,8.9980,8.9980,28890,1790601419999,260337.9820,1275,11390,102692.6600,0
1790601420000,8.9990,9.0190,8.9980,8.9990,21885,1790601479999,197150.9340,922,12898,116196.1500,0
1790601480000,8.9990,9.0040,8.9900,8.9980,14124,1790601539999,127089.4360,787,4877,43887.3250,0
1790601540000,8.9980,8.9980,8.9820,8.9950,29705,1790601599999,267019.0090,1076,9017,81064.8640,0
1790601600000,8.9960,9.0010,8.9900,8.9910,17008,1790601659999,152991.6180,615,5339,48023.3960,0
1790601660000,8.9910,8.9990,8.9830,8.9840,12590,1790601719999,113198.3320,764,4620,41549.1960,0
1790601720000,8.9840,8.9900,8.9790,8.9790,16417,1790601779999,147495.2000,777,4581,41164.4370,0
1790601780000,8.9790,8.9910,8.9760,8.9910,18576,1790601839999,166919.6340,582,13891,124836.1550,0
1790601840000,8.9910,9.0000,8.9870,8.9940,8073,1790601899999,72615.3670,490,4125,37106.0180,0
1790601900000,8.9950,9.0190,8.9900,9.0180,14702,1790601959999,132337.5230,967,9893,89080.9750,0
1790601960000,9.0180,9.0230,8.9980,8.9980,28981,1790602019999,261260.1530,1117,9979,90005.8270,0
1790602020000,8.9980,9.0140,8.9940,9.0070,17382,1790602079999,156518.4770,772,11011,99171.0700,0
1790602080000,9.0070,9.0180,9.0020,9.0180,19774,1790602139999,178210.0840,890,13333,120168.9740,0
1790602140000,9.0170,9.0220,9.0090,9.0120,9930,1790602199999,89502.9680,700,4609,41544.1770,0
1790602200000,9.0120,9.0510,9.0020,9.0020,82668,1790602259999,746071.7810,2815,40014,361240.6280,0
1790602260000,9.0020,9.0180,8.9860,8.9880,68038,1790602319999,612635.1000,2350,24582,221429.0930,0
1790602320000,8.9890,8.9970,8.9830,8.9860,50959,1790602379999,458086.2140,1571,14028,126117.6760,0
1790602380000,8.9860,8.9930,8.9720,8.9770,41387,1790602439999,371643.1330,1405,14143,126998.5420,0
1790602440000,8.9760,9.0100,8.9720,9.0000,30424,1790602499999,273633.3320,1227,17191,154599.5450,0
1790602500000,8.9990,9.0110,8.9590,8.9650,57916,1790602559999,520174.2280,1949,19653,176689.5170,0
1790602560000,8.9650,8.9860,8.9540,8.9730,45187,1790602619999,405200.5700,1907,15738,141161.3130,0
1790602620000,8.9730,9.0100,8.9730,8.9920,37559,1790602679999,337876.8430,1742,20956,188493.6210,0
1790602680000,8.9920,9.0140,8.9900,9.0140,30951,1790602739999,278520.7170,1304,18154,163386.3620,0
1790602740000,9.0140,9.0610,9.0140,9.0530,85412,1790602799999,772680.0140,2704,46824,423514.9420,0
1790602800000,9.0530,9.0540,9.0240,9.0460,32813,1790602859999,296512.5530,2041,14734,133150.5200,0
1790602860000,9.0470,9.0560,9.0180,9.0320,50449,1790602919999,456219.2750,2048,22745,205756.0850,0
1790602920000,9.0320,9.0460,9.0280,9.0410,43597,1790602979999,394004.8020,1439,20315,183608.8250,0
1790602980000,9.0410,9.0580,9.0310,9.0500,63113,1790603039999,570912.7300,1975,39530,357626.5670,0
1790603040000,9.0490,9.0490,9.0190,9.0360,34878,1790603099999,315060.8370,1555,17301,156256.0470,0
1790603100000,9.0370,9.0390,9.0270,9.0290,21978,1790603159999,198530.1360,1290,8961,80952.9540,0
1790603160000,9.0280,9.0390,9.0080,9.0350,33211,1790603219999,299542.0140,1431,15790,142425.1950,0
1790603220000,9.0350,9.0470,9.0220,9.0360,68890,1790603279999,622593.6030,1430,23466,212070.4580,0
1790603280000,9.0370,9.0470,9.0320,9.0360,27304,1790603339999,246787.1810,995,13561,122567.7880,0
1790603340000,9.0350,9.0430,9.0120,9.0130,39327,1790603399999,355124.7080,1835,16934,152956.0040,0
1790603400000,9.0130,9.0130,8.9860,9.0040,35218,1790603459999,316968.8840,1779,15319,137881.8530,0
1790603460000,9.0030,9.0050,8.9780,8.9810,42075,1790603519999,378288.5620,1855,16717,150336.3760,0
1790603520000,8.9840,9.0000,8.9800,8.9950,17578,1790603579999,158059.0460,1265,11289,101507.1960,0
1790603580000,8.9950,9.0050,8.9880,8.9950,26339,1790603639999,236919.6920,1333,13171,118488.7380,0
1790603640000,8.9960,9.0150,8.9930,9.0130,33527,1790603699999,301827.8590,1198,21335,192099.5140,0
1790603700000,9.0130,9.0190,8.9950,8.9950,33753,1790603759999,304069.2180,1584,15314,137980.1830,0
1790603760000,8.9940,8.9940,8.9620,8.9870,93045,1790603819999,835057.3120,2376,35086,314841.2970,0
1790603820000,8.9860,9.0090,8.9850,9.0020,36332,1790603879999,326966.6520,1009,29721,267498.0420,0
1790603880000,9.0030,9.0070,8.9870,8.9900,33842,1790603939999,304465.2450,1101,8932,80389.9890,0
1790603940000,8.9910,9.0010,8.9830,8.9830,31729,1790603999999,285276.3680,998,13729,123461.3540,0
1790604000000,8.9840,8.9840,8.9500,8.9600,63786,1790604059999,571679.3870,1849,23283,208711.2280,0
1790604060000,8.9590,8.9610,8.9210,8.9290,134810,1790604119999,1204941.3600,3032,64212,573740.2490,0
1790604120000,8.9290,8.9590,8.9240,8.9410,78377,1790604179999,700489.2400,2763,43486,388676.7080,0
1790604180000,8.9420,8.9480,8.9220,8.9300,31480,1790604239999,281177.7720,1233,12975,115894.6490,0
1790604240000,8.9290,8.9290,8.9030,8.9090,76806,1790604299999,684710.3890,2064,24187,215632.7970,0
1790604300000,8.9100,8.9460,8.9050,8.9280,72727,1790604359999,649207.8800,2418,48208,430301.9720,0
1790604360000,8.9280,8.9620,8.9140,8.9620,40110,1790604419999,358311.3190,1495,22527,201358.6310,0
1790604420000,8.9630,8.9720,8.9380,8.9560,44500,1790604479999,398395.1760,1581,17286,154765.1360,0
1790604480000,8.9560,8.9700,8.9410,8.9460,32827,1790604539999,294002.9490,1306,17592,157564.5960,0
1790604540000,8.9470,8.9510,8.9320,8.9370,11377,1790604599999,101733.6440,662,4329,38714.5390,0
1790604600000,8.9360,8.9360,8.9220,8.9230,15692,1790604659999,140127.9560,843,5591,49927.3520,0
1790604660000,8.9230,8.9470,8.9190,8.9420,86992,1790604719999,777512.8890,1198,76590,684623.4360,0
1790604720000,8.9420,8.9470,8.9360,8.9390,13221,1790604779999,118207.8460,768,5892,52683.9460,0
1790604780000,8.9400,8.9430,8.9080,8.9180,31959,1790604839999,285087.1240,1050,5801,51777.6820,0
1790604840000,8.9180,8.9190,8.8900,8.9010,87863,1790604899999,782079.8380,2287,31268,278358.8310,0
1790604900000,8.9000,8.9030,8.8720,8.8830,76231,1790604959999,677649.0800,2235,30505,271249.8990,0
1790604960000,8.8840,8.9000,8.8800,8.9000,48745,1790605019999,433190.7700,1420,22120,196607.2490,0
1790605020000,8.9000,8.9360,8.8950,8.9130,43199,1790605079999,385104.2560,1462,27646,246408.4560,0
1790605080000,8.9140,8.9210,8.8770,8.8780,48167,1790605139999,428524.8620,1682,18565,165157.8970,0
1790605140000,8.8770,8.9090,8.8720,8.9010,55363,1790605199999,491914.5760,2787,29112,258709.0590,0
1790605200000,8.9000,8.9210,8.8820,8.9150,41235,1790605259999,367019.8290,1818,22583,201064.3920,0
1790605260000,8.9150,8.9320,8.9100,8.9270,37037,1790605319999,330407.4870,1406,25808,230272.6170,0
1790605320000,8.9280,8.9450,8.9280,8.9440,39703,1790605379999,354823.3860,1287,18858,168551.6830,0
1790605380000,8.9440,8.9450,8.9190,8.9190,26845,1790605439999,239734.1430,930,12406,110789.1540,0
1790605440000,8.9180,8.9310,8.9060,8.9310,21287,1790605499999,189815.5690,822,9900,88293.3020,0
1790605500000,8.9310,8.9350,8.9100,8.9150,19770,1790605559999,176359.8710,927,8304,74074.0570,0
1790605560000,8.9150,8.9150,8.8750,8.8780,63330,1790605619999,562911.3630,1943,11548,102639.6270,0
1790605620000,8.8790,8.8800,8.8330,8.8360,146920,1790605679999,1300424.7950,3387,41888,370661.4720,0
1790605680000,8.8360,8.8450,8.8250,8.8290,97473,1790605739999,861044.2110,2095,40635,358989.0340,0
1790605740000,8.8290,8.8320,8.7270,8.7840,511726,1790605799999,4491080.6080,9871,147253,1292370.4290,0
1790605800000,8.7840,8.8370,8.7840,8.8320,85215,1790605859999,750939.0430,3577,44170,389169.6270,0
1790605860000,8.8330,8.8470,8.7980,8.7990,106680,1790605919999,941925.8780,2800,56178,496182.2020,0
1790605920000,8.8000,8.8140,8.7850,8.7980,70041,1790605979999,616316.2380,2641,29236,257282.5650,0
1790605980000,8.7980,8.8420,8.7930,8.8250,50082,1790606039999,441878.5680,1922,24867,219356.9480,0
1790606040000,8.8240,8.8400,8.8030,8.8250,66723,1790606099999,588538.3250,1783,23016,203153.2550,0
1790606100000,8.8240,8.8490,8.8170,8.8490,102147,1790606159999,901523.8330,1925,37931,334947.5520,0
1790606160000,8.8500,8.8610,8.8440,8.8470,29433,1790606219999,260572.1010,1394,17727,156958.7190,0
1790606220000,8.8470,8.8560,8.8230,8.8240,43339,1790606279999,383109.8060,1510,14793,130824.6430,0
1790606280000,8.8240,8.8250,8.7940,8.8050,30196,1790606339999,265936.2260,1333,9829,86551.0750,0
1790606340000,8.8040,8.8560,8.8020,8.8360,34798,1790606399999,307380.5470,1368,17809,157285.9640,0
1790606400000,8.8350,8.8490,8.8270,8.8390,25894,1790606459999,228879.7120,1199,14091,124564.0470,0
1790606460000,8.8380,8.8380,8.7970,8.8040,50956,1790606519999,448828.1520,1521,20710,182338.9830,0
1790606520000,8.8030,8.8030,8.7510,8.7680,107983,1790606579999,947205.1780,3060,35590,312230.1370,0
1790606580000,8.7690,8.7910,8.7260,8.7280,211734,1790606639999,1854596.3990,4468,80025,701478.8050,0
1790606640000,8.7280,8.7660,8.7260,8.7620,218489,1790606699999,1910527.0450,3877,118410,1035102.9160,0
1790606700000,8.7630,8.7700,8.7390,8.7610,76427,1790606759999,669142.5190,2531,30133,263901.7750,0
1790606760000,8.7630,8.7840,8.7560,8.7800,39272,1790606819999,344545.6170,1638,19449,170657.9880,0
1790606820000,8.7800,8.7800,8.6880,8.7300,527456,1790606879999,4601670.3370,6485,102602,894588.6430,0
1790606880000,8.7300,8.7710,8.7200,8.7670,75166,1790606939999,657560.2000,2468,45373,396981.0710,0
1790606940000,8.7660,8.7710,8.7520,8.7590,50788,1790606999999,444989.6910,1700,29287,256626.9230,0
1790607000000,8.7600,8.7740,8.7380,8.7470,101512,1790607059999,888874.8940,2490,39846,348899.7890,0
1790607060000,8.7470,8.7540,8.6760,8.6830,134140,1790607119999,1167559.8780,3474,41915,365234.3880,0
1790607120000,8.6820,8.7240,8.6690,8.6920,334927,1790607179999,2910487.4330,5255,106613,927175.0850,0
1790607180000,8.6910,8.7480,8.6360,8.7440,266096,1790607239999,2308312.3210,5825,125984,1093628.3430,0
1790607240000,8.7450,8.7620,8.7360,8.7430,77557,1790607299999,678675.2160,2258,32632,285579.1910,0
1790607300000,8.7420,8.7420,8.7020,8.7270,87770,1790607359999,765554.0580,2511,34467,300554.8000,0
1790607360000,8.7260,8.7630,8.7200,8.7620,50180,1790607419999,438655.2550,1803,32495,284100.7600,0
1790607420000,8.7620,8.7890,8.7620,8.7680,62106,1790607479999,545039.0610,1989,43938,385605.7050,0
1790607480000,8.7680,8.7790,8.7340,8.7450,56735,1790607539999,496660.6570,1680,19507,170771.9070,0
1790607540000,8.7440,8.7580,8.7390,8.7570,40470,1790607599999,354003.0590,1341,21138,184925.6120,0
1790607600000,8.7570,8.7840,8.7470,8.7730,59651,1790607659999,522973.2570,2177,34718,304431.0510,0
1790607660000,8.7730,8.8030,8.7730,8.7870,55829,1790607719999,490743.6610,2223,34876,306568.9780,0
1790607720000,8.7880,8.7930,8.7730,8.7850,62455,1790607779999,548490.6500,1817,22648,198932.4890,0
1790607780000,8.7850,8.7990,8.7790,8.7900,33487,1790607839999,294435.8710,1472,15461,135943.6150,0
1790607840000,8.7900,8.7950,8.7630,8.7720,48732,1790607899999,427883.6080,2107,16048,140918.6730,0
1790607900000,8.7720,8.7850,8.7540,8.7850,38648,1790607959999,338990.6640,2002,17971,157634.6810,0
1790607960000,8.7840,8.7910,8.7710,8.7880,39571,1790608019999,347433.5440,1658,21653,190145.1720,0
1790608020000,8.7880,8.7890,8.7470,8.7510,72513,1790608079999,635424.5370,1709,14905,130675.9450,0
1790608080000,8.7520,8.7580,8.7260,8.7310,67481,1790608139999,590078.2480,2037,22555,197375.2840,0
1790608140000,8.7320,8.8040,8.7290,8.8040,63341,1790608199999,555357.9120,2236,43858,384619.2880,0
1790608200000,8.8050,8.8080,8.7730,8.7780,60434,1790608259999,531548.0630,2178,23209,204195.6680,0
1790608260000,8.7770,8.7770,8.7230,8.7260,43833,1790608319999,383516.3470,1900,13731,120109.7490,0
1790608320000,8.7260,8.7570,8.7130,8.7400,74444,1790608379999,649955.2410,2752,38649,337537.6060,0
1790608380000,8.7390,8.7440,8.7240,8.7370,31176,1790608439999,272319.6050,1559,18057,157747.5020,0
1790608440000,8.7370,8.7440,8.7160,8.7340,58050,1790608499999,506760.5640,1718,23096,201706.4490,0
1790608500000,8.7340,8.7550,8.7170,8.7430,34831,1790608559999,304290.8570,1627,21529,188091.9290,0
1790608560000,8.7420,8.7440,8.7190,8.7250,52792,1790608619999,460817.1550,1526,29210,254936.4100,0
1790608620000,8.7260,8.7310,8.6880,8.7020,95491,1790608679999,831467.0890,2776,40425,352087.9520,0
1790608680000,8.7030,8.7120,8.6870,8.7090,94370,1790608739999,821162.3410,2091,63345,551326.7300,0
1790608740000,8.7090,8.7350,8.7040,8.7310,33506,1790608799999,292228.5890,1617,19454,169671.4610,0
1790608800000,8.7300,8.7410,8.7250,8.7360,28172,1790608859999,246020.7470,1435,14738,128722.9460,0
1790608860000,8.7370,8.7530,8.7220,8.7530,28892,1790608919999,252374.8420,1522,15562,135958.6200,0
1790608920000,8.7530,8.7660,8.7380,8.7380,30543,1790608979999,267422.8570,1313,11445,100229.9510,0
1790608980000,8.7380,8.7720,8.7220,8.7680,39627,1790609039999,346789.1090,1731,20524,179630.7750,0
1790609040000,8.7680,8.7850,8.7620,8.7700,52921,1790609099999,464363.7980,1621,24235,212678.8030,0
1790609100000,8.7710,8.7890,8.7600,8.7830,56263,1790609159999,493833.3260,1983,30548,268178.8340,0
1790609160000,8.7830,8.8050,8.7720,8.8040,51708,1790609219999,454678.3160,1503,38060,334758.5770,0
1790609220000,8.8030,8.8050,8.7840,8.7890,28304,1790609279999,248987.1890,1201,17518,154131.5520,0
1790609280000,8.7890,8.8020,8.7810,8.8020,22325,1790609339999,196262.3430,1053,15647,137570.5430,0
1790609340000,8.8020,8.8100,8.7830,8.7970,35455,1790609399999,312052.5030,1590,18264,160767.3230,0
1790609400000,8.7970,8.7990,8.7780,8.7890,33681,1790609459999,296003.6980,1402,15141,133056.0050,0
1790609460000,8.7890,8.7890,8.7700,8.7750,23733,1790609519999,208323.9790,1282,8733,76653.5150,0
1790609520000,8.7760,8.8030,8.7730,8.7990,29176,1790609579999,256479.6600,1253,16798,147675.2620,0
1790609580000,8.7980,8.8120,8.7890,8.7970,166110,1790609639999,1462346.4330,1948,52935,466033.0810,0
1790609640000,8.7980,8.8000,8.7900,8.8000,22258,1790609699999,195764.2940,920,15459,135966.2490,0
1790609700000,8.8000,8.8230,8.8000,8.8140,74670,1790609759999,658178.2570,1831,38051,335379.5530,0
1790609760000,8.8140,8.8480,8.8130,8.8410,76354,1790609819999,674522.6500,1980,39917,352581.6590,0
1790609820000,8.8400,8.8460,8.8120,8.8350,72528,1790609879999,640591.0550,1852,47010,415306.9560,0
1790609880000,8.8340,8.8480,8.8210,8.8430,49187,1790609939999,434833.3680,1290,38047,336372.5210,0
1790609940000,8.8420,8.8440,8.8140,8.8380,33055,1790609999999,291971.4600,1318,19826,175155.1130,0
1790610000000,8.8390,8.8450,8.8210,8.8280,47785,1790610059999,422031.7480,1567,31854,281346.4600,0
1790610060000,8.8270,8.8350,8.8240,8.8340,22035,1790610119999,194573.6330,869,11827,104454.9990,0
1790610120000,8.8340,8.8420,8.8170,8.8220,37337,1790610179999,329675.3570,1201,14779,130525.6680,0
1790610180000,8.8230,8.8280,8.8100,8.8120,19031,1790610239999,167841.9430,1014,8894,78454.6970,0
1790610240000,8.8110,8.8160,8.7970,8.8050,32517,1790610299999,286306.9580,1178,8053,70913.6430,0
1790610300000,8.8050,8.8260,8.8000,8.8240,27025,1790610359999,238300.4860,1047,20695,182492.5740,0
1790610360000,8.8240,8.8390,8.8130,8.8240,24817,1790610419999,218988.8800,1202,11229,99104.5580,0
1790610420000,8.8230,8.8320,8.8200,8.8320,17010,1790610479999,150107.2660,948,7597,67047.8480,0
1790610480000,8.8310,8.8390,8.8190,8.8230,30718,1790610539999,271237.0720,1082,20810,183787.8530,0
1790610540000,8.8220,8.8350,8.8220,8.8350,21198,1790610599999,187145.0710,926,13084,115519.2900,0
1790610600000,8.8340,8.8560,8.8320,8.8440,23038,1790610659999,203815.2780,1091,17342,153423.6370,0
1790610660000,8.8430,8.8480,8.8250,8.8250,16615,1790610719999,146801.8410,942,5896,52095.5530,0
1790610720000,8.8250,8.8300,8.8110,8.8190,17676,1790610779999,155929.1620,892,8309,73307.2290,0
1790610780000,8.8180,8.8210,8.8120,8.8150,13565,1790610839999,119585.7340,630,5840,51489.7910,0
1790610840000,8.8160,8.8390,8.8130,8.8390,13890,1790610899999,122585.2110,816,9474,83619.3880,0
1790610900000,8.8380,8.8480,8.8300,8.8300,17462,1790610959999,154394.6760,877,8536,75487.9800,0
1790610960000,8.8310,8.8350,8.8230,8.8310,15998,1790611019999,141236.5880,762,7773,68634.5370,0
1790611020000,8.8320,8.8390,8.8260,8.8280,16128,1790611079999,142451.3880,846,9440,83392.5140,0
1790611080000,8.8280,8.8340,8.8240,8.8260,10899,1790611139999,96231.8440,486,6770,59778.9270,0
1790611140000,8.8250,8.8350,8.8240,8.8310,17142,1790611199999,151357.3790,651,6978,61628.2320,0
1790611200000,8.8300,8.8340,8.8200,8.8290,23998,1790611259999,211794.0930,1125,10573,93313.0950,0
1790611260000,8.8290,8.8500,8.8140,8.8240,63064,1790611319999,556898.6340,2261,35133,310356.4690,0
1790611320000,8.8230,8.8240,8.7830,8.7890,55985,1790611379999,492633.6080,1907,14477,127348.1240,0
1790611380000,8.7890,8.7920,8.7780,8.7810,31222,1790611439999,274293.3540,1334,13116,115243.7820,0
1790611440000,8.7820,8.8040,8.7810,8.7900,25826,1790611499999,227131.1690,1272,12547,110348.6720,0
1790611500000,8.7900,8.8020,8.7850,8.7990,28526,1790611559999,250812.1750,1171,18516,162813.2040,0
1790611560000,8.7990,8.8150,8.7950,8.8150,47518,1790611619999,418555.5850,1288,37732,332405.9180,0
1790611620000,8.8150,8.8470,8.8120,8.8380,30174,1790611679999,266403.5490,1335,19739,174282.4230,0
1790611680000,8.8380,8.8520,8.8280,8.8430,30091,1790611739999,266039.5680,1255,17397,153833.7640,0
1790611740000,8.8430,8.8440,8.8210,8.8370,24000,1790611799999,211964.2610,1305,10328,91212.1250,0
1790611800000,8.8380,8.8530,8.8300,8.8470,30693,1790611859999,271495.9840,1200,23578,208586.6120,0
1790611860000,8.8470,8.8550,8.8430,8.8540,24302,1790611919999,215058.1030,1093,17798,157505.2240,0
1790611920000,8.8530,8.8640,8.8440,8.8590,31133,1790611979999,275638.4290,1257,14975,132607.0310,0
1790611980000,8.8580,8.8590,8.8480,8.8540,13638,1790612039999,120730.4670,680,6856,60696.7370,0
1790612040000,8.8540,8.8540,8.8410,8.8500,19473,1790612099999,172289.2130,835,12288,108724.8810,0
1790612100000,8.8500,8.8630,8.8480,8.8550,25804,1790612159999,228487.8240,1131,18801,166495.9940,0
1790612160000,8.8560,8.8830,8.8420,8.8740,56100,1790612219999,497334.1040,2276,30674,271966.9290,0
1790612220000,8.8730,8.9220,8.8650,8.9210,91134,1790612279999,810801.5520,2585,52411,466363.0450,0
1790612280000,8.9210,8.9290,8.8810,8.8820,100209,1790612339999,892206.0450,2686,40823,363681.2630,0
1790612340000,8.8810,8.9130,8.8780,8.9130,50225,1790612399999,446831.3420,1569,31255,278092.5020,0
1790612400000,8.9140,8.9340,8.8980,8.9280,54833,1790612459999,488854.2300,1895,26505,236399.9380,0
1790612460000,8.9280,8.9390,8.9160,8.9390,57755,1790612519999,515771.6600,1739,28727,256551.8280,0
1790612520000,8.9390,8.9530,8.9310,8.9510,65445,1790612579999,585238.7390,1992,40949,366251.3500,0
1790612580000,8.9510,8.9770,8.9440,8.9740,64933,1790612639999,581758.1680,2214,37187,333187.8910,0
1790612640000,8.9740,8.9870,8.9620,8.9870,92297,1790612699999,828415.5350,2854,56042,503037.0690,0
1790612700000,8.9870,9.0020,8.9800,8.9880,219375,1790612759999,1972839.2250,3503,88845,798897.7240,0
1790612760000,8.9860,8.9990,8.9810,8.9980,36213,1790612819999,325527.9140,1299,24792,222875.1100,0
1790612820000,8.9980,9.0160,8.9910,9.0150,71546,1790612879999,644069.2530,1856,44624,401793.9720,0
1790612880000,9.0150,9.0150,8.9810,8.9910,111337,1790612939999,1001454.6650,2078,27558,247920.4440,0
1790612940000,8.9900,9.0050,8.9680,8.9810,76629,1790612999999,688355.1670,1874,30254,271787.3480,0
1790613000000,8.9810,9.0070,8.9780,9.0030,51327,1790613059999,461596.3600,1870,31125,279912.8550,0
1790613060000,9.0030,9.0130,8.9960,9.0040,67124,1790613119999,604343.0710,1941,36871,331937.2110,0
1790613120000,9.0050,9.0260,8.9980,9.0020,89166,1790613179999,803433.2680,2314,49133,442748.1590,0
1790613180000,9.0020,9.0210,8.9900,8.9930,81317,1790613239999,732553.5940,1951,37012,333464.3770,0
1790613240000,8.9930,8.9930,8.9670,8.9860,92572,1790613299999,831293.9760,2700,30694,275666.8090,0
1790613300000,8.9850,9.0050,8.9810,8.9850,37671,1790613359999,338710.8050,1721,18168,163357.6410,0
1790613360000,8.9840,8.9920,8.9780,8.9800,44983,1790613419999,404165.4460,1283,14350,128951.5660,0
1790613420000,8.9800,8.9950,8.9730,8.9900,25079,1790613479999,225283.0010,991,11785,105875.0790,0
1790613480000,8.9900,8.9900,8.9660,8.9670,28211,1790613539999,253193.4960,1119,5921,53152.2510,0
1790613540000,8.9680,8.9720,8.9620,8.9670,21282,1790613599999,190835.5340,793,12023,107813.5070,0
1790613600000,8.9670,8.9710,8.9440,8.9540,69660,1790613659999,623828.1360,1725,16148,144677.6490,0
1790613660000,8.9540,8.9600,8.9290,8.9350,35993,1790613719999,321920.3390,1466,10194,91220.7090,0
1790613720000,8.9360,8.9500,8.9320,8.9330,35184,1790613779999,314583.9560,1320,15164,135592.0900,0
1790613780000,8.9330,8.9360,8.9210,8.9240,36958,1790613839999,329954.4380,1384,15926,142197.6970,0
1790613840000,8.9230,8.9380,8.9170,8.9350,44059,1790613899999,393285.6520,1309,24346,217341.5460,0
1790613900000,8.9340,8.9380,8.9120,8.9150,97650,1790613959999,871821.9510,1910,60598,541070.8840,0
1790613960000,8.9150,8.9230,8.9050,8.9120,29827,1790614019999,265801.7670,1017,12098,107823.2010,0
1790614020000,8.9120,8.9210,8.8940,8.9130,33120,1790614079999,295044.2190,1164,12498,111385.1230,0
1790614080000,8.9120,8.9120,8.8960,8.8970,62441,1790614139999,555844.1730,1084,40875,363829.1120,0
1790614140000,8.8970,8.9000,8.8890,8.8910,17852,1790614199999,158785.6800,769,5517,49072.5330,0
1790614200000,8.8910,8.9100,8.8820,8.9060,41847,1790614259999,372248.9570,1208,20809,185210.3690,0
1790614260000,8.9060,8.9070,8.8910,8.9040,15414,1790614319999,137188.4510,820,7184,63947.4610,0
1790614320000,8.9030,8.9140,8.8910,8.9040,26065,1790614379999,232063.0790,1156,14425,128420.2130,0
1790614380000,8.9040,8.9050,8.8970,8.9010,11054,1790614439999,98396.2710,728,4375,38944.8460,0
1790614440000,8.9010,8.9150,8.8950,8.8980,35085,1790614499999,312461.0890,1393,15718,139990.7370,0
1790614500000,8.8980,8.9060,8.8960,8.9010,14686,1790614559999,130724.8300,539,6339,56422.5460,0
1790614560000,8.9010,8.9050,8.8870,8.8880,14331,1790614619999,127497.9620,746,4749,42251.1330,0
1790614620000,8.8870,8.9030,8.8870,8.8940,24745,1790614679999,220107.8280,830,12547,111630.5050,0
1790614680000,8.8950,8.9030,8.8920,8.8930,19498,1790614739999,173453.2440,686,7339,65285.4660,0
1790614740000,8.8930,8.8990,8.8930,8.8980,10552,1790614799999,93875.6090,614,6680,59429.3330,0
1790614800000,8.8980,8.8990,8.8610,8.8640,87115,1790614859999,773260.1560,2199,23205,206062.6890,0
1790614860000,8.8640,8.8750,8.8540,8.8590,39238,1790614919999,347772.0600,1529,11477,101744.8400,0
1790614920000,8.8600,8.8760,8.8400,8.8760,98494,1790614979999,872299.8100,3028,39890,353482.8490,0
1790614980000,8.8760,8.8860,8.8280,8.8510,58991,1790615039999,522430.7270,1958,26975,238956.2880,0
1790615040000,8.8520,8.8600,8.8490,8.8500,22121,1790615099999,195851.8980,963,7237,64076.6500,0
1790615100000,8.8510,8.8530,8.8410,8.8410,12749,1790615159999,112801.5190,799,4260,37695.5390,0
1790615160000,8.8410,8.8440,8.8290,8.8380,20100,1790615219999,177606.4640,1046,8549,75545.1170,0
1790615220000,8.8380,8.8420,8.8290,8.8300,24182,1790615279999,213654.2580,862,8649,76426.2470,0
1790615280000,8.8300,8.8340,8.8180,8.8190,22366,1790615339999,197414.6590,1092,9981,88126.0950,0
1790615340000,8.8190,8.8330,8.8190,8.8200,16479,1790615399999,145408.5400,688,6951,61343.0740,0
1790615400000,8.8200,8.8210,8.7940,8.7970,51070,1790615459999,449982.9910,1475,18206,160492.9240,0
1790615460000,8.7980,8.8800,8.7970,8.8800,103699,1790615519999,916260.0590,3585,63308,559529.4790,0
1790615520000,8.8810,8.9030,8.8710,8.9010,68171,1790615579999,605893.0620,2448,39799,353762.5460,0
1790615580000,8.9010,8.9770,8.9010,8.9680,138065,1790615639999,1235362.4610,4027,82378,736856.2750,0
1790615640000,8.9680,8.9960,8.9670,8.9960,115869,1790615699999,1040931.7090,2383,75077,674543.3880,0
1790615700000,8.9970,9.0000,8.9470,8.9760,82124,1790615759999,737084.7930,2278,29093,261127.1000,0
1790615760000,8.9750,9.0100,8.9720,9.0030,121038,1790615819999,1088738.8270,2670,71542,643571.2260,0
1790615820000,9.0030,9.0040,8.9610,8.9710,144390,1790615879999,1296708.0770,2481,43634,392166.3750,0
1790615880000,8.9700,8.9720,8.9320,8.9430,60928,1790615939999,545172.2980,1643,18596,166420.0660,0
1790615940000,8.9420,8.9480,8.9160,8.9280,49719,1790615999999,444081.9670,1400,10053,89790.4400,0
1790616000000,8.9280,8.9330,8.9150,8.9250,25942,1790616059999,231457.0620,1148,12363,110310.4010,0
1790616060000,8.9240,8.9450,8.9220,8.9360,32795,1790616119999,292953.7160,1057,20577,183818.7210,0
1790616120000,8.9350,8.9400,8.9200,8.9280,30318,1790616179999,270749.7300,1015,8511,76010.4580,0
1790616180000,8.9280,8.9440,8.9180,8.9250,30657,1790616239999,273786.6610,1051,16314,145699.4050,0
1790616240000,8.9260,8.9310,8.9190,8.9210,34317,1790616299999,306215.5190,914,6743,60186.0930,0
1790616300000,8.9220,8.9290,8.9150,8.9210,21977,1790616359999,196081.7490,707,5940,53014.2990,0
1790616360000,8.9210,8.9220,8.9070,8.9090,17261,1790616419999,153852.1790,815,4566,40709.5120,0
1790616420000,8.9090,8.9100,8.8940,8.9010,28207,1790616479999,251054.1920,806,7111,63300.2690,0
1790616480000,8.9020,8.9100,8.8740,8.8780,83338,1790616539999,740446.3200,2023,26257,233301.9160,0
1790616540000,8.8780,8.8880,8.8750,8.8760,16286,1790616599999,144625.0080,674,9445,83887.0840,0
1790616600000,8.8770,8.9180,8.8760,8.9120,26656,1790616659999,237264.5200,923,18381,163587.8510,0
1790616660000,8.9120,8.9140,8.8950,8.9090,19963,1790616719999,177738.6220,939,10572,94123.9330,0
1790616720000,8.9090,8.9240,8.9050,8.9240,14362,1790616779999,128024.1200,835,10342,92203.9650,0
1790616780000,8.9230,8.9340,8.9010,8.9010,75298,1790616839999,671995.3680,1081,15378,137166.3500,0
1790616840000,8.9020,8.9020,8.8830,8.8900,18545,1790616899999,164904.6000,782,7791,69275.9140,0
1790616900000,8.8890,8.9020,8.8870,8.9020,12341,1790616959999,109760.1520,675,8037,71487.0030,0
1790616960000,8.9030,8.9090,8.8970,8.8980,16021,1790617019999,142630.7890,750,9762,86914.4760,0
1790617020000,8.8980,8.9000,8.8730,8.8760,15542,1790617079999,138098.1100,708,2922,25959.1850,0
1790617080000,8.8770,8.9060,8.8740,8.9020,14150,1790617139999,125800.2760,796,11548,102666.0000,0
1790617140000,8.9010,8.9010,8.8890,8.8910,18933,1790617199999,168431.0980,762,10920,97155.3320,0
1790617200000,8.8910,8.8970,8.8880,8.8940,11545,1790617259999,102660.6170,728,6762,60130.8150,0
1790617260000,8.8950,8.9160,8.8890,8.9160,18248,1790617319999,162484.0580,950,14859,132323.8020,0
1790617320000,8.9150,8.9150,8.8960,8.9050,10425,1790617379999,92812.4550,615,3638,32384.9330,0
1790617380000,8.9050,8.9130,8.9020,8.9070,7627,1790617439999,67935.8070,561,4586,40850.0780,0
1790617440000,8.9060,8.9080,8.9010,8.9040,7542,1790617499999,67162.0680,458,3872,34481.2630,0
1790617500000,8.9040,8.9140,8.8960,8.9000,11080,1790617559999,98662.9170,658,5761,51304.1950,0
1790617560000,8.9010,8.9010,8.8890,8.8930,7025,1790617619999,62478.4300,440,2067,18380.4210,0
1790617620000,8.8930,8.8980,8.8780,8.8820,71990,1790617679999,639485.1800,745,58495,519573.9820,0
1790617680000,8.8810,8.8940,8.8800,8.8920,10643,1790617739999,94585.3890,549,7407,65830.3550,0
1790617740000,8.8910,8.8920,8.8800,8.8860,15410,1790617799999,136934.9800,571,4745,42170.6620,0
1790617800000,8.8860,8.8860,8.8740,8.8740,11174,1790617859999,99232.9190,532,4779,42446.3770,0
1790617860000,8.8740,8.8870,8.8690,8.8770,14845,1790617919999,131765.2870,867,5876,52166.5790,0
1790617920000,8.8780,8.8930,8.8780,8.8930,8748,1790617979999,77735.1300,507,6087,54089.3550,0
1790617980000,8.8920,8.8990,8.8840,8.8850,13336,1790618039999,118571.3650,631,5905,52512.1150,0
1790618040000,8.8840,8.8910,8.8840,8.8840,7274,1790618099999,64650.0130,473,3270,29064.5190,0
1790618100000,8.8830,8.8920,8.8760,8.8880,27810,1790618159999,247088.4440,1037,16707,148463.5710,0
1790618160000,8.8870,8.8980,8.8850,8.8920,10912,1790618219999,97023.5730,521,5473,48665.0110,0
1790618220000,8.8930,8.9100,8.8930,8.9070,12830,1790618279999,114208.0740,537,10962,97578.3540,0
1790618280000,8.9070,8.9110,8.9010,8.9060,12365,1790618339999,110123.8290,485,6536,58216.4620,0
1790618340000,8.9050,8.9100,8.8920,8.8920,9543,1790618399999,84937.6540,389,3715,33077.2040,0
1790618400000,8.8920,8.8970,8.8750,8.8820,19138,1790618459999,170050.3580,752,11143,99021.0090,0
1790618460000,8.8810,8.8940,8.8780,8.8910,38504,1790618519999,342024.9060,919,11758,104478.5980,0
1790618520000,8.8900,8.9180,8.8870,8.9180,20926,1790618579999,186295.3200,911,17074,152010.9270,0
1790618580000,8.9180,8.9230,8.9050,8.9070,23268,1790618639999,207435.4130,916,10049,89607.8120,0
1790618640000,8.9080,8.9230,8.9050,8.9190,14617,1790618699999,130289.3510,728,9497,84666.4280,0
1790618700000,8.9190,8.9330,8.9150,8.9260,19388,1790618759999,173050.3710,839,14933,133294.0730,0
1790618760000,8.9270,8.9270,8.9080,8.9120,17086,1790618819999,152344.5410,588,4052,36130.6470,0
1790618820000,8.9110,8.9110,8.8940,8.9010,10453,1790618879999,93030.5720,646,4587,40824.8730,0
1790618880000,8.9010,8.9110,8.8970,8.9060,10482,1790618939999,93347.9940,469,4936,43949.9110,0
1790618940000,8.9060,8.9080,8.8990,8.9000,8219,1790618999999,73166.4560,434,4134,36800.3590,0
1790619000000,8.9000,8.9080,8.8940,8.8940,14411,1790619059999,128265.5200,639,5373,47826.7890,0
1790619060000,8.8940,8.9200,8.8940,8.9200,41931,1790619119999,373465.3460,1041,37004,329584.5880,0
1790619120000,8.9210,8.9250,8.9110,8.9120,9709,1790619179999,86580.1900,460,4170,37195.4190,0
1790619180000,8.9110,8.9180,8.9070,8.9180,11746,1790619239999,104677.8710,459,6301,56161.0500,0
1790619240000,8.9180,8.9220,8.9130,8.9130,17698,1790619299999,157851.4170,485,6190,55207.0940,0
1790619300000,8.9130,8.9230,8.9110,8.9150,9026,1790619359999,80483.7540,581,3770,33622.5550,0
1790619360000,8.9150,8.9290,8.9120,8.9260,13776,1790619419999,122882.2570,722,8443,75308.7140,0
1790619420000,8.9260,8.9290,8.9040,8.9040,23947,1790619479999,213624.0010,848,8621,76935.4490,0
1790619480000,8.9040,8.9120,8.9000,8.9100,17699,1790619539999,157626.6330,580,6369,56720.3090,0
1790619540000,8.9090,8.9100,8.9010,8.9040,4406,1790619599999,39236.4130,327,1689,15041.3400,0
1790619600000,8.9030,8.9030,8.8890,8.8900,22447,1790619659999,199647.7030,757,5238,46588.4550,0
1790619660000,8.8910,8.8940,8.8830,8.8860,11192,1790619719999,99484.1650,634,4650,41338.1470,0
1790619720000,8.8850,8.9160,8.8850,8.9150,19639,1790619779999,174885.8000,798,16649,148247.5630,0
1790619780000,8.9160,8.9200,8.9010,8.9020,20892,1790619839999,186185.9610,819,6993,62334.6400,0
1790619840000,8.9020,8.9060,8.8970,8.9030,7205,1790619899999,64138.2010,345,4324,38495.6430,0
1790619900000,8.9020,8.9130,8.8960,8.9010,11916,1790619959999,106100.5220,476,5813,51771.0710,0
1790619960000,8.9000,8.9010,8.8930,8.9010,6534,1790620019999,58132.8600,324,3357,29869.4250,0
1790620020000,8.9010,8.9110,8.9000,8.9020,7479,1790620079999,66604.6080,459,4315,38426.4460,0
1790620080000,8.9020,8.9030,8.8890,8.8950,9250,1790620139999,82273.8220,448,2729,24268.2410,0
1790620140000,8.8940,8.9000,8.8910,8.8970,11345,1790620199999,100919.4830,350,7214,64168.7620,0
1790620200000,8.8980,8.9000,8.8690,8.8920,31631,1790620259999,281041.6880,1258,14988,133175.3680,0
1790620260000,8.8910,8.8910,8.8570,8.8750,27073,1790620319999,240191.6560,1088,8649,76713.6450,0
1790620320000,8.8760,8.8760,8.8500,8.8500,22194,1790620379999,196616.1030,936,6503,57623.2340,0
1790620380000,8.8500,8.8680,8.8480,8.8550,16001,1790620439999,141769.0680,723,8092,71700.9240,0
1790620440000,8.8560,8.8780,8.8560,8.8750,12637,1790620499999,112027.4770,592,8170,72430.3390,0
1790620500000,8.8740,8.8740,8.8540,8.8730,25853,1790620559999,229117.8080,746,7113,63062.2300,0
1790620560000,8.8730,8.8800,8.8670,8.8800,26956,1790620619999,239189.0640,726,8562,75979.3230,0
1790620620000,8.8790,8.8850,8.8720,8.8730,7115,1790620679999,63165.3300,487,1706,15150.9310,0
1790620680000,8.8730,8.8880,8.8680,8.8700,45375,1790620739999,402831.0390,1090,25170,223525.4700,0
1790620740000,8.8710,8.8710,8.8600,8.8650,6421,1790620799999,56918.5570,348,1465,12983.8950,0
1790620800000,8.8650,8.8650,8.8550,8.8630,9921,1790620859999,87906.0680,610,5529,48992.4950,0
1790620860000,8.8640,8.8640,8.8550,8.8630,13103,1790620919999,116100.3620,459,3788,33566.5590,0
1790620920000,8.8630,8.8690,8.8600,8.8630,7826,1790620979999,69370.8750,501,4032,35740.8140,0
1790620980000,8.8630,8.8660,8.8590,8.8660,6306,1790621039999,55885.0960,397,3804,33713.1640,0
1790621040000,8.8660,8.8750,8.8650,8.8740,5453,1790621099999,48367.4800,252,4245,37651.2460,0
1790621100000,8.8730,8.8730,8.8560,8.8570,9084,1790621159999,80500.9950,522,1846,16356.2160,0
1790621160000,8.8580,8.8650,8.8460,8.8580,26036,1790621219999,230536.9780,902,10010,88649.9450,0
1790621220000,8.8580,8.8770,8.8500,8.8770,13144,1790621279999,116458.2070,587,7561,67013.9090,0
1790621280000,8.8770,8.8840,8.8650,8.8780,18349,1790621339999,162840.8260,837,9777,86773.0250,0
1790621340000,8.8770,8.8810,8.8720,8.8770,10812,1790621399999,95971.4330,565,3844,34122.4770,0
1790621400000,8.8780,8.8920,8.8730,8.8800,25518,1790621459999,226745.5250,625,5819,51690.3280,0
1790621460000,8.8800,8.8820,8.8730,8.8820,11673,1790621519999,103633.1490,447,6342,56307.6660,0
1790621520000,8.8810,8.9090,8.8810,8.9080,18804,1790621579999,167261.6810,995,12788,113746.1490,0
1790621580000,8.9070,8.9220,8.9050,8.9100,20351,1790621639999,181412.6440,857,11882,105930.5040,0
1790621640000,8.9090,8.9100,8.8970,8.9080,11846,1790621699999,105488.7580,580,6274,55872.5530,0
1790621700000,8.9080,8.9150,8.9000,8.9000,11929,1790621759999,106261.7790,567,5196,46291.2800,0
1790621760000,8.9010,8.9070,8.8940,8.8980,12535,1790621819999,111549.7120,650,5218,46438.7820,0
1790621820000,8.8980,8.9060,8.8940,8.8970,7614,1790621879999,67757.2080,405,3505,31192.4240,0
1790621880000,8.8970,8.9180,8.8970,8.9070,27791,1790621939999,247558.4480,765,21934,195385.5150,0
1790621940000,8.9060,8.9060,8.9000,8.9020,6012,1790621999999,53521.8570,370,1613,14360.0320,0
1790622000000,8.9020,8.9120,8.8930,8.8950,12021,1790622059999,107036.8090,629,5637,50210.6990,0
1790622060000,8.8960,8.8960,8.8760,8.8810,15587,1790622119999,138517.3550,836,4729,42027.2830,0
1790622120000,8.8810,8.8810,8.8670,8.8710,12503,1790622179999,110965.4840,715,5468,48530.6190,0
1790622180000,8.8710,8.8710,8.8600,8.8620,13280,1790622239999,117708.9980,601,5081,45041.0870,0
1790622240000,8.8610,8.8680,8.8500,8.8500,17824,1790622299999,157855.6260,589,6358,56313.4640,0
1790622300000,8.8500,8.8530,8.8400,8.8530,16209,1790622359999,143394.2430,699,5499,48654.4500,0
1790622360000,8.8530,8.8550,8.8330,8.8340,14992,1790622419999,132574.6000,681,4082,36100.7240,0
1790622420000,8.8330,8.8430,8.8210,8.8250,33226,1790622479999,293389.7820,1261,12756,112659.8370,0
1790622480000,8.8250,8.8320,8.8210,8.8210,9781,1790622539999,86335.4000,577,4452,39302.4380,0
1790622540000,8.8220,8.8220,8.8100,8.8120,14642,1790622599999,129080.4730,596,4130,36411.2250,0
1790622600000,8.8130,8.8180,8.8100,8.8160,13820,1790622659999,121819.8860,671,8183,72132.6310,0
1790622660000,8.8170,8.8210,8.8070,8.8090,9949,1790622719999,87677.0650,554,2906,25616.4310,0
1790622720000,8.8100,8.8270,8.8090,8.8240,11117,1790622779999,98020.5770,567,6967,61427.1010,0
1790622780000,8.8230,8.8330,8.8230,8.8260,11931,1790622839999,105320.5580,565,4330,38225.6420,0
1790622840000,8.8270,8.8290,8.8200,8.8210,5671,1790622899999,50040.6780,344,2306,20349.6120,0
1790622900000,8.8210,8.8310,8.8150,8.8310,11264,1790622959999,99373.6990,590,6858,60515.0680,0
1790622960000,8.8310,8.8350,8.8130,8.8140,13091,1790623019999,115548.7550,635,4930,43527.3260,0
1790623020000,8.8140,8.8250,8.8120,8.8170,16161,1790623079999,142491.7640,741,3903,34420.2010,0
1790623080000,8.8180,8.8290,8.8130,8.8270,23329,1790623139999,205720.0810,889,6826,60208.7050,0
1790623140000,8.8280,8.8290,8.8140,8.8280,14337,1790623199999,126470.8930,662,7814,68942.1090,0
1790623200000,8.8270,8.8270,8.8140,8.8140,14228,1790623259999,125465.1240,425,10582,93311.1000,0
1790623260000,8.8150,8.8210,8.8040,8.8110,18805,1790623319999,165696.7240,700,4497,39637.2840,0
1790623320000,8.8100,8.8180,8.8090,8.8130,7071,1790623379999,62320.1580,402,3110,27408.9290,0
1790623380000,8.8130,8.8150,8.8070,8.8090,8666,1790623439999,76364.5560,350,4942,43552.4530,0
1790623440000,8.8100,8.8180,8.8100,8.8150,5075,1790623499999,44733.5770,265,2612,23022.0310,0
1790623500000,8.8160,8.8180,8.8130,8.8150,6267,1790623559999,55245.3600,287,4351,38355.5370,0
1790623560000,8.8140,8.8230,8.8140,8.8170,5025,1790623619999,44308.7040,319,1979,17453.0760,0
1790623620000,8.8170,8.8200,8.8130,8.8150,4955,1790623679999,43683.2900,309,2123,18716.6040,0
1790623680000,8.8150,8.8250,8.8150,8.8220,8632,1790623739999,76150.5300,297,6963,61429.2520,0
1790623740000,8.8220,8.8230,8.8100,8.8150,8231,1790623799999,72564.0330,340,2246,19797.7340,0
1790623800000,8.8160,8.8260,8.8120,8.8190,9430,1790623859999,83158.4630,382,5973,52675.9680,0
1790623860000,8.8180,8.8300,8.8120,8.8200,10543,1790623919999,93002.0170,505,5508,48594.9980,0
1790623920000,8.8200,8.8270,8.8140,8.8170,9567,1790623979999,84377.7110,554,4114,36285.1320,0
1790623980000,8.8170,8.8200,8.8050,8.8050,9609,1790624039999,84659.0480,553,2583,22760.5810,0
1790624040000,8.8060,8.8090,8.8010,8.8030,13140,1790624099999,115699.4480,574,6404,56394.2300,0
1790624100000,8.8040,8.8060,8.7940,8.7950,24000,1790624159999,211181.3990,681,2253,19830.4150,0
1790624160000,8.7940,8.7990,8.7740,8.7890,58788,1790624219999,516452.6470,1611,11867,104289.7660,0
1790624220000,8.7890,8.7890,8.7540,8.7650,63241,1790624279999,554527.2670,1279,6597,57867.5110,0
1790624280000,8.7650,8.7730,8.7420,8.7500,69461,1790624339999,608231.0810,1554,34773,304483.6010,0
1790624340000,8.7500,8.7590,8.7120,8.7360,146066,1790624399999,1275546.7830,2803,37064,323809.0210,0
1790624400000,8.7360,8.7410,8.7140,8.7170,54984,1790624459999,479671.8050,1660,18547,161819.6880,0
1790624460000,8.7170,8.7390,8.7160,8.7370,35684,1790624519999,311498.0240,1232,23240,202866.2170,0
1790624520000,8.7370,8.7540,8.7350,8.7530,24045,1790624579999,210275.1060,860,10500,91831.6920,0
1790624580000,8.7530,8.7650,8.7510,8.7520,27059,1790624639999,236940.1590,729,10962,95989.8920,0
1790624640000,8.7520,8.7520,8.7420,8.7460,17053,1790624699999,149159.4120,703,8444,73858.8790,0
1790624700000,8.7460,8.7690,8.7430,8.7670,18401,1790624759999,161156.3150,799,13362,117037.8510,0
1790624760000,8.7660,8.7660,8.7470,8.7470,13033,1790624819999,114106.5130,531,4574,40036.3050,0
1790624820000,8.7460,8.7530,8.7380,8.7400,18305,1790624879999,160085.3110,732,8872,77591.9750,0
1790624880000,8.7390,8.7450,8.7280,8.7320,27556,1790624939999,240711.1620,806,8137,71090.4310,0
1790624940000,8.7320,8.7340,8.7240,8.7320,19470,1790624999999,169956.2500,708,10062,87833.0260,0
1790625000000,8.7320,8.7380,8.7130,8.7290,58569,1790625059999,511155.2550,1426,12692,110801.9870,0
1790625060000,8.7290,8.7600,8.7290,8.7590,13983,1790625119999,122283.9900,679,12647,110604.2150,0
1790625120000,8.7600,8.7740,8.7590,8.7690,27903,1790625179999,244636.6370,706,21293,186687.3320,0
1790625180000,8.7680,8.7710,8.7580,8.7630,7291,1790625239999,63896.0610,357,1408,12339.5770,0
1790625240000,8.7630,8.7650,8.7530,8.7530,10037,1790625299999,87922.8130,460,3756,32899.5800,0
1790625300000,8.7540,8.7630,8.7500,8.7500,10469,1790625359999,91669.6720,490,3746,32809.5600,0
1790625360000,8.7500,8.7600,8.7490,8.7520,11105,1790625419999,97219.9360,500,4369,38245.4950,0
1790625420000,8.7520,8.7540,8.7490,8.7530,2818,1790625479999,24663.2400,228,898,7859.4940,0
1790625480000,8.7540,8.7640,8.7530,8.7630,9455,1790625539999,82823.0390,427,6195,54268.1340,0
1790625540000,8.7630,8.7630,8.7470,8.7520,28697,1790625599999,251233.4880,751,4693,41090.1010,0
1790625600000,8.7520,8.7820,8.7520,8.7700,24594,1790625659999,215756.4210,880,17163,150554.8210,0
1790625660000,8.7700,8.7700,8.7370,8.7380,31185,1790625719999,272885.8600,1290,10466,91575.9390,0
1790625720000,8.7380,8.7690,8.7300,8.7690,36932,1790625779999,322942.7790,1950,21146,184952.6030,0
1790625780000,8.7690,8.7900,8.7670,8.7800,25438,1790625839999,223341.3820,1064,13161,115557.0080,0
1790625840000,8.7800,8.8040,8.7720,8.7980,17337,1790625899999,152380.4360,966,9554,83992.7250,0
1790625900000,8.7970,8.8140,8.7970,8.8060,21980,1790625959999,193605.9320,1020,12158,107090.3520,0
1790625960000,8.8060,8.8160,8.7990,8.8160,10634,1790626019999,93645.5230,588,4536,39949.7060,0
1790626020000,8.8150,8.8180,8.8100,8.8170,22794,1790626079999,200893.3070,666,3860,34020.6180,0
1790626080000,8.8160,8.8180,8.8030,8.8090,11811,1790626139999,104064.0070,645,4837,42610.9660,0
1790626140000,8.8090,8.8100,8.8020,8.8100,9344,1790626199999,82295.9180,505,4010,35318.3020,0
1790626200000,8.8090,8.8130,8.8020,8.8060,10614,1790626259999,93474.8660,573,4363,38424.6310,0
1790626260000,8.8060,8.8070,8.7960,8.7960,9953,1790626319999,87611.8360,559,3557,31315.3630,0
1790626320000,8.7950,8.7950,8.7790,8.7860,12203,1790626379999,107214.9330,644,4210,36984.0740,0
1790626380000,8.7860,8.7990,8.7850,8.7950,10539,1790626439999,92656.1180,674,6101,53638.7260,0
1790626440000,8.7940,8.7980,8.7840,8.7860,19003,1790626499999,167072.5880,609,3092,27185.0530,0
1790626500000,8.7860,8.7860,8.7800,8.7850,6862,1790626559999,60268.0480,430,3460,30387.3410,0
1790626560000,8.7840,8.7870,8.7750,8.7810,10133,1790626619999,88977.0780,642,4765,41843.8450,0
1790626620000,8.7810,8.7850,8.7760,8.7780,7558,1790626679999,66361.7050,498,1929,16938.2380,0
1790626680000,8.7770,8.7850,8.7770,8.7840,18412,1790626739999,161680.4190,625,4936,43345.7830,0
1790626740000,8.7840,8.8020,8.7840,8.7980,25508,1790626799999,224316.8380,981,19796,174094.9540,0
1790626800000,8.7980,8.8070,8.7980,8.8000,23229,1790626859999,204480.4500,624,11160,98253.9490,0
1790626860000,8.8000,8.8050,8.7980,8.7990,7363,1790626919999,64804.7650,486,3535,31117.3380,0
1790626920000,8.7990,8.8060,8.7970,8.8020,11986,1790626979999,105483.3000,674,5313,46754.5740,0
1790626980000,8.8020,8.8030,8.7890,8.7890,10478,1790627039999,92169.3530,549,3627,31906.3260,0
1790627040000,8.7890,8.8200,8.7860,8.8200,10772,1790627099999,94825.5240,709,8962,78905.4280,0
1790627100000,8.8190,8.8210,8.8120,8.8120,7796,1790627159999,68740.8240,530,2431,21434.5090,0
1790627160000,8.8130,8.8170,8.8070,8.8170,7365,1790627219999,64899.7790,459,3373,29719.9590,0
1790627220000,8.8160,8.8160,8.8100,8.8110,3342,1790627279999,29452.2540,309,876,7719.6020,0
1790627280000,8.8110,8.8200,8.8070,8.8200,15802,1790627339999,139291.6590,448,11762,103698.8290,0
1790627340000,8.8190,8.8230,8.8110,8.8140,7484,1790627399999,65990.3640,400,2534,22347.0080,0
1790627400000,8.8130,8.8180,8.8070,8.8140,12609,1790627459999,111099.5090,528,4365,38473.2650,0
1790627460000,8.8130,8.8200,8.8050,8.8140,61640,1790627519999,543070.0510,707,6041,53239.9280,0
1790627520000,8.8140,8.8180,8.8090,8.8100,6022,1790627579999,53075.7080,357,2486,21907.8380,0
1790627580000,8.8100,8.8130,8.8060,8.8100,7714,1790627639999,67956.7010,448,3481,30666.3640,0
1790627640000,8.8090,8.8100,8.8040,8.8090,4491,1790627699999,39551.5600,336,2236,19691.7320,0
1790627700000,8.8090,8.8140,8.8050,8.8070,8289,1790627759999,73024.2870,452,5079,44748.6120,0
1790627760000,8.8060,8.8090,8.8030,8.8030,4641,1790627819999,40866.7350,404,1673,14731.2740,0
1790627820000,8.8020,8.8020,8.7920,8.7970,8141,1790627879999,71614.4000,413,1993,17530.5340,0
1790627880000,8.7960,8.8010,8.7930,8.8000,6302,1790627939999,55440.0730,407,3791,33353.5520,0
1790627940000,8.7990,8.8050,8.7980,8.8020,4691,1790627999999,41289.5660,426,2802,24663.7460,0
1790628000000,8.8010,8.8040,8.7960,8.7970,4361,1790628059999,38380.7020,260,1906,16775.4020,0
1790628060000,8.7970,8.8020,8.7920,8.7930,7614,1790628119999,66983.3870,400,2507,22057.1120,0
1790628120000,8.7940,8.7940,8.7740,8.7740,10775,1790628179999,94642.3970,601,2003,17598.1690,0
1790628180000,8.7730,8.7750,8.7580,8.7700,17605,1790628239999,154302.5110,848,6935,60791.2100,0
1790628240000,8.7690,8.7690,8.7540,8.7600,28144,1790628299999,246521.1010,557,16714,146394.5970,0
1790628300000,8.7600,8.7610,8.7580,8.7600,4387,1790628359999,38430.6220,273,2419,21190.9510,0
1790628360000,8.7600,8.7730,8.7590,8.7730,10349,1790628419999,90715.0370,625,6852,60061.9910,0
1790628420000,8.7740,8.7780,8.7720,8.7740,5787,1790628479999,50782.7620,351,3659,32109.4450,0
1790628480000,8.7730,8.7780,8.7680,8.7710,7072,1790628539999,62034.5740,453,4035,35391.7870,0
1790628540000,8.7700,8.7710,8.7640,8.7660,8724,1790628599999,76479.9000,342,1645,14422.2180,0
1790628600000,8.7660,8.7660,8.7560,8.7580,19604,1790628659999,171725.5350,538,12692,111178.9570,0
1790628660000,8.7580,8.7600,8.7510,8.7540,15568,1790628719999,136297.3130,579,2583,22619.7430,0
1790628720000,8.7540,8.7570,8.7440,8.7480,16369,1790628779999,143181.4800,542,4337,37937.1700,0
1790628780000,8.7480,8.7550,8.7470,8.7520,62329,1790628839999,545444.7770,540,58111,508539.7310,0
1790628840000,8.7530,8.7570,8.7470,8.7500,21447,1790628899999,187665.4060,476,3562,31174.9310,0
1790628900000,8.7500,8.7630,8.7490,8.7620,9947,1790628959999,87104.7770,485,8001,70067.2160,0
1790628960000,8.7620,8.7730,8.7620,8.7650,8974,1790629019999,78676.7890,509,5456,47832.1530,0
1790629020000,8.7660,8.7830,8.7660,8.7760,13595,1790629079999,119318.3790,759,6955,61038.0520,0
1790629080000,8.7760,8.7800,8.7660,8.7740,21220,1790629139999,186140.0090,637,8228,72187.5870,0
1790629140000,8.7740,8.7770,8.7710,8.7770,2848,1790629199999,24987.5930,294,1649,14469.0440,0
1790629200000,8.7770,8.8000,8.7770,8.7980,19052,1790629259999,167457.6270,845,13951,122626.9280,0
1790629260000,8.7980,8.8120,8.7980,8.8070,13268,1790629319999,116825.6620,895,8293,73023.5070,0
1790629320000,8.8080,8.8160,8.8000,8.8040,19287,1790629379999,169901.6010,932,7882,69437.9810,0
1790629380000,8.8040,8.8060,8.7960,8.7980,10580,1790629439999,93138.2890,466,6191,54509.7450,0
1790629440000,8.7980,8.8080,8.7980,8.8050,16410,1790629499999,144439.0200,536,5368,47253.6890,0
1790629500000,8.8050,8.8060,8.7910,8.7910,9533,1790629559999,83897.8060,522,1647,14499.8030,0
1790629560000,8.7900,8.7970,8.7860,8.7920,7771,1790629619999,68328.8090,635,4574,40220.2980,0
1790629620000,8.7920,8.7950,8.7640,8.7650,35383,1790629679999,310613.4090,1093,6224,54646.1010,0
1790629680000,8.7650,8.7800,8.7650,8.7780,11485,1790629739999,100735.0450,616,7196,63122.3660,0
1790629740000,8.7790,8.7820,8.7730,8.7790,10782,1790629799999,94638.5180,492,7323,64276.3350,0
1790629800000,8.7790,8.7830,8.7680,8.7690,7223,1790629859999,63385.3210,403,3238,28420.6950,0
1790629860000,8.7690,8.7740,8.7680,8.7740,13545,1790629919999,118789.4750,546,4888,42875.6540,0
1790629920000,8.7730,8.7740,8.7670,8.7680,3604,1790629979999,31607.1400,314,1653,14496.0360,0
1790629980000,8.7690,8.7760,8.7660,8.7670,8136,1790630039999,71355.7440,355,2460,21578.9960,0
1790630040000,8.7670,8.7690,8.7640,8.7670,5231,1790630099999,45857.4080,328,2334,20461.6400,0
1790630100000,8.7670,8.7700,8.7570,8.7570,9323,1790630159999,81696.3730,432,3399,29790.7280,0
1790630160000,8.7570,8.7630,8.7540,8.7590,6407,1790630219999,56114.4630,367,2544,22281.5210,0
1790630220000,8.7590,8.7590,8.7430,8.7430,7956,1790630279999,69599.0670,507,1934,16917.2830,0
1790630280000,8.7440,8.7450,8.7360,8.7380,10848,1790630339999,94821.5580,424,3499,30585.5720,0
1790630340000,8.7380,8.7610,8.7370,8.7610,8359,1790630399999,73129.5040,423,6664,58315.7270,0
1790630400000,8.7610,8.7610,8.7510,8.7510,6763,1790630459999,59228.2760,282,1757,15389.5560,0
1790630460000,8.7510,8.7530,8.7320,8.7330,18853,1790630519999,164824.3330,703,4317,37733.1030,0
1790630520000,8.7330,8.7370,8.7210,8.7340,22113,1790630579999,193026.5460,613,9433,82349.8700,0
1790630580000,8.7350,8.7390,8.7260,8.7300,8560,1790630639999,74756.5910,335,1899,16587.0710,0
1790630640000,8.7300,8.7370,8.7240,8.7250,9598,1790630699999,83797.6360,331,2532,22114.4420,0
1790630700000,8.7260,8.7310,8.7210,8.7250,8528,1790630759999,74420.1980,389,3395,29627.6470,0
1790630760000,8.7250,8.7250,8.7110,8.7130,38207,1790630819999,333001.4450,803,15693,136780.0970,0
1790630820000,8.7130,8.7140,8.6950,8.7030,84094,1790630879999,731824.5960,1198,29059,252904.1580,0
1790630880000,8.7040,8.7260,8.7040,8.7250,32769,1790630939999,285750.4420,685,24676,215152.0350,0
1790630940000,8.7250,8.7250,8.7110,8.7180,17316,1790630999999,150956.1410,565,4205,36655.2050,0
1790631000000,8.7180,8.7300,8.7180,8.7280,6273,1790631059999,54734.8380,354,3861,33684.1660,0
1790631060000,8.7270,8.7300,8.7010,8.7020,24956,1790631119999,217446.7560,650,4072,35481.2440,0
1790631120000,8.7020,8.7070,8.6880,8.6950,58464,1790631179999,508341.5150,1453,21928,190668.1610,0
1790631180000,8.6940,8.7130,8.6930,8.7090,23474,1790631239999,204286.0010,570,9597,83514.7120,0
1790631240000,8.7100,8.7170,8.7040,8.7160,10887,1790631299999,94814.0750,433,5305,46201.7220,0
1790631300000,8.7160,8.7170,8.7090,8.7110,10919,1790631359999,95140.7210,401,5090,44351.5870,0
1790631360000,8.7110,8.7180,8.7110,8.7160,5471,1790631419999,47682.2480,270,1698,14796.5710,0
1790631420000,8.7160,8.7160,8.7070,8.7120,9892,1790631479999,86173.3430,394,2219,19329.6610,0
1790631480000,8.7110,8.7110,8.6950,8.6960,10616,1790631539999,92386.5960,312,1546,13447.1250,0
1790631540000,8.6970,8.6970,8.6880,8.6930,17935,1790631599999,155887.1440,595,6685,58113.7070,0
1790631600000,8.6930,8.7010,8.6910,8.6980,8854,1790631659999,76997.2760,451,3801,33055.8800,0
1790631660000,8.6980,8.6980,8.6860,8.6910,14727,1790631719999,127984.6690,532,1684,14635.4410,0
1790631720000,8.6910,8.6920,8.6870,8.6870,6299,1790631779999,54739.1670,242,1249,10855.4100,0
1790631780000,8.6870,8.6910,8.6720,8.6910,25138,1790631839999,218230.0020,960,7358,63890.2430,0
1790631840000,8.6910,8.7050,8.6910,8.7040,8691,1790631899999,75612.3170,466,5023,43692.5560,0
1790631900000,8.7040,8.7040,8.6960,8.6990,8988,1790631959999,78194.1880,324,1012,8803.2290,0
1790631960000,8.6990,8.7000,8.6940,8.6950,7479,1790632019999,65054.9900,295,2072,18024.2460,0
1790632020000,8.6950,8.6950,8.6770,8.6790,13746,1790632079999,119361.3760,458,3815,33119.8890,0
1790632080000,8.6790,8.6880,8.6790,8.6870,9412,1790632139999,81723.5070,516,6515,56570.5830,0
1790632140000,8.6870,8.7130,8.6870,8.7070,55584,1790632199999,483747.6150,1108,47870,416607.0680,0
1790632200000,8.7070,8.7070,8.6990,8.7000,7658,1790632259999,66644.3350,458,1807,15726.0210,0
1790632260000,8.6990,8.7000,8.6950,8.7000,3315,1790632319999,28833.5540,349,1076,9359.8340,0
1790632320000,8.7000,8.7080,8.7000,8.7040,9339,1790632379999,81290.7510,431,4934,42950.3440,0
1790632380000,8.7050,8.7050,8.6870,8.6880,7087,1790632439999,61628.3890,441,1267,11021.8750,0
1790632440000,8.6880,8.6890,8.6770,8.6860,12367,1790632499999,107370.8700,626,3969,34462.1390,0
1790632500000,8.6860,8.6920,8.6840,8.6890,5495,1790632559999,47747.0870,415,2872,24953.8160,0
1790632560000,8.6890,8.6910,8.6850,8.6870,2628,1790632619999,22832.5210,295,756,6568.0440,0
1790632620000,8.6870,8.6910,8.6840,8.6860,3792,1790632679999,32943.6880,379,1139,9895.8350,0
1790632680000,8.6860,8.6920,8.6860,8.6910,6076,1790632739999,52787.6140,360,2103,18271.5250,0
1790632740000,8.6910,8.6910,8.6470,8.6670,66809,1790632799999,578752.9240,1703,11076,95959.1950,0
1790632800000,8.6670,8.6710,8.6580,8.6590,23994,1790632859999,207892.1850,976,6321,54767.8580,0
1790632860000,8.6590,8.6670,8.6510,8.6550,34731,1790632919999,300726.9620,1324,10383,89899.6020,0
1790632920000,8.6540,8.6720,8.6390,8.6720,59189,1790632979999,511934.3480,1982,27005,233654.9580,0
1790632980000,8.6710,8.6940,8.6670,8.6780,27907,1790633039999,242287.5630,1083,15902,138043.6540,0
1790633040000,8.6780,8.6960,8.6690,8.6770,35875,1790633099999,311502.9670,1153,18518,160837.3680,0
1790633100000,8.6770,8.6770,8.6460,8.6500,31194,1790633159999,270087.3290,1219,9737,84278.0750,0
1790633160000,8.6510,8.6570,8.5760,8.6260,337183,1790633219999,2904700.7050,5553,95392,822623.0630,0
1790633220000,8.6270,8.6370,8.6200,8.6280,79460,1790633279999,685639.2580,1779,30432,262664.0000,0
1790633280000,8.6280,8.6580,8.6280,8.6580,22562,1790633339999,194971.6100,757,16803,145206.7710,0
1790633340000,8.6570,8.6570,8.6190,8.6240,50465,1790633399999,435711.1890,1542,9659,83374.1360,0
1790633400000,8.6250,8.6300,8.6090,8.6180,53513,1790633459999,461275.9110,1474,16520,142435.7800,0
1790633460000,8.6170,8.6260,8.6080,8.6160,40762,1790633519999,351256.4200,1146,17135,147623.4880,0
1790633520000,8.6170,8.6220,8.6130,8.6190,58182,1790633579999,501520.4730,888,34061,293622.6080,0
1790633580000,8.6190,8.6390,8.6190,8.6380,129247,1790633639999,1114629.5660,803,116393,1003659.5180,0
1790633640000,8.6390,8.6390,8.6280,8.6280,16960,1790633699999,146418.3330,502,3085,26630.6190,0
1790633700000,8.6280,8.6380,8.6270,8.6310,13873,1790633759999,119783.7890,614,7426,64120.3870,0
1790633760000,8.6320,8.6400,8.6320,8.6370,12021,1790633819999,103830.1170,696,6056,52313.0500,0
1790633820000,8.6370,8.6560,8.6360,8.6560,15453,1790633879999,133624.6160,667,10511,90882.0360,0
1790633880000,8.6560,8.6660,8.6550,8.6560,21424,1790633939999,185571.6190,692,14898,129054.8100,0
1790633940000,8.6560,8.6640,8.6530,8.6570,8752,1790633999999,75786.5640,450,2935,25414.8520,0
1790634000000,8.6560,8.6570,8.6450,8.6540,13586,1790634059999,117548.3090,544,6078,52593.4530,0
1790634060000,8.6540,8.6620,8.6540,8.6600,10824,1790634119999,93713.0030,503,3956,34249.7180,0
1790634120000,8.6600,8.6610,8.6450,8.6460,9797,1790634179999,84778.1620,563,1870,16187.9770,0
1790634180000,8.6460,8.6470,8.6400,8.6440,9261,1790634239999,80050.0580,478,736,6361.1550,0
1790634240000,8.6440,8.6540,8.6420,8.6490,11260,1790634299999,97392.0050,424,5595,48389.9620,0
1790634300000,8.6490,8.6530,8.6410,8.6510,17485,1790634359999,151188.6380,640,6011,51981.5450,0
1790634360000,8.6510,8.6660,8.6510,8.6630,14565,1790634419999,126131.9050,535,8507,73665.4820,0
1790634420000,8.6620,8.6700,8.6580,8.6700,25727,1790634479999,222904.9460,606,16617,144006.0370,0
1790634480000,8.6690,8.6690,8.6610,8.6620,22378,1790634539999,193894.0210,515,15183,131553.9810,0
1790634540000,8.6620,8.6620,8.6540,8.6540,9127,1790634599999,79024.8840,547,2317,20060.9930,0
1790634600000,8.6540,8.6610,8.6520,8.6550,12599,1790634659999,109060.5500,501,4923,42613.7580,0
1790634660000,8.6550,8.6550,8.6400,8.6400,9863,1790634719999,85290.4560,487,1360,11755.1920,0
1790634720000,8.6400,8.6540,8.6360,8.6540,22918,1790634779999,198071.5960,600,18299,158158.3980,0
1790634780000,8.6540,8.6580,8.6510,8.6520,15707,1790634839999,135950.3410,569,4617,39964.2660,0
1790634840000,8.6520,8.6530,8.6370,8.6420,15466,1790634899999,133709.0150,631,5175,44735.0150,0
1790634900000,8.6430,8.6950,8.6420,8.6740,116505,1790634959999,1010462.8860,1753,95586,829060.8730,0
1790634960000,8.6740,8.6850,8.6730,8.6810,22845,1790635019999,198292.4930,687,12078,104833.4570,0
1790635020000,8.6810,8.6970,8.6780,8.6940,48195,1790635079999,418783.2940,1257,37083,322236.1720,0
1790635080000,8.6940,8.7010,8.6860,8.7000,15012,1790635139999,130501.7850,577,5990,52082.5610,0
1790635140000,8.6990,8.7010,8.6880,8.6900,15087,1790635199999,131158.1330,665,4821,41902.6770,0
1790635200000,8.6900,8.6960,8.6890,8.6930,12422,1790635259999,107982.6680,589,6193,53838.8720,0
1790635260000,8.6930,8.6960,8.6860,8.6940,13931,1790635319999,121086.5260,624,6846,59508.1660,0
1790635320000,8.6940,8.6980,8.6900,8.6950,7720,1790635379999,67125.5320,381,2805,24391.2770,0
1790635380000,8.6950,8.7010,8.6930,8.7010,11856,1790635439999,103115.3510,542,5647,49114.9050,0
1790635440000,8.7010,8.7250,8.6880,8.7170,108993,1790635499999,948841.9480,2815,82565,718860.3440,0
1790635500000,8.7170,8.7230,8.7110,8.7190,35932,1790635559999,313276.2030,1174,18651,162630.8190,0
1790635560000,8.7190,8.7190,8.7110,8.7110,11677,1790635619999,101747.3120,498,2515,21913.4810,0
1790635620000,8.7110,8.7110,8.7050,8.7070,7106,1790635679999,61881.4300,428,1798,15657.3890,0
1790635680000,8.7070,8.7070,8.7030,8.7070,6702,1790635739999,58346.5900,454,4443,38681.7050,0
1790635740000,8.7070,8.7120,8.7060,8.7060,10301,1790635799999,89709.0310,372,2798,24367.8560,0
1790635800000,8.7070,8.7090,8.6970,8.7030,14794,1790635859999,128723.8490,541,3203,27872.8870,0
1790635860000,8.7030,8.7120,8.7020,8.7120,7713,1790635919999,67150.6530,420,5694,49576.4320,0
1790635920000,8.7120,8.7160,8.7040,8.7150,21972,1790635979999,191397.4090,653,11982,104393.3610,0
1790635980000,8.7140,8.7270,8.7130,8.7230,23795,1790636039999,207514.6610,725,15341,133791.2250,0
1790636040000,8.7220,8.7250,8.7180,8.7220,15732,1790636099999,137202.4400,497,5908,51531.2770,0
1790636100000,8.7230,8.7370,8.7220,8.7330,15673,1790636159999,136835.6750,552,12987,113391.8490,0
1790636160000,8.7330,8.7420,8.7320,8.7340,13274,1790636219999,115967.2190,565,7357,64273.6600,0
1790636220000,8.7330,8.7330,8.7280,8.7310,7475,1790636279999,65259.5940,318,3584,31287.7940,0
1790636280000,8.7300,8.7300,8.7230,8.7300,7888,1790636339999,68833.0120,336,3815,33292.3710,0
1790636340000,8.7300,8.7310,8.7280,8.7290,2450,1790636399999,21387.5440,190,771,6730.7930,0
1790636400000,8.7290,8.7340,8.7260,8.7330,21081,1790636459999,184021.7870,505,17020,148573.6930,0
1790636460000,8.7340,8.7460,8.7340,8.7460,18445,1790636519999,161202.5190,693,10783,94259.2730,0
1790636520000,8.7460,8.7680,8.7430,8.7660,29706,1790636579999,260044.1720,1242,17659,154610.6350,0
1790636580000,8.7660,8.7670,8.7600,8.7670,16439,1790636639999,144047.6160,502,9884,86605.6160,0
1790636640000,8.7670,8.7840,8.7650,8.7790,33017,1790636699999,289801.2980,1167,22261,195411.5300,0
1790636700000,8.7790,8.7800,8.7610,8.7780,207087,1790636759999,1817071.3300,1524,20418,179113.7740,0
1790636760000,8.7770,8.7770,8.7630,8.7720,20957,1790636819999,183805.2570,689,9794,85896.9810,0
1790636820000,8.7710,8.7760,8.7680,8.7760,14225,1790636879999,124768.0750,506,5478,48052.3000,0
1790636880000,8.7760,8.7820,8.7720,8.7780,12068,1790636939999,105925.4860,484,7119,62488.7530,0
1790636940000,8.7770,8.7850,8.7730,8.7730,15126,1790636999999,132812.6040,469,9877,86732.8670,0
1790637000000,8.7740,8.7750,8.7650,8.7740,21941,1790637059999,192425.5010,608,8093,70985.3560,0
1790637060000,8.7730,8.7760,8.7610,8.7680,19908,1790637119999,174520.5070,717,5998,52585.5760,0
1790637120000,8.7680,8.7740,8.7640,8.7710,17084,1790637179999,149832.9600,584,10348,90752.8960,0
1790637180000,8.7710,8.7760,8.7580,8.7580,22213,1790637239999,194781.6350,625,10249,89884.8460,0
1790637240000,8.7580,8.7600,8.7490,8.7580,18324,1790637299999,160426.1240,640,6093,53352.3640,0
1790637300000,8.7590,8.7730,8.7590,8.7690,11862,1790637359999,103999.0000,539,4691,41125.6350,0
1790637360000,8.7680,8.7850,8.7680,8.7800,13994,1790637419999,122844.4010,752,7517,65978.0010,0
1790637420000,8.7800,8.7900,8.7800,8.7880,16839,1790637479999,147933.2200,642,13940,122465.6590,0
1790637480000,8.7890,8.7960,8.7850,8.7950,21681,1790637539999,190588.2270,843,10596,93156.5310,0
1790637540000,8.7960,8.7990,8.7930,8.7970,19769,1790637599999,173884.4540,680,12206,107363.3560,0
1790637600000,8.7970,8.8030,8.7930,8.8010,22817,1790637659999,200770.0130,982,11825,104049.3450,0
1790637660000,8.8010,8.8040,8.7930,8.8020,15680,1790637719999,137933.5670,874,8041,70733.9450,0
1790637720000,8.8020,8.8030,8.7920,8.7960,17133,1790637779999,150721.3100,781,5365,47199.2040,0
1790637780000,8.7960,8.7990,8.7800,8.7870,29263,1790637839999,257158.1300,955,8408,73880.5750,0
1790637840000,8.7870,8.7880,8.7800,8.7880,10691,1790637899999,93919.2720,428,4899,43038.9750,0
1790637900000,8.7870,8.7880,8.7780,8.7870,14114,1790637959999,123983.5540,464,8867,77896.0310,0
1790637960000,8.7880,8.7960,8.7860,8.7870,11407,1790638019999,100273.1480,402,4525,39782.1570,0
1790638020000,8.7870,8.7960,8.7820,8.7950,9076,1790638079999,79759.3510,368,5767,50681.9240,0
1790638080000,8.7940,8.7970,8.7910,8.7940,7457,1790638139999,65572.4660,295,5740,50474.2380,0
1790638140000,8.7940,8.7980,8.7930,8.7980,9656,1790638199999,84928.3850,339,5602,49272.0280,0
1790638200000,8.7990,8.8030,8.7980,8.7980,34794,1790638259999,306142.7470,461,7394,65066.6120,0
1790638260000,8.7990,8.8020,8.7930,8.7930,31342,1790638319999,275737.3410,401,2576,22661.6530,0
1790638320000,8.7930,8.7990,8.7910,8.7930,15174,1790638379999,133446.8260,504,3084,27123.2300,0
1790638380000,8.7940,8.7970,8.7890,8.7920,20528,1790638439999,180496.5230,600,7140,62777.9880,0
1790638440000,8.7920,8.7960,8.7890,8.7920,16001,1790638499999,140681.0960,578,8310,73063.0660,0
1790638500000,8.7920,8.7980,8.7920,8.7930,7569,1790638559999,66570.2510,354,3202,28162.1780,0
1790638560000,8.7930,8.8060,8.7930,8.8040,25512,1790638619999,224547.1800,642,15419,135701.1800,0
1790638620000,8.8040,8.8170,8.8030,8.8130,30016,1790638679999,264500.1010,789,21848,192504.8990,0
1790638680000,8.8130,8.8160,8.7990,8.8060,16123,1790638739999,141954.4080,567,5114,45027.9050,0
1790638740000,8.8050,8.8100,8.7990,8.8090,6056,1790638799999,53319.9830,269,5027,44261.6000,0
1790638800000,8.8100,8.8230,8.8060,8.8180,25256,1790638859999,222583.0070,823,16560,145980.9790,0
1790638860000,8.8180,8.8180,8.8040,8.8060,18956,1790638919999,167008.5990,755,5227,46052.8890,0
1790638920000,8.8060,8.8060,8.7970,8.7970,8457,1790638979999,74428.7900,425,1670,14699.1270,0
1790638980000,8.7980,8.8000,8.7940,8.8000,9616,1790639039999,84586.4090,393,3932,34588.5830,0
1790639040000,8.8010,8.8010,8.7900,8.7950,18520,1790639099999,162854.3700,604,3980,34998.9560,0
1790639100000,8.7950,8.7960,8.7900,8.7920,10123,1790639159999,89009.7610,670,3212,28243.9420,0
1790639160000,8.7920,8.7920,8.7800,8.7880,23034,1790639219999,202325.0920,825,6686,58731.7930,0
1790639220000,8.7890,8.7960,8.7890,8.7890,4279,1790639279999,37618.4190,286,2917,25643.3620,0
1790639280000,8.7890,8.7920,8.7850,8.7900,5363,1790639339999,47136.9290,362,2631,23124.7840,0
1790639340000,8.7900,8.7930,8.7880,8.7930,6294,1790639399999,55330.7630,332,4790,42110.1670,0
1790639400000,8.7930,8.7990,8.7820,8.7860,12827,1790639459999,112734.1060,510,6390,56165.3900,0
1790639460000,8.7860,8.7880,8.7840,8.7870,3951,1790639519999,34715.2530,257,2704,23758.6320,0
1790639520000,8.7860,8.7920,8.7840,8.7920,4946,1790639579999,43465.3940,302,3362,29546.4690,0
1790639580000,8.7920,8.7930,8.7900,8.7900,3513,1790639639999,30883.8150,206,1417,12457.7020,0
1790639640000,8.7910,8.8010,8.7900,8.7970,8843,1790639699999,77789.1920,290,6243,54918.1070,0
1790639700000,8.7980,8.8060,8.7970,8.8020,14697,1790639759999,129368.6010,467,9911,87238.0710,0
1790639760000,8.8030,8.8070,8.8020,8.8020,3395,1790639819999,29892.4920,222,1179,10381.3410,0
1790639820000,8.8010,8.8070,8.8000,8.8030,13616,1790639879999,119848.9030,288,3749,33005.9550,0
1790639880000,8.8020,8.8090,8.8010,8.8050,12534,1790639939999,110355.8380,430,6318,55632.0320,0
1790639940000,8.8060,8.8080,8.7950,8.8010,21530,1790639999999,189494.7310,461,8657,76208.9240,0
